accession	type	gene	product	parts
NC_083190.1	CDS	COX1	cytochrome c oxidase subunit I	0-1554:1
NC_083190.1	tRNA		tRNA-Arg	1553-1622:1
NC_083190.1	CDS	ND4L	NADH dehydrogenase subunit 4L	1622-1919:1
NC_083190.1	CDS	COX2	cytochrome c oxidase subunit II	1919-2609:1
NC_083190.1	tRNA		tRNA-Lys	2610-2685:1
NC_083190.1	CDS	ATP8	ATP synthase F0 subunit 8	2688-2856:1
NC_083190.1	CDS	ATP6	ATP synthase F0 subunit 6	2840-3533:1
NC_083190.1	CDS	COX3	cytochrome c oxidase subunit III	3536-4319:1
NC_083190.1	tRNA		tRNA-Ser	4317-4388:-1
NC_083190.1	CDS	ND3	NADH dehydrogenase subunit 3	4413-4764:1
NC_083190.1	CDS	ND4	NADH dehydrogenase subunit 4	4777-6160:1
NC_083190.1	tRNA		tRNA-His	6315-6385:1
NC_083190.1	tRNA		tRNA-Ser	6384-6454:1
NC_083190.1	CDS	ND5	NADH dehydrogenase subunit 5	6452-8369:1
NC_083190.1	CDS	ND6	NADH dehydrogenase subunit 6	8396-8885:-1
NC_083190.1	CDS	CYTB	cytochrome b	8900-10038:1
NC_083190.1	tRNA		tRNA-Phe	10038-10114:1
NC_083190.1	rRNA		12S ribosomal RNA	10114-11008:1
NC_083190.1	tRNA		tRNA-Glu	11008-11075:1
NC_083190.1	tRNA		tRNA-Thr	11077-11147:1
NC_083190.1	rRNA		16S ribosomal RNA	11431-13044:-1
NC_083190.1	CDS	ND2	NADH dehydrogenase subunit 2	13063-14125:-1
NC_083190.1	tRNA		tRNA-Ile	14126-14198:-1
NC_083190.1	CDS	ND1	NADH dehydrogenase subunit 1	14197-15175:-1
NC_083190.1	tRNA		tRNA-Leu	15175-15247:-1
NC_083190.1	tRNA		tRNA-Gly	15277-15347:-1
NC_083190.1	tRNA		tRNA-Tyr	15353-15425:-1
NC_083190.1	tRNA		tRNA-Asp	15426-15501:1
NC_083190.1	tRNA		tRNA-Met	15504-15579:-1
NC_083190.1	tRNA		tRNA-Val	15585-15660:1
NC_083190.1	tRNA		tRNA-Cys	15655-15728:-1
NC_083190.1	tRNA		tRNA-Trp	15728-15797:-1
NC_083190.1	tRNA		tRNA-Ala	15805-15877:1
NC_083190.1	tRNA		tRNA-Leu	15879-15952:-1
NC_083190.1	tRNA		tRNA-Asn	15952-16024:-1
NC_083190.1	tRNA		tRNA-Gln	16028-16100:1
NC_083190.1	tRNA		tRNA-Pro	16100-16171:-1
NC_088491.1	tRNA	trnP(tgg)	tRNA-Pro	757-826:1
NC_088491.1	tRNA	trnQ(ttg)	tRNA-Gln	827-898:-1
NC_088491.1	tRNA	trnN(gtt)	tRNA-Asn	905-977:1
NC_088491.1	tRNA	trnL1(tag)	tRNA-Leu	977-1049:1
NC_088491.1	tRNA	trnA(tgc)	tRNA-Ala	1048-1118:-1
NC_088491.1	tRNA	trnW(tca)	tRNA-Trp	1118-1187:1
NC_088491.1	tRNA	trnC(gca)	tRNA-Cys	1187-1255:1
NC_088491.1	tRNA	trnV(tac)	tRNA-Val	1254-1324:-1
NC_088491.1	tRNA	trnM(cat)	tRNA-Met	1355-1428:1
NC_088491.1	tRNA	trnD(gtc)	tRNA-Asp	1428-1497:-1
NC_088491.1	tRNA	trnY(gta)	tRNA-Tyr	1501-1572:1
NC_088491.1	tRNA	trnG(tcc)	tRNA-Gly	1577-1645:1
NC_088491.1	tRNA	trnL2(taa)	tRNA-Leu	1647-1720:1
NC_088491.1	CDS	nad1	NADH dehydrogenase subunit 1	1722-2694:1
NC_088491.1	tRNA	trnI(gat)	tRNA-Ile	2695-2766:1
NC_088491.1	CDS	nad2	NADH dehydrogenase subunit 2	2766-3825:1
NC_088491.1	rRNA		16S ribosomal RNA	3827-5372:1
NC_088491.1	CDS	cox1	cytochrome c oxidase subunit 1	5369-6923:1
NC_088491.1	tRNA	trnR(tcg)	tRNA-Arg	6934-7003:1
NC_088491.1	CDS	nad4l	NADH dehydrogenase subunit 4L	7004-7298:1
NC_088491.1	CDS	cox2	cytochrome c oxidase subunit 2	7297-7987:1
NC_088491.1	tRNA	trnK(ctt)	tRNA-Lys	7989-8059:1
NC_088491.1	CDS	atp8	ATP synthase F0 subunit 8	8059-8224:1
NC_088491.1	CDS	atp6	ATP synthase F0 subunit 6	8214-8904:1
NC_088491.1	CDS	cox3	cytochrome c oxidase subunit 3	8907-9690:1
NC_088491.1	tRNA	trnS2(tga)	tRNA-Ser	9689-9759:-1
NC_088491.1	CDS	nad3	NADH dehydrogenase subunit 3	9775-10126:1
NC_088491.1	CDS	nad4	NADH dehydrogenase subunit 4	10147-11536:1
NC_088491.1	tRNA	trnH(gtg)	tRNA-His	11526-11595:1
NC_088491.1	tRNA	trnS1(gct)	tRNA-Ser	11596-11664:1
NC_088491.1	CDS	nad5	NADH dehydrogenase subunit 5	11664-13581:1
NC_088491.1	CDS	nad6	NADH dehydrogenase subunit 6	13581-14070:-1
NC_088491.1	CDS	cob	cytochrome b	14092-15235:1
NC_088491.1	tRNA	trnF(gaa)	tRNA-Phe	15234-15307:1
NC_088491.1	rRNA		12S ribosomal RNA	15306-16196:1
NC_088491.1	tRNA	trnE(ttc)	tRNA-Glu	16195-16264:1
NC_088491.1	tRNA	trnT(tgt)	tRNA-Thr	16270-16343:1
NC_087785.1	CDS	COX1	cytochrome c oxidase subunit I	0-1554:1
NC_087785.1	tRNA		tRNA-Arg	1554-1621:1
NC_087785.1	CDS	ND4L	NADH dehdrogenase subunit 4L	1621-1915:1
NC_087785.1	CDS	COX2	cytochrome c oxidase subunit II	1915-2617:1
NC_087785.1	tRNA		tRNA-Lys	2617-2674:1
NC_087785.1	CDS	ATP8	ATP synthase F0 subunit 8	2675-2840:1
NC_087785.1	CDS	ATP6	ATP synthase F0 subunit 6	2824-3517:1
NC_087785.1	CDS	COX3	cytochrome c oxidase subunit III	3523-4306:1
NC_087785.1	tRNA		tRNA-Ser	4311-4382:-1
NC_087785.1	CDS	ND3	NADH dehdrogenase subunit 3	4397-4748:1
NC_087785.1	CDS	ND4	NADH dehdrogenase subunit 4	4752-6135:1
NC_087785.1	tRNA		tRNA-His	6139-6206:1
NC_087785.1	tRNA		tRNA-Ser	6206-6275:1
NC_087785.1	CDS	ND5	NADH dehdrogenase subunit 5	6275-8153:1
NC_087785.1	CDS	ND6	NADH dehdrogenase subunit 6	8202-8691:-1
NC_087785.1	CDS	CYTB	cytochrome b	8699-9837:1
NC_087785.1	tRNA		tRNA-Phe	9837-9909:1
NC_087785.1	rRNA		12S ribosomal RNA	9909-10831:1
NC_087785.1	tRNA		tRNA-Glu	10831-10903:1
NC_087785.1	tRNA		tRNA-Thr	10907-10977:1
NC_087785.1	rRNA		16S ribosomal RNA	11406-13000:-1
NC_087785.1	CDS	ND2	NADH dehdrogenase subunit 2	13086-14151:-1
NC_087785.1	tRNA		tRNA-Ile	14151-14224:-1
NC_087785.1	CDS	ND1	NADH dehdrogenase subunit 1	14235-15213:-1
NC_087785.1	tRNA		tRNA-Leu	15213-15285:-1
NC_087785.1	tRNA		tRNA-Gly	15306-15374:-1
NC_087785.1	tRNA		tRNA-Tyr	15374-15443:-1
NC_087785.1	tRNA		tRNA-Asp	15443-15512:1
NC_087785.1	tRNA		tRNA-Met	15511-15580:-1
NC_087785.1	tRNA		tRNA-Val	15585-15654:1
NC_087785.1	tRNA		tRNA-Cys	15652-15724:-1
NC_087785.1	tRNA		tRNA-Trp	15725-15794:-1
NC_087785.1	tRNA		tRNA-Ala	15794-15864:1
NC_087785.1	tRNA		tRNA-Leu	15864-15935:-1
NC_087785.1	tRNA		tRNA-Asn	15937-16009:-1
NC_087785.1	tRNA		tRNA-Gln	16019-16090:1
NC_087785.1	tRNA		tRNA-Pro	16092-16164:-1
NC_087784.1	CDS	COX1	cytochrome c oxidase subunit I	0-1554:1
NC_087784.1	tRNA		tRNA-Arg	1554-1621:1
NC_087784.1	CDS	ND4L	NADH dehdrogenase subunit 4L	1621-1915:1
NC_087784.1	CDS	COX2	cytochrome c oxidase subunit II	1915-2603:1
NC_087784.1	tRNA		tRNA-Lys	2603-2674:1
NC_087784.1	CDS	ATP8	ATP synthase F0 subunit 8	2675-2840:1
NC_087784.1	CDS	ATP6	ATP synthase F0 subunit 6	2824-3517:1
NC_087784.1	CDS	COX3	cytochrome c oxidase subunit III	3524-4307:1
NC_087784.1	tRNA		tRNA-Ser	4307-4377:-1
NC_087784.1	CDS	ND3	NADH dehdrogenase subunit 3	4393-4744:1
NC_087784.1	CDS	ND4	NADH dehdrogenase subunit 4	4748-6131:1
NC_087784.1	tRNA		tRNA-His	6135-6202:1
NC_087784.1	tRNA		tRNA-Ser	6202-6271:1
NC_087784.1	CDS	ND5	NADH dehdrogenase subunit 5	6271-8152:1
NC_087784.1	CDS	ND6	NADH dehdrogenase subunit 6	8203-8692:-1
NC_087784.1	CDS	CYTB	cytochrome b	8700-9838:1
NC_087784.1	tRNA		tRNA-Phe	9838-9910:1
NC_087784.1	rRNA		12S ribosomal RNA	9910-10838:1
NC_087784.1	tRNA		tRNA-Glu	10838-10910:1
NC_087784.1	tRNA		tRNA-Thr	10917-10987:1
NC_087784.1	rRNA		16S ribosomal RNA	11419-13026:-1
NC_087784.1	CDS	ND2	NADH dehdrogenase subunit 2	13120-14185:-1
NC_087784.1	tRNA		tRNA-Ile	14185-14256:-1
NC_087784.1	CDS	ND1	NADH dehdrogenase subunit 1	14268-15246:-1
NC_087784.1	tRNA		tRNA-Leu	15246-15318:-1
NC_087784.1	tRNA		tRNA-Gly	15338-15406:-1
NC_087784.1	tRNA		tRNA-Tyr	15406-15475:-1
NC_087784.1	tRNA		tRNA-Asp	15475-15544:1
NC_087784.1	tRNA		tRNA-Met	15544-15612:-1
NC_087784.1	tRNA		tRNA-Val	15617-15686:1
NC_087784.1	tRNA		tRNA-Cys	15684-15757:-1
NC_087784.1	tRNA		tRNA-Trp	15757-15827:-1
NC_087784.1	tRNA		tRNA-Ala	15827-15896:1
NC_087784.1	tRNA		tRNA-Leu	15896-15967:-1
NC_087784.1	tRNA		tRNA-Asn	15969-16041:-1
NC_087784.1	tRNA		tRNA-Gln	16049-16120:1
NC_087784.1	tRNA		tRNA-Pro	16122-16193:-1
NC_085502.1	CDS	COX1	cytochrome c oxidase subunit I	0-1605:1
NC_085502.1	tRNA	trnR-UCG	tRNA-Arg	1605-1673:1
NC_085502.1	CDS	ND4L	NADH dehydrogenase subunit 4L	1672-1969:1
NC_085502.1	CDS	COX2	cytochrome c oxidase subunit II	1971-2664:1
NC_085502.1	tRNA	trnK-CUU	tRNA-Lys	2667-2736:1
NC_085502.1	CDS	ATP8	ATP synthase F0 subunit 8	2735-2897:1
NC_085502.1	CDS	ATP6	ATP synthase F0 subunit 6	2884-3586:1
NC_085502.1	CDS	COX3	cytochrome c oxidase subunit III	3590-4388:1
NC_085502.1	tRNA	trnS-UGA	tRNA-Ser	4385-4458:-1
NC_085502.1	CDS	ND3	NADH dehydrogenase subunit 3	4462-4816:1
NC_085502.1	CDS	ND4	NADH dehydrogenase subunit 4	4818-6180:1
NC_085502.1	tRNA	trnH-GUG	tRNA-His	6181-6250:1
NC_085502.1	tRNA	trnS-GCU	tRNA-Ser	6249-6318:1
NC_085502.1	CDS	ND5	NADH dehydrogenase subunit 5	6317-8111:1
NC_085502.1	CDS	ND6	NADH dehydrogenase subunit 6	8097-8601:-1
NC_085502.1	tRNA	trnL-UAG	tRNA-Leu	9566-9634:-1
NC_085502.1	tRNA	trnG-UCC	tRNA-Gly	9656-9720:-1
NC_085502.1	rRNA	rnl	16S ribosomal RNA	9723-11143:-1
NC_085502.1	tRNA	trnM-CAU	tRNA-Met	11142-11211:-1
NC_085502.1	tRNA	trnP-UGG	tRNA-Pro	11223-11291:-1
NC_085502.1	rRNA	rns	12S ribosomal RNA	11291-12186:-1
NC_085502.1	tRNA	trnF-GAA	tRNA-Phe	12187-12254:-1
NC_085502.1	tRNA	trnE-UUC	tRNA-Glu	12281-12346:-1
NC_085502.1	tRNA	trnC-GCA	tRNA-Cys	12358-12424:1
NC_085502.1	tRNA	trnV-UAC	tRNA-Val	12426-12497:-1
NC_085502.1	tRNA	trnY-GUA	tRNA-Tyr	12494-12559:-1
NC_085502.1	tRNA	trnA-UGC	tRNA-Ala	12563-12632:-1
NC_085502.1	tRNA	trnQ-UUG	tRNA-Gln	12633-12704:-1
NC_085502.1	tRNA	trnN-GUU	tRNA-Asn	12702-12775:1
NC_085502.1	tRNA	trnL-UAA	tRNA-Leu	12775-12848:1
NC_085502.1	CDS	ND1	NADH dehydrogenase subunit 1	12850-13861:1
NC_085502.1	tRNA	trnI-GAU	tRNA-Ile	13860-13932:1
NC_085502.1	CDS	ND2	NADH dehydrogenase subunit 2	13935-14988:1
NC_085502.1	tRNA	trnD-GUC	tRNA-Asp	14986-15058:1
NC_085502.1	CDS	CYTB	cytochrome b	15059-16199:1
NC_085502.1	tRNA	trnT-UGU	tRNA-Thr	16197-16265:1
NC_085502.1	tRNA	trnW-UCA	tRNA-Trp	16325-16391:1
NC_083273.1	tRNA	trnP	tRNA-Pro	28-99:1
NC_083273.1	tRNA	trnQ	tRNA-Gln	121-193:-1
NC_083273.1	tRNA	trnN	tRNA-Asn	195-267:1
NC_083273.1	tRNA	trnL	tRNA-Leu	267-339:1
NC_083273.1	tRNA	trnA	tRNA-Ala	339-408:-1
NC_083273.1	tRNA	trnW	tRNA-Trp	408-477:1
NC_083273.1	tRNA	trnC	tRNA-Cys	477-544:1
NC_083273.1	tRNA	trnV	tRNA-Val	543-615:-1
NC_083273.1	tRNA	trnM	tRNA-Met	639-712:1
NC_083273.1	tRNA	trnD	tRNA-Asp	718-787:-1
NC_083273.1	tRNA	trnY	tRNA-Tyr	788-859:1
NC_083273.1	tRNA	trnG	tRNA-Gly	863-931:1
NC_083273.1	tRNA	trnL	tRNA-Leu	931-1003:1
NC_083273.1	CDS	ND1	NADH dehydrogenase subunit 1	1003-1975:1
NC_083273.1	tRNA	trnI	tRNA-Ile	1983-2055:1
NC_083273.1	CDS	ND2	NADH dehydrogenase subunit 2	2055-3114:1
NC_083273.1	rRNA	rrn16	16S ribosomal RNA	3218-4177:1
NC_083273.1	CDS	COX1	cytochrome c oxidase subunit I	4649-6203:1
NC_083273.1	tRNA	trnR	tRNA-Arg	6213-6281:1
NC_083273.1	CDS	ND4L	NADH dehydrogenase subunit 4L	6282-6576:1
NC_083273.1	CDS	COX2	cytochrome c oxidase subunit II	6579-7269:1
NC_083273.1	tRNA	trnK	tRNA-Lys	7274-7344:1
NC_083273.1	CDS	ATP8	ATP synthase F0 subunit 8	7344-7512:1
NC_083273.1	CDS	ATP6	ATP synthase F0 subunit 6	7502-8192:1
NC_083273.1	CDS	COX3	cytochrome c oxidase subunit III	8195-8978:1
NC_083273.1	tRNA	trnS	tRNA-Ser	8978-9047:-1
NC_083273.1	CDS	ND3	NADH dehydrogenase subunit 3	9063-9414:1
NC_083273.1	CDS	ND4	NADH dehydrogenase subunit 4	9427-10816:1
NC_083273.1	tRNA	trnH	tRNA-His	10816-10874:1
NC_083273.1	tRNA	trnS	tRNA-Ser	10875-10943:1
NC_083273.1	CDS	ND5	NADH dehydrogenase subunit 5	10943-12866:1
NC_083273.1	CDS	ND6	NADH dehydrogenase subunit 6	12862-13351:-1
NC_083273.1	CDS	CYTB	cytochrome b	13373-14516:1
NC_083273.1	tRNA	trnF	tRNA-Phe	14516-14589:1
NC_083273.1	rRNA	rrn12	12S ribosomal RNA	14589-15469:1
NC_083273.1	tRNA	trnE	tRNA-Glu	15471-15539:1
NC_083273.1	tRNA	trnT	tRNA-Thr	15540-15609:1
NC_082941.1	CDS	COX1	cytochrome c oxidase subunit I	0-1566:-1
NC_082941.1	tRNA	trnT(tgt)	tRNA-Thr	1568-1637:-1
NC_082941.1	CDS	ND2	NADH dehydrogenase subunit 2	1703-2750:-1
NC_082941.1	tRNA	trnI(gat)	tRNA-Ile	2752-2820:-1
NC_082941.1	CDS	ND1	NADH dehydrogenase subunit 1	2820-3774:-1
NC_082941.1	tRNA	trnG(tcc)	tRNA-Gly	3843-3909:-1
NC_082941.1	tRNA	trnY(gta)	tRNA-Tyr	3908-3979:-1
NC_082941.1	tRNA	trnL1(tag)	tRNA-Leu	4028-4097:-1
NC_082941.1	tRNA	trnD(gtc)	tRNA-Asp	4106-4172:1
NC_082941.1	tRNA	trnA(tgc)	tRNA-Ala	4253-4318:1
NC_082941.1	tRNA	trnM(cat)	tRNA-Met	4485-4552:-1
NC_082941.1	CDS	CYTB	cytochrome b	4554-5697:-1
NC_082941.1	CDS	ND6	NADH dehydrogenase subunit 6	5922-6417:1
NC_082941.1	tRNA	trnS2(tga)	tRNA-Ser	6440-6512:1
NC_082941.1	tRNA	trnV(tac)	tRNA-Val	6548-6619:1
NC_082941.1	tRNA	trnC(gca)	tRNA-Cys	6665-6727:-1
NC_082941.1	tRNA	trnQ(ttg)	tRNA-Gln	6744-6814:1
NC_082941.1	tRNA	trnP(tgg)	tRNA-Pro	6820-6889:-1
NC_082941.1	tRNA	trnR(tcg)	tRNA-Arg	6898-6963:-1
NC_082941.1	CDS	ND5	NADH dehydrogenase subunit 5	6963-8781:-1
NC_082941.1	tRNA	trnS1(gct)	tRNA-Ser	8781-8848:-1
NC_082941.1	tRNA	trnH(gtg)	tRNA-His	8849-8918:-1
NC_082941.1	tRNA	trnW(tca)	tRNA-Trp	8926-8997:-1
NC_082941.1	rRNA	rrnS	12S ribosomal RNA	8997-9778:-1
NC_082941.1	tRNA	trnF(gaa)	tRNA-Phe	9777-9843:-1
NC_082941.1	tRNA	trnE(ttc)	tRNA-Glu	9856-9928:-1
NC_082941.1	tRNA	trnN(gtt)	tRNA-Asn	9933-10003:-1
NC_082941.1	rRNA	rrnL	large subunit ribosomal RNA	9977-11389:-1
NC_082941.1	tRNA	trnL2(taa)	tRNA-Leu	11364-11431:-1
NC_082941.1	CDS	ND4	NADH dehydrogenase subunit 4	12213-13566:-1
NC_082941.1	CDS	ND3	NADH dehydrogenase subunit 3	13570-13915:-1
NC_082941.1	CDS	COX3	cytochrome c oxidase subunit III	13939-14698:-1
NC_082941.1	CDS	ATP6	ATP synthase F0 subunit 6	14752-15430:-1
NC_082941.1	CDS	ATP8	ATP synthase F0 subunit 8	15423-15591:-1
NC_082941.1	tRNA	trnK(ctt)	tRNA-Lys	15593-15662:-1
NC_082941.1	CDS	COX2	cytochrome c oxidase subunit II	15688-16333:-1
NC_082941.1	CDS	ND4L	NADH dehydrogenase subunit 4L	16380-16677:-1
NC_083191.1	CDS	COX1	cytochrome c oxidase subunit I	0-1554:1
NC_083191.1	tRNA		tRNA-Arg	1556-1623:1
NC_083191.1	CDS	ND4L	NADH dehydrogenase subunit 4L	1624-1921:1
NC_083191.1	CDS	COX2	cytochrome c oxidase subunit II	1921-2611:1
NC_083191.1	tRNA		tRNA-Lys	2612-2686:1
NC_083191.1	CDS	ATP8	ATP synthase F0 subunit 8	2687-2855:1
NC_083191.1	CDS	ATP6	ATP synthase F0 subunit 6	2839-3532:1
NC_083191.1	CDS	COX3	cytochrome c oxidase subunit III	3536-4319:1
NC_083191.1	tRNA		tRNA-Ser	4316-4389:-1
NC_083191.1	CDS	ND3	NADH dehydrogenase subunit 3	4413-4764:1
NC_083191.1	CDS	ND4	NADH dehydrogenase subunit 4	4775-6158:1
NC_083191.1	tRNA		tRNA-His	6304-6373:1
NC_083191.1	tRNA		tRNA-Ser	6373-6442:1
NC_083191.1	CDS	ND5	NADH dehydrogenase subunit 5	6442-8365:1
NC_083191.1	CDS	ND6	NADH dehydrogenase subunit 6	8370-8859:-1
NC_083191.1	CDS	CYTB	cytochrome b	8874-10012:1
NC_083191.1	tRNA		tRNA-Phe	10012-10086:1
NC_083191.1	rRNA		12S ribosomal RNA	10086-10977:1
NC_083191.1	tRNA		tRNA-Glu	10977-11047:1
NC_083191.1	tRNA		tRNA-Thr	11051-11124:1
NC_083191.1	rRNA		16S ribosomal RNA	11584-13195:-1
NC_083191.1	CDS	ND2	NADH dehydrogenase subunit 2	13201-14266:-1
NC_083191.1	tRNA		tRNA-Ile	14266-14338:-1
NC_083191.1	CDS	ND1	NADH dehydrogenase subunit 1	14339-15317:-1
NC_083191.1	tRNA		tRNA-Leu	15317-15390:-1
NC_083191.1	tRNA		tRNA-Gly	15419-15488:-1
NC_083191.1	tRNA		tRNA-Tyr	15490-15559:-1
NC_083191.1	tRNA		tRNA-Asp	15564-15634:1
NC_083191.1	tRNA		tRNA-Met	15635-15708:-1
NC_083191.1	tRNA		tRNA-Val	15711-15784:1
NC_083191.1	tRNA		tRNA-Cys	15781-15850:-1
NC_083191.1	tRNA		tRNA-Trp	15850-15920:-1
NC_083191.1	tRNA		tRNA-Ala	15929-16001:1
NC_083191.1	tRNA		tRNA-Leu	16001-16075:-1
NC_083191.1	tRNA		tRNA-Asn	16075-16147:-1
NC_083191.1	tRNA		tRNA-Gln	16150-16222:1
NC_083191.1	tRNA		tRNA-Pro	16222-16292:-1
NC_082173.1	CDS	COX1	cytochrome c oxidase subunit I	0-1593:1
NC_082173.1	tRNA		tRNA-Arg	1591-1660:1
NC_082173.1	CDS	ND4L	NADH dehydrogenase subunit 4L	1661-1955:1
NC_082173.1	CDS	COX2	cytochrome c oxidase subunit II	1957-2650:1
NC_082173.1	tRNA		tRNA-Lys	2650-2720:1
NC_082173.1	CDS	ATP8	ATP synthase F0 subunit 8	2720-2888:1
NC_082173.1	CDS	ATP6	ATP synthase F0 subunit 6	2875-3559:1
NC_082173.1	CDS	COX3	cytochrome c oxidase subunit III	3561-4359:1
NC_082173.1	tRNA		tRNA-Ser	4358-4430:-1
NC_082173.1	CDS	ND3	NADH dehydrogenase subunit 3	4444-4798:1
NC_082173.1	CDS	ND4	NADH dehydrogenase subunit 4	4791-6148:1
NC_082173.1	tRNA		tRNA-His	6149-6222:1
NC_082173.1	tRNA		tRNA-Ser	6232-6299:1
NC_082173.1	CDS	ND5	NADH dehydrogenase subunit 5	6299-8081:1
NC_082173.1	CDS	ND6	NADH dehydrogenase subunit 6	8221-8701:-1
NC_082173.1	tRNA		tRNA-Met	9127-9195:-1
NC_082173.1	tRNA		tRNA-Ala	9195-9259:-1
NC_082173.1	tRNA		tRNA-Glu	9266-9336:-1
NC_082173.1	tRNA		tRNA-Gly	9331-9399:-1
NC_082173.1	rRNA		16S ribosomal RNA	9399-10761:-1
NC_082173.1	tRNA		tRNA-Leu	10761-10833:-1
NC_082173.1	tRNA		tRNA-Pro	10835-10903:-1
NC_082173.1	rRNA		12S ribosomal RNA	10903-11733:-1
NC_082173.1	tRNA		tRNA-Phe	11733-11804:-1
NC_082173.1	tRNA		tRNA-Thr	11918-11989:-1
NC_082173.1	CDS	CYTB	cytochrome b	11988-13128:-1
NC_082173.1	tRNA		tRNA-Asp	13130-13201:-1
NC_082173.1	CDS	ND2	NADH dehydrogenase subunit 2	13201-14236:-1
NC_082173.1	tRNA		tRNA-Ile	14235-14308:-1
NC_082173.1	CDS	ND1	NADH dehydrogenase subunit 1	14307-15285:-1
NC_082173.1	tRNA		tRNA-Leu	15285-15357:-1
NC_082173.1	tRNA		tRNA-Asn	15362-15436:-1
NC_082173.1	tRNA		tRNA-Gln	15439-15510:1
NC_082173.1	tRNA		tRNA-Cys	15508-15573:1
NC_082173.1	tRNA		tRNA-Val	15572-15644:-1
NC_082173.1	tRNA		tRNA-Tyr	15641-15713:-1
NC_082173.1	tRNA		tRNA-Trp	15714-15784:1
NC_081981.1	CDS	COX1	cytochrome c oxidase subunit I	0-1554:1
NC_081981.1	tRNA	trnR(tcg)	tRNA-Arg	1555-1625:1
NC_081981.1	CDS	ND4L	NADH dehydrogenase subunit 4L	1625-1922:1
NC_081981.1	CDS	COX2	cytochrome c oxidase subunit II	1922-2610:1
NC_081981.1	tRNA	trnK(ctt)	tRNA-Lys	2610-2684:1
NC_081981.1	CDS	ATP8	ATP synthase F0 subunit 8	2685-2850:1
NC_081981.1	CDS	ATP6	ATP synthase F0 subunit 6	2834-3527:1
NC_081981.1	CDS	COX3	cytochrome c oxidase subunit III	3531-4314:1
NC_081981.1	tRNA	trnS2(tga)	tRNA-Ser	4313-4384:-1
NC_081981.1	CDS	ND3	NADH dehydrogenase subunit 3	4410-4761:1
NC_081981.1	CDS	ND4	NADH dehydrogenase subunit 4	4774-6157:1
NC_081981.1	tRNA	trnH(gtg)	tRNA-His	6298-6366:1
NC_081981.1	tRNA	trnS1(gct)	tRNA-Ser	6367-6435:1
NC_081981.1	CDS	ND5	NADH dehydrogenase subunit 5	6435-8334:1
NC_081981.1	CDS	ND6	NADH dehydrogenase subunit 6	8377-8866:-1
NC_081981.1	CDS	CYTB	cytochrome b	8880-10018:1
NC_081981.1	tRNA		tRNA-Phe	10018-10090:1
NC_081981.1	rRNA		12S ribosomal RNA	10089-10974:1
NC_081981.1	tRNA	trnE(ttc)	tRNA-Glu	10974-11043:1
NC_081981.1	tRNA	trnT(tgt)	tRNA-Thr	11056-11129:1
NC_081981.1	rRNA		16S ribosomal RNA	11587-13170:-1
NC_081981.1	CDS	ND2	NADH dehydrogenase subunit 2	13218-14283:-1
NC_081981.1	tRNA	trnI(gat)	tRNA-Ile	14283-14355:-1
NC_081981.1	CDS	ND1	NADH dehydrogenase subunit 1	14358-15333:-1
NC_081981.1	tRNA	trnL2(taa)	tRNA-Leu	15336-15408:-1
NC_081981.1	tRNA	trnG(tcc)	tRNA-Gly	15438-15507:-1
NC_081981.1	tRNA	trnY(gta)	tRNA-Tyr	15509-15579:-1
NC_081981.1	tRNA	trnD(gtc)	tRNA-Asp	15583-15653:1
NC_081981.1	tRNA	trnM(cat)	tRNA-Met	15655-15727:-1
NC_081981.1	tRNA	trnV(tac)	tRNA-Val	15732-15803:1
NC_081981.1	tRNA	trnC(gca)	tRNA-Cys	15803-15870:-1
NC_081981.1	tRNA	trnW(tca)	tRNA-Trp	15870-15939:-1
NC_081981.1	tRNA	trnA(tgc)	tRNA-Ala	15944-16013:1
NC_081981.1	tRNA	trnL1(tag)	tRNA-Leu	16013-16085:-1
NC_081981.1	tRNA	trnN(gtt)	tRNA-Asn	16085-16157:-1
NC_081981.1	tRNA	trnQ(ttg)	tRNA-Gln	16158-16229:1
NC_081981.1	tRNA	trnP(tgg)	tRNA-Pro	16230-16300:-1
NC_081967.1	CDS	COX1	cytochrome c oxidase subunit I	0-1554:1
NC_081967.1	tRNA	trnR(tcg)	tRNA-Arg	1554-1624:1
NC_081967.1	CDS	ND4L	NADH dehydrogenase subunit 4L	1624-1921:1
NC_081967.1	CDS	COX2	cytochrome c oxidase subunit II	1922-2610:1
NC_081967.1	tRNA	trnK(ctt)	tRNA-Lys	2610-2680:1
NC_081967.1	CDS	ATP8	ATP synthase F0 subunit 8	2681-2849:1
NC_081967.1	CDS	ATP6	ATP synthase F0 subunit 6	2833-3526:1
NC_081967.1	CDS	COX3	cytochrome c oxidase subunit III	3536-4319:1
NC_081967.1	tRNA	trnS2(tga)	tRNA-Ser	4317-4387:-1
NC_081967.1	CDS	ND3	NADH dehydrogenase subunit 3	4410-4761:1
NC_081967.1	CDS	ND4	NADH dehydrogenase subunit 4	4771-6151:1
NC_081967.1	tRNA	trnH(gtg)	tRNA-His	6326-6395:1
NC_081967.1	tRNA	trnS1(gct)	tRNA-Ser	6396-6464:1
NC_081967.1	CDS	ND5	NADH dehydrogenase subunit 5	6464-8372:1
NC_081967.1	CDS	ND6	NADH dehydrogenase subunit 6	8414-8888:-1
NC_081967.1	CDS	CYTB	cytochrome b	8905-10043:1
NC_081967.1	tRNA	trnF(gaa)	tRNA-Phe	10043-10115:1
NC_081967.1	rRNA		12S ribosomal RNA	10114-10999:1
NC_081967.1	tRNA	trnE(ttc)	tRNA-Glu	10998-11069:1
NC_081967.1	tRNA	trnT(tgt)	tRNA-Thr	11072-11142:1
NC_081967.1	rRNA		16S ribosomal RNA	11511-13105:-1
NC_081967.1	CDS	ND2	NADH dehydrogenase subunit 2	13140-14208:-1
NC_081967.1	tRNA	trnI(gat)	tRNA-Ile	14208-14278:-1
NC_081967.1	CDS	ND1	NADH dehydrogenase subunit 1	14278-15259:-1
NC_081967.1	tRNA	trnL2(taa)	tRNA-Leu	15259-15331:-1
NC_081967.1	tRNA	trnG(tcc)	tRNA-Gly	15356-15423:-1
NC_081967.1	tRNA	trnY(gta)	tRNA-Tyr	15423-15494:-1
NC_081967.1	tRNA	trnD(gtc)	tRNA-Asp	15495-15565:1
NC_081967.1	tRNA	trnM(cat)	tRNA-Met	15566-15638:-1
NC_081967.1	tRNA	trnV(tac)	tRNA-Val	15642-15714:1
NC_081967.1	tRNA	trnC(gca)	tRNA-Cys	15715-15784:-1
NC_081967.1	tRNA	trnW(tca)	tRNA-Trp	15784-15853:-1
NC_081967.1	tRNA	trnA(tgc)	tRNA-Ala	15862-15933:1
NC_081967.1	tRNA	trnL1(tag)	tRNA-Leu	15934-16006:-1
NC_081967.1	tRNA	trnN(gtt)	tRNA-Asn	16007-16079:-1
NC_081967.1	tRNA	trnQ(ttg)	tRNA-Gln	16080-16151:1
NC_081967.1	tRNA	trnP(tgg)	tRNA-Pro	16151-16223:-1
NC_065301.1	CDS	COX1	cytochrome c oxidase subunit I	0-1554:1
NC_065301.1	tRNA		tRNA-Arg	1567-1634:1
NC_065301.1	CDS	ND4L	NADH dehydrogenase subunit 4L	1636-1930:1
NC_065301.1	CDS	COX2	cytochrome c oxidase subunit II	1929-2619:1
NC_065301.1	tRNA		tRNA-Lys	2620-2690:1
NC_065301.1	CDS	ATP8	ATP synthase F0 subunit 8	2690-2858:1
NC_065301.1	CDS	ATP6	ATP synthase F0 subunit 6	2848-3538:1
NC_065301.1	CDS	COX3	cytochrome c oxidase subunit III	3541-4324:1
NC_065301.1	tRNA		tRNA-Ser	4323-4393:-1
NC_065301.1	CDS	ND3	NADH dehydrogenase subunit 3	4409-4760:1
NC_065301.1	CDS	ND4	NADH dehydrogenase subunit 4	4784-6162:1
NC_065301.1	tRNA		tRNA-His	6163-6231:1
NC_065301.1	tRNA		tRNA-Ser	6232-6300:1
NC_065301.1	CDS	ND5	NADH dehydrogenase subunit 5	6300-8217:1
NC_065301.1	CDS	ND6	NADH dehydrogenase subunit 6	8224-8713:-1
NC_065301.1	CDS	CYTB	cytochrome b	8735-9878:1
NC_065301.1	tRNA		tRNA-Phe	9877-9950:1
NC_065301.1	rRNA		12S ribosomal RNA	9950-10847:1
NC_065301.1	tRNA		tRNA-Glu	10847-10917:1
NC_065301.1	tRNA		tRNA-Thr	10921-10996:1
NC_065301.1	tRNA		tRNA-Pro	11135-11204:1
NC_065301.1	tRNA		tRNA-Gln	11204-11279:-1
NC_065301.1	tRNA		tRNA-Asn	11280-11352:1
NC_065301.1	tRNA		tRNA-Leu	11352-11424:1
NC_065301.1	tRNA		tRNA-Ala	11422-11494:-1
NC_065301.1	tRNA		tRNA-Trp	11492-11563:1
NC_065301.1	tRNA		tRNA-Cys	11562-11630:1
NC_065301.1	tRNA		tRNA-Val	11629-11699:-1
NC_065301.1	tRNA		tRNA-Met	11726-11799:1
NC_065301.1	tRNA		tRNA-Asp	11803-11873:-1
NC_065301.1	tRNA		tRNA-Tyr	11882-11955:1
NC_065301.1	tRNA		tRNA-Gly	11957-12025:1
NC_065301.1	tRNA		tRNA-Leu	12024-12099:1
NC_065301.1	CDS	ND1	NADH dehydrogenase subunit 1	12098-13070:1
NC_065301.1	tRNA		tRNA-Ile	13071-13143:1
NC_065301.1	CDS	ND2	NADH dehydrogenase subunit 2	13143-14202:1
NC_065301.1	rRNA		16S ribosomal RNA	14202-15745:1
NC_065300.1	CDS	COX1	cytochrome c oxidase subunit I	0-1554:1
NC_065300.1	tRNA		tRNA-Arg	1564-1631:1
NC_065300.1	CDS	ND4L	NADH dehydrogenase subunit 4L	1633-1927:1
NC_065300.1	CDS	COX2	cytochrome c oxidase subunit II	1931-2621:1
NC_065300.1	tRNA		tRNA-Lys	2621-2695:1
NC_065300.1	CDS	ATP8	ATP synthase F0 subunit 8	2694-2862:1
NC_065300.1	CDS	ATP6	ATP synthase F0 subunit 6	2852-3542:1
NC_065300.1	CDS	COX3	cytochrome c oxidase subunit III	3545-4328:1
NC_065300.1	tRNA		tRNA-Ser	4327-4397:-1
NC_065300.1	CDS	ND3	NADH dehydrogenase subunit 3	4413-4764:1
NC_065300.1	CDS	ND4	NADH dehydrogenase subunit 4	4776-6154:1
NC_065300.1	tRNA		tRNA-His	6155-6223:1
NC_065300.1	tRNA		tRNA-Ser	6223-6293:1
NC_065300.1	CDS	ND5	NADH dehydrogenase subunit 5	6292-8206:1
NC_065300.1	CDS	ND6	NADH dehydrogenase subunit 6	8206-8695:-1
NC_065300.1	CDS	CYTB	cytochrome b	8716-9859:1
NC_065300.1	tRNA		tRNA-Phe	9858-9932:1
NC_065300.1	rRNA		12S ribosomal RNA	9932-10844:1
NC_065300.1	tRNA		tRNA-Glu	10844-10916:1
NC_065300.1	tRNA		tRNA-Thr	10927-10998:1
NC_065300.1	tRNA		tRNA-Pro	11111-11180:1
NC_065300.1	tRNA		tRNA-Gln	11183-11255:-1
NC_065300.1	tRNA		tRNA-Asn	11267-11339:1
NC_065300.1	tRNA		tRNA-Leu	11339-11411:1
NC_065300.1	tRNA		tRNA-Ala	11410-11480:-1
NC_065300.1	tRNA		tRNA-Trp	11482-11553:1
NC_065300.1	tRNA		tRNA-Cys	11552-11620:1
NC_065300.1	tRNA		tRNA-Val	11619-11690:-1
NC_065300.1	tRNA		tRNA-Met	11698-11771:1
NC_065300.1	tRNA		tRNA-Asp	11782-11852:-1
NC_065300.1	tRNA		tRNA-Tyr	11864-11935:1
NC_065300.1	tRNA		tRNA-Gly	11938-12006:1
NC_065300.1	tRNA		tRNA-Leu	12006-12081:1
NC_065300.1	CDS	ND1	NADH dehydrogenase subunit 1	12080-13052:1
NC_065300.1	tRNA		tRNA-Ile	13053-13122:1
NC_065300.1	CDS	ND2	NADH dehydrogenase subunit 2	13124-14183:1
NC_065300.1	rRNA		16S ribosomal RNA	14183-15747:1
NC_065299.1	CDS	COX1	cytochrome c oxidase subunit I	0-1554:1
NC_065299.1	tRNA		tRNA-Arg	1564-1632:1
NC_065299.1	CDS	ND4L	NADH dehydrogenase subunit 4L	1634-1928:1
NC_065299.1	CDS	COX2	cytochrome c oxidase subunit II	1927-2617:1
NC_065299.1	tRNA		tRNA-Lys	2618-2689:1
NC_065299.1	CDS	ATP8	ATP synthase F0 subunit 8	2689-2857:1
NC_065299.1	CDS	ATP6	ATP synthase F0 subunit 6	2847-3537:1
NC_065299.1	CDS	COX3	cytochrome c oxidase subunit III	3540-4323:1
NC_065299.1	tRNA		tRNA-Ser	4322-4392:-1
NC_065299.1	CDS	ND3	NADH dehydrogenase subunit 3	4408-4759:1
NC_065299.1	CDS	ND4	NADH dehydrogenase subunit 4	4770-6148:1
NC_065299.1	tRNA		tRNA-His	6149-6217:1
NC_065299.1	tRNA		tRNA-Ser	6218-6286:1
NC_065299.1	CDS	ND5	NADH dehydrogenase subunit 5	6286-8209:1
NC_065299.1	CDS	ND6	NADH dehydrogenase subunit 6	8209-8698:-1
NC_065299.1	CDS	CYTB	cytochrome b	8719-9862:1
NC_065299.1	tRNA		tRNA-Phe	9861-9934:1
NC_065299.1	rRNA		12S ribosomal RNA	9934-10826:1
NC_065299.1	tRNA		tRNA-Glu	10826-10899:1
NC_065299.1	tRNA		tRNA-Thr	10899-10971:1
NC_065299.1	tRNA		tRNA-Pro	11252-11321:1
NC_065299.1	tRNA		tRNA-Gln	11324-11396:-1
NC_065299.1	tRNA		tRNA-Asn	11396-11470:1
NC_065299.1	tRNA		tRNA-Leu	11469-11541:1
NC_065299.1	tRNA		tRNA-Ala	11540-11613:-1
NC_065299.1	tRNA		tRNA-Trp	11611-11682:1
NC_065299.1	tRNA		tRNA-Cys	11681-11748:1
NC_065299.1	tRNA		tRNA-Val	11747-11817:-1
NC_065299.1	tRNA		tRNA-Met	11843-11918:1
NC_065299.1	tRNA		tRNA-Asp	11923-11993:-1
NC_065299.1	tRNA		tRNA-Tyr	12001-12072:1
NC_065299.1	tRNA		tRNA-Gly	12077-12145:1
NC_065299.1	tRNA		tRNA-Leu	12144-12219:1
NC_065299.1	CDS	ND1	NADH dehydrogenase subunit 1	12218-13190:1
NC_065299.1	tRNA		tRNA-Ile	13193-13265:1
NC_065299.1	CDS	ND2	NADH dehydrogenase subunit 2	13265-14324:1
NC_065299.1	rRNA		16S ribosomal RNA	14324-15870:1
NC_063668.1	CDS	COX1	cytochrome c oxidase subunit I	0-1554:1
NC_063668.1	tRNA		tRNA-Arg	1552-1621:1
NC_063668.1	CDS	ND4L	NADH dehydrogenase subunit 4L	1626-1923:1
NC_063668.1	CDS	COX2	cytochrome c oxidase subunit II	1923-2611:1
NC_063668.1	tRNA		tRNA-Lys	2610-2685:1
NC_063668.1	CDS	ATP8	ATP synthase F0 subunit 8	2687-2849:1
NC_063668.1	CDS	ATP6	ATP synthase F0 subunit 6	2839-3526:1
NC_063668.1	CDS	COX3	cytochrome c oxidase subunit III	3535-4318:1
NC_063668.1	tRNA		tRNA-Ser	4316-4387:-1
NC_063668.1	CDS	ND3	NADH dehydrogenase subunit 3	4406-4757:1
NC_063668.1	CDS	ND4	NADH dehydrogenase subunit 4	4770-6150:1
NC_063668.1	tRNA		tRNA-His	6156-6228:1
NC_063668.1	tRNA		tRNA-Ser	6233-6301:1
NC_063668.1	CDS	ND5	NADH dehydrogenase subunit 5	6301-8188:1
NC_063668.1	CDS	ND6	NADH dehydrogenase subunit 6	8223-8712:-1
NC_063668.1	CDS	CYTB	cytochrome b	8726-9864:1
NC_063668.1	tRNA		tRNA-Phe	9863-9936:1
NC_063668.1	rRNA		12S ribosomal RNA	9933-10834:1
NC_063668.1	tRNA		tRNA-Glu	10833-10904:1
NC_063668.1	tRNA		tRNA-Thr	10904-10975:1
NC_063668.1	rRNA		16S ribosomal RNA	11301-12929:-1
NC_063668.1	CDS	ND2	NADH dehydrogenase subunit 2	12960-14022:-1
NC_063668.1	tRNA		tRNA-Ile	14021-14095:-1
NC_063668.1	CDS	ND1	NADH dehydrogenase subunit 1	14095-15076:-1
NC_063668.1	tRNA		tRNA-Leu	15075-15149:-1
NC_063668.1	tRNA		tRNA-Gly	15156-15225:-1
NC_063668.1	tRNA		tRNA-Tyr	15225-15297:-1
NC_063668.1	tRNA		tRNA-Asp	15299-15368:1
NC_063668.1	tRNA		tRNA-Met	15371-15445:-1
NC_063668.1	tRNA		tRNA-Val	15455-15526:1
NC_063668.1	tRNA		tRNA-Cys	15524-15594:-1
NC_063668.1	tRNA		tRNA-Trp	15593-15662:-1
NC_063668.1	tRNA		tRNA-Ala	15678-15748:1
NC_063668.1	tRNA		tRNA-Leu	15747-15819:-1
NC_063668.1	tRNA		tRNA-Asn	15820-15892:-1
NC_063668.1	tRNA		tRNA-Gln	15896-15968:1
NC_063668.1	tRNA		tRNA-Pro	15969-16039:-1
NC_072668.1	CDS	COX1	cytochrome c oxidase subunit I	0-1605:1
NC_072668.1	tRNA		tRNA-Arg	1603-1668:1
NC_072668.1	CDS	ND4L	NADH dehydrogenase subunit 4L	1670-1964:1
NC_072668.1	CDS	COX2	cytochrome c oxidase subunit II	1966-2662:1
NC_072668.1	tRNA		tRNA-Lys	2664-2737:1
NC_072668.1	CDS	ATP8	ATP synthase F0 subunit 8	2741-2906:1
NC_072668.1	CDS	ATP6	ATP synthase F0 subunit 6	2893-3577:1
NC_072668.1	CDS	COX3	cytochrome c oxidase subunit III	3586-4384:1
NC_072668.1	tRNA		tRNA-Ser	4385-4457:-1
NC_072668.1	CDS	ND3	NADH dehydrogenase subunit 3	4461-4815:1
NC_072668.1	CDS	ND4	NADH dehydrogenase subunit 4	4829-6188:1
NC_072668.1	tRNA		tRNA-His	6192-6264:1
NC_072668.1	tRNA		tRNA-Ser	6265-6333:1
NC_072668.1	CDS	ND5	NADH dehydrogenase subunit 5	6334-8119:1
NC_072668.1	CDS	ND6	NADH dehydrogenase subunit 6	8234-8714:-1
NC_072668.1	tRNA		tRNA-Met	9465-9538:-1
NC_072668.1	tRNA		tRNA-Ala	9542-9612:-1
NC_072668.1	tRNA		tRNA-Glu	9618-9686:-1
NC_072668.1	tRNA		tRNA-Gly	9688-9761:-1
NC_072668.1	rRNA		16S ribosomal RNA	9761-11156:-1
NC_072668.1	tRNA		tRNA-Leu	11211-11283:-1
NC_072668.1	tRNA		tRNA-Pro	11290-11357:-1
NC_072668.1	rRNA		12S ribosomal RNA	11361-12260:-1
NC_072668.1	tRNA		tRNA-Phe	12264-12340:-1
NC_072668.1	tRNA		tRNA-Thr	12371-12438:-1
NC_072668.1	CDS	CYTB	cytochrome b	12443-13583:-1
NC_072668.1	tRNA		tRNA-Asp	13583-13652:-1
NC_072668.1	CDS	ND2	NADH dehydrogenase subunit 2	13661-14708:-1
NC_072668.1	tRNA		tRNA-Ile	14708-14780:-1
NC_072668.1	CDS	ND1	NADH dehydrogenase subunit 1	14786-15770:-1
NC_072668.1	tRNA		tRNA-Leu	15771-15844:-1
NC_072668.1	tRNA		tRNA-Asn	15849-15921:-1
NC_072668.1	tRNA		tRNA-Gln	15919-15990:1
NC_072668.1	tRNA		tRNA-Cys	15991-16062:1
NC_072668.1	tRNA		tRNA-Val	16075-16145:-1
NC_072668.1	tRNA		tRNA-Tyr	16147-16218:-1
NC_072668.1	tRNA		tRNA-Trp	16233-16300:1
NC_066490.1	CDS	cob	cytochrome b	0-1149:1
NC_066490.1	tRNA	trnP(tgg)	tRNA-Pro	1156-1225:1
NC_066490.1	tRNA	trnQ(ttg)	tRNA-Gln	1235-1307:-1
NC_066490.1	tRNA	trnN(gtt)	tRNA-Asn	1312-1385:1
NC_066490.1	tRNA	trnL(tag)	tRNA-Leu	1387-1459:1
NC_066490.1	tRNA	trnA(tgc)	tRNA-Ala	1462-1533:-1
NC_066490.1	tRNA	trnW(tca)	tRNA-Trp	1538-1606:1
NC_066490.1	tRNA	trnC(gca)	tRNA-Cys	1606-1674:1
NC_066490.1	tRNA	trnV(tac)	tRNA-Val	1673-1743:-1
NC_066490.1	tRNA	trnM(cat)	tRNA-Met	1745-1817:1
NC_066490.1	tRNA	trnD(gtc)	tRNA-Asp	1819-1890:-1
NC_066490.1	tRNA	trnT(tgt)	tRNA-Thr	2232-2302:-1
NC_066490.1	tRNA	trnE(ttc)	tRNA-Glu	2301-2370:-1
NC_066490.1	rRNA	rrn12	12S ribosomal RNA	2366-3214:-1
NC_066490.1	tRNA	trnF(gaa)	tRNA-Phe	3213-3284:-1
NC_066490.1	tRNA	trnL(taa)	tRNA-Leu	3284-3356:-1
NC_066490.1	tRNA	trnG(tcc)	tRNA-Gly	3356-3425:-1
NC_066490.1	rRNA	rrn16	16S ribosomal RNA	3425-4935:-1
NC_066490.1	tRNA	trnY(gta)	tRNA-Tyr	4939-5010:-1
NC_066490.1	CDS	nad2	NADH dehydrogenase subunit 2	5008-6046:-1
NC_066490.1	tRNA	trnI(gat)	tRNA-Ile	6046-6116:-1
NC_066490.1	CDS	nad1	NADH dehydrogenase subunit 1	6116-7092:-1
NC_066490.1	CDS	cox1	cytochrome c oxidase subunit 1	7166-8720:1
NC_066490.1	tRNA	trnR(tcg)	tRNA-Arg	8718-8787:1
NC_066490.1	CDS	nad4l	NADH dehydrogenase subunit 4L	8787-9084:1
NC_066490.1	CDS	cox2	cytochrome c oxidase subunit 2	9085-9775:1
NC_066490.1	tRNA	trnK(ctt)	tRNA-Lys	9777-9845:1
NC_066490.1	CDS	atp8	ATP synthase F subunit 8	9845-10010:1
NC_066490.1	CDS	atp6	ATP synthase F subunit 6	10003-10693:1
NC_066490.1	CDS	cox3	Cytochrome c oxidase subunit 3	10692-11475:1
NC_066490.1	tRNA	trnS(tga)	tRNA-Ser	11484-11554:-1
NC_066490.1	CDS	nad3	NADH dehydrogenase subunit 3	11556-11910:1
NC_066490.1	CDS	nad4	NADH dehydrogenase subunit 4	11924-13307:1
NC_066490.1	tRNA	trnH(gtg)	tRNA-His	13308-13377:1
NC_066490.1	tRNA	trnS(gct)	tRNA-Ser	13396-13464:1
NC_066490.1	CDS	nad5	NADH dehydrogenase subunit 5	13465-15352:1
NC_066490.1	CDS	nad6	NADH dehydrogenase subunit 6	15348-15843:-1
NC_063669.1	CDS	COX1	cytochrome c oxidase subunit I	0-1554:1
NC_063669.1	tRNA		tRNA-Arg	1555-1624:1
NC_063669.1	CDS	ND4L	NADH dehydrogenase subunit 4L	1625-1922:1
NC_063669.1	CDS	COX2	cytochrome c oxidase subunit II	1922-2612:1
NC_063669.1	tRNA		tRNA-Lys	2613-2685:1
NC_063669.1	CDS	ATP8	ATP synthase F0 subunit 8	2687-2855:1
NC_063669.1	CDS	ATP6	ATP synthase F0 subunit 6	2845-3532:1
NC_063669.1	CDS	COX3	cytochrome c oxidase subunit III	3536-4319:1
NC_063669.1	tRNA		tRNA-Ser	4317-4388:-1
NC_063669.1	CDS	ND3	NADH dehydrogenase subunit 3	4412-4763:1
NC_063669.1	CDS	ND4	NADH dehydrogenase subunit 4	4771-6154:1
NC_063669.1	tRNA		tRNA-His	6307-6375:1
NC_063669.1	tRNA		tRNA-Ser	6374-6444:1
NC_063669.1	CDS	ND5	NADH dehydrogenase subunit 5	6443-8333:1
NC_063669.1	CDS	ND6	NADH dehydrogenase subunit 6	8376-8865:-1
NC_063669.1	CDS	CYTB	cytochrome b	8881-10019:1
NC_063669.1	tRNA		tRNA-Phe	10018-10094:1
NC_063669.1	rRNA		12S ribosomal RNA	10090-10982:1
NC_063669.1	tRNA		tRNA-Glu	10983-11052:1
NC_063669.1	tRNA		tRNA-Thr	11055-11128:1
NC_063669.1	rRNA		16S ribosomal RNA	11407-13038:-1
NC_063669.1	CDS	ND2	NADH dehydrogenase subunit 2	13051-14113:-1
NC_063669.1	tRNA		tRNA-Ile	14112-14171:-1
NC_063669.1	CDS	ND1	NADH dehydrogenase subunit 1	14189-15167:-1
NC_063669.1	tRNA		tRNA-Leu	15167-15241:-1
NC_063669.1	tRNA		tRNA-Gly	15267-15337:-1
NC_063669.1	tRNA		tRNA-Tyr	15342-15414:-1
NC_063669.1	tRNA		tRNA-Asp	15422-15492:1
NC_063669.1	tRNA		tRNA-Met	15499-15573:-1
NC_063669.1	tRNA		tRNA-Val	15576-15648:1
NC_063669.1	tRNA		tRNA-Cys	15647-15718:-1
NC_063669.1	tRNA		tRNA-Trp	15717-15788:-1
NC_063669.1	tRNA		tRNA-Ala	15798-15870:1
NC_063669.1	tRNA		tRNA-Leu	15869-15940:-1
NC_063669.1	tRNA		tRNA-Asn	15942-16014:-1
NC_063669.1	tRNA		tRNA-Gln	16017-16089:1
NC_063669.1	tRNA		tRNA-Pro	16088-16159:-1
NC_059759.1	CDS	COX1	cytochrome c oxidase subunit I	0-1554:-1
NC_059759.1	rRNA	rrnL	16S ribosomal RNA	1675-3125:-1
NC_059759.1	CDS	ND2	NADH dehydrogenase subunit 2	3125-4169:-1
NC_059759.1	tRNA	trnI-GAT	tRNA-Ile	4169-4237:-1
NC_059759.1	CDS	ND1	NADH dehydrogenase subunit 1	4240-5212:-1
NC_059759.1	tRNA	trnL-TAA	tRNA-Leu	5212-5283:-1
NC_059759.1	tRNA	trnM-CAT	tRNA-Met	5301-5371:-1
NC_059759.1	tRNA	trnG-TCC	tRNA-Gly	5383-5455:-1
NC_059759.1	tRNA	trnY-GTA	tRNA-Tyr	5527-5595:-1
NC_059759.1	tRNA	trnD-GTC	tRNA-Asp	5604-5673:1
NC_059759.1	tRNA	trnV-TAC	tRNA-Val	5686-5756:1
NC_059759.1	tRNA	trnC-GCA	tRNA-Cys	5756-5824:-1
NC_059759.1	tRNA	trnW-TCA	tRNA-Trp	5838-5907:-1
NC_059759.1	tRNA	trnA-TGC	tRNA-Ala	5913-5982:1
NC_059759.1	tRNA	trnL-TAG	tRNA-Leu	5998-6071:-1
NC_059759.1	tRNA	trnN-GTT	tRNA-Asn	6078-6150:-1
NC_059759.1	tRNA	trnQ-TTG	tRNA-Gln	6185-6256:1
NC_059759.1	tRNA	trnP-TGG	tRNA-Pro	6263-6329:-1
NC_059759.1	tRNA	trnT-TGT	tRNA-Thr	6589-6659:-1
NC_059759.1	tRNA	trnE-TTC	tRNA-Glu	6664-6733:-1
NC_059759.1	rRNA	rrnS	12S ribosomal RNA	6733-7570:-1
NC_059759.1	tRNA	trnF-GAA	tRNA-Phe	7570-7641:-1
NC_059759.1	CDS	CYTB	cytochrome b	7641-8782:-1
NC_059759.1	CDS	ND6	NADH dehydrogenase subunit 6	8790-9292:1
NC_059759.1	CDS	ND5	NADH dehydrogenase subunit 5	9292-11125:-1
NC_059759.1	tRNA	trnS-GCT	tRNA-Ser	11131-11199:-1
NC_059759.1	tRNA	trnH-GTG	tRNA-His	11206-11270:-1
NC_059759.1	CDS	ND4	NADH dehydrogenase subunit 4	11260-12640:-1
NC_059759.1	CDS	ND3	NADH dehydrogenase subunit 3	12644-12989:-1
NC_059759.1	tRNA	trnS-TGA	tRNA-Ser	13015-13086:1
NC_059759.1	CDS	COX3	cytochrome c oxidase subunit III	13084-13867:-1
NC_059759.1	CDS	ATP6	ATP synthase F0 subunit 6	13869-14559:-1
NC_059759.1	CDS	ATP8	ATP synthase F0 subunit 8	14546-14717:-1
NC_059759.1	tRNA	trnK-CTT	tRNA-Lys	14717-14782:-1
NC_059759.1	CDS	COX2	cytochrome c oxidase subunit II	14784-15474:-1
NC_059759.1	CDS	ND4L	NADH dehydrogenase subunit 4L	15474-15771:-1
NC_059759.1	tRNA	trnR-TCG	tRNA-Arg	15771-15839:-1
NC_065087.1	CDS	COX1	cytochrome c oxidase subunit I	0-1611:1
NC_065087.1	tRNA	trnR(tcg)	tRNA-Arg	1609-1676:1
NC_065087.1	CDS	ND4L	NADH dehydrogenase subunit 4L	1676-1970:1
NC_065087.1	CDS	COX2	cytochrome c oxidase subunit II	1972-2665:1
NC_065087.1	tRNA	trnK(ctt)	tRNA-Lys	2672-2744:1
NC_065087.1	CDS	ATP8	ATP synthase F0 subunit 8	2744-2915:1
NC_065087.1	CDS	ATP6	ATP synthase F0 subunit 6	2902-3592:1
NC_065087.1	CDS	COX3	cytochrome c oxidase subunit III	3594-4392:1
NC_065087.1	tRNA	trnS2(tga)	tRNA-Ser	4390-4462:-1
NC_065087.1	CDS	ND3	NADH dehydrogenase subunit 3	4466-4820:1
NC_065087.1	CDS	ND4	NADH dehydrogenase subunit 4	4827-6189:1
NC_065087.1	tRNA	trnH(gtg)	tRNA-His	6189-6261:1
NC_065087.1	tRNA	trnS1(gct)	tRNA-Ser	6268-6329:1
NC_065087.1	CDS	ND5	NADH dehydrogenase subunit 5	6329-8114:1
NC_065087.1	CDS	ND6	NADH dehydrogenase subunit 6	8283-8763:-1
NC_065087.1	tRNA	trnM(cat)	tRNA-Met	9473-9545:-1
NC_065087.1	tRNA	trnA(tgc)	tRNA-Ala	9547-9614:-1
NC_065087.1	tRNA	trnE(ttc)	tRNA-Glu	9634-9700:-1
NC_065087.1	tRNA	trnG(tcc)	tRNA-Gly	9697-9767:-1
NC_065087.1	rRNA		16S ribosomal RNA	9769-11146:-1
NC_065087.1	tRNA	trnL1(tag)	tRNA-Leu	11169-11240:-1
NC_065087.1	tRNA	trnP(tgg)	tRNA-Pro	11244-11311:-1
NC_065087.1	rRNA		12S ribosomal RNA	11311-12203:-1
NC_065087.1	tRNA	trnF(gaa)	tRNA-Phe	12209-12279:-1
NC_065087.1	tRNA	trnT(tgt)	tRNA-Thr	12328-12395:-1
NC_065087.1	CDS	CYTB	cytochrome b	12395-13536:-1
NC_065087.1	tRNA	trnD(gtc)	tRNA-Asp	13537-13602:-1
NC_065087.1	CDS	ND2	NADH dehydrogenase subunit 2	13612-14659:-1
NC_065087.1	tRNA	trnI(gat)	tRNA-Ile	14696-14769:-1
NC_065087.1	CDS	ND1	NADH dehydrogenase subunit 1	14772-15780:-1
NC_065087.1	tRNA	trnL2(taa)	tRNA-Leu	15780-15853:-1
NC_065087.1	tRNA	trnN(gtt)	tRNA-Asn	15853-15925:-1
NC_065087.1	tRNA	trnQ(ttg)	tRNA-Gln	15923-15994:1
NC_065087.1	tRNA	trnC(gca)	tRNA-Cys	15993-16057:1
NC_065087.1	tRNA	trnV(tac)	tRNA-Val	16058-16128:-1
NC_065087.1	tRNA	trnY(gta)	tRNA-Tyr	16126-16197:-1
NC_065087.1	tRNA	trnW(tca)	tRNA-Trp	16206-16275:1
NC_061402.1	CDS	COX1	cytochrome c oxidase subunit I	0-1554:1
NC_061402.1	tRNA	trnR-cga	tRNA-Arg	1563-1630:1
NC_061402.1	CDS	ND4L	NADH dehydrogenase subunit 4L	1630-1927:1
NC_061402.1	CDS	COX2	cytochrome c oxidase subunit II	1928-2616:1
NC_061402.1	tRNA	trnK-aag	tRNA-Lys	2616-2682:1
NC_061402.1	CDS	ATP8	ATP synthase F0 subunit 8	2682-2850:1
NC_061402.1	CDS	ATP6	ATP synthase F0 subunit 6	2843-3527:1
NC_061402.1	CDS	COX3	cytochrome c oxidase subunit III	3529-4312:1
NC_061402.1	tRNA	trnS2-tca	tRNA-Ser	4311-4382:-1
NC_061402.1	CDS	ND3	NADH dehydrogenase subunit 3	4404-4749:1
NC_061402.1	CDS	ND4	NADH dehydrogenase subunit 4	4752-6109:1
NC_061402.1	tRNA	trnH-cac	tRNA-His	6110-6178:1
NC_061402.1	tRNA	trnS1-agc	tRNA-Ser	6179-6247:1
NC_061402.1	CDS	ND5	NADH dehydrogenase subunit 5	6247-8080:1
NC_061402.1	CDS	ND6	NADH dehydrogenase subunit 6	8096-8585:-1
NC_061402.1	CDS	CYTB	cytochrome b	8593-9736:1
NC_061402.1	tRNA	trnF-ttc	tRNA-Phe	9735-9806:1
NC_061402.1	rRNA	rrnS	12S ribosomal RNA	9807-10637:1
NC_061402.1	tRNA	trnE-gaa	tRNA-Glu	10639-10709:1
NC_061402.1	tRNA	trnT-aca	tRNA-Thr	10709-10779:1
NC_061402.1	tRNA	trnP-cca	tRNA-Pro	11069-11141:1
NC_061402.1	tRNA	trnQ-caa	tRNA-Gln	11137-11207:-1
NC_061402.1	tRNA	trnN-aac	tRNA-Asn	11208-11281:1
NC_061402.1	tRNA	trnL1-cta	tRNA-Leu	11281-11353:1
NC_061402.1	tRNA	trnA-gca	tRNA-Ala	11352-11420:-1
NC_061402.1	tRNA	trnW-tga	tRNA-Trp	11420-11488:1
NC_061402.1	tRNA	trnC-tgc	tRNA-Cys	11488-11553:1
NC_061402.1	tRNA	trnV-gta	tRNA-Val	11552-11622:-1
NC_061402.1	tRNA	trnM-atg	tRNA-Met	11652-11721:1
NC_061402.1	tRNA	trnD-gac	tRNA-Asp	11726-11796:-1
NC_061402.1	tRNA	trnY-tac	tRNA-Tyr	11796-11861:1
NC_061402.1	tRNA	trnG-gga	tRNA-Gly	11863-11936:1
NC_061402.1	tRNA	trnL2-tta	tRNA-Leu	11936-12007:1
NC_061402.1	CDS	ND1	NADH dehydrogenase subunit 1	12007-12979:1
NC_061402.1	tRNA	trnI-atc	tRNA-Ile	13002-13070:1
NC_061402.1	CDS	ND2	NADH dehydrogenase subunit 2	13070-14111:1
NC_061402.1	rRNA	rrnL	16S ribosomal RNA	14111-15652:1
NC_065302.1	CDS	COX1	cytochrome c oxidase subunit I	0-1554:1
NC_065302.1	tRNA		tRNA-Arg	1564-1632:1
NC_065302.1	CDS	ND4L	NADH dehydrogenase subunit 4L	1634-1928:1
NC_065302.1	CDS	COX2	cytochrome c oxidase subunit II	1928-2618:1
NC_065302.1	tRNA		tRNA-Lys	2619-2690:1
NC_065302.1	CDS	ATP8	ATP synthase F0 subunit 8	2690-2858:1
NC_065302.1	CDS	ATP6	ATP synthase F0 subunit 6	2848-3538:1
NC_065302.1	CDS	COX3	cytochrome c oxidase subunit III	3541-4324:1
NC_065302.1	tRNA		tRNA-Ser	4323-4393:-1
NC_065302.1	CDS	ND3	NADH dehydrogenase subunit 3	4409-4760:1
NC_065302.1	CDS	ND4	NADH dehydrogenase subunit 4	4771-6149:1
NC_065302.1	tRNA		tRNA-His	6150-6218:1
NC_065302.1	tRNA		tRNA-Ser	6221-6285:1
NC_065302.1	CDS	ND5	NADH dehydrogenase subunit 5	6287-8204:1
NC_065302.1	CDS	ND6	NADH dehydrogenase subunit 6	8204-8693:-1
NC_065302.1	CDS	CYTB	cytochrome b	8718-9861:1
NC_065302.1	tRNA		tRNA-Phe	9860-9932:1
NC_065302.1	rRNA		12S ribosomal RNA	9932-10833:1
NC_065302.1	tRNA		tRNA-Glu	10833-10903:1
NC_065302.1	tRNA		tRNA-Thr	10905-10981:1
NC_065302.1	tRNA		tRNA-Pro	11081-11149:1
NC_065302.1	tRNA		tRNA-Gln	11151-11223:-1
NC_065302.1	tRNA		tRNA-Asn	11229-11301:1
NC_065302.1	tRNA		tRNA-Leu	11301-11373:1
NC_065302.1	tRNA		tRNA-Ala	11371-11441:-1
NC_065302.1	tRNA		tRNA-Trp	11446-11515:1
NC_065302.1	tRNA		tRNA-Cys	11515-11583:1
NC_065302.1	tRNA		tRNA-Val	11582-11653:-1
NC_065302.1	tRNA		tRNA-Met	11659-11734:1
NC_065302.1	tRNA		tRNA-Asp	11740-11810:-1
NC_065302.1	tRNA		tRNA-Tyr	11821-11892:1
NC_065302.1	tRNA		tRNA-Gly	11896-11965:1
NC_065302.1	tRNA		tRNA-Leu	11964-12039:1
NC_065302.1	CDS	ND1	NADH dehydrogenase subunit 1	12039-13011:1
NC_065302.1	tRNA		tRNA-Ile	13011-13085:1
NC_065302.1	CDS	ND2	NADH dehydrogenase subunit 2	13084-14143:1
NC_065302.1	rRNA		16S ribosomal RNA	14143-15704:1
NC_065088.1	CDS	COX1	cytochrome c oxidase subunit I	0-1551:1
NC_065088.1	tRNA	trnR(tcg)	tRNA-Arg	1550-1616:1
NC_065088.1	tRNA	trnE(ttc)	tRNA-Glu	2842-2910:1
NC_065088.1	tRNA	trnP(tgg)	tRNA-Pro	3307-3374:1
NC_065088.1	tRNA	trnN(gtt)	tRNA-Asn	3393-3463:1
NC_065088.1	tRNA	trnL1(tag)	tRNA-Leu	3466-3537:1
NC_065088.1	tRNA	trnW(tca)	tRNA-Trp	3582-3651:1
NC_065088.1	tRNA	trnV(tac)	tRNA-Val	3712-3782:-1
NC_065088.1	CDS	ND4L	NADH dehydrogenase subunit 4L	3913-4210:1
NC_065088.1	CDS	COX2	cytochrome c oxidase subunit II	4210-4900:1
NC_065088.1	tRNA	trnK(ctt)	tRNA-Lys	4901-4965:1
NC_065088.1	CDS	ATP8	ATP synthase F0 subunit 8	4965-5133:1
NC_065088.1	CDS	ATP6	ATP synthase F0 subunit 6	5126-5810:1
NC_065088.1	CDS	COX3	cytochrome c oxidase subunit III	5811-6594:1
NC_065088.1	tRNA	trnS2(tga)	tRNA-Ser	6595-6666:-1
NC_065088.1	CDS	ND3	NADH dehydrogenase subunit 3	6684-7029:1
NC_065088.1	CDS	ND4	NADH dehydrogenase subunit 4	7032-8386:1
NC_065088.1	tRNA	trnH(gtg)	tRNA-His	8387-8453:1
NC_065088.1	tRNA	trnS1(gct)	tRNA-Ser	8454-8521:1
NC_065088.1	CDS	ND5	NADH dehydrogenase subunit 5	8521-10345:1
NC_065088.1	CDS	ND6	NADH dehydrogenase subunit 6	10358-10844:-1
NC_065088.1	CDS	CYTB	cytochrome b	10852-11993:1
NC_065088.1	tRNA	trnF(gaa)	tRNA-Phe	11993-12064:1
NC_065088.1	rRNA		12S ribosomal RNA	12062-12885:1
NC_065088.1	tRNA	trnT(tgt)	tRNA-Thr	12945-13011:1
NC_065088.1	tRNA	trnL1(tag)	tRNA-Leu	13246-13314:1
NC_065088.1	tRNA	trnQ(ttg)	tRNA-Gln	13310-13380:-1
NC_065088.1	tRNA	trnA(tgc)	tRNA-Ala	13477-13543:-1
NC_065088.1	tRNA	trnC(gca)	tRNA-Cys	13570-13638:1
NC_065088.1	tRNA	trnM(cat)	tRNA-Met	13695-13765:1
NC_065088.1	tRNA	trnD(gtc)	tRNA-Asp	13775-13843:-1
NC_065088.1	tRNA	trnY(gta)	tRNA-Tyr	13845-13914:1
NC_065088.1	tRNA	trnG(tcc)	tRNA-Gly	13913-13982:1
NC_065088.1	tRNA	trnL2(taa)	tRNA-Leu	13987-14058:1
NC_065088.1	CDS	ND1	NADH dehydrogenase subunit 1	14059-15031:1
NC_065088.1	tRNA	trnI(gat)	tRNA-Ile	15044-15112:1
NC_065088.1	CDS	ND2	NADH dehydrogenase subunit 2	15113-16157:1
NC_065088.1	rRNA		16S ribosomal RNA	16157-17500:1
NC_063787.1	CDS	ND2	NADH dehydrogenase subunit 2	0-1062:-1
NC_063787.1	tRNA		tRNA-Ile	1062-1134:-1
NC_063787.1	CDS	ND1	NADH dehydrogenase subunit 1	1135-2113:-1
NC_063787.1	tRNA		tRNA-Leu	2113-2187:-1
NC_063787.1	tRNA		tRNA-Gly	2221-2290:-1
NC_063787.1	tRNA		tRNA-Tyr	2294-2364:-1
NC_063787.1	tRNA		tRNA-Asp	2370-2445:1
NC_063787.1	tRNA		tRNA-Met	2448-2521:-1
NC_063787.1	tRNA		tRNA-Val	2524-2596:1
NC_063787.1	tRNA		tRNA-Cys	2595-2665:-1
NC_063787.1	tRNA		tRNA-Trp	2666-2735:-1
NC_063787.1	tRNA		tRNA-Ala	2743-2815:1
NC_063787.1	tRNA		tRNA-Leu	2817-2891:-1
NC_063787.1	tRNA		tRNA-Asn	2891-2963:-1
NC_063787.1	tRNA		tRNA-Gln	2965-3037:1
NC_063787.1	tRNA		tRNA-Pro	3038-3109:-1
NC_063787.1	CDS	COX1	cytochrome c oxidase subunit I	3138-4692:1
NC_063787.1	tRNA		tRNA-Arg	4690-4759:1
NC_063787.1	CDS	ND4L	NADH dehydrogenase subunit 4L	4759-5056:1
NC_063787.1	CDS	COX2	cytochrome c oxidase subunit II	5056-5746:1
NC_063787.1	tRNA		tRNA-Lys	5747-5821:1
NC_063787.1	CDS	ATP8	ATP synthase F0 subunit 8	5824-5992:1
NC_063787.1	CDS	ATP6	ATP synthase F0 subunit 6	5976-6669:1
NC_063787.1	CDS	COX3	cytochrome c oxidase subunit III	6672-7455:1
NC_063787.1	tRNA		tRNA-Ser	7453-7524:-1
NC_063787.1	CDS	ND3	NADH dehydrogenase subunit 3	7549-7900:1
NC_063787.1	CDS	ND4	NADH dehydrogenase subunit 4	7911-9294:1
NC_063787.1	tRNA		tRNA-His	9448-9517:1
NC_063787.1	tRNA		tRNA-Ser	9517-9587:1
NC_063787.1	CDS	ND5	NADH dehydrogenase subunit 5	9586-11506:1
NC_063787.1	CDS	ND6	NADH dehydrogenase subunit 6	11533-12022:-1
NC_063787.1	CDS	CYTB	cytochrome b	12037-13175:1
NC_063787.1	tRNA		tRNA-Phe	13175-13247:1
NC_063787.1	rRNA		small subunit ribosomal RNA	13246-14138:1
NC_063787.1	tRNA		tRNA-Glu	14139-14206:1
NC_063787.1	tRNA		tRNA-Thr	14208-14278:1
NC_063787.1	rRNA		large subunit ribosomal RNA	14560-16163:-1
NC_061414.1	tRNA	trnP(tgg)	tRNA-Pro	29-98:1
NC_061414.1	tRNA	trnQ(ttg)	tRNA-Gln	107-177:-1
NC_061414.1	tRNA	trnN(gtt)	tRNA-Asn	186-257:1
NC_061414.1	tRNA	trnL1(tag)	tRNA-Leu	258-329:1
NC_061414.1	tRNA	trnA(tgc)	tRNA-Ala	329-398:-1
NC_061414.1	tRNA	trnW(tca)	tRNA-Trp	404-472:1
NC_061414.1	tRNA	trnC(gca)	tRNA-Cys	473-539:1
NC_061414.1	tRNA	trnV(tac)	tRNA-Val	540-609:-1
NC_061414.1	tRNA	trnM(cat)	tRNA-Met	635-708:1
NC_061414.1	tRNA	trnD(gtc)	tRNA-Asp	711-780:-1
NC_061414.1	tRNA	trnY(gta)	tRNA-Tyr	783-853:1
NC_061414.1	tRNA	trnG(tcc)	tRNA-Gly	853-920:1
NC_061414.1	tRNA	trnL2(taa)	tRNA-Leu	922-994:1
NC_061414.1	CDS	ND1	NADH dehydrogenase subunit 1	998-1970:1
NC_061414.1	tRNA	trnI(gat)	tRNA-Ile	1974-2046:1
NC_061414.1	CDS	ND2	NADH dehydrogenase subunit 2	2046-3105:1
NC_061414.1	rRNA		16S ribosomal RNA	3111-4675:1
NC_061414.1	CDS	COX1	cytochrome c oxidase subunit I	4654-6208:1
NC_061414.1	tRNA	trnR(tcg)	tRNA-Arg	6214-6282:1
NC_061414.1	CDS	ND4L	NADH dehydrogenase subunit 4L	6283-6577:1
NC_061414.1	CDS	COX2	cytochrome c oxidase subunit II	6578-7268:1
NC_061414.1	tRNA	trnK(ctt)	tRNA-Lys	7272-7341:1
NC_061414.1	CDS	ATP8	ATP synthase F0 subunit 8	7341-7506:1
NC_061414.1	CDS	ATP6	ATP synthase F0 subunit 6	7496-8186:1
NC_061414.1	CDS	COX3	cytochrome c oxidase subunit III	8189-8972:1
NC_061414.1	tRNA	trnS2(tga)	tRNA-Ser	8972-9041:-1
NC_061414.1	CDS	ND3	NADH dehydrogenase subunit 3	9057-9408:1
NC_061414.1	CDS	ND4	NADH dehydrogenase subunit 4	9440-10829:1
NC_061414.1	tRNA	trnH(gtg)	tRNA-His	10820-10888:1
NC_061414.1	tRNA	trnS1(gct)	tRNA-Ser	10890-10957:1
NC_061414.1	CDS	ND5	NADH dehydrogenase subunit 5	10957-12868:1
NC_061414.1	CDS	ND6	NADH dehydrogenase subunit 6	12851-13358:-1
NC_061414.1	CDS	CYTB	cytochrome b	13374-14517:1
NC_061414.1	tRNA	trnF(gaa)	tRNA-Phe	14517-14590:1
NC_061414.1	rRNA		12S ribosomal RNA	14590-15480:1
NC_061414.1	tRNA	trnE(ttc)	tRNA-Glu	15481-15549:1
NC_061414.1	tRNA	trnT(tgt)	tRNA-Thr	15563-15633:1
NC_071876.1	CDS	ND4	NADH dehydrogenase subunit 4	0-1383:1
NC_071876.1	tRNA		tRNA-His	1559-1629:1
NC_071876.1	tRNA		tRNA-Ser	1630-1698:1
NC_071876.1	CDS	ND5	NADH dehydrogenase subunit 5	1698-3609:1
NC_071876.1	CDS	ND6	NADH dehydrogenase subunit 6	3615-4107:-1
NC_071876.1	CDS	CYTB	cytochrome b	4122-5260:1
NC_071876.1	tRNA		tRNA-Phe	5260-5331:1
NC_071876.1	rRNA	rrn12	12S ribosomal RNA	5330-6255:1
NC_071876.1	tRNA		tRNA-Glu	6255-6323:1
NC_071876.1	tRNA		tRNA-Thr	6324-6396:1
NC_071876.1	rRNA	rrn16	16S ribosomal RNA	6884-8495:1
NC_071876.1	CDS	ND2	NADH dehydrogenase subunit 2	8546-9614:-1
NC_071876.1	tRNA		tRNA-Ile	9614-9686:1
NC_071876.1	CDS	ND1	NADH dehydrogenase subunit 1	9686-10664:-1
NC_071876.1	tRNA		tRNA-Leu	10664-10737:1
NC_071876.1	tRNA		tRNA-Gly	10760-10831:1
NC_071876.1	tRNA		tRNA-Tyr	10833-10903:1
NC_071876.1	tRNA		tRNA-Asp	10905-10974:1
NC_071876.1	tRNA		tRNA-Met	10974-11046:1
NC_071876.1	tRNA		tRNA-Val	11044-11115:1
NC_071876.1	tRNA		tRNA-Cys	11115-11183:1
NC_071876.1	tRNA		tRNA-Trp	11183-11252:1
NC_071876.1	tRNA		tRNA-Ala	11262-11334:1
NC_071876.1	tRNA		tRNA-Leu	11335-11408:1
NC_071876.1	tRNA		tRNA-Asn	11408-11480:1
NC_071876.1	tRNA		tRNA-Gln	11481-11552:1
NC_071876.1	tRNA		tRNA-Pro	11552-11623:1
NC_071876.1	CDS	COX1	cytochrome c oxidase subunit I	11653-13207:1
NC_071876.1	tRNA		tRNA-Arg	13208-13277:1
NC_071876.1	CDS	ND4L	NADH dehydrogenase subunit 4L	13277-13574:1
NC_071876.1	CDS	COX2	cytochrome c oxidase subunit II	13574-14262:1
NC_071876.1	tRNA		tRNA-Lys	14262-14337:1
NC_071876.1	CDS	ATP8	ATP synthase F0 subunit 8	14338-14506:1
NC_071876.1	CDS	ATP6	ATP synthase F0 subunit 6	14490-15183:1
NC_071876.1	CDS	COX3	cytochrome c oxidase subunit III	15197-15980:1
NC_071876.1	tRNA		tRNA-Ser	15978-16049:1
NC_071876.1	CDS	ND3	NADH dehydrogenase subunit 3	16070-16421:1
NC_069919.1	tRNA	trnY(gta)	tRNA-Tyr	0-71:-1
NC_069919.1	CDS	ND2	NADH dehydrogenase subunit 2	70-1108:-1
NC_069919.1	tRNA	trnI(gat)	tRNA-Ile	1108-1179:-1
NC_069919.1	CDS	ND1	NADH dehydrogenase subunit 1	1177-2149:-1
NC_069919.1	CDS	COX1	cytochrome c oxidase subunit I	2225-3779:1
NC_069919.1	tRNA	trnR(tcg)	tRNA-Arg	3780-3850:1
NC_069919.1	CDS	ND4L	NADH dehydrogenase subunit 4L	3850-4147:1
NC_069919.1	CDS	COX2	cytochrome c oxidase subunit II	4150-4837:1
NC_069919.1	tRNA	trnK(ctt)	tRNA-Lys	4843-4915:1
NC_069919.1	CDS	ATP8	ATP synthase F0 subunit 8	4915-5083:1
NC_069919.1	CDS	ATP6	ATP synthase F0 subunit 6	5076-5766:1
NC_069919.1	CDS	COX3	cytochrome c oxidase subunit III	5771-6554:1
NC_069919.1	tRNA	trnS2(tga)	tRNA-Ser	6555-6627:-1
NC_069919.1	CDS	ND3	NADH dehydrogenase subunit 3	6629-6983:1
NC_069919.1	CDS	ND4	NADH dehydrogenase subunit 4	6990-8373:1
NC_069919.1	tRNA	trnH(gtg)	tRNA-His	8374-8443:1
NC_069919.1	tRNA	trnS1(gct)	tRNA-Ser	8461-8529:1
NC_069919.1	CDS	ND5	NADH dehydrogenase subunit 5	8529-10410:1
NC_069919.1	CDS	ND6	NADH dehydrogenase subunit 6	10411-10906:-1
NC_069919.1	CDS	CYTB	cytochrome b	10980-12126:1
NC_069919.1	tRNA	trnP(tgg)	tRNA-Pro	12129-12198:1
NC_069919.1	tRNA	trnQ(ttg)	tRNA-Gln	12202-12273:-1
NC_069919.1	tRNA	trnN(gtt)	tRNA-Asn	12287-12360:1
NC_069919.1	tRNA	trnL1(tag)	tRNA-Leu	12362-12433:1
NC_069919.1	tRNA	trnA(tgc)	tRNA-Ala	12434-12502:-1
NC_069919.1	tRNA	trnW(tca)	tRNA-Trp	12504-12572:1
NC_069919.1	tRNA	trnC(gca)	tRNA-Cys	12572-12640:1
NC_069919.1	tRNA	trnV(tac)	tRNA-Val	12639-12709:-1
NC_069919.1	tRNA	trnM(cat)	tRNA-Met	12716-12787:1
NC_069919.1	tRNA	trnD(gtc)	tRNA-Asp	12791-12862:-1
NC_069919.1	tRNA	trnT(tgt)	tRNA-Thr	13115-13186:-1
NC_069919.1	tRNA	trnE(ttc)	tRNA-Glu	13185-13253:-1
NC_069919.1	rRNA		12S ribosomal RNA	13248-14098:-1
NC_069919.1	tRNA	trnF(gaa)	tRNA-Phe	14097-14170:-1
NC_069919.1	tRNA	trnL2(taa)	tRNA-Leu	14170-14242:-1
NC_069919.1	tRNA	trnG(tcc)	tRNA-Gly	14242-14310:-1
NC_069919.1	rRNA		16S ribosomal RNA	14310-15824:-1
NC_069630.1	CDS	COX1	cytochrome c oxidase subunit I	32-1583:1
NC_069630.1	CDS	COX2	cytochrome c oxidase subunit II	1614-2301:1
NC_069630.1	tRNA	trnK(ctt)	tRNA-Lys	2323-2393:1
NC_069630.1	CDS	ATP8	ATP synthase F0 subunit 8	2393-2561:1
NC_069630.1	CDS	ATP6	ATP synthase F0 subunit 6	2554-3244:1
NC_069630.1	CDS	COX3	cytochrome c oxidase subunit III	3249-4032:1
NC_069630.1	tRNA	trnS2(tga)	tRNA-Ser	4032-4102:-1
NC_069630.1	CDS	ND3	NADH dehydrogenase subunit 3	4105-4459:1
NC_069630.1	CDS	ND4	NADH dehydrogenase subunit 4	4473-5856:1
NC_069630.1	tRNA	trnH(gtg)	tRNA-His	5865-5934:1
NC_069630.1	tRNA	trnR(tcg)	tRNA-Arg	6153-6222:1
NC_069630.1	CDS	ND4L	NADH dehydrogenase subunit 4L	6222-6519:1
NC_069630.1	tRNA	trnS1_1(gct)	tRNA-Ser	6557-6625:1
NC_069630.1	CDS	ND5	NADH dehydrogenase subunit 5	6625-8509:1
NC_069630.1	CDS	ND6	NADH dehydrogenase subunit 6	8511-9006:-1
NC_069630.1	CDS	CYTB	cytochrome b	9080-10221:1
NC_069630.1	tRNA	trnP(tgg)	tRNA-Pro	10230-10300:1
NC_069630.1	tRNA	trnQ(ttg)	tRNA-Gln	10309-10380:-1
NC_069630.1	tRNA	trnN(gtt)	tRNA-Asn	10388-10462:1
NC_069630.1	tRNA	trnL1(tag)	tRNA-Leu	10467-10540:1
NC_069630.1	tRNA	trnA(tgc)	tRNA-Ala	10540-10608:-1
NC_069630.1	tRNA	trnW(tca)	tRNA-Trp	10615-10682:1
NC_069630.1	tRNA	trnC(gca)	tRNA-Cys	10682-10752:1
NC_069630.1	tRNA	trnV(tac)	tRNA-Val	10751-10821:-1
NC_069630.1	tRNA	trnM(cat)	tRNA-Met	10825-10897:1
NC_069630.1	tRNA	trnD(gtc)	tRNA-Asp	10911-10982:-1
NC_069630.1	tRNA	trnT(tgt)	tRNA-Thr	11215-11283:-1
NC_069630.1	tRNA	trnE(ttc)	tRNA-Glu	11282-11350:-1
NC_069630.1	rRNA		12S ribosomal RNA	11345-12206:-1
NC_069630.1	tRNA	trnF(gaa)	tRNA-Phe	12205-12278:-1
NC_069630.1	tRNA	trnL2(taa)	tRNA-Leu	12279-12351:-1
NC_069630.1	tRNA	trnG(tcc)	tRNA-Gly	12353-12424:-1
NC_069630.1	rRNA		16S ribosomal RNA	12413-13950:-1
NC_069630.1	tRNA	trnY(gta)	tRNA-Tyr	13953-14024:-1
NC_069630.1	CDS	ND2	NADH dehydrogenase subunit 2	14023-15064:-1
NC_069630.1	tRNA	trnI(gat)	tRNA-Ile	15064-15135:-1
NC_069630.1	CDS	ND1	NADH dehydrogenase subunit 1	15135-16111:-1
NC_069158.1	CDS	CYTB	cytochrome b	14597-15739:1,0-1:1
NC_069158.1	tRNA		tRNA-Phe	0-73:1
NC_069158.1	rRNA		12S ribosomal RNA	73-965:1
NC_069158.1	tRNA		tRNA-Glu	965-1034:1
NC_069158.1	tRNA		tRNA-Thr	1037-1110:1
NC_069158.1	tRNA		tRNA-Pro	1247-1316:1
NC_069158.1	tRNA		tRNA-Gln	1317-1389:-1
NC_069158.1	tRNA		tRNA-Asn	1396-1468:1
NC_069158.1	tRNA		tRNA-Leu	1468-1539:1
NC_069158.1	tRNA		tRNA-Ala	1539-1610:-1
NC_069158.1	tRNA		tRNA-Trp	1611-1680:1
NC_069158.1	tRNA		tRNA-Cys	1680-1748:1
NC_069158.1	tRNA		tRNA-Val	1747-1817:-1
NC_069158.1	tRNA		tRNA-Met	1845-1918:1
NC_069158.1	tRNA		tRNA-Asp	1919-1989:-1
NC_069158.1	tRNA		tRNA-Tyr	1994-2065:1
NC_069158.1	tRNA		tRNA-Gly	2078-2146:1
NC_069158.1	tRNA		tRNA-Leu	2146-2219:1
NC_069158.1	CDS	ND1	NADH dehydrogenase subunit 1	2221-3193:1
NC_069158.1	tRNA		tRNA-Ile	3195-3266:1
NC_069158.1	CDS	ND2	NADH dehydrogenase subunit 2	3266-4325:1
NC_069158.1	rRNA		16S ribosomal RNA	4325-5864:1
NC_069158.1	CDS	COX1	cytochrome c oxidase subunit I	5864-7418:1
NC_069158.1	tRNA		tRNA-Arg	7424-7493:1
NC_069158.1	CDS	ND4L	NADH dehydrogenase subunit 4L	7493-7787:1
NC_069158.1	CDS	COX2	cytochrome c oxidase subunit II	7786-8476:1
NC_069158.1	tRNA		tRNA-Lys	8480-8551:1
NC_069158.1	CDS	ATP8	ATP synthase F0 subunit 8	8551-8716:1
NC_069158.1	CDS	ATP6	ATP synthase F0 subunit 6	8706-9399:1
NC_069158.1	CDS	COX3	cytochrome c oxidase subunit III	9402-10185:1
NC_069158.1	tRNA		tRNA-Ser	10194-10264:-1
NC_069158.1	CDS	ND3	NADH dehydrogenase subunit 3	10281-10632:1
NC_069158.1	CDS	ND4	NADH dehydrogenase subunit 4	10646-12035:1
NC_069158.1	tRNA		tRNA-His	12025-12095:1
NC_069158.1	tRNA		tRNA-Ser	12096-12164:1
NC_069158.1	CDS	ND5	NADH dehydrogenase subunit 5	12164-14084:1
NC_069158.1	CDS	ND6	NADH dehydrogenase subunit 6	14084-14573:-1
NC_068797.1	CDS	ND3	NADH dehydrogenase subunit 3	0-354:1
NC_068797.1	CDS	ND4	NADH dehydrogenase subunit 4	370-1753:1
NC_068797.1	tRNA	trnH(gtg)	tRNA-His	1755-1826:1
NC_068797.1	tRNA	trnS1(gct)	tRNA-Ser	1828-1896:1
NC_068797.1	CDS	ND5	NADH dehydrogenase subunit 5	1896-3780:1
NC_068797.1	CDS	ND6	NADH dehydrogenase subunit 6	3781-4276:-1
NC_068797.1	CDS	CYTB	cytochrome b	4367-5509:1
NC_068797.1	tRNA	trnP(tgg)	tRNA-Pro	5509-5577:1
NC_068797.1	tRNA	trnQ(ttg)	tRNA-Gln	5582-5653:-1
NC_068797.1	tRNA	trnN(gtt)	tRNA-Asn	5658-5731:1
NC_068797.1	tRNA	trnL1(tag)	tRNA-Leu	5733-5805:1
NC_068797.1	tRNA	trnA(tgc)	tRNA-Ala	5804-5875:-1
NC_068797.1	tRNA	trnW(tca)	tRNA-Trp	5878-5946:1
NC_068797.1	tRNA	trnC(gca)	tRNA-Cys	5946-6013:1
NC_068797.1	tRNA	trnV(tac)	tRNA-Val	6012-6082:-1
NC_068797.1	tRNA	trnM(cat)	tRNA-Met	6087-6159:1
NC_068797.1	tRNA	trnD(gtc)	tRNA-Asp	6168-6237:-1
NC_068797.1	tRNA	trnT(tgt)	tRNA-Thr	6389-6461:-1
NC_068797.1	tRNA	trnE(ttc)	tRNA-Glu	6467-6536:-1
NC_068797.1	rRNA		12S ribosomal RNA	6538-7410:-1
NC_068797.1	tRNA	trnF(gaa)	tRNA-Phe	7409-7482:-1
NC_068797.1	tRNA	trnL2(taa)	tRNA-Leu	7483-7555:-1
NC_068797.1	tRNA	trnG(tcc)	tRNA-Gly	7555-7623:-1
NC_068797.1	rRNA		16S ribosomal RNA	7622-9139:-1
NC_068797.1	tRNA	trnY(gta)	tRNA-Tyr	9179-9251:-1
NC_068797.1	CDS	ND2	NADH dehydrogenase subunit 2	9249-10296:-1
NC_068797.1	tRNA	trnI(gat)	tRNA-Ile	10297-10369:-1
NC_068797.1	CDS	ND1	NADH dehydrogenase subunit 1	10369-11327:-1
NC_068797.1	CDS	COX1	cytochrome c oxidase subunit I	11423-12977:1
NC_068797.1	tRNA	trnR(tcg)	tRNA-Arg	12983-13050:1
NC_068797.1	CDS	ND4L	NADH dehydrogenase subunit 4L	13050-13347:1
NC_068797.1	CDS	COX2	cytochrome c oxidase subunit II	13346-14033:1
NC_068797.1	tRNA	trnK(ctt)	tRNA-Lys	14038-14111:1
NC_068797.1	CDS	ATP8	ATP synthase F0 subunit 8	14111-14285:1
NC_068797.1	CDS	ATP6	ATP synthase F0 subunit 6	14278-14968:1
NC_068797.1	CDS	COX3	cytochrome c oxidase subunit III	14972-15755:1
NC_068797.1	tRNA	trnS2(tga)	tRNA-Ser	15754-15823:-1
NC_068735.1	CDS	COX1	cytochrome c oxidase subunit I	0-1587:1
NC_068735.1	tRNA	trnR_tcg	tRNA-Arg	1594-1657:1
NC_068735.1	CDS	ND4L	NADH dehydrogenase subunit 4L	1657-1957:1
NC_068735.1	CDS	COX2	cytochrome c oxidase subunit II	1961-2652:1
NC_068735.1	tRNA	trnK_ctt	tRNA-Lys	2652-2724:1
NC_068735.1	CDS	ATP8	ATP synthase F0 subunit 8	2727-2889:1
NC_068735.1	CDS	ATP6	ATP synthase F0 subunit 6	2873-3563:1
NC_068735.1	CDS	COX3	cytochrome c oxidase subunit III	3572-4361:1
NC_068735.1	tRNA	trnS2_tga	tRNA-Ser	4359-4431:-1
NC_068735.1	CDS	ND3	NADH dehydrogenase subunit 3	4437-4788:1
NC_068735.1	CDS	ND4	NADH dehydrogenase subunit 4	4789-6157:1
NC_068735.1	tRNA	trnH_gtg	tRNA-His	6165-6231:1
NC_068735.1	tRNA	trnE_ttc	tRNA-Glu	6240-6306:1
NC_068735.1	tRNA	trnF_gaa	tRNA-Phe	6308-6377:1
NC_068735.1	tRNA	trnL1_tag	tRNA-Leu	6382-6454:1
NC_068735.1	tRNA	trnS1_gct	tRNA-Ser	6460-6529:1
NC_068735.1	CDS	ND5	NADH dehydrogenase subunit 5	6527-8291:1
NC_068735.1	CDS	ND6	NADH dehydrogenase subunit 6	8311-8797:-1
NC_068735.1	tRNA	trnG_tcc	tRNA-Gly	9451-9517:-1
NC_068735.1	tRNA	trnL2_taa	tRNA-Leu	9523-9598:-1
NC_068735.1	rRNA	rrnS	12 ribosomal RNA	9632-10535:-1
NC_068735.1	tRNA	trnM_cat	tRNA-Met	10652-10724:-1
NC_068735.1	tRNA	trnM2_cat	tRNA-Met	11059-11131:-1
NC_068735.1	tRNA	trnA_tgc	tRNA-Ala	11159-11222:-1
NC_068735.1	tRNA	trnW_tca	tRNA-Trp	11228-11294:-1
NC_068735.1	rRNA	rrnL	16S ribosomal RNA	11286-12681:-1
NC_068735.1	tRNA	trnT_tgt	tRNA-Thr	12761-12827:-1
NC_068735.1	tRNA	trnP_tgg	tRNA-Pro	12844-12910:-1
NC_068735.1	tRNA	trnY_gta	tRNA-Tyr	12915-12984:1
NC_068735.1	tRNA	trnV_tac	tRNA-Val	12982-13054:1
NC_068735.1	tRNA	trnC_gca	tRNA-Cys	13050-13119:-1
NC_068735.1	tRNA	trnQ_ttg	tRNA-Gln	13120-13192:-1
NC_068735.1	tRNA	trnN_gtt	tRNA-Asn	13190-13262:1
NC_068735.1	CDS	ND1	NADH dehydrogenase subunit 1	13266-14256:1
NC_068735.1	tRNA	trnI_gat	tRNA-Ile	14256-14328:1
NC_068735.1	CDS	ND2	NADH dehydrogenase subunit 2	14331-15396:1
NC_068735.1	tRNA	trnD_gtc	tRNA-Asp	15401-15473:1
NC_068735.1	CDS	CYTB	cytochrome b	15472-16639:1
NC_068254.1	CDS	ND4	NADH dehydrogenase subunit 4	0-1389:1
NC_068254.1	tRNA	trnH(gtg)	tRNA-His	1398-1467:1
NC_068254.1	tRNA	trnS1(gct)	tRNA-Ser	1481-1549:1
NC_068254.1	CDS	ND5	NADH dehydrogenase subunit 5	1549-3442:1
NC_068254.1	CDS	ND6	NADH dehydrogenase subunit 6	3444-3939:-1
NC_068254.1	CDS	CYTB	cytochrome b	4016-5156:1
NC_068254.1	tRNA	trnP(tgg)	tRNA-Pro	5158-5229:1
NC_068254.1	tRNA	trnQ(ttg)	tRNA-Gln	5241-5312:-1
NC_068254.1	tRNA	trnN(gtt)	tRNA-Asn	5318-5391:1
NC_068254.1	tRNA	trnL1(tag)	tRNA-Leu	5395-5470:1
NC_068254.1	tRNA	trnA(tgc)	tRNA-Ala	5475-5547:-1
NC_068254.1	tRNA	trnW(tca)	tRNA-Trp	5547-5616:1
NC_068254.1	tRNA	trnC(gca)	tRNA-Cys	5619-5687:1
NC_068254.1	tRNA	trnV(tac)	tRNA-Val	5686-5756:-1
NC_068254.1	tRNA	trnM(cat)	tRNA-Met	5755-5828:1
NC_068254.1	tRNA	trnD(gtc)	tRNA-Asp	5832-5906:-1
NC_068254.1	tRNA	trnT(tgt)	tRNA-Thr	6046-6114:-1
NC_068254.1	tRNA	trnE(ttc)	tRNA-Glu	6117-6185:-1
NC_068254.1	rRNA	rrn12	12S ribosomal RNA	6182-7058:-1
NC_068254.1	tRNA	trnF(gaa)	tRNA-Phe	7057-7130:-1
NC_068254.1	tRNA	trnL2(taa)	tRNA-Leu	7136-7208:-1
NC_068254.1	tRNA	trnG(tcc)	tRNA-Gly	7211-7278:-1
NC_068254.1	rRNA	rrn16	16S ribosomal RNA	7290-8809:-1
NC_068254.1	tRNA	trnY(gta)	tRNA-Tyr	8819-8889:-1
NC_068254.1	CDS	ND2	NADH dehydrogenase subunit 2	8890-9937:-1
NC_068254.1	tRNA	trnI(gat)	tRNA-Ile	9938-10011:-1
NC_068254.1	CDS	ND1	NADH dehydrogenase subunit 1	10026-10989:-1
NC_068254.1	CDS	COX1	cytochrome c oxidase subunit I	11064-12618:1
NC_068254.1	tRNA	trnR(tcg)	tRNA-Arg	12617-12686:1
NC_068254.1	CDS	ND4L	NADH dehydrogenase subunit 4L	12687-12984:1
NC_068254.1	CDS	COX2	cytochrome c oxidase subunit II	12986-13676:1
NC_068254.1	tRNA	trnK(ctt)	tRNA-Lys	13679-13753:1
NC_068254.1	CDS	ATP8	ATP synthase F0 subunit 8	13753-13921:1
NC_068254.1	CDS	ATP6	ATP synthase F0 subunit 6	13914-14601:1
NC_068254.1	CDS	COX3	cytochrome c oxidase subunit III	14609-15392:1
NC_068254.1	tRNA	trnS2(tga)	tRNA-Ser	15392-15461:-1
NC_068254.1	CDS	ND3	NADH dehydrogenase subunit 3	15464-15818:1
NC_068252.1	tRNA	trnY(gta)	tRNA-Tyr	10-81:-1
NC_068252.1	CDS	ND2	NADH dehydrogenase subunit 2	85-1129:-1
NC_068252.1	tRNA	trnI(gat)	tRNA-Ile	1130-1203:-1
NC_068252.1	CDS	ND1	NADH dehydrogenase subunit 1	1216-2182:-1
NC_068252.1	CDS	COX1	cytochrome c oxidase subunit I	2257-3811:1
NC_068252.1	tRNA	trnR(tcg)	tRNA-Arg	3810-3879:1
NC_068252.1	CDS	ND4L	NADH dehydrogenase subunit 4L	3879-4176:1
NC_068252.1	CDS	COX2	cytochrome c oxidase subunit II	4181-4871:1
NC_068252.1	tRNA	trnK(ctt)	tRNA-Lys	4877-4949:1
NC_068252.1	CDS	ATP8	ATP synthase F0 subunit 8	4949-5114:1
NC_068252.1	CDS	ATP6	ATP synthase F0 subunit 6	5107-5794:1
NC_068252.1	CDS	COX3	cytochrome c oxidase subunit III	5802-6585:1
NC_068252.1	tRNA	trnS2(tga)	tRNA-Ser	6585-6654:-1
NC_068252.1	CDS	ND3	NADH dehydrogenase subunit 3	6657-7011:1
NC_068252.1	CDS	ND4	NADH dehydrogenase subunit 4	7026-8412:1
NC_068252.1	tRNA	trnH(gtg)	tRNA-His	8421-8490:1
NC_068252.1	tRNA	trnS1(gct)	tRNA-Ser	8502-8570:1
NC_068252.1	CDS	ND5	NADH dehydrogenase subunit 5	8570-10460:1
NC_068252.1	CDS	ND6	NADH dehydrogenase subunit 6	10461-10956:-1
NC_068252.1	CDS	CYTB	cytochrome b	11031-12171:1
NC_068252.1	tRNA	trnP(tgg)	tRNA-Pro	12172-12243:1
NC_068252.1	tRNA	trnQ(ttg)	tRNA-Gln	12259-12330:-1
NC_068252.1	tRNA	trnN(gtt)	tRNA-Asn	12343-12416:1
NC_068252.1	tRNA	trnL1(tag)	tRNA-Leu	12423-12498:1
NC_068252.1	tRNA	trnA(tgc)	tRNA-Ala	12505-12577:-1
NC_068252.1	tRNA	trnW(tca)	tRNA-Trp	12578-12647:1
NC_068252.1	tRNA	trnC(gca)	tRNA-Cys	12651-12718:1
NC_068252.1	tRNA	trnV(tac)	tRNA-Val	12717-12787:-1
NC_068252.1	tRNA	trnM(cat)	tRNA-Met	12787-12859:1
NC_068252.1	tRNA	trnD(gtc)	tRNA-Asp	12863-12936:-1
NC_068252.1	tRNA	trnT(tgt)	tRNA-Thr	13075-13144:-1
NC_068252.1	tRNA	trnE(ttc)	tRNA-Glu	13147-13215:-1
NC_068252.1	rRNA	rrn12	12S ribosomal RNA	13212-14080:-1
NC_068252.1	tRNA	trnF(gaa)	tRNA-Phe	14079-14152:-1
NC_068252.1	tRNA	trnL2(taa)	tRNA-Leu	14158-14230:-1
NC_068252.1	tRNA	trnG(tcc)	tRNA-Gly	14231-14299:-1
NC_068252.1	rRNA	rrn16	16S ribosomal RNA	14288-15824:-1
NC_067855.1	tRNA		tRNA-Phe	0-73:1
NC_067855.1	rRNA		12S ribosomal RNA	73-967:1
NC_067855.1	tRNA		tRNA-Glu	967-1036:1
NC_067855.1	tRNA		tRNA-Thr	1038-1110:1
NC_067855.1	tRNA		tRNA-Pro	1243-1315:1
NC_067855.1	tRNA		tRNA-Gln	1316-1388:-1
NC_067855.1	tRNA		tRNA-Asn	1400-1472:1
NC_067855.1	tRNA		tRNA-Leu	1473-1545:1
NC_067855.1	tRNA		tRNA-Ala	1544-1613:-1
NC_067855.1	tRNA		tRNA-Trp	1613-1682:1
NC_067855.1	tRNA		tRNA-Cys	1682-1749:1
NC_067855.1	tRNA		tRNA-Val	1748-1818:-1
NC_067855.1	tRNA		tRNA-Met	1850-1923:1
NC_067855.1	tRNA		tRNA-Asp	1924-1993:-1
NC_067855.1	tRNA		tRNA-Tyr	1995-2064:1
NC_067855.1	tRNA		tRNA-Gly	2071-2139:1
NC_067855.1	tRNA		tRNA-Leu	2139-2212:1
NC_067855.1	CDS	ND1	NADH dehydrogenase subunit 1	2213-3185:1
NC_067855.1	tRNA		tRNA-Ile	3184-3256:1
NC_067855.1	CDS	ND2	NADH dehydrogenase subunit 2	3257-4316:1
NC_067855.1	rRNA		16S ribosomal RNA	4315-5849:1
NC_067855.1	CDS	COX1	cytochrome c oxidase subunit I	5849-7403:1
NC_067855.1	tRNA		tRNA-Arg	7410-7479:1
NC_067855.1	CDS	ND4L	NADH dehydrogenase subunit 4L	7480-7774:1
NC_067855.1	CDS	COX2	cytochrome c oxidase subunit II	7773-8463:1
NC_067855.1	tRNA		tRNA-Lys	8463-8533:1
NC_067855.1	CDS	ATP8	ATP synthase F0 subunit 8	8533-8704:1
NC_067855.1	CDS	ATP6	ATP synthase F0 subunit 6	8694-9384:1
NC_067855.1	CDS	COX3	cytochrome c oxidase subunit III	9387-10170:1
NC_067855.1	tRNA		tRNA-Ser	10169-10239:-1
NC_067855.1	CDS	ND3	NADH dehydrogenase subunit 3	10254-10605:1
NC_067855.1	CDS	ND4	NADH dehydrogenase subunit 4	10616-11994:1
NC_067855.1	tRNA		tRNA-His	11995-12063:1
NC_067855.1	tRNA		tRNA-Ser	12064-12132:1
NC_067855.1	CDS	ND5	NADH dehydrogenase subunit 5	12132-14049:1
NC_067855.1	CDS	ND6	NADH dehydrogenase subunit 6	14058-14547:-1
NC_067855.1	CDS	CYTB	cytochrome b	14565-15708:1
NC_062943.1	CDS	COX1	cytochrome c oxidase subunit I	0-1554:1
NC_062943.1	tRNA	trnR(tcg)	tRNA-Arg	1559-1627:1
NC_062943.1	CDS	ND4L	NADH dehydrogenase subunit 4L	1627-1924:1
NC_062943.1	CDS	COX2	cytochrome c oxidase subunit II	1924-2614:1
NC_062943.1	tRNA	trnK(ctt)	tRNA-Lys	2634-2699:1
NC_062943.1	CDS	ATP8	ATP synthase F0 subunit 8	2699-2876:1
NC_062943.1	CDS	ATP6	ATP synthase F0 subunit 6	2869-3553:1
NC_062943.1	CDS	COX3	cytochrome c oxidase subunit III	3555-4338:1
NC_062943.1	tRNA	trnS2(tga)	tRNA-Ser	4336-4407:-1
NC_062943.1	CDS	ND3	NADH dehydrogenase subunit 3	4439-4784:1
NC_062943.1	CDS	ND4	NADH dehydrogenase subunit 4	4792-6149:1
NC_062943.1	tRNA	trnH(gtg)	tRNA-His	6150-6218:1
NC_062943.1	tRNA	trnS1(gct)	tRNA-Ser	6229-6288:1
NC_062943.1	CDS	ND5	NADH dehydrogenase subunit 5	6288-8133:1
NC_062943.1	CDS	ND6	NADH dehydrogenase subunit 6	8145-8634:-1
NC_062943.1	CDS	CYTB	cytochrome b	8642-9785:1
NC_062943.1	tRNA	trnF(gaa)	tRNA-Phe	9785-9856:1
NC_062943.1	rRNA		12S ribosomal RNA	9856-10678:1
NC_062943.1	tRNA	trnE(ttc)	tRNA-Glu	10678-10747:1
NC_062943.1	tRNA	trnT(tgt)	tRNA-Thr	10750-10820:1
NC_062943.1	tRNA	trnP(tgg)	tRNA-Pro	11493-11560:1
NC_062943.1	tRNA	trnQ(ttg)	tRNA-Gln	11556-11626:-1
NC_062943.1	tRNA	trnN(gtt)	tRNA-Asn	11645-11714:1
NC_062943.1	tRNA	trnL1(tag)	tRNA-Leu	11722-11794:1
NC_062943.1	tRNA	trnA(tgc)	tRNA-Ala	11808-11876:-1
NC_062943.1	tRNA	trnW(tca)	tRNA-Trp	11877-11947:1
NC_062943.1	tRNA	trnC(gca)	tRNA-Cys	11952-12018:1
NC_062943.1	tRNA	trnV(tac)	tRNA-Val	12019-12091:-1
NC_062943.1	tRNA	trnD(gtc)	tRNA-Asp	12102-12170:-1
NC_062943.1	tRNA	trnY(gta)	tRNA-Tyr	12179-12247:1
NC_062943.1	tRNA	trnG(tcc)	tRNA-Gly	12296-12365:1
NC_062943.1	tRNA	trnM(cat)	tRNA-Met	12367-12436:1
NC_062943.1	tRNA	trnL2(taa)	tRNA-Leu	12449-12521:1
NC_062943.1	CDS	ND1	NADH dehydrogenase subunit 1	12521-13493:1
NC_062943.1	tRNA	trnI(gat)	tRNA-Ile	13500-13568:1
NC_062943.1	CDS	ND2	NADH dehydrogenase subunit 2	13568-14615:1
NC_062943.1	rRNA		16S ribosomal RNA	14596-16042:1
NC_061054.1	CDS	ND4	NADH dehydrogenase subunit 4	14766-15872:1,0-275:1
NC_061054.1	tRNA		tRNA-His	276-345:1
NC_061054.1	tRNA		tRNA-Ser	363-431:1
NC_061054.1	CDS	ND5	NADH dehydrogenase subunit 5	431-2312:1
NC_061054.1	CDS	ND6	NADH dehydrogenase subunit 6	2312-2807:-1
NC_061054.1	CDS	CYTB	cytochrome b	2881-4024:1
NC_061054.1	tRNA		tRNA-Pro	4024-4093:1
NC_061054.1	tRNA		tRNA-Gln	4101-4173:-1
NC_061054.1	tRNA		tRNA-Asn	4176-4249:1
NC_061054.1	tRNA		tRNA-Leu	4251-4322:1
NC_061054.1	tRNA		tRNA-Ala	4324-4395:-1
NC_061054.1	tRNA		tRNA-Trp	4398-4467:1
NC_061054.1	tRNA		tRNA-Cys	4467-4534:1
NC_061054.1	tRNA		tRNA-Val	4536-4606:-1
NC_061054.1	tRNA		tRNA-Met	4612-4684:1
NC_061054.1	tRNA		tRNA-Asp	4698-4768:-1
NC_061054.1	tRNA		tRNA-Thr	5032-5103:-1
NC_061054.1	tRNA		tRNA-Glu	5104-5172:-1
NC_061054.1	rRNA		12S ribosomal RNA	5168-6015:-1
NC_061054.1	tRNA		tRNA-Phe	6014-6087:-1
NC_061054.1	tRNA		tRNA-Leu	6087-6159:-1
NC_061054.1	tRNA		tRNA-Gly	6159-6229:-1
NC_061054.1	rRNA		16S ribosomal RNA	6218-7742:-1
NC_061054.1	tRNA		tRNA-Tyr	7759-7830:-1
NC_061054.1	CDS	ND2	NADH dehydrogenase subunit 2	7829-8870:-1
NC_061054.1	tRNA		tRNA-Ile	8870-8941:-1
NC_061054.1	CDS	ND1	NADH dehydrogenase subunit 1	8941-9914:-1
NC_061054.1	CDS	COX1	cytochrome c oxidase subunit I	9991-11548:1
NC_061054.1	tRNA		tRNA-Arg	11548-11617:1
NC_061054.1	CDS	ND4L	NADH dehydrogenase subunit 4L	11617-11914:1
NC_061054.1	CDS	COX2	cytochrome c oxidase subunit II	11916-12606:1
NC_061054.1	tRNA		tRNA-Lys	12608-12678:1
NC_061054.1	CDS	ATP8	ATP synthase F0 subunit 8	12678-12852:1
NC_061054.1	CDS	ATP6	ATP synthase F0 subunit 6	12845-13535:1
NC_061054.1	CDS	COX3	cytochrome c oxidase subunit III	13545-14328:1
NC_061054.1	tRNA		tRNA-Ser	14326-14397:-1
NC_061054.1	CDS	ND3	NADH dehydrogenase subunit 3	14400-14754:1
NC_060843.1	tRNA		tRNA-Phe	247-320:-1
NC_060843.1	tRNA		tRNA-Leu	320-392:-1
NC_060843.1	tRNA		tRNA-Gly	405-475:-1
NC_060843.1	rRNA		16S ribosomal RNA	477-2007:-1
NC_060843.1	tRNA		tRNA-Tyr	2037-2108:-1
NC_060843.1	CDS	ND2	NADH dehydrogenase subunit 2	2110-3151:-1
NC_060843.1	tRNA		tRNA-Ile	3152-3226:-1
NC_060843.1	CDS	ND1	NADH dehydrogenase subunit 1	3233-4199:-1
NC_060843.1	CDS	COX1	cytochrome c oxidase subunit I	4274-5831:1
NC_060843.1	tRNA		tRNA-Arg	5831-5901:1
NC_060843.1	CDS	ND4L	NADH dehydrogenase subunit 4L	5900-6191:1
NC_060843.1	CDS	COX2	cytochrome c oxidase subunit II	6193-6889:1
NC_060843.1	tRNA		tRNA-Lys	6903-6976:1
NC_060843.1	CDS	ATP8	ATP synthase F0 subunit 8	6976-7150:1
NC_060843.1	CDS	ATP6	ATP synthase F0 subunit 6	7143-7833:1
NC_060843.1	CDS	COX3	cytochrome c oxidase subunit III	7850-8633:1
NC_060843.1	tRNA		tRNA-Ser	8634-8705:-1
NC_060843.1	CDS	ND3	NADH dehydrogenase subunit 3	8708-9062:1
NC_060843.1	CDS	ND4	NADH dehydrogenase subunit 4	9080-10460:1
NC_060843.1	tRNA		tRNA-His	10467-10542:1
NC_060843.1	tRNA		tRNA-Ser	10549-10617:1
NC_060843.1	CDS	ND5	NADH dehydrogenase subunit 5	10620-12507:1
NC_060843.1	CDS	ND6	NADH dehydrogenase subunit 6	12509-13001:-1
NC_060843.1	CDS	CYTB	cytochrome b	13074-14217:1
NC_060843.1	tRNA		tRNA-Pro	14218-14289:1
NC_060843.1	tRNA		tRNA-Gln	14303-14377:-1
NC_060843.1	tRNA		tRNA-Asn	14382-14455:1
NC_060843.1	tRNA		tRNA-Leu	14463-14535:1
NC_060843.1	tRNA		tRNA-Ala	14535-14606:-1
NC_060843.1	tRNA		tRNA-Trp	14605-14674:1
NC_060843.1	tRNA		tRNA-Cys	14674-14741:1
NC_060843.1	tRNA		tRNA-Val	14743-14810:-1
NC_060843.1	tRNA		tRNA-Met	14813-14885:1
NC_060843.1	tRNA		tRNA-Asp	14887-14958:-1
NC_060843.1	tRNA		tRNA-Thr	15149-15200:-1
NC_060843.1	tRNA		tRNA-Glu	15219-15288:-1
NC_060843.1	rRNA		12S ribosomal RNA	15279-15917:-1
NC_059908.1	CDS	COX1	cytochrome c oxidase subunit I	0-1557:1
NC_059908.1	tRNA		tRNA-Arg	1562-1631:1
NC_059908.1	CDS	ND4L	NADH dehydrogenase subunit 4L	1631-1928:1
NC_059908.1	CDS	COX2	cytochrome c oxidase subunit II	1936-2626:1
NC_059908.1	tRNA		tRNA-Lys	2639-2711:1
NC_059908.1	CDS	ATP8	ATP synthase F0 subunit 8	2711-2885:1
NC_059908.1	CDS	ATP6	ATP synthase F0 subunit 6	2878-3568:1
NC_059908.1	CDS	COX3	cytochrome c oxidase subunit III	3584-4367:1
NC_059908.1	tRNA		tRNA-Ser	4365-4436:-1
NC_059908.1	CDS	ND3	NADH dehydrogenase subunit 3	4439-4793:1
NC_059908.1	CDS	ND4	NADH dehydrogenase subunit 4	4809-6189:1
NC_059908.1	tRNA		tRNA-His	6194-6266:1
NC_059908.1	tRNA		tRNA-Ser	6271-6339:1
NC_059908.1	CDS	ND5	NADH dehydrogenase subunit 5	6339-8226:1
NC_059908.1	CDS	ND6	NADH dehydrogenase subunit 6	8228-8720:-1
NC_059908.1	CDS	CYTB	cytochrome b	8793-9937:1
NC_059908.1	tRNA		tRNA-Pro	9937-10006:1
NC_059908.1	tRNA		tRNA-Gln	10017-10090:-1
NC_059908.1	tRNA		tRNA-Asn	10095-10168:1
NC_059908.1	tRNA		tRNA-Leu	10173-10245:1
NC_059908.1	tRNA		tRNA-Ala	10247-10316:-1
NC_059908.1	tRNA		tRNA-Trp	10319-10387:1
NC_059908.1	tRNA		tRNA-Cys	10387-10454:1
NC_059908.1	tRNA		tRNA-Val	10453-10523:-1
NC_059908.1	tRNA		tRNA-Met	10525-10597:1
NC_059908.1	tRNA		tRNA-Asp	10597-10665:-1
NC_059908.1	tRNA		tRNA-Thr	10848-10919:-1
NC_059908.1	tRNA		tRNA-Glu	10919-10987:-1
NC_059908.1	rRNA		12S ribosomal RNA	10987-11863:-1
NC_059908.1	tRNA		tRNA-Phe	11863-11936:-1
NC_059908.1	tRNA		tRNA-Leu	11936-12008:-1
NC_059908.1	tRNA		tRNA-Gly	12018-12087:-1
NC_059908.1	rRNA		16S ribosomal RNA	12087-13638:-1
NC_059908.1	tRNA		tRNA-Tyr	13638-13709:-1
NC_059908.1	CDS	ND2	NADH dehydrogenase subunit 2	13709-14750:-1
NC_059908.1	tRNA		tRNA-Ile	14751-14824:-1
NC_059908.1	CDS	ND1	NADH dehydrogenase subunit 1	14823-15798:-1
NC_058589.1	CDS	ND4L	NADH dehydrogenase subunit 4L	33-330:1
NC_058589.1	CDS	COX2	cytochrome c oxidase subunit II	330-1020:1
NC_058589.1	tRNA	trnK(cuu)	tRNA-Lys	1032-1096:1
NC_058589.1	CDS	ATP8	ATP synthase F0 subunit 8	1096-1270:1
NC_058589.1	CDS	ATP6	ATP synthase F0 subunit 6	1263-1947:1
NC_058589.1	CDS	COX3	cytochrome c oxidase subunit III	1948-2731:1
NC_058589.1	tRNA	trnS(uga)	tRNA-Ser	2729-2800:-1
NC_058589.1	CDS	ND3	NADH dehydrogenase subunit 3	2819-3164:1
NC_058589.1	CDS	ND4	NADH dehydrogenase subunit 4	3169-4523:1
NC_058589.1	tRNA	trnH(gug)	tRNA-His	4524-4590:1
NC_058589.1	tRNA	trnS(ucu)	tRNA-Ser	4591-4659:1
NC_058589.1	CDS	ND5	NADH dehydrogenase subunit 5	4659-6486:1
NC_058589.1	CDS	ND6	NADH dehydrogenase subunit 6	6499-6985:-1
NC_058589.1	CDS	CYTB	cytochrome b	6993-8143:1
NC_058589.1	tRNA	trnF(gaa)	tRNA-Phe	8143-8214:1
NC_058589.1	rRNA		12S ribosomal RNA	8212-9046:1
NC_058589.1	tRNA	trnE(uuc)	tRNA-Glu	9043-9112:1
NC_058589.1	tRNA	trnT(ugu)	tRNA-Thr	9115-9182:1
NC_058589.1	tRNA	trnP(ugg)	tRNA-Pro	9517-9584:1
NC_058589.1	tRNA	trnQ(uug)	tRNA-Gln	9580-9650:-1
NC_058589.1	tRNA	trnN(guu)	tRNA-Asn	9657-9728:1
NC_058589.1	tRNA	trnL(uag)	tRNA-Leu	9731-9802:1
NC_058589.1	tRNA	trnA(ugc)	tRNA-Ala	9801-9867:-1
NC_058589.1	tRNA	trnW(uca)	tRNA-Trp	9873-9942:1
NC_058589.1	tRNA	trnC(gca)	tRNA-Cys	9942-10011:1
NC_058589.1	tRNA	trnV(uac)	tRNA-Val	10010-10080:-1
NC_058589.1	tRNA	trnM(cau)	tRNA-Met	10110-10179:1
NC_058589.1	tRNA	trnD(guc)	tRNA-Asp	10188-10259:1
NC_058589.1	tRNA	trnY(gua)	tRNA-Tyr	10257-10326:1
NC_058589.1	tRNA	trnG(ucc)	tRNA-Gly	10325-10395:1
NC_058589.1	tRNA	trnL(uaa)	tRNA-Leu	10402-10473:1
NC_058589.1	CDS	ND1	NADH dehydrogenase subunit 1	10474-11446:1
NC_058589.1	tRNA	trnI(gau)	tRNA-Ile	11454-11522:1
NC_058589.1	CDS	ND2	NADH dehydrogenase subunit 2	11523-12526:1
NC_058589.1	rRNA		16S ribosomal RNA	12530-13908:1
NC_058589.1	CDS	COX1	cytochrome c oxidase subunit I	13933-15484:1
NC_058589.1	tRNA	trnR(ucg)	tRNA-Arg	15485-15553:1
NC_058250.1	CDS	COX1	cytochrome c oxidase subunit I	2-1565:1
NC_058250.1	CDS	ND6	NADH dehydrogenase subunit 6	1569-2052:1
NC_058250.1	tRNA		tRNA-Cys	2134-2196:1
NC_058250.1	CDS	ND4L	NADH dehydrogenase subunit 4L	2200-2494:1
NC_058250.1	CDS	COX2	cytochrome c oxidase subunit II	2550-3252:1
NC_058250.1	tRNA		tRNA-Ala	3440-3504:1
NC_058250.1	CDS	ND5	NADH dehydrogenase subunit 5	4226-5897:1
NC_058250.1	tRNA		tRNA-Tyr	5906-5970:1
NC_058250.1	tRNA		tRNA-Lys	6059-6123:1
NC_058250.1	CDS	ATP8	ATP synthase F0 subunit 8	6123-6297:1
NC_058250.1	CDS	ATP6	ATP synthase F0 subunit 6	6297-6999:1
NC_058250.1	tRNA		tRNA-Leu	7084-7155:1
NC_058250.1	tRNA		tRNA-Val	7198-7270:1
NC_058250.1	tRNA		tRNA-Trp	7282-7349:1
NC_058250.1	CDS	CYTB	cytochrome b	7481-8633:-1
NC_058250.1	tRNA		tRNA-Asn	8711-8778:-1
NC_058250.1	tRNA		tRNA-Thr	8796-8862:-1
NC_058250.1	tRNA		tRNA-Pro	8882-8950:-1
NC_058250.1	tRNA		tRNA-His	8985-9051:1
NC_058250.1	CDS	ND2	NADH dehydrogenase subunit 2	9114-10167:1
NC_058250.1	tRNA		tRNA-Asp	10263-10330:-1
NC_058250.1	tRNA		tRNA-Glu	10362-10431:-1
NC_058250.1	rRNA		12S ribosomal RNA	10425-11224:-1
NC_058250.1	tRNA		tRNA-Phe	11222-11295:-1
NC_058250.1	tRNA		tRNA-Ser	11307-11374:-1
NC_058250.1	CDS	ND4	NADH dehydrogenase subunit 4	11380-12730:1
NC_058250.1	tRNA		tRNA-Ser	12775-12842:1
NC_058250.1	tRNA		tRNA-Leu	12858-12929:1
NC_058250.1	CDS	ND1	NADH dehydrogenase subunit 1	12936-13884:1
NC_058250.1	tRNA		tRNA-Gln	13998-14067:1
NC_058250.1	rRNA		16S ribosomal RNA	14071-15476:1
NC_058250.1	tRNA		tRNA-Ile	15476-15544:1
NC_058250.1	tRNA		tRNA-Met	15568-15636:1
NC_058250.1	CDS	COX3	cytochrome c oxidase subunit III	15839-16628:1
NC_058250.1	CDS	ND3	NADH dehydrogenase subunit 3	16628-16967:1
NC_058250.1	tRNA		tRNA-Gly	16976-17040:1
NC_058250.1	tRNA		tRNA-Arg	17070-17141:1
NC_057437.1	tRNA	trnP(tgg)	tRNA-Pro	0-66:1
NC_057437.1	tRNA	trnQ(ttg)	tRNA-Gln	62-132:-1
NC_057437.1	tRNA	trnN(gtt)	tRNA-Asn	138-207:1
NC_057437.1	tRNA	trnL1(tag)	tRNA-Leu	209-282:1
NC_057437.1	tRNA	trnA(tgc)	tRNA-Ala	281-348:-1
NC_057437.1	tRNA	trnW(tca)	tRNA-Trp	349-419:1
NC_057437.1	tRNA	trnC(gca)	tRNA-Cys	419-484:1
NC_057437.1	tRNA	trnV(tac)	tRNA-Val	485-555:-1
NC_057437.1	tRNA	trnD(gtc)	tRNA-Asp	559-624:-1
NC_057437.1	tRNA	trnM(cat)	tRNA-Met	681-750:1
NC_057437.1	tRNA	trnY(gta)	tRNA-Tyr	757-826:1
NC_057437.1	tRNA	trnG(tcc)	tRNA-Gly	825-896:1
NC_057437.1	tRNA	trnL1(taa)	tRNA-Leu	896-967:1
NC_057437.1	CDS	ND1	NADH dehydrogenase subunit 1	967-1939:1
NC_057437.1	tRNA	trnI(gat)	tRNA-Ile	1944-2012:1
NC_057437.1	CDS	ND2	NADH dehydrogenase subunit 2	2014-3055:1
NC_057437.1	rRNA		16S ribosomal RNA	3055-4403:1
NC_057437.1	CDS	COX1	cytochrome c oxidase subunit I	4533-6087:1
NC_057437.1	tRNA	trnR(tcg)	tRNA-Arg	6088-6153:1
NC_057437.1	CDS	ND4L	NADH dehydrogenase subunit 4L	6153-6450:1
NC_057437.1	CDS	COX2	cytochrome c oxidase subunit II	6450-7140:1
NC_057437.1	tRNA	trnK(ctt)	tRNA-Lys	7142-7206:1
NC_057437.1	CDS	ATP8	ATP synthase F0 subunit 8	7206-7371:1
NC_057437.1	CDS	ATP6	ATP synthase F0 subunit 6	7364-8048:1
NC_057437.1	CDS	COX3	cytochrome c oxidase subunit III	8050-8833:1
NC_057437.1	tRNA	trnS1(tga)	tRNA-Ser	8832-8903:-1
NC_057437.1	CDS	ND3	NADH dehydrogenase subunit 3	8942-9287:1
NC_057437.1	CDS	ND4	NADH dehydrogenase subunit 4	9290-10641:1
NC_057437.1	tRNA	trnH(gtg)	tRNA-His	10642-10710:1
NC_057437.1	tRNA	trnS2(gct)	tRNA-Ser	10711-10778:1
NC_057437.1	CDS	ND5	NADH dehydrogenase subunit 5	10778-12605:1
NC_057437.1	CDS	ND6	NADH dehydrogenase subunit 6	12618-13107:-1
NC_057437.1	CDS	CYTB	cytochrome b	13115-14255:1
NC_057437.1	tRNA	trnF(gaa)	tRNA-Phe	14256-14327:1
NC_057437.1	rRNA		12S ribosomal RNA	14327-15128:1
NC_057437.1	tRNA	trnE(ttc)	tRNA-Glu	15128-15196:1
NC_057437.1	tRNA	trnT(tgt)	tRNA-Thr	15196-15266:1
NC_057223.1	CDS	COX1	cytochrome c oxidase subunit I	0-1554:1
NC_057223.1	tRNA	trnR(cga)	tRNA-Arg	1560-1627:1
NC_057223.1	CDS	ND4L	NADH dehydrogenase subunit 4L	1627-1924:1
NC_057223.1	CDS	COX2	cytochrome c oxidase subunit II	1925-2613:1
NC_057223.1	tRNA	trnK(aag)	tRNA-Lys	2613-2679:1
NC_057223.1	CDS	ATP8	ATP synthase F0 subunit 8	2679-2850:1
NC_057223.1	CDS	ATP6	ATP synthase F0 subunit 6	2843-3527:1
NC_057223.1	CDS	COX3	cytochrome c oxidase subunit III	3529-4312:1
NC_057223.1	tRNA	trnS2(tca)	tRNA-Ser	4311-4382:-1
NC_057223.1	CDS	ND3	NADH dehydrogenase subunit 3	4400-4742:1
NC_057223.1	CDS	ND4	NADH dehydrogenase subunit 4	4747-6104:1
NC_057223.1	tRNA	trnH(cac)	tRNA-His	6105-6175:1
NC_057223.1	tRNA	trnS1(agc)	tRNA-Ser	6176-6244:1
NC_057223.1	CDS	ND5	NADH dehydrogenase subunit 5	6244-8074:1
NC_057223.1	CDS	ND6	NADH dehydrogenase subunit 6	8090-8579:-1
NC_057223.1	CDS	CYTB	cytochrome b	8587-9730:1
NC_057223.1	tRNA	trnF(ttc)	tRNA-Phe	9729-9800:1
NC_057223.1	rRNA	rrnS	12S ribosomal RNA	9800-10632:1
NC_057223.1	tRNA	trnE(gaa)	tRNA-Glu	10636-10704:1
NC_057223.1	tRNA	trnT(aca)	tRNA-Thr	10705-10775:1
NC_057223.1	tRNA	trnP(cca)	tRNA-Pro	10999-11070:1
NC_057223.1	tRNA	trnQ(caa)	tRNA-Gln	11066-11136:-1
NC_057223.1	tRNA	trnN(aac)	tRNA-Asn	11136-11206:1
NC_057223.1	tRNA	trnL1(cta)	tRNA-Leu	11206-11277:1
NC_057223.1	tRNA	trnA(gca)	tRNA-Ala	11276-11341:-1
NC_057223.1	tRNA	trnW(tga)	tRNA-Trp	11342-11411:1
NC_057223.1	tRNA	trnC(tgc)	tRNA-Cys	11411-11472:1
NC_057223.1	tRNA	trnV(gta)	tRNA-Val	11480-11550:-1
NC_057223.1	tRNA	trnM(atg)	tRNA-Met	11583-11652:1
NC_057223.1	tRNA	trnD(gac)	tRNA-Asp	11659-11728:-1
NC_057223.1	tRNA	trnY(tac)	tRNA-Tyr	11728-11793:1
NC_057223.1	tRNA	trnG(gga)	tRNA-Gly	11795-11864:1
NC_057223.1	tRNA	trnL2(tta)	tRNA-Leu	11864-11935:1
NC_057223.1	CDS	ND1	NADH dehydrogenase subunit 1	11935-12907:1
NC_057223.1	tRNA	trnI(atc)	tRNA-Ile	12931-12999:1
NC_057223.1	CDS	ND2	NADH dehydrogenase subunit 2	12999-14043:1
NC_057223.1	rRNA	rrnL	16S ribosomal RNA	14043-15475:1
NC_057116.1	CDS	COX1	cytochrome c oxidase subunit I	0-1554:1
NC_057116.1	tRNA		tRNA-Arg	1564-1633:1
NC_057116.1	CDS	ND4L	NADH dehydrogenase subunit 4L	1634-1928:1
NC_057116.1	CDS	COX2	cytochrome c oxidase subunit II	1928-2618:1
NC_057116.1	tRNA		tRNA-Lys	2623-2693:1
NC_057116.1	CDS	ATP8	ATP synthase F0 subunit 8	2693-2861:1
NC_057116.1	CDS	ATP6	ATP synthase F0 subunit 6	2851-3541:1
NC_057116.1	CDS	COX3	cytochrome c oxidase subunit III	3552-4335:1
NC_057116.1	tRNA		tRNA-Ser	4334-4404:-1
NC_057116.1	CDS	ND3	NADH dehydrogenase subunit 3	4420-4771:1
NC_057116.1	CDS	ND4	NADH dehydrogenase subunit 4	4782-6171:1
NC_057116.1	tRNA		tRNA-His	6161-6229:1
NC_057116.1	tRNA		tRNA-Ser	6231-6297:1
NC_057116.1	CDS	ND5	NADH dehydrogenase subunit 5	6298-8215:1
NC_057116.1	CDS	ND6	NADH dehydrogenase subunit 6	8223-8712:-1
NC_057116.1	CDS	CYTB	cytochrome b	8732-9875:1
NC_057116.1	tRNA		tRNA-Phe	9887-9960:1
NC_057116.1	rRNA		12S ribosomal RNA	9959-10848:1
NC_057116.1	tRNA		tRNA-Glu	10851-10920:1
NC_057116.1	tRNA		tRNA-Thr	10920-10992:1
NC_057116.1	tRNA		tRNA-Pro	11669-11739:1
NC_057116.1	tRNA		tRNA-Gln	11747-11819:-1
NC_057116.1	tRNA		tRNA-Asn	11819-11891:1
NC_057116.1	tRNA		tRNA-Leu	11891-11963:1
NC_057116.1	tRNA		tRNA-Ala	11962-12031:-1
NC_057116.1	tRNA		tRNA-Trp	12031-12100:1
NC_057116.1	tRNA		tRNA-Cys	12100-12168:1
NC_057116.1	tRNA		tRNA-Val	12167-12237:-1
NC_057116.1	tRNA		tRNA-Met	12313-12386:1
NC_057116.1	tRNA		tRNA-Asp	12386-12455:-1
NC_057116.1	tRNA		tRNA-Tyr	12474-12546:1
NC_057116.1	tRNA		tRNA-Gly	12548-12616:1
NC_057116.1	tRNA		tRNA-Leu	12619-12692:1
NC_057116.1	CDS	ND1	NADH dehydrogenase subunit 1	12694-13666:1
NC_057116.1	tRNA		tRNA-Ile	13665-13738:1
NC_057116.1	CDS	ND2	NADH dehydrogenase subunit 2	13740-14799:1
NC_057116.1	rRNA		16S ribosomal RNA	14803-16357:1
NC_056168.1	tRNA		tRNA-Phe	0-71:-1
NC_056168.1	tRNA		tRNA-Thr	82-151:-1
NC_056168.1	CDS	CYTB	cytochrome b	150-1294:-1
NC_056168.1	tRNA		tRNA-Asp	1294-1363:-1
NC_056168.1	CDS	ND2	NADH dehydrogenase subunit 2	1361-2402:-1
NC_056168.1	tRNA		tRNA-Ile	2403-2476:-1
NC_056168.1	tRNA		tRNA-Met	2482-2555:-1
NC_056168.1	CDS	ND1	NADH dehydrogenase subunit 1	2553-3552:-1
NC_056168.1	tRNA		tRNA-Leu	3551-3626:-1
NC_056168.1	tRNA		tRNA-Asn	3629-3703:-1
NC_056168.1	tRNA		tRNA-Gln	3701-3773:1
NC_056168.1	tRNA		tRNA-Cys	3773-3839:1
NC_056168.1	tRNA		tRNA-Val	3949-4020:-1
NC_056168.1	tRNA		tRNA-Tyr	4019-4091:-1
NC_056168.1	tRNA		tRNA-Trp	4107-4176:-1
NC_056168.1	CDS	COX1	cytochrome c oxidase subunit I	4176-5775:1
NC_056168.1	tRNA		tRNA-Arg	5781-5847:1
NC_056168.1	CDS	ND4L	NADH dehydrogenase subunit 4L	5848-6145:1
NC_056168.1	CDS	COX2	cytochrome c oxidase subunit II	6146-6836:1
NC_056168.1	tRNA		tRNA-Lys	6841-6912:1
NC_056168.1	CDS	ATP8	ATP synthase F0 subunit 8	6911-7046:1
NC_056168.1	CDS	ATP6	ATP synthase F0 subunit 6	7049-7742:1
NC_056168.1	CDS	COX3	cytochrome c oxidase subunit III	7747-8545:1
NC_056168.1	tRNA		tRNA-Ser	8542-8616:-1
NC_056168.1	CDS	ND3	NADH dehydrogenase subunit 3	8627-8987:1
NC_056168.1	CDS	ND4	NADH dehydrogenase subunit 4	8992-10339:1
NC_056168.1	tRNA		tRNA-His	10338-10405:1
NC_056168.1	tRNA		tRNA-Ser	10404-10473:1
NC_056168.1	CDS	ND5	NADH dehydrogenase subunit 5	10472-12263:1
NC_056168.1	CDS	ND6	NADH dehydrogenase subunit 6	12393-12873:-1
NC_056168.1	tRNA		tRNA-Ala	13458-13528:-1
NC_056168.1	tRNA		tRNA-Glu	13537-13604:-1
NC_056168.1	tRNA		tRNA-Gly	13603-13672:-1
NC_056168.1	rRNA		16S ribosomal RNA	13672-15056:-1
NC_056168.1	tRNA		tRNA-Leu	15056-15129:-1
NC_056168.1	tRNA		tRNA-Pro	15127-15194:-1
NC_056168.1	rRNA		12S ribosomal RNA	15194-16084:-1
NC_056131.1	CDS	COX1	cytochrome c oxidase subunit I	0-1554:1
NC_056131.1	tRNA	trnR(cga)	tRNA-Arg	1559-1627:1
NC_056131.1	CDS	ND4L	NADH dehydrogenase subunit 4L	1627-1924:1
NC_056131.1	CDS	COX2	cytochrome c oxidase subunit II	1924-2614:1
NC_056131.1	tRNA	trnK(aag)	tRNA-Lys	2629-2694:1
NC_056131.1	CDS	ATP8	ATP synthase F0 subunit 8	2694-2871:1
NC_056131.1	CDS	ATP6	ATP synthase F0 subunit 6	2864-3548:1
NC_056131.1	CDS	COX3	cytochrome c oxidase subunit III	3550-4333:1
NC_056131.1	tRNA	trnS2(tca)	tRNA-Ser	4331-4402:-1
NC_056131.1	CDS	ND3	NADH dehydrogenase subunit 3	4434-4779:1
NC_056131.1	CDS	ND4	NADH dehydrogenase subunit 4	4787-6152:1
NC_056131.1	tRNA	trnH(cac)	tRNA-His	6142-6210:1
NC_056131.1	tRNA	trnS1(agc)	tRNA-Ser	6212-6280:1
NC_056131.1	CDS	ND5	NADH dehydrogenase subunit 5	6280-8125:1
NC_056131.1	CDS	ND6	NADH dehydrogenase subunit 6	8137-8626:-1
NC_056131.1	CDS	CYTB	cytochrome b	8634-9777:1
NC_056131.1	tRNA	trnF(ttc)	tRNA-Phe	9779-9850:1
NC_056131.1	rRNA	rrnS	12S ribosomal RNA	9848-10672:1
NC_056131.1	tRNA	trnE(gaa)	tRNA-Glu	10671-10742:1
NC_056131.1	tRNA	trnT(aca)	tRNA-Thr	10746-10816:1
NC_056131.1	tRNA	trnP(cca)	tRNA-Pro	11487-11554:1
NC_056131.1	tRNA	trnQ(caa)	tRNA-Gln	11550-11620:-1
NC_056131.1	tRNA	trnN(aac)	tRNA-Asn	11633-11702:1
NC_056131.1	tRNA	trnL1(cta)	tRNA-Leu	11709-11781:1
NC_056131.1	tRNA	trnA(gca)	tRNA-Ala	11796-11865:-1
NC_056131.1	tRNA	trnW(tga)	tRNA-Trp	11866-11936:1
NC_056131.1	tRNA	trnC(tgc)	tRNA-Cys	11941-12007:1
NC_056131.1	tRNA	trnV(gta)	tRNA-Val	12008-12080:-1
NC_056131.1	tRNA	trnD(gac)	tRNA-Asp	12086-12154:-1
NC_056131.1	tRNA	trnY(tac)	tRNA-Tyr	12162-12230:1
NC_056131.1	tRNA	trnG(gga)	tRNA-Gly	12279-12348:1
NC_056131.1	tRNA	trnM(atg)	tRNA-Met	12350-12419:1
NC_056131.1	tRNA	trnL2(tta)	tRNA-Leu	12435-12507:1
NC_056131.1	CDS	ND1	NADH dehydrogenase subunit 1	12507-13479:1
NC_056131.1	tRNA	trnI(atc)	tRNA-Ile	13484-13552:1
NC_056131.1	CDS	ND2	NADH dehydrogenase subunit 2	13552-14599:1
NC_056131.1	rRNA	rrnL	16S ribosomal RNA	14599-16083:1
NC_054279.1	CDS	COX1	cytochrome c oxidase subunit I	0-1551:1
NC_054279.1	tRNA		tRNA-Arg	1558-1628:1
NC_054279.1	CDS	ND4L	NADH dehydrogenase subunit 4L	1628-1925:1
NC_054279.1	CDS	COX2	cytochrome c oxidase subunit II	1926-2616:1
NC_054279.1	tRNA		tRNA-Lys	2623-2693:1
NC_054279.1	CDS	ATP8	ATP synthase F0 subunit 8	2693-2864:1
NC_054279.1	CDS	ATP6	ATP synthase F0 subunit 6	2857-3547:1
NC_054279.1	CDS	COX3	cytochrome c oxidase subunit III	3557-4340:1
NC_054279.1	tRNA		tRNA-Ser	4338-4409:-1
NC_054279.1	CDS	ND3	NADH dehydrogenase subunit 3	4412-4766:1
NC_054279.1	CDS	ND4	NADH dehydrogenase subunit 4	4780-6163:1
NC_054279.1	tRNA		tRNA-His	6167-6240:1
NC_054279.1	tRNA		tRNA-Ser	6266-6334:1
NC_054279.1	CDS	ND5	NADH dehydrogenase subunit 5	6334-8221:1
NC_054279.1	CDS	ND6	NADH dehydrogenase subunit 6	8221-8713:-1
NC_054279.1	CDS	CYTB	cytochrome b	8786-9930:1
NC_054279.1	tRNA		tRNA-Pro	9930-10000:1
NC_054279.1	tRNA		tRNA-Gln	10006-10079:-1
NC_054279.1	tRNA		tRNA-Asn	10086-10159:1
NC_054279.1	tRNA		tRNA-Leu	10164-10236:1
NC_054279.1	tRNA		tRNA-Ala	10236-10311:-1
NC_054279.1	tRNA		tRNA-Trp	10312-10381:1
NC_054279.1	tRNA		tRNA-Cys	10381-10451:1
NC_054279.1	tRNA		tRNA-Val	10450-10520:-1
NC_054279.1	tRNA		tRNA-Met	10523-10595:1
NC_054279.1	tRNA		tRNA-Asp	10597-10669:-1
NC_054279.1	tRNA		tRNA-Thr	10887-10962:-1
NC_054279.1	tRNA		tRNA-Glu	10961-11032:-1
NC_054279.1	rRNA		12S ribosomal RNA	11032-11899:-1
NC_054279.1	tRNA		tRNA-Phe	11899-11972:-1
NC_054279.1	tRNA		tRNA-Leu	11972-12044:-1
NC_054279.1	tRNA		tRNA-Gly	12056-12126:-1
NC_054279.1	rRNA		16S ribosomal RNA	12126-13672:-1
NC_054279.1	tRNA		tRNA-Tyr	13672-13743:-1
NC_054279.1	CDS	ND2	NADH dehydrogenase subunit 2	13741-14788:-1
NC_054279.1	tRNA		tRNA-Ile	14789-14862:1
NC_054279.1	CDS	ND1	NADH dehydrogenase subunit 1	14861-15836:-1
NC_054245.1	CDS	COX1	cytochrome c oxidase subunit I	70-1621:1
NC_054245.1	tRNA	trnR(cga)	tRNA-Arg	1630-1700:1
NC_054245.1	CDS	ND4L	NADH dehydrogenase subunit 4L	1703-2000:1
NC_054245.1	CDS	COX2	cytochrome c oxidase subunit II	2000-2688:1
NC_054245.1	tRNA	trnK(aag)	tRNA-Lys	2688-2754:1
NC_054245.1	CDS	ATP8	ATP synthase F0 subunit 8	2754-2913:1
NC_054245.1	CDS	ATP6	ATP synthase F0 subunit 6	2906-3587:1
NC_054245.1	CDS	COX3	cytochrome c oxidase subunit III	3589-4372:1
NC_054245.1	tRNA	trnS2(tca)	tRNA-Ser	4370-4440:-1
NC_054245.1	CDS	ND3	NADH dehydrogenase subunit 3	4486-4831:1
NC_054245.1	CDS	ND4	NADH dehydrogenase subunit 4	4832-6242:1
NC_054245.1	tRNA	trnH(cac)	tRNA-His	6266-6333:1
NC_054245.1	tRNA	trnS1(agc)	tRNA-Ser	6334-6403:1
NC_054245.1	CDS	ND5	NADH dehydrogenase subunit 5	6404-8180:1
NC_054245.1	CDS	ND6	NADH dehydrogenase subunit 6	8206-8692:-1
NC_054245.1	CDS	CYTB	cytochrome b	8704-9844:1
NC_054245.1	tRNA	trnF(ttc)	tRNA-Phe	9844-9916:1
NC_054245.1	tRNA	trnT(aca)	tRNA-Thr	9920-9988:1
NC_054245.1	tRNA	trnP(cca)	tRNA-Pro	10572-10646:1
NC_054245.1	tRNA	trnQ(caa)	tRNA-Gln	10642-10712:-1
NC_054245.1	tRNA	trnN(aac)	tRNA-Asn	10730-10799:1
NC_054245.1	tRNA	trnL1(cta)	tRNA-Leu	10800-10872:1
NC_054245.1	tRNA	trnA(gca)	tRNA-Ala	10871-10937:-1
NC_054245.1	tRNA	trnW(tga)	tRNA-Trp	10937-11006:1
NC_054245.1	tRNA	trnC(tgc)	tRNA-Cys	11006-11071:1
NC_054245.1	tRNA	trnV(gta)	tRNA-Val	11070-11140:-1
NC_054245.1	tRNA	trnM(atg)	tRNA-Met	11182-11252:1
NC_054245.1	tRNA	trnD(gac)	tRNA-Asp	11269-11336:-1
NC_054245.1	tRNA	trnY(tac)	tRNA-Tyr	11338-11404:1
NC_054245.1	tRNA	trnG(gga)	tRNA-Gly	11406-11472:1
NC_054245.1	tRNA	trnL2(tta)	tRNA-Leu	11472-11544:1
NC_054245.1	CDS	ND1	NADH dehydrogenase subunit 1	11547-12519:1
NC_054245.1	rRNA	rrnS	12S ribosomal RNA	12570-13398:1
NC_054245.1	tRNA	trnE(gaa)	tRNA-Glu	13400-13468:1
NC_054245.1	tRNA	trnI(atc)	tRNA-Ile	13490-13558:1
NC_054245.1	CDS	ND2	NADH dehydrogenase subunit 2	13562-14609:1
NC_054245.1	rRNA	rrnL	16S ribosomal RNA	14661-16008:1
NC_054231.1	tRNA		tRNA-Thr	223-296:-1
NC_054231.1	tRNA		tRNA-Glu	296-369:-1
NC_054231.1	rRNA		12S ribosomal RNA	367-1265:-1
NC_054231.1	tRNA		tRNA-Phe	1264-1334:-1
NC_054231.1	CDS	CYTB	cytochrome b	1334-2472:-1
NC_054231.1	CDS	ND6	NADH dehydrogenase subunit 6	2486-2975:1
NC_054231.1	CDS	ND5	NADH dehydrogenase subunit 5	3029-4871:-1
NC_054231.1	tRNA		tRNA-Ser	4871-4939:-1
NC_054231.1	tRNA		tRNA-His	4945-5015:-1
NC_054231.1	CDS	ND4	NADH dehydrogenase subunit 4	5016-6393:-1
NC_054231.1	CDS	ND3	NADH dehydrogenase subunit 3	6399-6747:-1
NC_054231.1	tRNA		tRNA-Ser	6766-6835:1
NC_054231.1	CDS	COX3	cytochrome c oxidase subunit III	6833-7616:-1
NC_054231.1	CDS	ATP6	ATP synthase F0 subunit 6	7619-8310:-1
NC_054231.1	CDS	ATP8	ATP synthase F0 subunit 8	8294-8459:-1
NC_054231.1	tRNA		tRNA-Lys	8462-8535:-1
NC_054231.1	CDS	COX2	cytochrome c oxidase subunit II	8535-9223:-1
NC_054231.1	CDS	ND4L	NADH dehydrogenase subunit 4L	9223-9520:-1
NC_054231.1	tRNA		tRNA-Arg	9525-9593:-1
NC_054231.1	CDS	COX1	cytochrome c oxidase subunit I	9591-11145:-1
NC_054231.1	tRNA		tRNA-Pro	11177-11253:1
NC_054231.1	tRNA		tRNA-Gln	11253-11325:-1
NC_054231.1	tRNA		tRNA-Asn	11333-11405:1
NC_054231.1	tRNA		tRNA-Leu	11406-11478:1
NC_054231.1	tRNA		tRNA-Ala	11479-11547:-1
NC_054231.1	tRNA		tRNA-Trp	11552-11621:1
NC_054231.1	tRNA		tRNA-Cys	11620-11689:1
NC_054231.1	tRNA		tRNA-Val	11689-11759:-1
NC_054231.1	tRNA		tRNA-Met	11765-11838:1
NC_054231.1	tRNA		tRNA-Asp	11841-11910:-1
NC_054231.1	tRNA		tRNA-Tyr	11914-11985:1
NC_054231.1	tRNA		tRNA-Gly	11984-12051:1
NC_054231.1	tRNA		tRNA-Leu	12060-12132:1
NC_054231.1	CDS	ND1	NADH dehydrogenase subunit 1	12132-13110:1
NC_054231.1	tRNA		tRNA-Ile	13109-13181:1
NC_054231.1	CDS	ND2	NADH dehydrogenase subunit 2	13181-14243:1
NC_054231.1	rRNA		16S ribosomal RNA	14288-15851:1
NC_054230.1	tRNA		tRNA-Thr	376-448:-1
NC_054230.1	tRNA		tRNA-Glu	450-519:-1
NC_054230.1	rRNA		12S ribosomal RNA	518-1410:-1
NC_054230.1	tRNA		tRNA-Phe	1409-1480:-1
NC_054230.1	CDS	CYTB	cytochrome b	1480-2618:-1
NC_054230.1	CDS	ND6	NADH dehydrogenase subunit 6	2632-3121:1
NC_054230.1	CDS	ND5	NADH dehydrogenase subunit 5	3154-5062:-1
NC_054230.1	tRNA		tRNA-Ser	5062-5130:-1
NC_054230.1	tRNA		tRNA-His	5131-5199:-1
NC_054230.1	CDS	ND4	NADH dehydrogenase subunit 4	5209-6592:-1
NC_054230.1	CDS	ND3	NADH dehydrogenase subunit 3	6595-6946:-1
NC_054230.1	tRNA		tRNA-Ser	6984-7055:1
NC_054230.1	CDS	COX3	cytochrome c oxidase subunit III	7053-7836:-1
NC_054230.1	CDS	ATP6	ATP synthase F0 subunit 6	7843-8536:-1
NC_054230.1	CDS	ATP8	ATP synthase F0 subunit 8	8520-8685:-1
NC_054230.1	tRNA		tRNA-Lys	8686-8758:-1
NC_054230.1	CDS	COX2	cytochrome c oxidase subunit II	8758-9446:-1
NC_054230.1	CDS	ND4L	NADH dehydrogenase subunit 4L	9446-9743:-1
NC_054230.1	tRNA		tRNA-Arg	9743-9813:-1
NC_054230.1	CDS	COX1	cytochrome c oxidase subunit I	9815-11369:-1
NC_054230.1	tRNA		tRNA-Pro	11401-11471:1
NC_054230.1	tRNA		tRNA-Gln	11474-11548:1
NC_054230.1	tRNA		tRNA-Asn	11548-11620:1
NC_054230.1	tRNA		tRNA-Leu	11620-11692:1
NC_054230.1	tRNA		tRNA-Ala	11692-11763:-1
NC_054230.1	tRNA		tRNA-Trp	11775-11844:1
NC_054230.1	tRNA		tRNA-Cys	11844-11915:1
NC_054230.1	tRNA		tRNA-Val	11915-11986:-1
NC_054230.1	tRNA		tRNA-Met	11992-12063:1
NC_054230.1	tRNA		tRNA-Asp	12063-12133:-1
NC_054230.1	tRNA		tRNA-Tyr	12135-12205:1
NC_054230.1	tRNA		tRNA-Gly	12205-12276:1
NC_054230.1	tRNA	ND2	tRNA-Leu	12307-12379:1
NC_054230.1	CDS	ND1	NADH dehydrogenase subunit 1	12379-13360:1
NC_054230.1	tRNA		tRNA-Ile	13359-13431:1
NC_054230.1	CDS		NADH dehydrogenase subunit 2	13431-14502:1
NC_054230.1	rRNA		16S ribosomal RNA	14566-16169:1
NC_054229.1	CDS	ND1	NADH dehydrogenase subunit 1	15757-16377:1,0-361:1
NC_054229.1	tRNA		tRNA-Ile	360-433:1
NC_054229.1	CDS	ND2	NADH dehydrogenase subunit 2	433-1498:1
NC_054229.1	rRNA		16S ribosomal RNA	1566-3181:1
NC_054229.1	tRNA		tRNA-Thr	3706-3778:-1
NC_054229.1	tRNA		tRNA-Glu	3803-3872:-1
NC_054229.1	rRNA		12S ribosomal RNA	3874-4791:-1
NC_054229.1	tRNA		tRNA-Phe	4790-4861:-1
NC_054229.1	CDS	CYTB	cytochrome b	4861-5999:-1
NC_054229.1	CDS	ND6	NADH dehydrogenase subunit 6	6013-6502:1
NC_054229.1	CDS	ND5	NADH dehydrogenase subunit 5	6545-8450:-1
NC_054229.1	tRNA		tRNA-Ser	8450-8518:-1
NC_054229.1	tRNA		tRNA-His	8519-8588:-1
NC_054229.1	CDS	ND4	NADH dehydrogenase subunit 4	8600-9983:-1
NC_054229.1	CDS	ND3	NADH dehydrogenase subunit 3	9989-10340:-1
NC_054229.1	tRNA		tRNA-Ser	10367-10438:1
NC_054229.1	CDS	COX3	cytochrome c oxidase subunit III	10436-11219:-1
NC_054229.1	CDS	ATP6	ATP synthase F0 subunit 6	11236-11929:-1
NC_054229.1	CDS	ATP8	ATP synthase F0 subunit 8	11913-12078:-1
NC_054229.1	tRNA		tRNA-Lys	12079-12150:-1
NC_054229.1	CDS	COX2	cytochrome c oxidase subunit II	12150-12838:-1
NC_054229.1	CDS	ND4L	NADH dehydrogenase subunit 4L	12838-13135:-1
NC_054229.1	tRNA		tRNA-Arg	13135-13205:-1
NC_054229.1	CDS	COX1	cytochrome c oxidase subunit I	13205-14758:-1
NC_054229.1	tRNA		tRNA-Pro	14785-14856:1
NC_054229.1	tRNA		tRNA-Gln	14856-14928:-1
NC_054229.1	tRNA		tRNA-Asn	14928-15000:1
NC_054229.1	tRNA		tRNA-Leu	15000-15072:1
NC_054229.1	tRNA		tRNA-Ala	15072-15144:-1
NC_054229.1	tRNA		tRNA-Trp	15153-15222:1
NC_054229.1	tRNA		tRNA-Cys	15222-15290:1
NC_054229.1	tRNA		tRNA-Val	15290-15362:-1
NC_054229.1	tRNA		tRNA-Met	15363-15435:1
NC_054229.1	tRNA		tRNA-Asp	15437-15508:-1
NC_054229.1	tRNA		tRNA-Tyr	15509-15580:1
NC_054229.1	tRNA		tRNA-Gly	15580-15649:1
NC_054229.1	tRNA		tRNA-Leu	15685-15757:1
NC_054228.1	tRNA		tRNA-Ala	0-13:-1,16082-16142:-1
NC_054228.1	tRNA		tRNA-Trp	12-81:1
NC_054228.1	tRNA		tRNA-Cys	85-151:1
NC_054228.1	tRNA		tRNA-Val	151-223:-1
NC_054228.1	tRNA		tRNA-Met	223-295:1
NC_054228.1	tRNA		tRNA-Asp	295-365:-1
NC_054228.1	tRNA		tRNA-Tyr	369-440:1
NC_054228.1	tRNA		tRNA-Gly	445-514:1
NC_054228.1	tRNA		tRNA-Leu	534-607:1
NC_054228.1	CDS	ND1	NADH dehydrogenase subunit 1	607-1585:1
NC_054228.1	tRNA		tRNA-Ile	1584-1657:1
NC_054228.1	CDS	ND2	NADH dehydrogenase subunit 2	1657-2719:1
NC_054228.1	rRNA		16S ribosomal RNA	2784-4395:1
NC_054228.1	tRNA		tRNA-Thr	4768-4839:-1
NC_054228.1	tRNA		tRNA-Glu	4841-4910:-1
NC_054228.1	rRNA		12S ribosomal RNA	4917-5815:-1
NC_054228.1	tRNA		tRNA-Phe	5814-5884:-1
NC_054228.1	CDS	CYTB	cytochrome b	5884-7022:-1
NC_054228.1	CDS	ND6	NADH dehydrogenase subunit 6	7036-7528:1
NC_054228.1	CDS	ND5	NADH dehydrogenase subunit 5	7558-9463:-1
NC_054228.1	tRNA		tRNA-Ser	9463-9531:-1
NC_054228.1	tRNA		tRNA-His	9532-9603:-1
NC_054228.1	CDS	ND4	NADH dehydrogenase subunit 4	9613-10996:-1
NC_054228.1	CDS	ND3	NADH dehydrogenase subunit 3	11004-11355:-1
NC_054228.1	tRNA		tRNA-Ser	11380-11451:1
NC_054228.1	CDS	COX3	cytochrome c oxidase subunit III	11454-12237:-1
NC_054228.1	CDS	ATP6	ATP synthase F0 subunit 6	12240-12933:-1
NC_054228.1	CDS	ATP8	ATP synthase F0 subunit 8	12917-13088:-1
NC_054228.1	tRNA		tRNA-Lys	13089-13160:-1
NC_054228.1	CDS	COX2	cytochrome c oxidase subunit II	13160-13848:-1
NC_054228.1	CDS	ND4L	NADH dehydrogenase subunit 4L	13848-14145:-1
NC_054228.1	tRNA		tRNA-Arg	14145-14212:-1
NC_054228.1	CDS	COX1	cytochrome c oxidase subunit I	14213-15767:-1
NC_054228.1	tRNA		tRNA-Pro	15797-15867:1
NC_054228.1	tRNA		tRNA-Gln	15867-15939:-1
NC_054228.1	tRNA		tRNA-Asn	15941-16013:1
NC_054228.1	tRNA		tRNA-Leu	16013-16085:1
NC_054227.1	CDS	ND5	NADH dehydrogenase subunit 5	0-1246:-1,15850-16506:-1
NC_054227.1	tRNA		tRNA-Ser	1246-1314:-1
NC_054227.1	tRNA		tRNA-His	1315-1384:-1
NC_054227.1	CDS	ND4	NADH dehydrogenase subunit 4	1560-2943:-1
NC_054227.1	CDS	ND3	NADH dehydrogenase subunit 3	2976-3327:-1
NC_054227.1	tRNA		tRNA-Ser	3356-3428:1
NC_054227.1	CDS	COX3	cytochrome c oxidase subunit III	3426-4209:-1
NC_054227.1	CDS	ATP6	ATP synthase F0 subunit 6	4215-4908:-1
NC_054227.1	CDS	ATP8	ATP synthase F0 subunit 8	4892-5069:-1
NC_054227.1	tRNA		tRNA-Lys	5072-5143:-1
NC_054227.1	CDS	COX2	cytochrome c oxidase subunit II	5143-5831:-1
NC_054227.1	CDS	ND4L	NADH dehydrogenase subunit 4L	5831-6128:-1
NC_054227.1	tRNA		tRNA-Arg	6128-6200:-1
NC_054227.1	CDS	COX1	cytochrome c oxidase subunit I	6203-7757:-1
NC_054227.1	tRNA		tRNA-Pro	7787-7859:1
NC_054227.1	tRNA		tRNA-Gln	7859-7932:-1
NC_054227.1	tRNA		tRNA-Asn	7942-8014:1
NC_054227.1	tRNA		tRNA-Leu	8015-8088:1
NC_054227.1	tRNA		tRNA-Ala	8087-8159:-1
NC_054227.1	tRNA		tRNA-Trp	8172-8241:1
NC_054227.1	tRNA		tRNA-Cys	8241-8309:1
NC_054227.1	tRNA		tRNA-Val	8308-8379:-1
NC_054227.1	tRNA		tRNA-Met	8377-8449:1
NC_054227.1	tRNA		tRNA-Asp	8448-8517:-1
NC_054227.1	tRNA		tRNA-Tyr	8522-8594:1
NC_054227.1	tRNA		tRNA-Gly	8595-8664:1
NC_054227.1	tRNA		tRNA-Leu	8682-8755:1
NC_054227.1	CDS	ND1	NADH dehydrogenase subunit 1	8755-9734:1
NC_054227.1	tRNA		tRNA-Ile	9734-9805:1
NC_054227.1	CDS	ND2	NADH dehydrogenase subunit 2	9805-10867:1
NC_054227.1	rRNA		16S ribosomal RNA	10917-12561:1
NC_054227.1	tRNA		tRNA-Thr	13041-13111:-1
NC_054227.1	tRNA		tRNA-Glu	13115-13184:-1
NC_054227.1	rRNA		12S ribosomal RNA	13187-14080:-1
NC_054227.1	tRNA		tRNA-Phe	14079-14151:-1
NC_054227.1	CDS	CYTB	cytochrome b	14151-15289:-1
NC_054227.1	CDS	ND6	NADH dehydrogenase subunit 6	15303-15789:1
NC_054226.1	rRNA		16S ribosomal RNA	70-1644:-1
NC_054226.1	CDS	ND2	NADH dehydrogenase subunit 2	1705-2770:-1
NC_054226.1	tRNA		tRNA-Ile	2770-2843:-1
NC_054226.1	CDS	ND1	NADH dehydrogenase subunit 1	2842-3823:-1
NC_054226.1	tRNA		tRNA-Leu	3823-3895:-1
NC_054226.1	tRNA		tRNA-Gly	3918-3987:-1
NC_054226.1	tRNA		tRNA-Tyr	3989-4060:-1
NC_054226.1	tRNA		tRNA-Asp	4061-4132:1
NC_054226.1	tRNA		tRNA-Met	4134-4206:-1
NC_054226.1	tRNA		tRNA-Val	4208-4279:1
NC_054226.1	tRNA		tRNA-Cys	4279-4347:-1
NC_054226.1	tRNA		tRNA-Trp	4347-4416:-1
NC_054226.1	tRNA		tRNA-Ala	4425-4497:1
NC_054226.1	tRNA		tRNA-Leu	4497-4569:-1
NC_054226.1	tRNA		tRNA-Asn	4569-4641:-1
NC_054226.1	tRNA		tRNA-Gln	4641-4713:1
NC_054226.1	tRNA		tRNA-Pro	4713-4784:-1
NC_054226.1	CDS	COX1	cytochrome c oxidase subunit I	4811-6364:1
NC_054226.1	tRNA		tRNA-Arg	6364-6434:1
NC_054226.1	CDS	ND4L	NADH dehydrogenase subunit 4L	6435-6732:1
NC_054226.1	CDS	COX2	cytochrome c oxidase subunit II	6732-7420:1
NC_054226.1	tRNA		tRNA-Lys	7420-7492:1
NC_054226.1	CDS	ATP8	ATP synthase F0 subunit 8	7493-7658:1
NC_054226.1	CDS	ATP6	ATP synthase F0 subunit 6	7642-8335:1
NC_054226.1	CDS	COX3	cytochrome c oxidase subunit III	8346-9129:1
NC_054226.1	tRNA		tRNA-Ser	9127-9198:-1
NC_054226.1	CDS	ND3	NADH dehydrogenase subunit 3	9227-9578:1
NC_054226.1	CDS	ND4	NADH dehydrogenase subunit 4	9583-10966:1
NC_054226.1	tRNA		tRNA-His	10977-11047:1
NC_054226.1	tRNA		tRNA-Ser	11048-11116:1
NC_054226.1	CDS	ND5	NADH dehydrogenase subunit 5	11116-13021:1
NC_054226.1	CDS	ND6	NADH dehydrogenase subunit 6	13062-13551:-1
NC_054226.1	CDS	CYTB	cytochrome b	13565-14703:1
NC_054226.1	tRNA		tRNA-Phe	14703-14774:1
NC_054226.1	rRNA		12S ribosomal RNA	14773-15676:1
NC_054226.1	tRNA		tRNA-Glu	15677-15747:1
NC_054226.1	tRNA		tRNA-Thr	15758-15830:1
NC_054225.1	tRNA		tRNA-Thr	281-353:-1
NC_054225.1	tRNA		tRNA-Glu	355-423:-1
NC_054225.1	rRNA		12S ribosomal RNA	425-1337:-1
NC_054225.1	tRNA		tRNA-Phe	1336-1407:-1
NC_054225.1	CDS	CYTB	cytochrome b	1407-2545:-1
NC_054225.1	CDS	ND6	NADH dehydrogenase subunit 6	2559-3048:1
NC_054225.1	CDS	ND5	NADH dehydrogenase subunit 5	3089-4994:-1
NC_054225.1	tRNA		tRNA-Ser	4994-5062:-1
NC_054225.1	tRNA		tRNA-His	5063-5133:-1
NC_054225.1	CDS	ND4	NADH dehydrogenase subunit 4	5141-6524:-1
NC_054225.1	CDS	ND3	NADH dehydrogenase subunit 3	6530-6881:-1
NC_054225.1	tRNA		tRNA-Ser	6909-6980:1
NC_054225.1	CDS	COX3	cytochrome c oxidase subunit III	6978-7761:-1
NC_054225.1	CDS	ATP6	ATP synthase F0 subunit 6	7772-8465:-1
NC_054225.1	CDS	ATP8	ATP synthase F0 subunit 8	8449-8614:-1
NC_054225.1	tRNA		tRNA-Lys	8616-8688:-1
NC_054225.1	CDS	COX2	cytochrome c oxidase subunit II	8688-9376:-1
NC_054225.1	CDS	ND4L	NADH dehydrogenase subunit 4L	9376-9673:-1
NC_054225.1	tRNA		tRNA-Arg	9674-9744:-1
NC_054225.1	CDS	COX1	cytochrome c oxidase subunit I	9744-11297:-1
NC_054225.1	tRNA		tRNA-Pro	11324-11395:1
NC_054225.1	tRNA		tRNA-Gln	11395-11467:-1
NC_054225.1	tRNA		tRNA-Asn	11467-11539:1
NC_054225.1	tRNA		tRNA-Leu	11539-11611:1
NC_054225.1	tRNA		tRNA-Ala	11611-11683:-1
NC_054225.1	tRNA		tRNA-Trp	11692-11761:1
NC_054225.1	tRNA		tRNA-Cys	11761-11829:1
NC_054225.1	tRNA		tRNA-Val	11829-11900:-1
NC_054225.1	tRNA		tRNA-Met	11901-11973:1
NC_054225.1	tRNA		tRNA-Asp	11976-12046:-1
NC_054225.1	tRNA		tRNA-Tyr	12047-12118:1
NC_054225.1	tRNA		tRNA-Gly	12121-12190:1
NC_054225.1	tRNA		tRNA-Leu	12213-12285:1
NC_054225.1	CDS	ND1	NADH dehydrogenase subunit 1	12285-13266:1
NC_054225.1	tRNA		tRNA-Ile	13265-13338:1
NC_054225.1	CDS	ND2	NADH dehydrogenase subunit 2	13338-14403:1
NC_054225.1	rRNA		16S ribosomal RNA	14474-16041:1
NC_053361.1	CDS	COX1	cytochrome c oxidase subunit I	0-1554:1
NC_053361.1	tRNA	trnR(tcg)	tRNA-Arg	1556-1623:1
NC_053361.1	CDS	ND4L	NADH dehydrogenase subunit 4L	1625-1922:1
NC_053361.1	CDS	COX2	cytochrome c oxidase subunit II	1922-2610:1
NC_053361.1	tRNA	trnK(ctt)	tRNA-Lys	2610-2684:1
NC_053361.1	CDS	ATP8	ATP synthase F0 subunit 8	2685-2850:1
NC_053361.1	CDS	ATP6	ATP synthase F0 subunit 6	2834-3527:1
NC_053361.1	CDS	COX3	cytochrome c oxidase subunit III	3531-4314:1
NC_053361.1	tRNA	trnS2(tga)	tRNA-Ser	4313-4384:-1
NC_053361.1	CDS	ND3	NADH dehydrogenase subunit 3	4410-4761:1
NC_053361.1	CDS	ND4	NADH dehydrogenase subunit 4	4774-6157:1
NC_053361.1	tRNA	trnH(gtg)	tRNA-His	6298-6366:1
NC_053361.1	tRNA	trnS1(gct)	tRNA-Ser	6367-6435:1
NC_053361.1	CDS	ND5	NADH dehydrogenase subunit 5	6435-8334:1
NC_053361.1	CDS	ND6	NADH dehydrogenase subunit 6	8379-8868:-1
NC_053361.1	CDS	CYTB	cytochrome b	8882-10020:1
NC_053361.1	tRNA	trnF-GAA	tRNA-Phe	10020-10092:1
NC_053361.1	rRNA	rrn12	12S ribosomal RNA	10091-10976:1
NC_053361.1	tRNA	trnE(ttc)	tRNA-Glu	10976-11045:1
NC_053361.1	tRNA	trnT(tgt)	tRNA-Thr	11059-11132:1
NC_053361.1	rRNA	rrn16	16S ribosomal RNA	11592-13174:-1
NC_053361.1	CDS	ND2	NADH dehydrogenase subunit 2	13222-14287:-1
NC_053361.1	tRNA	trnI(gat)	tRNA-Ile	14287-14359:-1
NC_053361.1	CDS	ND1	NADH dehydrogenase subunit 1	14362-15337:-1
NC_053361.1	tRNA	trnL2(taa)	tRNA-Leu	15340-15412:-1
NC_053361.1	tRNA	trnG(tcc)	tRNA-Gly	15437-15507:-1
NC_053361.1	tRNA	trnY(gta)	tRNA-Tyr	15508-15578:-1
NC_053361.1	tRNA	trnD(gtc)	tRNA-Asp	15582-15652:1
NC_053361.1	tRNA	trnM(cat)	tRNA-Met	15654-15726:-1
NC_053361.1	tRNA	trnV(tac)	tRNA-Val	15731-15802:1
NC_053361.1	tRNA	trnC(gca)	tRNA-Cys	15802-15869:-1
NC_053361.1	tRNA	trnW(tca)	tRNA-Trp	15869-15938:-1
NC_053361.1	tRNA	trnA(tgc)	tRNA-Ala	15943-16013:1
NC_053361.1	tRNA	trnL1(tag)	tRNA-Leu	16013-16085:-1
NC_053361.1	tRNA	trnN(gtt)	tRNA-Asn	16085-16157:-1
NC_053361.1	tRNA	trnQ(ttg)	tRNA-Gln	16158-16229:1
NC_053361.1	tRNA	trnP(tgg)	tRNA-Pro	16230-16300:-1
NC_052743.1	CDS	COX1	cytochrome c oxidase subunit I	0-1554:1
NC_052743.1	tRNA	trnR(tcg)	tRNA-Arg	1559-1627:1
NC_052743.1	CDS	ND4L	NADH dehydrogenase subunit 4L	1627-1924:1
NC_052743.1	CDS	COX2	cytochrome c oxidase subunit II	1924-2614:1
NC_052743.1	tRNA	trnK(ctt)	tRNA-Lys	2637-2702:1
NC_052743.1	CDS	ATP8	ATP synthase F0 subunit 8	2702-2879:1
NC_052743.1	CDS	ATP6	ATP synthase F0 subunit 6	2872-3556:1
NC_052743.1	CDS	COX3	cytochrome c oxidase subunit III	3558-4341:1
NC_052743.1	tRNA	trnS2(tga)	tRNA-Ser	4339-4410:-1
NC_052743.1	CDS	ND3	NADH dehydrogenase subunit 3	4442-4787:1
NC_052743.1	CDS	ND4	NADH dehydrogenase subunit 4	4795-6152:1
NC_052743.1	tRNA	trnH(gtg)	tRNA-His	6153-6221:1
NC_052743.1	tRNA	trnS1(gct)	tRNA-Ser	6232-6291:1
NC_052743.1	CDS	ND5	NADH dehydrogenase subunit 5	6291-8136:1
NC_052743.1	CDS	ND6	NADH dehydrogenase subunit 6	8148-8637:-1
NC_052743.1	CDS	CYTB	cytochrome b	8645-9788:1
NC_052743.1	tRNA	trnF(gaa)	tRNA-Phe	9788-9859:1
NC_052743.1	rRNA		12S ribosomal RNA	9857-10681:1
NC_052743.1	tRNA	trnE(ttc)	tRNA-Glu	10679-10748:1
NC_052743.1	tRNA	trnT(tgt)	tRNA-Thr	10751-10821:1
NC_052743.1	tRNA	trnP(tgg)	tRNA-Pro	11497-11564:1
NC_052743.1	tRNA	trnQ(ttg)	tRNA-Gln	11560-11630:-1
NC_052743.1	tRNA	trnN(gtt)	tRNA-Asn	11647-11716:1
NC_052743.1	tRNA	trnL1(tag)	tRNA-Leu	11724-11796:1
NC_052743.1	tRNA	trnA(tgc)	tRNA-Ala	11810-11878:-1
NC_052743.1	tRNA	trnW(tca)	tRNA-Trp	11879-11949:1
NC_052743.1	tRNA	trnC(gca)	tRNA-Cys	11953-12019:1
NC_052743.1	tRNA	trnV(tac)	tRNA-Val	12020-12092:-1
NC_052743.1	tRNA	trnD(gtc)	tRNA-Asp	12103-12171:-1
NC_052743.1	tRNA	trnY(gta)	tRNA-Tyr	12184-12252:1
NC_052743.1	tRNA	trnG(tcc)	tRNA-Gly	12301-12370:1
NC_052743.1	tRNA	trnM(cat)	tRNA-Met	12372-12441:1
NC_052743.1	tRNA	trnL2(taa)	tRNA-Leu	12454-12526:1
NC_052743.1	CDS	ND1	NADH dehydrogenase subunit 1	12526-13498:1
NC_052743.1	tRNA	trnI(gat)	tRNA-Ile	13505-13573:1
NC_052743.1	CDS	ND2	NADH dehydrogenase subunit 2	13573-14620:1
NC_052743.1	rRNA		16S ribosomal RNA	14586-16058:1
NC_052742.1	tRNA	trnW-UCA	tRNA-Trp	23-90:1
NC_052742.1	CDS	COX1	cytochrome c oxidase subunit I	90-1689:1
NC_052742.1	tRNA	trnR	tRNA-Arg	1689-1755:1
NC_052742.1	CDS	ND4L	NADH dehydrogenase subunit 4L	1755-2052:1
NC_052742.1	CDS	COX2	cytochrome c oxidase subunit II	2062-2755:1
NC_052742.1	tRNA	trnK-CUU	tRNA-Lys	2755-2827:1
NC_052742.1	CDS	ATP8	ATP synthase F0 subunit 8	2827-2989:1
NC_052742.1	CDS	ATP6	ATP synthase F0 subunit 6	2976-3672:1
NC_052742.1	CDS	COX3	cytochrome c oxidase subunit III	3677-4475:1
NC_052742.1	tRNA	trnS-UGA	tRNA-Ser	4472-4546:-1
NC_052742.1	CDS	ND3	NADH dehydrogenase subunit 3	4550-4904:1
NC_052742.1	CDS	ND4	NADH dehydrogenase subunit 4	4906-6268:1
NC_052742.1	tRNA	trnH-GUG	tRNA-His	6268-6336:1
NC_052742.1	tRNA	trnS-GCU	tRNA-Ser	6347-6413:1
NC_052742.1	CDS	ND5	NADH dehydrogenase subunit 5	6413-8180:1
NC_052742.1	CDS	ND6	NADH dehydrogenase subunit 6	8189-8669:-1
NC_052742.1	tRNA	trnG-UCC	tRNA-Gly	9622-9689:-1
NC_052742.1	rRNA	rnl	16S ribosomal RNA	9884-11281:-1
NC_052742.1	tRNA	trnM-CAU	tRNA-Met	11281-11349:-1
NC_052742.1	tRNA	trnP-UGG	tRNA-Pro	11354-11420:-1
NC_052742.1	rRNA	rns	12S ribosomal RNA	11422-12308:-1
NC_052742.1	tRNA	trnF-GAA	tRNA-Phe	12316-12388:-1
NC_052742.1	tRNA	trnE-UUC	tRNA-Glu	12409-12475:-1
NC_052742.1	tRNA	trnC-GCA	tRNA-Cys	12475-12539:1
NC_052742.1	tRNA	trnV-UAC	tRNA-Val	12538-12606:-1
NC_052742.1	tRNA	trnY-GTA	tRNA-Tyr	12602-12671:-1
NC_052742.1	tRNA	trnL-UAG	tRNA-Leu	12674-12740:-1
NC_052742.1	tRNA	trnA-UGC	tRNA-Ala	12738-12804:-1
NC_052742.1	tRNA	trnQ-UUG	tRNA-Gln	12806-12878:-1
NC_052742.1	tRNA	trnN-GUU	tRNA-Asn	12875-12947:1
NC_052742.1	tRNA	trnL-UAA	tRNA-Leu	12971-13042:1
NC_052742.1	CDS	ND1	NADH dehydrogenase subunit 1	13043-14039:1
NC_052742.1	tRNA	trnI-GAU	tRNA-Ile	14038-14111:1
NC_052742.1	CDS	ND2	NADH dehydrogenase subunit 2	14111-15167:1
NC_052742.1	tRNA	trnD-GUC	tRNA-Asp	15165-15234:1
NC_052742.1	CDS	CYTB	cytochrome b	15234-16372:1
NC_052742.1	tRNA	trnT-UGU	tRNA-Thr	16371-16439:1
NC_051967.1	CDS	ND1	NADH dehydrogenase subunit 1	2-980:1
NC_051967.1	tRNA		tRNA-Ile	988-1056:1
NC_051967.1	CDS	ND2	NADH dehydrogenase subunit 2	1057-2104:1
NC_051967.1	rRNA		16S ribosomal RNA	2104-3486:1
NC_051967.1	CDS	COX1	cytochrome c oxidase subunit I	3486-5046:1
NC_051967.1	tRNA		tRNA-Arg	5052-5119:1
NC_051967.1	CDS	ND4L	NADH dehydrogenase subunit 4L	5272-5569:1
NC_051967.1	CDS	COX2	cytochrome c oxidase subunit II	5569-6262:1
NC_051967.1	tRNA		tRNA-Lys	6266-6332:1
NC_051967.1	CDS	ATP8	ATP synthase F0 subunit 8	6332-6497:1
NC_051967.1	CDS	ATP6	ATP synthase F0 subunit 6	6490-7174:1
NC_051967.1	CDS	COX3	cytochrome c oxidase subunit III	7175-7958:1
NC_051967.1	tRNA		tRNA-Ser	7959-8031:-1
NC_051967.1	CDS	ND3	NADH dehydrogenase subunit 3	8051-8405:1
NC_051967.1	CDS	ND4	NADH dehydrogenase subunit 4	8398-9752:1
NC_051967.1	tRNA		tRNA-His	9753-9823:1
NC_051967.1	tRNA		tRNA-Ser	9824-9892:1
NC_051967.1	CDS	ND5	NADH dehydrogenase subunit 5	9892-11716:1
NC_051967.1	CDS	ND6	NADH dehydrogenase subunit 6	11728-12214:-1
NC_051967.1	CDS	CYTB	cytochrome b	12222-13363:1
NC_051967.1	tRNA		tRNA-Phe	13363-13434:1
NC_051967.1	rRNA		12S ribosomal RNA	13434-14276:1
NC_051967.1	tRNA		tRNA-Glu	14276-14348:1
NC_051967.1	tRNA		tRNA-Thr	14351-14418:1
NC_051967.1	tRNA		tRNA-Pro	14799-14871:1
NC_051967.1	tRNA		tRNA-Gln	14866-14936:-1
NC_051967.1	tRNA		tRNA-Asn	14940-15013:1
NC_051967.1	tRNA		tRNA-Leu	15015-15086:1
NC_051967.1	tRNA		tRNA-Ala	15086-15154:-1
NC_051967.1	tRNA		tRNA-Trp	15157-15226:1
NC_051967.1	tRNA		tRNA-Cys	15224-15294:1
NC_051967.1	tRNA		tRNA-Val	15292-15362:-1
NC_051967.1	tRNA		tRNA-Met	15381-15452:1
NC_051967.1	tRNA		tRNA-Asp	15464-15533:-1
NC_051967.1	tRNA		tRNA-Tyr	15534-15603:1
NC_051967.1	tRNA		tRNA-Gly	15603-15674:1
NC_051967.1	tRNA		tRNA-Leu	15680-15752:1
NC_051929.1	CDS	COX1	cytochrome c oxidase subunit I	0-1554:1
NC_051929.1	tRNA		tRNA-Arg	1561-1630:1
NC_051929.1	CDS	ND4L	NADH dehydrogenase subunit 4L	1630-1927:1
NC_051929.1	CDS	COX2	cytochrome c oxidase subunit II	1927-2614:1
NC_051929.1	tRNA		tRNA-Lys	2638-2705:1
NC_051929.1	CDS	ATP8	ATP synthase F0 subunit 8	2707-2872:1
NC_051929.1	CDS	ATP6	ATP synthase F0 subunit 6	2865-3549:1
NC_051929.1	CDS	COX3	cytochrome c oxidase subunit III	3551-4334:1
NC_051929.1	tRNA		tRNA-Ser	4333-4401:-1
NC_051929.1	CDS	ND3	NADH dehydrogenase subunit 3	4437-4782:1
NC_051929.1	CDS	ND4	NADH dehydrogenase subunit 4	4784-6155:1
NC_051929.1	tRNA		tRNA-His	6161-6232:1
NC_051929.1	tRNA		tRNA-Ser	6232-6299:1
NC_051929.1	CDS	ND5	NADH dehydrogenase subunit 5	6302-8165:1
NC_051929.1	CDS	ND6	NADH dehydrogenase subunit 6	8193-8679:-1
NC_051929.1	CDS	CYTB	cytochrome b	8687-9827:1
NC_051929.1	tRNA		tRNA-Phe	9827-9898:1
NC_051929.1	tRNA		tRNA-Thr	9903-9971:1
NC_051929.1	tRNA		tRNA-Pro	10681-10748:1
NC_051929.1	tRNA		tRNA-Gln	10744-10814:-1
NC_051929.1	tRNA		tRNA-Asn	10817-10887:1
NC_051929.1	tRNA		tRNA-Leu	10892-10963:1
NC_051929.1	tRNA		tRNA-Ala	10969-11036:-1
NC_051929.1	tRNA		tRNA-Trp	11042-11109:1
NC_051929.1	tRNA		tRNA-Cys	11114-11187:1
NC_051929.1	tRNA		tRNA-Val	11184-11256:-1
NC_051929.1	tRNA		tRNA-Met	11383-11454:1
NC_051929.1	tRNA		tRNA-Asp	11476-11543:-1
NC_051929.1	tRNA		tRNA-Tyr	11546-11616:1
NC_051929.1	tRNA		tRNA-Gly	11616-11688:1
NC_051929.1	tRNA		tRNA-Leu	11704-11775:1
NC_051929.1	CDS	ND1	NADH dehydrogenase subunit 1	11775-12747:1
NC_051929.1	tRNA		tRNA-Ile	12781-12849:1
NC_051929.1	CDS	ND2	NADH dehydrogenase subunit 2	12850-13897:1
NC_051929.1	rRNA		16S ribosomal RNA	13897-15259:1
NC_051929.1	rRNA		12S ribosomal RNA	15259-16107:1
NC_051929.1	tRNA		tRNA-Glu	16114-16182:1
NC_051928.1	CDS	ND5	NADH dehydrogenase subunit 5	0-1833:1
NC_051928.1	CDS	ND6	NADH dehydrogenase subunit 6	1850-2339:-1
NC_051928.1	CDS	CYTB	cytochrome b	2347-3490:1
NC_051928.1	tRNA		tRNA-Phe	3491-3562:1
NC_051928.1	rRNA		12S ribosomal RNA	3562-4389:1
NC_051928.1	tRNA		tRNA-Glu	4389-4458:1
NC_051928.1	tRNA		tRNA-Thr	4459-4529:1
NC_051928.1	tRNA		tRNA-Pro	4939-5008:1
NC_051928.1	tRNA		tRNA-Gln	5004-5074:-1
NC_051928.1	tRNA		tRNA-Asn	5074-5144:1
NC_051928.1	tRNA		tRNA-Leu	5144-5217:1
NC_051928.1	tRNA		tRNA-Ala	5216-5283:-1
NC_051928.1	tRNA		tRNA-Trp	5283-5351:1
NC_051928.1	tRNA		tRNA-Cys	5351-5412:1
NC_051928.1	tRNA		tRNA-Val	5415-5485:-1
NC_051928.1	tRNA		tRNA-Met	5506-5576:1
NC_051928.1	tRNA		tRNA-Asp	5580-5650:-1
NC_051928.1	tRNA		tRNA-Tyr	5650-5716:1
NC_051928.1	tRNA		tRNA-Gly	5718-5786:1
NC_051928.1	tRNA		tRNA-Leu	5787-5859:1
NC_051928.1	CDS	ND1	NADH dehydrogenase subunit 1	5859-6831:1
NC_051928.1	tRNA		tRNA-Ile	6843-6913:1
NC_051928.1	CDS	ND2	NADH dehydrogenase subunit 2	6912-7956:1
NC_051928.1	rRNA		16S ribosomal RNA	7956-9503:1
NC_051928.1	CDS	COX1	cytochrome c oxidase subunit I	9503-11060:1
NC_051928.1	tRNA		tRNA-Arg	11066-11134:1
NC_051928.1	CDS		NADH dehydrogenase subunit 4L	11134-11431:1
NC_051928.1	CDS	COX2	cytochrome c oxidase subunit II	11431-12119:1
NC_051928.1	tRNA		tRNA-Lys	12119-12185:1
NC_051928.1	CDS	ATP8	ATP synthase F0 subunit 8	12185-12350:1
NC_051928.1	CDS	ATP6	ATP synthase F0 subunit 6	12343-13027:1
NC_051928.1	CDS	COX3	cytochrome c oxidase subunit III	13029-13812:1
NC_051928.1	tRNA		tRNA-Ser	13809-13881:-1
NC_051928.1	CDS	ND3	NADH dehydrogenase subunit 3	13899-14244:1
NC_051928.1	CDS	ND4	NADH dehydrogenase subunit 4	14247-15604:1
NC_051928.1	tRNA		tRNA-His	15605-15675:1
NC_051928.1	tRNA		tRNA-Ser	15675-15743:1
NC_050276.1	tRNA	trnF	tRNA-Phe	0-73:1
NC_050276.1	rRNA		12S ribosomal RNA	73-966:1
NC_050276.1	tRNA	trnE	tRNA-Glu	966-1035:1
NC_050276.1	tRNA	trnT	tRNA-Thr	1039-1112:1
NC_050276.1	tRNA	trnP	tRNA-Pro	1245-1315:1
NC_050276.1	tRNA	trnQ	tRNA-Gln	1316-1388:-1
NC_050276.1	tRNA	trnN	tRNA-Asn	1395-1467:1
NC_050276.1	tRNA	trnL	tRNA-Leu	1467-1539:1
NC_050276.1	tRNA	trnA	tRNA-Ala	1538-1609:-1
NC_050276.1	tRNA	trnW	tRNA-Trp	1611-1680:1
NC_050276.1	tRNA	trnC	tRNA-Cys	1680-1749:1
NC_050276.1	tRNA	trnV	tRNA-Val	1748-1818:-1
NC_050276.1	tRNA	trnM	tRNA-Met	1841-1914:1
NC_050276.1	tRNA	trnD	tRNA-Asp	1915-1984:-1
NC_050276.1	tRNA	trnY	tRNA-Tyr	1998-2069:1
NC_050276.1	tRNA	trnG	tRNA-Gly	2072-2140:1
NC_050276.1	tRNA	trnL	tRNA-Leu	2140-2213:1
NC_050276.1	CDS	ND1	NADH dehydrogenase subunit 1	2215-3187:1
NC_050276.1	tRNA	trnI	tRNA-Ile	3187-3258:1
NC_050276.1	CDS	ND2	NADH dehydrogenase subunit 2	3258-4317:1
NC_050276.1	rRNA		16S ribosomal RNA	4317-5876:1
NC_050276.1	CDS	COX1	cytochrome c oxidase subunit I	5876-7430:1
NC_050276.1	tRNA	trnR	tRNA-Arg	7439-7508:1
NC_050276.1	CDS	ND4L	NADH dehydrogenase subunit 4L	7509-7803:1
NC_050276.1	CDS	COX2	cytochrome c oxidase subunit II	7802-8492:1
NC_050276.1	tRNA	trnK	tRNA-Lys	8496-8566:1
NC_050276.1	CDS	ATP8	ATP synthase F0 subunit 8	8566-8731:1
NC_050276.1	CDS	ATP6	ATP synthase F0 subunit 6	8721-9411:1
NC_050276.1	CDS	COX3	cytochrome c oxidase subunit III	9414-10197:1
NC_050276.1	tRNA	trnS	tRNA-Ser	10196-10266:-1
NC_050276.1	CDS	ND3	NADH dehydrogenase subunit 3	10282-10633:1
NC_050276.1	CDS	ND4	NADH dehydrogenase subunit 4	10647-12025:1
NC_050276.1	tRNA	trnH	tRNA-His	12025-12095:1
NC_050276.1	tRNA	trnS	tRNA-Ser	12095-12164:1
NC_050276.1	CDS	ND5	NADH dehydrogenase subunit 5	12164-14084:1
NC_050276.1	CDS	ND6	NADH dehydrogenase subunit 6	14075-14573:-1
NC_050276.1	CDS	CYTB	cytochrome b	14597-15739:1
NC_050275.1	tRNA	trnF	tRNA-Phe	0-72:1
NC_050275.1	rRNA		12S ribosomal RNA	72-959:1
NC_050275.1	tRNA	trnE	tRNA-Glu	959-1028:1
NC_050275.1	tRNA	trnT	tRNA-Thr	1034-1107:1
NC_050275.1	tRNA	trnP	tRNA-Pro	1240-1310:1
NC_050275.1	tRNA	trnQ	tRNA-Gln	1311-1384:-1
NC_050275.1	tRNA	trnN	tRNA-Asn	1392-1464:1
NC_050275.1	tRNA	trnL	tRNA-Leu	1464-1537:1
NC_050275.1	tRNA	trnA	tRNA-Ala	1536-1607:-1
NC_050275.1	tRNA	trnW	tRNA-Trp	1608-1677:1
NC_050275.1	tRNA	trnC	tRNA-Cys	1677-1745:1
NC_050275.1	tRNA	trnV	tRNA-Val	1744-1814:-1
NC_050275.1	tRNA	trnM	tRNA-Met	1857-1930:1
NC_050275.1	tRNA	trnD	tRNA-Asp	1931-2000:-1
NC_050275.1	tRNA	trnY	tRNA-Tyr	2007-2078:1
NC_050275.1	tRNA	trnG	tRNA-Gly	2082-2150:1
NC_050275.1	tRNA	trnL	tRNA-Leu	2150-2223:1
NC_050275.1	CDS	ND1	NADH dehydrogenase subunit 1	2225-3197:1
NC_050275.1	tRNA	trnI	tRNA-Ile	3197-3269:1
NC_050275.1	CDS	ND2	NADH dehydrogenase subunit 2	3269-4328:1
NC_050275.1	rRNA		16S ribosomal RNA	4328-5873:1
NC_050275.1	CDS	COX1	cytochrome c oxidase subunit I	5873-7427:1
NC_050275.1	tRNA	trnR	tRNA-Arg	7433-7502:1
NC_050275.1	CDS	ND4L	NADH dehydrogenase subunit 4L	7503-7797:1
NC_050275.1	CDS	COX2	cytochrome c oxidase subunit II	7796-8486:1
NC_050275.1	tRNA	trnK	tRNA-Lys	8489-8559:1
NC_050275.1	CDS	ATP8	ATP synthase F0 subunit 8	8559-8724:1
NC_050275.1	CDS	ATP6	ATP synthase F0 subunit 6	8714-9404:1
NC_050275.1	CDS	COX3	cytochrome c oxidase subunit III	9407-10190:1
NC_050275.1	tRNA	trnS	tRNA-Ser	10197-10267:-1
NC_050275.1	CDS	ND3	NADH dehydrogenase subunit 3	10283-10634:1
NC_050275.1	CDS	ND4	NADH dehydrogenase subunit 4	10662-12040:1
NC_050275.1	tRNA	trnH	tRNA-His	12040-12110:1
NC_050275.1	tRNA	trnS	tRNA-Ser	12110-12179:1
NC_050275.1	CDS	ND5	NADH dehydrogenase subunit 5	12179-14099:1
NC_050275.1	CDS	ND6	NADH dehydrogenase subunit 6	14090-14588:-1
NC_050275.1	CDS	CYTB	cytochrome b	14612-15754:1
NC_050274.1	tRNA	trnF	tRNA-Phe	0-73:1
NC_050274.1	rRNA		12S ribosomal RNA	73-966:1
NC_050274.1	tRNA	trnE	tRNA-Glu	966-1035:1
NC_050274.1	tRNA	trnT	tRNA-Thr	1037-1109:1
NC_050274.1	tRNA	trnP	tRNA-Pro	1247-1318:1
NC_050274.1	tRNA	trnQ	tRNA-Gln	1328-1400:-1
NC_050274.1	tRNA	trnN	tRNA-Asn	1406-1478:1
NC_050274.1	tRNA	trnL	tRNA-Leu	1479-1551:1
NC_050274.1	tRNA	trnA	tRNA-Ala	1550-1619:-1
NC_050274.1	tRNA	trnW	tRNA-Trp	1620-1689:1
NC_050274.1	tRNA	trnC	tRNA-Cys	1689-1756:1
NC_050274.1	tRNA	trnV	tRNA-Val	1755-1825:-1
NC_050274.1	tRNA	trnM	tRNA-Met	1861-1934:1
NC_050274.1	tRNA	trnD	tRNA-Asp	1935-2004:-1
NC_050274.1	tRNA	trnY	tRNA-Tyr	2005-2074:1
NC_050274.1	tRNA	trnG	tRNA-Gly	2079-2147:1
NC_050274.1	tRNA	trnL	tRNA-Leu	2147-2220:1
NC_050274.1	CDS	ND1	NADH dehydrogenase subunit 1	2221-3193:1
NC_050274.1	tRNA	trnI	tRNA-Ile	3192-3264:1
NC_050274.1	CDS	ND2	NADH dehydrogenase subunit 2	3265-4324:1
NC_050274.1	rRNA		16S ribosomal RNA	4324-5856:1
NC_050274.1	CDS	COX1	cytochrome c oxidase subunit I	5856-7410:1
NC_050274.1	tRNA	trnR	tRNA-Arg	7417-7486:1
NC_050274.1	CDS	ND4L	NADH dehydrogenase subunit 4L	7487-7781:1
NC_050274.1	CDS	COX2	cytochrome c oxidase subunit II	7780-8469:1
NC_050274.1	tRNA	trnK	tRNA-Lys	8470-8540:1
NC_050274.1	CDS	ATP8	ATP synthase F0 subunit 8	8540-8711:1
NC_050274.1	CDS	ATP6	ATP synthase F0 subunit 6	8701-9391:1
NC_050274.1	CDS	COX3	cytochrome c oxidase subunit III	9394-10177:1
NC_050274.1	tRNA	trnS	tRNA-Ser	10176-10246:-1
NC_050274.1	CDS	ND3	NADH dehydrogenase subunit 3	10262-10613:1
NC_050274.1	CDS	ND4	NADH dehydrogenase subunit 4	10626-12004:1
NC_050274.1	tRNA	trnH	tRNA-His	12004-12073:1
NC_050274.1	tRNA	trnS	tRNA-Ser	12073-12142:1
NC_050274.1	CDS	ND5	NADH dehydrogenase subunit 5	12142-14059:1
NC_050274.1	CDS	ND6	NADH dehydrogenase subunit 6	14067-14556:-1
NC_050274.1	CDS	CYTB	cytochrome b	14574-15716:1
NC_050273.1	tRNA	trnF	tRNA-Phe	0-73:1
NC_050273.1	rRNA		12S ribosomal RNA	73-986:1
NC_050273.1	tRNA	trnE	tRNA-Glu	986-1055:1
NC_050273.1	tRNA	trnT	tRNA-Thr	1059-1130:1
NC_050273.1	tRNA	trnP	tRNA-Pro	1273-1345:1
NC_050273.1	tRNA	trnQ	tRNA-Gln	1348-1420:-1
NC_050273.1	tRNA	trnN	tRNA-Asn	1424-1496:1
NC_050273.1	tRNA	trnL	tRNA-Leu	1496-1568:1
NC_050273.1	tRNA	trnA	tRNA-Ala	1567-1638:-1
NC_050273.1	tRNA	trnW	tRNA-Trp	1647-1716:1
NC_050273.1	tRNA	trnC	tRNA-Cys	1716-1786:1
NC_050273.1	tRNA	trnV	tRNA-Val	1785-1855:-1
NC_050273.1	tRNA	trnM	tRNA-Met	1876-1948:1
NC_050273.1	tRNA	trnD	tRNA-Asp	1957-2027:-1
NC_050273.1	tRNA	trnY	tRNA-Tyr	2029-2099:1
NC_050273.1	tRNA	trnG	tRNA-Gly	2099-2166:1
NC_050273.1	tRNA	trnL	tRNA-Leu	2167-2240:1
NC_050273.1	CDS	ND1	NADH dehydrogenase subunit 1	2241-3213:1
NC_050273.1	tRNA	trnI	tRNA-Ile	3221-3293:1
NC_050273.1	CDS	ND2	NADH dehydrogenase subunit 2	3293-4352:1
NC_050273.1	rRNA		16S ribosomal RNA	4352-5943:1
NC_050273.1	CDS	COX1	cytochrome c oxidase subunit I	5943-7497:1
NC_050273.1	tRNA	trnR	tRNA-Arg	7502-7570:1
NC_050273.1	CDS	ND4L	NADH dehydrogenase subunit 4L	7570-7864:1
NC_050273.1	CDS	COX2	cytochrome c oxidase subunit II	7865-8555:1
NC_050273.1	tRNA	trnK	tRNA-Lys	8575-8646:1
NC_050273.1	CDS	ATP8	ATP synthase F0 subunit 8	8646-8814:1
NC_050273.1	CDS	ATP6	ATP synthase F0 subunit 6	8804-9494:1
NC_050273.1	CDS	COX3	cytochrome c oxidase subunit III	9498-10281:1
NC_050273.1	tRNA	trnS	tRNA-Ser	10279-10350:-1
NC_050273.1	CDS	ND3	NADH dehydrogenase subunit 3	10366-10717:1
NC_050273.1	CDS	ND4	NADH dehydrogenase subunit 4	10727-12105:1
NC_050273.1	tRNA	trnH	tRNA-His	12105-12175:1
NC_050273.1	tRNA	trnS	tRNA-Ser	12175-12245:1
NC_050273.1	CDS	ND5	NADH dehydrogenase subunit 5	12245-14168:1
NC_050273.1	CDS	ND6	NADH dehydrogenase subunit 6	14190-14679:-1
NC_050273.1	CDS	CYTB	cytochrome b	14707-15850:1
NC_050272.1	tRNA	trnF	tRNA-Phe	0-73:1
NC_050272.1	rRNA		12S ribosomal RNA	73-983:1
NC_050272.1	tRNA	trnE	tRNA-Glu	983-1052:1
NC_050272.1	tRNA	trnT	tRNA-Thr	1056-1127:1
NC_050272.1	tRNA	trnP	tRNA-Pro	1264-1335:1
NC_050272.1	tRNA	trnQ	tRNA-Gln	1339-1411:-1
NC_050272.1	tRNA	trnN	tRNA-Asn	1415-1487:1
NC_050272.1	tRNA	trnL	tRNA-Leu	1487-1559:1
NC_050272.1	tRNA	trnA	tRNA-Ala	1558-1630:-1
NC_050272.1	tRNA	trnW	tRNA-Trp	1643-1712:1
NC_050272.1	tRNA	trnC	tRNA-Cys	1712-1782:1
NC_050272.1	tRNA	trnV	tRNA-Val	1781-1851:-1
NC_050272.1	tRNA	trnM	tRNA-Met	1871-1943:1
NC_050272.1	tRNA	trnD	tRNA-Asp	1952-2022:-1
NC_050272.1	tRNA	trnY	tRNA-Tyr	2023-2093:1
NC_050272.1	tRNA	trnG	tRNA-Gly	2093-2160:1
NC_050272.1	tRNA	trnL	tRNA-Leu	2161-2234:1
NC_050272.1	CDS	ND1	NADH dehydrogenase subunit 1	2235-3207:1
NC_050272.1	tRNA	trnI	tRNA-Ile	3216-3288:1
NC_050272.1	CDS	ND2	NADH dehydrogenase subunit 2	3288-4347:1
NC_050272.1	rRNA		16S ribosomal RNA	4347-5932:1
NC_050272.1	CDS	COX1	cytochrome c oxidase subunit I	5932-7486:1
NC_050272.1	tRNA	trnR	tRNA-Arg	7491-7560:1
NC_050272.1	CDS	ND4L	NADH dehydrogenase subunit 4L	7560-7854:1
NC_050272.1	CDS	COX2	cytochrome c oxidase subunit II	7855-8545:1
NC_050272.1	tRNA	trnK	tRNA-Lys	8571-8641:1
NC_050272.1	CDS	ATP8	ATP synthase F0 subunit 8	8641-8809:1
NC_050272.1	CDS	ATP6	ATP synthase F0 subunit 6	8799-9489:1
NC_050272.1	CDS	COX3	cytochrome c oxidase subunit III	9493-10276:1
NC_050272.1	tRNA	trnS	tRNA-Ser	10274-10345:-1
NC_050272.1	CDS	ND3	NADH dehydrogenase subunit 3	10361-10712:1
NC_050272.1	CDS	ND4	NADH dehydrogenase subunit 4	10720-12101:1
NC_050272.1	tRNA	trnH	tRNA-His	12101-12172:1
NC_050272.1	tRNA	trnS	tRNA-Ser	12172-12242:1
NC_050272.1	CDS	ND5	NADH dehydrogenase subunit 5	12242-14162:1
NC_050272.1	CDS	ND6	NADH dehydrogenase subunit 6	14177-14666:-1
NC_050272.1	CDS	CYTB	cytochrome b	14693-15836:1
NC_050252.1	tRNA		tRNA-Phe	0-73:1
NC_050252.1	rRNA		12S ribosomal RNA	73-983:1
NC_050252.1	tRNA		tRNA-Glu	986-1055:1
NC_050252.1	tRNA		tRNA-Thr	1057-1129:1
NC_050252.1	tRNA		tRNA-Pro	1272-1342:1
NC_050252.1	tRNA		tRNA-Gln	1344-1416:1
NC_050252.1	tRNA		tRNA-Asn	1418-1490:1
NC_050252.1	tRNA		tRNA-Leu	1490-1562:1
NC_050252.1	tRNA		tRNA-Ala	1561-1631:1
NC_050252.1	tRNA		tRNA-Trp	1635-1704:1
NC_050252.1	tRNA		tRNA-Cys	1704-1774:1
NC_050252.1	tRNA		tRNA-Val	1773-1843:1
NC_050252.1	tRNA		tRNA-Met	1861-1933:1
NC_050252.1	tRNA		tRNA-Asp	1939-2009:1
NC_050252.1	tRNA		tRNA-Tyr	2011-2081:1
NC_050252.1	tRNA		tRNA-Gly	2080-2148:1
NC_050252.1	tRNA		tRNA-Leu	2149-2222:1
NC_050252.1	CDS	ND1	NADH dehydrogenase subunit 1	2223-3195:1
NC_050252.1	tRNA		tRNA-Ile	3201-3273:1
NC_050252.1	CDS	ND2	NADH dehydrogenase subunit 2	3273-4332:1
NC_050252.1	rRNA		16S ribosomal RNA	4332-5909:1
NC_050252.1	CDS	COX1	cytochrome c oxidase subunit I	5909-7463:1
NC_050252.1	tRNA		tRNA-Arg	7469-7538:1
NC_050252.1	CDS	ND4L	NADH dehydrogenase subunit 4L	7538-7832:1
NC_050252.1	CDS	COX2	cytochrome c oxidase subunit II	7832-8522:1
NC_050252.1	tRNA		tRNA-Lys	8547-8617:1
NC_050252.1	CDS	ATP8	ATP synthase F0 subunit 8	8617-8785:1
NC_050252.1	CDS	ATP6	ATP synthase F0 subunit 6	8775-9465:1
NC_050252.1	CDS	COX3	cytochrome c oxidase subunit III	9469-10252:1
NC_050252.1	tRNA		tRNA-Ser	10250-10320:1
NC_050252.1	CDS	ND3	NADH dehydrogenase subunit 3	10336-10687:1
NC_050252.1	CDS	ND4	NADH dehydrogenase subunit 4	10699-12088:1
NC_050252.1	tRNA		tRNA-His	12078-12147:1
NC_050252.1	tRNA		tRNA-Ser	12148-12217:1
NC_050252.1	CDS	ND5	NADH dehydrogenase subunit 5	12217-14137:1
NC_050252.1	CDS	ND6	NADH dehydrogenase subunit 6	14149-14638:-1
NC_050252.1	CDS	CYTB	cytochrome b	14660-15803:1
NC_046849.1	CDS	COX1	cytochrome c oxidase subunit I	0-1557:1
NC_046849.1	tRNA	trnR(cga)	tRNA-Arg	1565-1632:1
NC_046849.1	CDS	ND4L	NADH dehydrogenase subunit 4L	1632-1929:1
NC_046849.1	CDS	COX2	cytochrome c oxidase subunit II	1929-2617:1
NC_046849.1	tRNA	trnK(aag)	tRNA-Lys	2617-2685:1
NC_046849.1	CDS	ATP8	ATP synthase F0 subunit 8	2685-2850:1
NC_046849.1	CDS	ATP6	ATP synthase F0 subunit 6	2843-3527:1
NC_046849.1	CDS	COX3	cytochrome c oxidase subunit III	3529-4312:1
NC_046849.1	tRNA	trnS2(tca)	tRNA-Ser	4310-4381:-1
NC_046849.1	CDS	ND3	NADH dehydrogenase subunit 3	4399-4744:1
NC_046849.1	CDS	ND4	NADH dehydrogenase subunit 4	4747-6115:1
NC_046849.1	tRNA	trnH(cac)	tRNA-His	6105-6172:1
NC_046849.1	tRNA	trnS1(agc)	tRNA-Ser	6173-6241:1
NC_046849.1	CDS	ND5	NADH dehydrogenase subunit 5	6241-8074:1
NC_046849.1	CDS	ND6	NADH dehydrogenase subunit 6	8090-8579:-1
NC_046849.1	CDS	CYTB	cytochrome b	8587-9730:1
NC_046849.1	tRNA	trnF(ttc)	tRNA-Phe	9731-9802:1
NC_046849.1	rRNA		12S ribosomal RNA	9802-10632:1
NC_046849.1	tRNA	trnE(gaa)	tRNA-Glu	10631-10700:1
NC_046849.1	tRNA	trnT(aca)	tRNA-Thr	10701-10771:1
NC_046849.1	tRNA	trnP(cca)	tRNA-Pro	11322-11391:1
NC_046849.1	tRNA	trnQ(caa)	tRNA-Gln	11387-11457:-1
NC_046849.1	tRNA	trnN(aac)	tRNA-Asn	11458-11529:1
NC_046849.1	tRNA	trnL1(cta)	tRNA-Leu	11530-11602:1
NC_046849.1	tRNA	trnA(gca)	tRNA-Ala	11601-11669:-1
NC_046849.1	tRNA	trnW(tga)	tRNA-Trp	11669-11738:1
NC_046849.1	tRNA	trnC(tgc)	tRNA-Cys	11738-11799:1
NC_046849.1	tRNA	trnV(gta)	tRNA-Val	11798-11868:-1
NC_046849.1	tRNA	trnM(atg)	tRNA-Met	11886-11956:1
NC_046849.1	tRNA	trnD(gac)	tRNA-Asp	11963-12033:-1
NC_046849.1	tRNA	trnY(tac)	tRNA-Tyr	12033-12098:1
NC_046849.1	tRNA	trnG(gga)	tRNA-Gly	12100-12169:1
NC_046849.1	tRNA	trnL2(tta)	tRNA-Leu	12173-12244:1
NC_046849.1	CDS	ND1	NADH dehydrogenase subunit 1	12244-13216:1
NC_046849.1	tRNA	trnI(atc)	tRNA-Ile	13229-13297:1
NC_046849.1	CDS	ND2	NADH dehydrogenase subunit 2	13297-14341:1
NC_046849.1	rRNA		16S ribosomal RNA	14341-15904:1
NC_046053.1	CDS	COX1	cytochrome c oxidase subunit I	0-1593:1
NC_046053.1	tRNA		tRNA-Arg	1596-1670:1
NC_046053.1	CDS	ND4L	NADH dehydrogenase subunit 4L	1670-1967:1
NC_046053.1	CDS	COX2	cytochrome c oxidase subunit II	1969-2662:1
NC_046053.1	tRNA		tRNA-Lys	2668-2742:1
NC_046053.1	CDS	ATP8	ATP synthase F0 subunit 8	2746-2911:1
NC_046053.1	CDS	ATP6	ATP synthase F0 subunit 6	2895-3582:1
NC_046053.1	CDS	COX3	cytochrome c oxidase subunit III	3585-4383:1
NC_046053.1	tRNA		tRNA-Ser	4381-4453:-1
NC_046053.1	CDS	ND3	NADH dehydrogenase subunit 3	4457-4811:1
NC_046053.1	CDS	ND4	NADH dehydrogenase subunit 4	4818-6181:1
NC_046053.1	tRNA		tRNA-His	6182-6253:1
NC_046053.1	tRNA		tRNA-Ser	6253-6323:1
NC_046053.1	CDS	ND5	NADH dehydrogenase subunit 5	6322-8101:1
NC_046053.1	CDS	ND6	NADH dehydrogenase subunit 6	8121-8604:-1
NC_046053.1	tRNA		tRNA-Met	9078-9147:-1
NC_046053.1	tRNA		tRNA-Ala	9158-9224:-1
NC_046053.1	tRNA		tRNA-Glu	9225-9292:-1
NC_046053.1	tRNA		tRNA-Gly	9291-9362:-1
NC_046053.1	rRNA		16S ribosomal RNA	9362-10800:-1
NC_046053.1	tRNA		tRNA-Leu	10800-10870:-1
NC_046053.1	tRNA		tRNA-Pro	10883-10951:-1
NC_046053.1	rRNA		12S ribosomal RNA	10951-11868:-1
NC_046053.1	tRNA		tRNA-Phe	11868-11939:-1
NC_046053.1	tRNA		tRNA-Thr	11952-12023:-1
NC_046053.1	CDS	CYTB	cytochrome b	12025-13171:-1
NC_046053.1	tRNA		tRNA-Asp	13171-13237:-1
NC_046053.1	CDS	ND2	NADH dehydrogenase subunit 2	13246-14284:-1
NC_046053.1	tRNA		tRNA-Ile	14284-14359:-1
NC_046053.1	CDS	ND1	NADH dehydrogenase subunit 1	14398-15391:-1
NC_046053.1	tRNA		tRNA-Leu	15391-15464:-1
NC_046053.1	tRNA		tRNA-Asn	15469-15541:-1
NC_046053.1	tRNA		tRNA-Gln	15539-15611:1
NC_046053.1	tRNA		tRNA-Cys	15612-15677:1
NC_046053.1	tRNA		tRNA-Val	15686-15756:-1
NC_046053.1	tRNA		tRNA-Tyr	15805-15876:-1
NC_046053.1	tRNA		tRNA-Trp	15879-15948:1
NC_045940.1	CDS	COX1	cytochrome c oxidase subunit I	0-1617:1
NC_045940.1	tRNA		tRNA-Arg	1615-1683:1
NC_045940.1	CDS	ND4L	NADH dehydrogenase subunit 4L	1684-1978:1
NC_045940.1	CDS	COX2	cytochrome c oxidase subunit II	1980-2676:1
NC_045940.1	tRNA		tRNA-Lys	2682-2755:1
NC_045940.1	CDS	ATP8	ATP synthase F0 subunit 8	2755-2926:1
NC_045940.1	CDS	ATP6	ATP synthase F0 subunit 6	2913-3597:1
NC_045940.1	CDS	COX3	cytochrome c oxidase subunit III	3599-4397:1
NC_045940.1	tRNA		tRNA-Ser	4396-4469:-1
NC_045940.1	CDS	ND3	NADH dehydrogenase subunit 3	4475-4820:1
NC_045940.1	CDS	ND4	NADH dehydrogenase subunit 4	4822-6181:1
NC_045940.1	tRNA		tRNA-His	6187-6251:1
NC_045940.1	tRNA		tRNA-Ser	6252-6322:1
NC_045940.1	CDS	ND5	NADH dehydrogenase subunit 5	6321-8106:1
NC_045940.1	CDS	ND6	NADH dehydrogenase subunit 6	8256-8736:-1
NC_045940.1	tRNA		tRNA-Met	9607-9677:-1
NC_045940.1	tRNA		tRNA-Ala	9677-9741:-1
NC_045940.1	tRNA		tRNA-Glu	9742-9807:-1
NC_045940.1	tRNA		tRNA-Gly	9806-9871:-1
NC_045940.1	rRNA		16S ribosomal RNA	9871-11290:-1
NC_045940.1	tRNA		tRNA-Leu	11290-11361:-1
NC_045940.1	tRNA		tRNA-Pro	11362-11431:-1
NC_045940.1	rRNA		12S ribosomal RNA	11431-12324:-1
NC_045940.1	tRNA		tRNA-Phe	12324-12395:-1
NC_045940.1	tRNA		tRNA-Thr	12460-12527:-1
NC_045940.1	CDS	CYTB	cytochrome b	12527-13668:-1
NC_045940.1	tRNA		tRNA-Asp	13672-13741:-1
NC_045940.1	CDS	ND2	NADH dehydrogenase subunit 2	13744-14788:-1
NC_045940.1	tRNA		tRNA-Ile	14827-14898:-1
NC_045940.1	CDS	ND1	NADH dehydrogenase subunit 1	14896-15895:-1
NC_045940.1	tRNA		tRNA-Leu	15902-15975:-1
NC_045940.1	tRNA		tRNA-Asn	15977-16050:-1
NC_045940.1	tRNA		tRNA-Gln	16052-16123:1
NC_045940.1	tRNA		tRNA-Cys	16114-16179:1
NC_045940.1	tRNA		tRNA-Val	16185-16255:-1
NC_045940.1	tRNA		tRNA-Tyr	16255-16326:-1
NC_045940.1	tRNA		tRNA-Trp	16319-16398:1
NC_045938.1	CDS	COX1	cytochrome c oxidase subunit I	0-1602:1
NC_045938.1	tRNA		tRNA-Arg	1600-1667:1
NC_045938.1	CDS	ND4L	NADH dehydrogenase subunit 4L	1668-1965:1
NC_045938.1	CDS	COX2	cytochrome c oxidase subunit II	1966-2653:1
NC_045938.1	tRNA		tRNA-Lys	2655-2721:1
NC_045938.1	CDS	ATP8	ATP synthase F0 subunit 8	2721-2835:1
NC_045938.1	CDS	ATP6	ATP synthase F0 subunit 6	2835-3528:1
NC_045938.1	CDS	COX3	cytochrome c oxidase subunit III	3535-4333:1
NC_045938.1	tRNA		tRNA-Ser	4340-4411:-1
NC_045938.1	CDS	ND3	NADH dehydrogenase subunit 3	4424-4784:1
NC_045938.1	CDS	ND4	NADH dehydrogenase subunit 4	4789-6148:1
NC_045938.1	tRNA		tRNA-His	6147-6218:1
NC_045938.1	tRNA		tRNA-Ser	6220-6287:1
NC_045938.1	CDS	ND5	NADH dehydrogenase subunit 5	6288-8088:1
NC_045938.1	CDS	ND6	NADH dehydrogenase subunit 6	8090-8570:-1
NC_045938.1	tRNA		tRNA-Ala	8743-8808:-1
NC_045938.1	tRNA		tRNA-Glu	8807-8874:-1
NC_045938.1	tRNA		tRNA-Gly	8868-8933:-1
NC_045938.1	rRNA		16S ribosomal RNA	8933-10289:-1
NC_045938.1	tRNA		tRNA-Leu	10289-10362:-1
NC_045938.1	tRNA		tRNA-Pro	10373-10441:-1
NC_045938.1	rRNA		12S ribosomal RNA	10441-11330:-1
NC_045938.1	tRNA		tRNA-Phe	11330-11402:-1
NC_045938.1	tRNA		tRNA-Thr	11405-11476:-1
NC_045938.1	CDS	CYTB	cytochrome b	11476-12617:-1
NC_045938.1	tRNA		tRNA-Asp	12616-12685:-1
NC_045938.1	CDS	ND2	NADH dehydrogenase subunit 2	12685-13696:-1
NC_045938.1	tRNA		tRNA-Ile	13720-13792:-1
NC_045938.1	tRNA		tRNA-Met	13792-13862:-1
NC_045938.1	CDS	ND1	NADH dehydrogenase subunit 1	13862-14859:-1
NC_045938.1	tRNA		tRNA-Leu	14859-14931:-1
NC_045938.1	tRNA		tRNA-Asn	14931-15003:-1
NC_045938.1	tRNA		tRNA-Gln	15006-15080:1
NC_045938.1	tRNA		tRNA-Cys	15076-15141:1
NC_045938.1	tRNA		tRNA-Val	15140-15210:-1
NC_045938.1	tRNA		tRNA-Tyr	15208-15275:-1
NC_045938.1	tRNA		tRNA-Trp	15277-15348:1
NC_045937.1	CDS	COX1	cytochrome c oxidase subunit I	0-1590:1
NC_045937.1	tRNA		tRNA-Arg	1590-1661:1
NC_045937.1	CDS	ND4L	NADH dehydrogenase subunit 4L	1661-1958:1
NC_045937.1	CDS	COX2	cytochrome c oxidase subunit II	1965-2661:1
NC_045937.1	tRNA		tRNA-Lys	2665-2735:1
NC_045937.1	CDS	ATP8	ATP synthase F0 subunit 8	2737-2905:1
NC_045937.1	CDS	ATP6	ATP synthase F0 subunit 6	2892-3579:1
NC_045937.1	CDS	COX3	cytochrome c oxidase subunit III	3581-4379:1
NC_045937.1	tRNA		tRNA-Ser	4376-4450:-1
NC_045937.1	CDS	ND3	NADH dehydrogenase subunit 3	4460-4808:1
NC_045937.1	CDS	ND4	NADH dehydrogenase subunit 4	4810-6170:1
NC_045937.1	tRNA		tRNA-His	6171-6244:1
NC_045937.1	tRNA		tRNA-Ser	6411-6474:1
NC_045937.1	CDS	ND5	NADH dehydrogenase subunit 5	6475-8263:1
NC_045937.1	CDS	ND6	NADH dehydrogenase subunit 6	8275-8764:-1
NC_045937.1	tRNA		tRNA-Met	9672-9739:-1
NC_045937.1	tRNA		tRNA-Ala	9784-9849:-1
NC_045937.1	tRNA		tRNA-Glu	9854-9920:-1
NC_045937.1	tRNA		tRNA-Gly	9918-9985:-1
NC_045937.1	rRNA		16S ribosomal RNA	9985-11380:-1
NC_045937.1	tRNA		tRNA-Leu	11380-11450:-1
NC_045937.1	tRNA		tRNA-Pro	11451-11520:-1
NC_045937.1	rRNA		12S ribosomal RNA	11520-12421:-1
NC_045937.1	tRNA		tRNA-Phe	12421-12493:-1
NC_045937.1	tRNA		tRNA-Thr	12504-12574:-1
NC_045937.1	CDS	CYTB	cytochrome b	12573-13716:-1
NC_045937.1	tRNA		tRNA-Asp	13718-13786:-1
NC_045937.1	CDS	ND2	NADH dehydrogenase subunit 2	13865-14906:-1
NC_045937.1	tRNA		tRNA-Ile	14906-14976:-1
NC_045937.1	CDS	ND1	NADH dehydrogenase subunit 1	14987-15986:-1
NC_045937.1	tRNA		tRNA-Leu	15986-16059:-1
NC_045937.1	tRNA		tRNA-Asn	16060-16132:-1
NC_045937.1	tRNA		tRNA-Gln	16129-16202:1
NC_045937.1	tRNA		tRNA-Cys	16200-16263:1
NC_045937.1	tRNA		tRNA-Val	16263-16334:-1
NC_045937.1	tRNA		tRNA-Tyr	16347-16416:-1
NC_045937.1	tRNA		tRNA-Trp	16425-16492:1
NC_045853.1	CDS	COX1	cytochrome c oxidase subunit I	0-1557:1
NC_045853.1	tRNA		tRNA-Arg	1563-1631:1
NC_045853.1	CDS	ND4L	NADH dehydrogenase subunit 4L	1630-1927:1
NC_045853.1	CDS	COX2	cytochrome c oxidase subunit II	1927-2615:1
NC_045853.1	tRNA		tRNA-Lys	2615-2680:1
NC_045853.1	CDS	ATP8	ATP synthase F0 subunit 8	2680-2848:1
NC_045853.1	CDS	ATP6	ATP synthase F0 subunit 6	2841-3525:1
NC_045853.1	CDS	COX3	cytochrome c oxidase subunit III	3527-4310:1
NC_045853.1	tRNA		tRNA-Ser	4308-4379:-1
NC_045853.1	CDS	ND3	NADH dehydrogenase subunit 3	4397-4742:1
NC_045853.1	CDS	ND4	NADH dehydrogenase subunit 4	4749-6106:1
NC_045853.1	tRNA		tRNA-His	6107-6175:1
NC_045853.1	tRNA		tRNA-Ser	6174-6244:1
NC_045853.1	CDS	ND5	NADH dehydrogenase subunit 5	6243-8073:1
NC_045853.1	CDS	ND6	NADH dehydrogenase subunit 6	8090-8579:-1
NC_045853.1	CDS	CYTB	cytochrome b	8587-9730:1
NC_045853.1	tRNA		tRNA-Phe	9731-9802:1
NC_045853.1	rRNA		12S ribosomal RNA	9802-10630:1
NC_045853.1	tRNA		tRNA-Glu	10630-10699:1
NC_045853.1	tRNA		tRNA-Thr	10699-10769:1
NC_045853.1	tRNA		tRNA-Pro	11213-11283:1
NC_045853.1	tRNA		tRNA-Gln	11279-11349:-1
NC_045853.1	tRNA		tRNA-Asn	11350-11421:1
NC_045853.1	tRNA		tRNA-Leu	11422-11494:1
NC_045853.1	tRNA		tRNA-Ala	11493-11560:-1
NC_045853.1	tRNA		tRNA-Trp	11560-11629:1
NC_045853.1	tRNA		tRNA-Cys	11629-11693:1
NC_045853.1	tRNA		tRNA-Val	11696-11766:-1
NC_045853.1	tRNA		tRNA-Met	11785-11855:1
NC_045853.1	tRNA		tRNA-Asp	11858-11928:-1
NC_045853.1	tRNA		tRNA-Tyr	11928-11996:1
NC_045853.1	tRNA		tRNA-Gly	11996-12062:1
NC_045853.1	tRNA		tRNA-Leu	12063-12134:1
NC_045853.1	CDS	ND1	NADH dehydrogenase subunit 1	12134-13106:1
NC_045853.1	tRNA		tRNA-Ile	13119-13187:1
NC_045853.1	CDS	ND2	NADH dehydrogenase subunit 2	13187-14231:1
NC_045853.1	rRNA		16S ribosomal RNA	14231-15790:1
NC_045944.1	CDS	CYTB	cytochrome b	0-1142:1
NC_045944.1	tRNA	trnP(TGG)	tRNA-Pro	1142-1211:1
NC_045944.1	tRNA	trnQ(TTG)	tRNA-Gln	1214-1286:-1
NC_045944.1	tRNA	trnN(GTT)	tRNA-Asn	1290-1364:1
NC_045944.1	tRNA	trnL(TAG)	tRNA-Leu	1366-1439:1
NC_045944.1	tRNA	trnA(TGC)	tRNA-Ala	1441-1514:-1
NC_045944.1	tRNA	trnW(TCA)	tRNA-Trp	1514-1582:1
NC_045944.1	tRNA	trnC(GCA)	tRNA-Cys	1582-1651:1
NC_045944.1	tRNA	trnV(TAC)	tRNA-Val	1653-1723:-1
NC_045944.1	tRNA	trnM(CAT)	tRNA-Met	1727-1801:1
NC_045944.1	tRNA	trnD(GTC)	tRNA-Asp	1807-1878:-1
NC_045944.1	tRNA	trnT(TGT)	tRNA-Thr	2131-2202:-1
NC_045944.1	tRNA	trnE(TTC)	tRNA-Glu	2203-2271:-1
NC_045944.1	rRNA	rrns	small subunit ribosomal RNA	2271-3120:-1
NC_045944.1	tRNA	trnF(GAA)	tRNA-Phe	3120-3193:-1
NC_045944.1	tRNA	trnL(TAA)	tRNA-Leu	3193-3265:-1
NC_045944.1	tRNA	trnG(TCC)	tRNA-Gly	3265-3333:-1
NC_045944.1	rRNA	rrnl	large subunit ribosomal RNA	3333-4870:-1
NC_045944.1	tRNA	trnY(GTA)	tRNA-Tyr	4870-4941:-1
NC_045944.1	CDS	ND2	NADH dehydrogenase subunit 2	4941-5979:-1
NC_045944.1	tRNA	trnI(GAT)	tRNA-Ile	5980-6051:-1
NC_045944.1	CDS	ND1	NADH dehydrogenase subunit 1	6055-7024:-1
NC_045944.1	CDS	COX1	cytochrome c oxidase subunit I	7099-8656:1
NC_045944.1	tRNA	trnR(TCG)	tRNA-Arg	8654-8723:1
NC_045944.1	CDS	ND4L	NADH dehydrogenase subunit 4L	8723-9020:1
NC_045944.1	CDS	COX2	cytochrome c oxidase subunit II	9026-9716:1
NC_045944.1	tRNA	trnK(CTT)	tRNA-Lys	9721-9794:1
NC_045944.1	CDS	ATP8	ATP synthase F0 subunit 8	9794-9962:1
NC_045944.1	CDS	ATP6	ATP synthase F0 subunit 6	9955-10645:1
NC_045944.1	CDS	COX3	cytochrome c oxidase subunit III	10677-11460:1
NC_045944.1	tRNA	trnS(TGA)	tRNA-Ser	11458-11530:-1
NC_045944.1	CDS	ND3	NADH dehydrogenase subunit 3	11533-11887:1
NC_045944.1	CDS	ND4	NADH dehydrogenase subunit 4	11900-13283:1
NC_045944.1	tRNA	trnH(GTG)	tRNA-His	13283-13352:1
NC_045944.1	tRNA	trnS(GCT)	tRNA-Ser	13359-13427:1
NC_045944.1	CDS	ND5	NADH dehydrogenase subunit 5	13428-15309:1
NC_045944.1	CDS	ND6	NADH dehydrogenase subunit 6	15310-15805:-1
NC_045939.1	CDS	COX1	cytochrome c oxidase subunit I	0-1617:1
NC_045939.1	tRNA		tRNA-Arg	1616-1679:1
NC_045939.1	CDS	ND4L	NADH dehydrogenase subunit 4L	1681-1975:1
NC_045939.1	CDS	COX2	cytochrome c oxidase subunit II	1977-2673:1
NC_045939.1	tRNA		tRNA-Lys	2682-2754:1
NC_045939.1	CDS	ATP8	ATP synthase F0 subunit 8	2754-2928:1
NC_045939.1	CDS	ATP6	ATP synthase F0 subunit 6	2915-3599:1
NC_045939.1	CDS	COX3	cytochrome c oxidase subunit III	3601-4399:1
NC_045939.1	tRNA		tRNA-Ser	4396-4471:-1
NC_045939.1	CDS	ND3	NADH dehydrogenase subunit 3	4477-4819:1
NC_045939.1	CDS	ND4	NADH dehydrogenase subunit 4	4821-6180:1
NC_045939.1	tRNA		tRNA-His	6183-6254:1
NC_045939.1	tRNA		tRNA-Ser	6253-6323:1
NC_045939.1	CDS	ND5	NADH dehydrogenase subunit 5	6322-8107:1
NC_045939.1	CDS	ND6	NADH dehydrogenase subunit 6	8258-8738:-1
NC_045939.1	tRNA		tRNA-Met	9435-9503:1
NC_045939.1	tRNA		tRNA-Ala	9503-9569:-1
NC_045939.1	tRNA		tRNA-Glu	9568-9635:-1
NC_045939.1	tRNA		tRNA-Gly	9629-9699:-1
NC_045939.1	rRNA		16S ribosomal RNA	9699-11109:-1
NC_045939.1	tRNA		tRNA-Leu	11109-11183:-1
NC_045939.1	tRNA		tRNA-Pro	11183-11251:-1
NC_045939.1	rRNA		12S ribosomal RNA	11251-12136:-1
NC_045939.1	tRNA		tRNA-Phe	12136-12208:-1
NC_045939.1	tRNA		tRNA-Thr	12271-12339:-1
NC_045939.1	CDS	CYTB	cytochrome b	12339-13480:-1
NC_045939.1	tRNA		tRNA-Asp	13483-13552:-1
NC_045939.1	CDS	ND2	NADH dehydrogenase subunit 2	13559-14603:-1
NC_045939.1	tRNA		tRNA-Ile	14640-14711:-1
NC_045939.1	CDS	ND1	NADH dehydrogenase subunit 1	14709-15714:-1
NC_045939.1	tRNA		tRNA-Leu	15713-15788:-1
NC_045939.1	tRNA		tRNA-Asn	15791-15864:-1
NC_045939.1	tRNA		tRNA-Gln	15866-15937:1
NC_045939.1	tRNA		tRNA-Cys	15935-16001:1
NC_045939.1	tRNA		tRNA-Val	16000-16070:-1
NC_045939.1	tRNA		tRNA-Tyr	16068-16141:-1
NC_045939.1	tRNA		tRNA-Trp	16143-16214:1
NC_044861.1	CDS	COX1	cytochrome c oxidase subunit I	0-1605:1
NC_044861.1	tRNA		tRNA-Arg	1608-1677:1
NC_044861.1	CDS	ND4L	NADH dehydrogenase subunit 4L	1677-1974:1
NC_044861.1	CDS	COX2	cytochrome c oxidase subunit II	1976-2669:1
NC_044861.1	tRNA		tRNA-Lys	2672-2743:1
NC_044861.1	CDS	ATP8	ATP synthase F0 subunit 8	2743-2905:1
NC_044861.1	CDS	ATP6	ATP synthase F0 subunit 6	2898-3603:1
NC_044861.1	CDS	COX3	cytochrome c oxidase subunit III	3607-4405:1
NC_044861.1	tRNA		tRNA-Ser	4403-4474:-1
NC_044861.1	CDS	ND3	NADH dehydrogenase subunit 3	4478-4832:1
NC_044861.1	CDS	ND4	NADH dehydrogenase subunit 4	4834-6195:1
NC_044861.1	tRNA		tRNA-His	6195-6263:1
NC_044861.1	tRNA		tRNA-Ser	6262-6331:1
NC_044861.1	CDS	ND5	NADH dehydrogenase subunit 5	6330-8124:1
NC_044861.1	CDS	ND6	NADH dehydrogenase subunit 6	8135-8615:-1
NC_044861.1	tRNA		tRNA-Gly	9432-9498:-1
NC_044861.1	rRNA		16S ribosomal RNA	9498-11266:-1
NC_044861.1	tRNA		tRNA-Met	11266-11333:-1
NC_044861.1	tRNA		tRNA-Pro	11333-11401:-1
NC_044861.1	rRNA		12S ribosomal RNA	11401-12295:-1
NC_044861.1	tRNA		tRNA-Phe	12295-12365:-1
NC_044861.1	tRNA		tRNA-Glu	12390-12455:-1
NC_044861.1	tRNA		tRNA-Cys	12457-12519:1
NC_044861.1	tRNA		tRNA-Val	12518-12588:-1
NC_044861.1	tRNA		tRNA-Tyr	12587-12651:-1
NC_044861.1	tRNA		tRNA-Leu	12655-12721:-1
NC_044861.1	tRNA		tRNA-Ala	12724-12791:-1
NC_044861.1	tRNA		tRNA-Gln	12795-12864:-1
NC_044861.1	tRNA		tRNA-Asn	12862-12934:1
NC_044861.1	tRNA		tRNA-Leu	12943-13012:1
NC_044861.1	CDS	ND1	NADH dehydrogenase subunit 1	13013-14015:1
NC_044861.1	tRNA		tRNA-Ile	14015-14087:1
NC_044861.1	CDS	ND2	NADH dehydrogenase subunit 2	14089-15145:1
NC_044861.1	tRNA		tRNA-Asp	15145-15215:1
NC_044861.1	CDS	CYTB	cytochrome b	15215-16356:1
NC_044861.1	tRNA		tRNA-Thr	16356-16422:1
NC_044861.1	tRNA		tRNA-Trp	16537-16603:1
NC_044109.1	CDS	COX1	cytochrome c oxidase subunit I	0-1602:1
NC_044109.1	tRNA		tRNA-Arg	1601-1670:1
NC_044109.1	CDS	ND4L	NADH dehydrogenase subunit 4L	1672-1969:1
NC_044109.1	CDS	COX2	cytochrome c oxidase subunit II	1970-2663:1
NC_044109.1	tRNA		tRNA-Lys	2662-2730:1
NC_044109.1	CDS	ATP8	ATP synthase F0 subunit 8	2730-2895:1
NC_044109.1	CDS	ATP6	ATP synthase F0 subunit 6	2879-3575:1
NC_044109.1	CDS	COX3	cytochrome c oxidase subunit III	3577-4372:1
NC_044109.1	tRNA		tRNA-Ser	4370-4444:-1
NC_044109.1	CDS	ND3	NADH dehydrogenase subunit 3	4450-4804:1
NC_044109.1	CDS	ND4	NADH dehydrogenase subunit 4	4810-6172:1
NC_044109.1	tRNA		tRNA-His	6178-6246:1
NC_044109.1	tRNA		tRNA-Ser	6249-6315:1
NC_044109.1	CDS	ND5	NADH dehydrogenase subunit 5	6317-8120:1
NC_044109.1	CDS	ND6	NADH dehydrogenase subunit 6	8136-8619:-1
NC_044109.1	tRNA		tRNA-Met	9104-9174:-1
NC_044109.1	tRNA		tRNA-Ala	9185-9252:-1
NC_044109.1	tRNA		tRNA-Pro	9331-9399:-1
NC_044109.1	rRNA		12S ribosomal RNA	9399-10299:-1
NC_044109.1	tRNA		tRNA-Phe	10299-10369:-1
NC_044109.1	tRNA		tRNA-Glu	10387-10452:-1
NC_044109.1	tRNA		tRNA-Gly	10599-10666:-1
NC_044109.1	rRNA		16S ribosomal RNA	10666-12083:-1
NC_044109.1	tRNA		tRNA-Leu	12083-12153:-1
NC_044109.1	tRNA		tRNA-Thr	12156-12223:-1
NC_044109.1	CDS	CYTB	cytochrome b	12223-13364:-1
NC_044109.1	tRNA		tRNA-Asp	13364-13434:-1
NC_044109.1	CDS	ND2	NADH dehydrogenase subunit 2	13435-14497:-1
NC_044109.1	tRNA		tRNA-Ile	14498-14570:-1
NC_044109.1	CDS	ND1	NADH dehydrogenase subunit 1	14585-15590:-1
NC_044109.1	tRNA		tRNA-Leu	15593-15666:-1
NC_044109.1	tRNA		tRNA-Asn	15672-15745:-1
NC_044109.1	tRNA		tRNA-Gln	15743-15814:1
NC_044109.1	tRNA		tRNA-Cys	15814-15878:1
NC_044109.1	tRNA		tRNA-Val	15878-15950:-1
NC_044109.1	tRNA		tRNA-Tyr	15951-16020:-1
NC_044109.1	tRNA		tRNA-Trp	16072-16143:1
NC_042741.1	CDS	ND2	NADH dehydrogenase subunit 2	25-1087:-1
NC_042741.1	tRNA	trnI(gat)	tRNA-Ile	1087-1159:-1
NC_042741.1	CDS	ND1	NADH dehydrogenase subunit 1	1159-2137:-1
NC_042741.1	tRNA	trnL2(taa)	tRNA-Leu	2137-2210:-1
NC_042741.1	tRNA	trnG(tcc)	tRNA-Gly	2247-2317:-1
NC_042741.1	tRNA	trnY(gta)	tRNA-Tyr	2321-2393:-1
NC_042741.1	tRNA	trnD(gtc)	tRNA-Asp	2396-2468:1
NC_042741.1	tRNA	trnM(cat)	tRNA-Met	2469-2542:-1
NC_042741.1	tRNA	trnV(tac)	tRNA-Val	2565-2627:1
NC_042741.1	tRNA	trnC(gca)	tRNA-Cys	2632-2701:-1
NC_042741.1	tRNA	trnW(tca)	tRNA-Trp	2702-2771:-1
NC_042741.1	tRNA	trnA(tgc)	tRNA-Ala	2781-2853:1
NC_042741.1	tRNA	trnL1(tag)	tRNA-Leu	2856-2930:-1
NC_042741.1	tRNA	trnN(gtt)	tRNA-Asn	2930-3002:-1
NC_042741.1	tRNA	trnQ(ttg)	tRNA-Gln	3006-3078:1
NC_042741.1	tRNA	trnP(tgg)	tRNA-Pro	3079-3148:-1
NC_042741.1	CDS	COX1	cytochrome c oxidase subunit I	3177-4731:1
NC_042741.1	tRNA	trnR(tcg)	tRNA-Arg	4731-4801:1
NC_042741.1	CDS	ND4L	NADH dehydrogenase subunit 4L	4801-5098:1
NC_042741.1	CDS	COX2	cytochrome c oxidase subunit II	5098-5788:1
NC_042741.1	tRNA	trnK(ctt)	tRNA-Lys	5792-5867:1
NC_042741.1	CDS	ATP8	ATP synthase F0 subunit 8	5870-6038:1
NC_042741.1	CDS	ATP6	ATP synthase F0 subunit 6	6028-6715:1
NC_042741.1	CDS	COX3	cytochrome c oxidase subunit III	6718-7501:1
NC_042741.1	tRNA	trnS2(tga)	tRNA-Ser	7499-7570:-1
NC_042741.1	CDS	ND3	NADH dehydrogenase subunit 3	7595-7946:1
NC_042741.1	CDS	ND4	NADH dehydrogenase subunit 4	7958-9341:1
NC_042741.1	tRNA	trnH(gtg)	tRNA-His	9492-9561:1
NC_042741.1	tRNA	trnS1(gct)	tRNA-Ser	9562-9630:1
NC_042741.1	CDS	ND5	NADH dehydrogenase subunit 5	9630-11550:1
NC_042741.1	CDS	ND6	NADH dehydrogenase subunit 6	11575-12064:-1
NC_042741.1	CDS	CYTB	cytochrome b	12079-13217:1
NC_042741.1	tRNA	trnF(gaa)	tRNA-Phe	13217-13289:1
NC_042741.1	rRNA		12S ribosomal RNA	13288-14183:1
NC_042741.1	tRNA	trnE(ttc)	tRNA-Glu	14183-14250:1
NC_042741.1	tRNA	trnT(tgt)	tRNA-Thr	14252-14322:1
NC_042741.1	rRNA		16S ribosomal RNA	14789-16346:-1
NC_042738.1	CDS	COX1	cytochrome c oxidase subunit I	0-1602:1
NC_042738.1	tRNA		tRNA-Arg	1600-1668:1
NC_042738.1	CDS	ND4L	NADH dehydrogenase subunit 4L	1668-1965:1
NC_042738.1	CDS	COX2	cytochrome c oxidase subunit II	1966-2656:1
NC_042738.1	tRNA		tRNA-Lys	2656-2731:1
NC_042738.1	CDS	ATP8	ATP synthase F0 subunit 8	2731-2860:1
NC_042738.1	CDS	ATP6	ATP synthase F0 subunit 6	2840-3539:1
NC_042738.1	CDS	COX3	cytochrome c oxidase subunit III	3547-4345:1
NC_042738.1	tRNA		tRNA-Ser	4343-4414:-1
NC_042738.1	CDS	ND3	NADH dehydrogenase subunit 3	4441-4801:1
NC_042738.1	CDS	ND4	NADH dehydrogenase subunit 4	4807-6166:1
NC_042738.1	tRNA		tRNA-His	6174-6246:1
NC_042738.1	tRNA		tRNA-Ser	6246-6314:1
NC_042738.1	CDS	ND5	NADH dehydrogenase subunit 5	6314-8096:1
NC_042738.1	CDS	ND6	NADH dehydrogenase subunit 6	8793-9276:-1
NC_042738.1	tRNA		tRNA-Ala	9527-9593:-1
NC_042738.1	tRNA		tRNA-Glu	9599-9665:-1
NC_042738.1	tRNA		tRNA-Gly	9665-9730:-1
NC_042738.1	rRNA		16S ribosomal RNA	9730-11172:-1
NC_042738.1	tRNA		tRNA-Leu	11172-11243:-1
NC_042738.1	tRNA		tRNA-Pro	11244-11310:-1
NC_042738.1	rRNA		12S ribosomal RNA	11310-12208:-1
NC_042738.1	tRNA		tRNA-Phe	12208-12278:-1
NC_042738.1	tRNA		tRNA-Thr	12282-12350:-1
NC_042738.1	CDS	CYTB	cytochrome b	12350-13494:-1
NC_042738.1	tRNA		tRNA-Asp	13495-13567:-1
NC_042738.1	CDS	ND2	NADH dehydrogenase subunit 2	13574-14621:-1
NC_042738.1	tRNA		tRNA-Ile	14622-14693:-1
NC_042738.1	tRNA		tRNA-Met	14699-14769:-1
NC_042738.1	CDS	ND1	NADH dehydrogenase subunit 1	14767-15766:-1
NC_042738.1	tRNA		tRNA-Leu	15766-15839:-1
NC_042738.1	tRNA		tRNA-Asn	15841-15914:-1
NC_042738.1	tRNA		tRNA-Gln	15912-15984:1
NC_042738.1	tRNA		tRNA-Cys	15995-16062:1
NC_042738.1	tRNA		tRNA-Val	16065-16135:-1
NC_042738.1	tRNA		tRNA-Tyr	16139-16207:-1
NC_042738.1	tRNA		tRNA-Trp	16221-16291:1
NC_041450.1	CDS	ND2	NADH dehydrogenase subunit 2	0-1062:-1
NC_041450.1	tRNA		tRNA-Ile	1062-1134:-1
NC_041450.1	CDS	ND1	NADH dehydrogenase subunit 1	1135-2113:-1
NC_041450.1	tRNA		tRNA-Leu	2113-2186:1
NC_041450.1	tRNA		tRNA-Gly	2210-2280:-1
NC_041450.1	tRNA		tRNA-Tyr	2281-2351:-1
NC_041450.1	tRNA		tRNA-Asp	2353-2423:1
NC_041450.1	tRNA		tRNA-Met	2423-2495:-1
NC_041450.1	tRNA		tRNA-Val	2493-2564:1
NC_041450.1	tRNA		tRNA-Cys	2564-2632:-1
NC_041450.1	tRNA		tRNA-Trp	2632-2702:-1
NC_041450.1	tRNA		tRNA-Ala	2712-2784:1
NC_041450.1	tRNA		tRNA-Leu	2785-2857:-1
NC_041450.1	tRNA		tRNA-Asn	2858-2930:-1
NC_041450.1	tRNA		tRNA-Gln	2931-3002:1
NC_041450.1	tRNA		tRNA-Pro	3002-3071:-1
NC_041450.1	CDS	COX1	cytochrome c oxidase subunit I	3101-4655:1
NC_041450.1	tRNA		tRNA-Arg	4656-4726:1
NC_041450.1	CDS	ND4L	NADH dehydrogenase subunit 4L	4726-5023:1
NC_041450.1	CDS	COX2	cytochrome c oxidase subunit II	5023-5711:1
NC_041450.1	tRNA		tRNA-Lys	5711-5783:1
NC_041450.1	CDS	ATP8	ATP synthase F0 subunit 8	5784-5952:1
NC_041450.1	CDS	ATP6	ATP synthase F0 subunit 6	5936-6629:1
NC_041450.1	CDS	COX3	cytochrome c oxidase subunit III	6642-7425:1
NC_041450.1	tRNA		tRNA-Ser	7423-7494:-1
NC_041450.1	CDS	ND3	NADH dehydrogenase subunit 3	7512-7863:1
NC_041450.1	CDS	ND4	NADH dehydrogenase subunit 4	7881-9264:1
NC_041450.1	tRNA		tRNA-His	9439-9509:1
NC_041450.1	tRNA		tRNA-Ser	9510-9577:1
NC_041450.1	CDS	ND5	NADH dehydrogenase subunit 5	9577-11485:1
NC_041450.1	CDS	ND6	NADH dehydrogenase subunit 6	11496-11988:-1
NC_041450.1	CDS	CYTB	cytochrome b	12005-13143:1
NC_041450.1	tRNA		tRNA-Phe	13143-13214:1
NC_041450.1	rRNA		12S ribosomal RNA	13214-14112:1
NC_041450.1	tRNA		tRNA-Glu	14112-14180:1
NC_041450.1	tRNA		tRNA-Thr	14180-14251:1
NC_041450.1	rRNA		16S ribosomal RNA	14689-16335:-1
NC_040968.1	CDS	COX1	cytochrome c oxidase subunit I	0-1554:1
NC_040968.1	tRNA		tRNA-Arg	1559-1625:1
NC_040968.1	CDS	ND4L	NADH dehydrogenase subunit 4L	1625-1922:1
NC_040968.1	CDS	COX2	cytochrome c oxidase subunit II	1922-2611:1
NC_040968.1	tRNA		tRNA-Lys	2611-2675:1
NC_040968.1	CDS	ATP8	ATP synthase F0 subunit 8	2676-2844:1
NC_040968.1	CDS	ATP6	ATP synthase F0 subunit 6	2837-3521:1
NC_040968.1	CDS	COX3	cytochrome c oxidase subunit III	3524-4307:1
NC_040968.1	tRNA		tRNA-Ser	4305-4371:-1
NC_040968.1	CDS	ND3	NADH dehydrogenase subunit 3	4393-4738:1
NC_040968.1	CDS	ND4	NADH dehydrogenase subunit 4	4742-6102:1
NC_040968.1	tRNA		tRNA-His	6102-6176:1
NC_040968.1	tRNA		tRNA-Ser	6177-6244:1
NC_040968.1	CDS	ND5	NADH dehydrogenase subunit 5	6245-8078:1
NC_040968.1	CDS	ND6	NADH dehydrogenase subunit 6	8100-8589:-1
NC_040968.1	CDS	CYTB	cytochrome b	8597-9741:1
NC_040968.1	tRNA		tRNA-Phe	9741-9811:1
NC_040968.1	rRNA		12S ribosomal RNA	9811-10645:1
NC_040968.1	tRNA		tRNA-Glu	10645-10713:1
NC_040968.1	tRNA		tRNA-Ala	11773-11841:-1
NC_040968.1	tRNA		tRNA-Trp	11847-11916:1
NC_040968.1	tRNA		tRNA-Met	11939-12008:1
NC_040968.1	tRNA		tRNA-Gly	12019-12085:1
NC_040968.1	tRNA		tRNA-Pro	12281-12350:1
NC_040968.1	tRNA		tRNA-Gln	12346-12417:-1
NC_040968.1	tRNA		tRNA-Asn	12417-12484:1
NC_040968.1	tRNA		tRNA-Leu	12484-12556:1
NC_040968.1	tRNA		tRNA-Cys	12564-12630:1
NC_040968.1	tRNA		tRNA-Val	12630-12700:-1
NC_040968.1	tRNA		tRNA-Asp	12706-12773:-1
NC_040968.1	tRNA		tRNA-Tyr	12773-12842:1
NC_040968.1	tRNA		tRNA-Leu	12865-12937:1
NC_040968.1	CDS	ND1	NADH dehydrogenase subunit 1	12940-13912:1
NC_040968.1	tRNA		tRNA-Ile	13923-13991:1
NC_040968.1	CDS	ND2	NADH dehydrogenase subunit 2	13991-15032:1
NC_040968.1	tRNA		tRNA-Thr	15034-15104:1
NC_040968.1	rRNA		16S ribosomal RNA	16114-17566:1
NC_040151.1	CDS	ND6	NADH dehydrogenase subunit 6	107-611:-1
NC_040151.1	tRNA	trnL(tag)	tRNA-Leu	1380-1440:-1
NC_040151.1	tRNA	trnG(tcc)	tRNA-Gly	1451-1516:-1
NC_040151.1	rRNA		16S ribosomal RNA	1516-2874:-1
NC_040151.1	tRNA	trnM(cat)	tRNA-Met	2914-2983:-1
NC_040151.1	tRNA	trnP(tgg)	tRNA-Pro	2988-3050:-1
NC_040151.1	rRNA		12S ribosomal RNA	3051-3941:-1
NC_040151.1	tRNA	trnF(gaa)	tRNA-Phe	3941-4007:-1
NC_040151.1	tRNA	trnE(ttc)	tRNA-Glu	4043-4108:-1
NC_040151.1	tRNA	trnC(gca)	tRNA-Cys	4111-4175:1
NC_040151.1	tRNA	trnV(tac)	tRNA-Val	4178-4248:-1
NC_040151.1	tRNA	trnY(gta)	tRNA-Tyr	4252-4318:-1
NC_040151.1	tRNA	trnA(tgc)	tRNA-Ala	4327-4392:-1
NC_040151.1	tRNA	trnQ(ttg)	tRNA-Gln	4393-4464:-1
NC_040151.1	tRNA	trnN(gtt)	tRNA-Asn	4462-4534:1
NC_040151.1	tRNA	trnL(taa)	tRNA-Leu	4538-4610:1
NC_040151.1	CDS	ND1	NADH dehydrogenase subunit 1	4610-5609:1
NC_040151.1	tRNA	trnI(gat)	tRNA-Ile	5622-5682:1
NC_040151.1	CDS	ND2	NADH dehydrogenase subunit 2	5682-6735:1
NC_040151.1	tRNA	trnD(gtc)	tRNA-Asp	6733-6800:1
NC_040151.1	CDS	CYTB	cytochrome b	6801-7941:1
NC_040151.1	tRNA	trnT(tgt)	tRNA-Thr	7941-8003:1
NC_040151.1	tRNA	trnW(tca)	tRNA-Trp	8369-8435:1
NC_040151.1	CDS	COX1	cytochrome c oxidase subunit I	8435-10040:1
NC_040151.1	tRNA	trnR(tcg)	tRNA-Arg	10039-10107:1
NC_040151.1	CDS	ND4L	NADH dehydrogenase subunit 4L	10107-10404:1
NC_040151.1	CDS	COX2	cytochrome c oxidase subunit II	10406-11099:1
NC_040151.1	tRNA	trnK(ctt)	tRNA-Lys	11101-11169:1
NC_040151.1	CDS	ATP8	ATP synthase F0 subunit 8	11169-11331:1
NC_040151.1	CDS	ATP6	ATP synthase F0 subunit 6	11324-12020:1
NC_040151.1	CDS	COX3	cytochrome c oxidase subunit III	12023-12821:1
NC_040151.1	tRNA	trnS(tga)	tRNA-Ser	12819-12890:-1
NC_040151.1	CDS	ND3	NADH dehydrogenase subunit 3	12895-13249:1
NC_040151.1	CDS	ND4	NADH dehydrogenase subunit 4	13251-14614:1
NC_040151.1	tRNA	trnH(gtg)	tRNA-His	14613-14681:1
NC_040151.1	tRNA	trnS(gct)	tRNA-Ser	14682-14749:1
NC_040151.1	CDS	ND5	NADH dehydrogenase subunit 5	14749-16594:1
NC_040150.1	tRNA	trnL(tag)	tRNA-Leu	383-444:-1
NC_040150.1	tRNA	trnG(tcc)	tRNA-Gly	451-516:-1
NC_040150.1	rRNA		16S ribosomal RNA	525-1867:-1
NC_040150.1	tRNA	trnM(cat)	tRNA-Met	1921-1990:-1
NC_040150.1	tRNA	trnP(tgg)	tRNA-Pro	1994-2056:-1
NC_040150.1	rRNA		12S ribosomal RNA	2059-2947:-1
NC_040150.1	tRNA	trnF(gaa)	tRNA-Phe	2946-3012:-1
NC_040150.1	tRNA	trnE(ttc)	tRNA-Glu	3048-3108:-1
NC_040150.1	tRNA	trnC(gca)	tRNA-Cys	3115-3177:1
NC_040150.1	tRNA	trnV(tac)	tRNA-Val	3178-3248:-1
NC_040150.1	tRNA	trnY(gta)	tRNA-Tyr	3246-3311:-1
NC_040150.1	tRNA	trnA(tgc)	tRNA-Ala	3333-3397:-1
NC_040150.1	tRNA	trnQ(ttg)	tRNA-Gln	3398-3469:-1
NC_040150.1	tRNA	trnN(gtt)	tRNA-Asn	3467-3539:1
NC_040150.1	tRNA	trnL(taa)	tRNA-Leu	3540-3612:1
NC_040150.1	CDS	ND1	NADH dehydrogenase subunit 1	3615-4611:1
NC_040150.1	tRNA	trnI(gat)	tRNA-Ile	4611-4684:1
NC_040150.1	tRNA	trnL(caa)	tRNA-Leu	4635-4685:1
NC_040150.1	CDS	ND2	NADH dehydrogenase subunit 2	4685-5735:1
NC_040150.1	tRNA	trnD(gtc)	tRNA-Asp	5733-5800:1
NC_040150.1	CDS	CYTB	cytochrome b	5801-6941:1
NC_040150.1	tRNA	trnT(tgt)	tRNA-Thr	6940-7006:1
NC_040150.1	tRNA	trnW(tca)	tRNA-Trp	7060-7126:1
NC_040150.1	CDS	COX1	cytochrome c oxidase subunit I	7126-8731:1
NC_040150.1	tRNA	trnR(tcg)	tRNA-Arg	8730-8798:1
NC_040150.1	CDS	ND4L	NADH dehydrogenase subunit 4L	8798-9095:1
NC_040150.1	CDS	COX2	cytochrome c oxidase subunit II	9097-9790:1
NC_040150.1	tRNA	trnK(ctt)	tRNA-Lys	9792-9856:1
NC_040150.1	CDS	ATP8	ATP synthase F0 subunit 8	9856-10018:1
NC_040150.1	CDS	ATP6	ATP synthase F0 subunit 6	10011-10704:1
NC_040150.1	CDS	COX3	cytochrome c oxidase subunit III	10708-11506:1
NC_040150.1	tRNA	trnS(tga)	tRNA-Ser	11504-11575:-1
NC_040150.1	CDS	ND3	NADH dehydrogenase subunit 3	11578-11932:1
NC_040150.1	CDS	ND4	NADH dehydrogenase subunit 4	11934-13295:1
NC_040150.1	tRNA	trnH(gtg)	tRNA-His	13295-13363:1
NC_040150.1	tRNA	trnS(gct)	tRNA-Ser	13364-13431:1
NC_040150.1	CDS	ND5	NADH dehydrogenase subunit 5	13431-15213:1
NC_040150.1	CDS	ND6	NADH dehydrogenase subunit 6	15457-15922:-1
NC_040149.1	tRNA	trnG(tcc)	tRNA-Gly	358-425:-1
NC_040149.1	rRNA		16S ribosomal RNA	452-1818:-1
NC_040149.1	tRNA	trnM(cat)	tRNA-Met	1848-1918:-1
NC_040149.1	tRNA	trnP(tgg)	tRNA-Pro	1927-1991:-1
NC_040149.1	rRNA		12S ribosomal RNA	1992-2884:-1
NC_040149.1	tRNA	trnF(gaa)	tRNA-Phe	2893-2965:-1
NC_040149.1	tRNA	trnE(ttc)	tRNA-Glu	2992-3057:-1
NC_040149.1	tRNA	trnC(gca)	tRNA-Cys	3066-3130:1
NC_040149.1	tRNA	trnV(tac)	tRNA-Val	3133-3204:-1
NC_040149.1	tRNA	trnY(gta)	tRNA-Tyr	3204-3270:-1
NC_040149.1	tRNA	trnL(tag)	tRNA-Leu	3279-3346:-1
NC_040149.1	tRNA	trnA(tgc)	tRNA-Ala	3350-3416:-1
NC_040149.1	tRNA	trnQ(ttg)	tRNA-Gln	3419-3490:-1
NC_040149.1	tRNA	trnN(gtt)	tRNA-Asn	3488-3560:1
NC_040149.1	tRNA	trnL(taa)	tRNA-Leu	3564-3634:1
NC_040149.1	CDS	ND1	NADH dehydrogenase subunit 1	3639-4650:1
NC_040149.1	tRNA	trnI(gat)	tRNA-Ile	4663-4721:1
NC_040149.1	CDS	ND2	NADH dehydrogenase subunit 2	4722-5778:1
NC_040149.1	tRNA	trnD(gtc)	tRNA-Asp	5779-5850:1
NC_040149.1	CDS	CYTB	cytochrome b	5852-6998:1
NC_040149.1	tRNA	trnT(tgt)	tRNA-Thr	6997-7064:1
NC_040149.1	tRNA	trnW(tca)	tRNA-Trp	7186-7254:1
NC_040149.1	CDS	COX1	cytochrome c oxidase subunit I	7254-8859:1
NC_040149.1	tRNA	trnR(tcg)	tRNA-Arg	8861-8929:1
NC_040149.1	CDS	ND4L	NADH dehydrogenase subunit 4L	8929-9226:1
NC_040149.1	CDS	COX2	cytochrome c oxidase subunit II	9228-9921:1
NC_040149.1	tRNA	trnK(ctt)	tRNA-Lys	9926-9997:1
NC_040149.1	CDS	ATP8	ATP synthase F0 subunit 8	9997-10162:1
NC_040149.1	CDS	ATP6	ATP synthase F0 subunit 6	10152-10848:1
NC_040149.1	CDS	COX3	cytochrome c oxidase subunit III	10852-11650:1
NC_040149.1	tRNA	trnS(tga)	tRNA-Ser	11648-11720:-1
NC_040149.1	CDS	ND3	NADH dehydrogenase subunit 3	11725-12079:1
NC_040149.1	CDS	ND4	NADH dehydrogenase subunit 4	12081-13443:1
NC_040149.1	tRNA	trnH(gtg)	tRNA-His	13442-13510:1
NC_040149.1	tRNA	trnS(gct)	tRNA-Ser	13510-13577:1
NC_040149.1	CDS	ND5	NADH dehydrogenase subunit 5	13577-15371:1
NC_040149.1	CDS	ND6	NADH dehydrogenase subunit 6	15392-15872:-1
NC_040148.1	tRNA	trnM(cat)	tRNA-Met	9-79:-1
NC_040148.1	tRNA	trnA(tgc)	tRNA-Ala	78-141:-1
NC_040148.1	tRNA	trnP(tgg)	tRNA-Pro	252-318:-1
NC_040148.1	rRNA		12S ribosomal RNA	319-1189:-1
NC_040148.1	tRNA	trnF(gaa)	tRNA-Phe	1194-1260:-1
NC_040148.1	tRNA	trnG(tcc)	tRNA-Gly	1646-1711:-1
NC_040148.1	rRNA		16S ribosomal RNA	1716-3077:-1
NC_040148.1	tRNA	trnL(tag)	tRNA-Leu	3097-3162:-1
NC_040148.1	tRNA	trnT(tgt)	tRNA-Thr	3166-3232:-1
NC_040148.1	CDS	CYTB	cytochrome b	3234-4371:-1
NC_040148.1	tRNA	trnD(gtc)	tRNA-Asp	4371-4436:-1
NC_040148.1	CDS	ND2	NADH dehydrogenase subunit 2	4445-5501:-1
NC_040148.1	tRNA	trnI	tRNA-Ile	5502-5572:-1
NC_040148.1	CDS	ND1	NADH dehydrogenase subunit 1	5582-6563:-1
NC_040148.1	tRNA	trnL(taa)	tRNA-Leu	6588-6661:-1
NC_040148.1	tRNA	trnN(gtt)	tRNA-Asn	6661-6732:-1
NC_040148.1	tRNA	trnQ(ttg)	tRNA-Gln	6731-6802:1
NC_040148.1	tRNA	trnC(gca)	tRNA-Cys	6807-6870:1
NC_040148.1	tRNA	trnV(tac)	tRNA-Val	6868-6938:-1
NC_040148.1	tRNA	trnY(gta)	tRNA-Tyr	6942-7010:-1
NC_040148.1	tRNA	trnW(tca)	tRNA-Trp	7049-7117:1
NC_040148.1	CDS	COX1	cytochrome c oxidase subunit I	7117-8725:1
NC_040148.1	tRNA	trnR(tcg)	tRNA-Arg	8723-8790:1
NC_040148.1	CDS	ND4L	NADH dehydrogenase subunit 4L	8791-9088:1
NC_040148.1	CDS	COX2	cytochrome c oxidase subunit II	9088-9772:1
NC_040148.1	tRNA	trnK(ctt)	tRNA-Lys	10928-10999:1
NC_040148.1	CDS	ATP8	ATP synthase F0 subunit 8	10999-11167:1
NC_040148.1	CDS	ATP6	ATP synthase F0 subunit 6	11502-12198:1
NC_040148.1	CDS	COX3	cytochrome c oxidase subunit III	12200-12998:1
NC_040148.1	tRNA	trnS(tga)	tRNA-Ser	12998-13068:-1
NC_040148.1	CDS	ND3	NADH dehydrogenase subunit 3	13068-13425:1
NC_040148.1	CDS	ND4	NADH dehydrogenase subunit 4	13426-14785:1
NC_040148.1	tRNA	trnH(gtg)	tRNA-His	14787-14854:1
NC_040148.1	tRNA	trnS(gct)	tRNA-Ser	14856-14923:1
NC_040148.1	CDS	ND5	NADH dehydrogenase subunit 5	14924-16721:1
NC_040148.1	CDS	ND6	NADH dehydrogenase subunit 6	16736-17219:-1
NC_040148.1	tRNA	trnE(ttc)	tRNA-Glu	17507-17571:-1
NC_040147.1	CDS	COX3	cytochrome c oxidase subunit III	8-803:1
NC_040147.1	tRNA	trnS(tga)	tRNA-Ser	801-873:-1
NC_040147.1	CDS	ND3	NADH dehydrogenase subunit 3	884-1238:1
NC_040147.1	CDS	ND4	NADH dehydrogenase subunit 4	1246-2609:1
NC_040147.1	tRNA	trnH(gtg)	tRNA-His	2609-2682:1
NC_040147.1	tRNA	trnS(gct)	tRNA-Ser	2690-2758:1
NC_040147.1	CDS	ND5	NADH dehydrogenase subunit 5	2758-4534:1
NC_040147.1	CDS	ND6	NADH dehydrogenase subunit 6	4550-5030:-1
NC_040147.1	tRNA	trnG(tcc)	tRNA-Gly	5633-5700:-1
NC_040147.1	tRNA	trnP(tgg)	tRNA-Pro	5772-5837:-1
NC_040147.1	rRNA		12S ribosomal RNA	5837-6732:-1
NC_040147.1	tRNA	trnF(gaa)	tRNA-Phe	6738-6813:-1
NC_040147.1	rRNA		16S ribosomal RNA	6841-8266:-1
NC_040147.1	tRNA	trnL(tag)	tRNA-Leu	8316-8382:-1
NC_040147.1	tRNA	trnM(cat)	tRNA-Met	8384-8453:-1
NC_040147.1	tRNA	trnA(tgc)	tRNA-Ala	8470-8540:-1
NC_040147.1	tRNA	trnE(ttc)	tRNA-Glu	8700-8769:-1
NC_040147.1	tRNA	trnT(tgt)	tRNA-Thr	8769-8837:-1
NC_040147.1	CDS	CYTB	cytochrome b	8841-9984:-1
NC_040147.1	tRNA	trnD(gtc)	tRNA-Asp	9985-10052:-1
NC_040147.1	CDS	ND2	NADH dehydrogenase subunit 2	10059-11118:-1
NC_040147.1	tRNA	trnI(gat)	tRNA-Ile	11119-11191:-1
NC_040147.1	CDS	ND1	NADH dehydrogenase subunit 1	11202-12198:-1
NC_040147.1	tRNA	trnL(taa)	tRNA-Leu	12199-12272:-1
NC_040147.1	tRNA	trnN(gtt)	tRNA-Asn	12280-12352:-1
NC_040147.1	tRNA	trnQ(ttg)	tRNA-Gln	12350-12422:1
NC_040147.1	tRNA	trnC(gca)	tRNA-Cys	12433-12505:1
NC_040147.1	tRNA	trnV(tac)	tRNA-Val	12516-12586:-1
NC_040147.1	tRNA	trnY(gta)	tRNA-Tyr	12628-12695:-1
NC_040147.1	tRNA	trnW(tca)	tRNA-Trp	12706-12772:1
NC_040147.1	CDS	COX1	cytochrome c oxidase subunit I	12772-14380:1
NC_040147.1	tRNA	trnR(tcg)	tRNA-Arg	14379-14446:1
NC_040147.1	CDS	ND4L	NADH dehydrogenase subunit 4L	14449-14746:1
NC_040147.1	CDS	COX2	cytochrome c oxidase subunit II	14750-15443:1
NC_040147.1	tRNA	trnK(ctt)	tRNA-Lys	15444-15515:1
NC_040147.1	CDS	ATP8	ATP synthase F0 subunit 8	15519-15681:1
NC_040147.1	CDS	ATP6	ATP synthase F0 subunit 6	15674-16361:1
NC_040146.1	CDS	COX1	cytochrome c oxidase subunit I	0-1608:1
NC_040146.1	tRNA	trnR(tcg)	tRNA-Arg	1607-1674:1
NC_040146.1	CDS	ND4L	NADH dehydrogenase subunit 4L	1675-1972:1
NC_040146.1	CDS	COX2	cytochrome c oxidase subunit II	1976-2669:1
NC_040146.1	tRNA	trnK(ctt)	tRNA-Lys	2671-2742:1
NC_040146.1	CDS	ATP8	ATP synthase F0 subunit 8	2745-2904:1
NC_040146.1	CDS	ATP6	ATP synthase F0 subunit 6	2897-3587:1
NC_040146.1	CDS	COX3	cytochrome c oxidase subunit III	3591-4386:1
NC_040146.1	tRNA	trnS(tga)	tRNA-Ser	4384-4456:-1
NC_040146.1	CDS	ND3	NADH dehydrogenase subunit 3	4471-4825:1
NC_040146.1	CDS	ND4	NADH dehydrogenase subunit 4	4833-6196:1
NC_040146.1	tRNA	trnH(gtg)	tRNA-His	6196-6269:1
NC_040146.1	tRNA	trnS(gct)	tRNA-Ser	6275-6343:1
NC_040146.1	CDS	ND5	NADH dehydrogenase subunit 5	6343-8119:1
NC_040146.1	CDS	ND6	NADH dehydrogenase subunit 6	8134-8614:-1
NC_040146.1	tRNA	trnG(tcc)	tRNA-Gly	9224-9291:-1
NC_040146.1	tRNA	trnP(tgg)	tRNA-Pro	9444-9508:-1
NC_040146.1	rRNA		12S ribosomal RNA	9506-10398:-1
NC_040146.1	tRNA	trnF(gaa)	tRNA-Phe	10407-10479:-1
NC_040146.1	rRNA		16S ribosomal RNA	10534-11926:-1
NC_040146.1	tRNA	trnL(tag)	tRNA-Leu	11986-12055:-1
NC_040146.1	tRNA	trnM(cat)	tRNA-Met	12058-12126:-1
NC_040146.1	tRNA	trnA(tgc)	tRNA-Ala	12143-12212:-1
NC_040146.1	tRNA	trnE(ttc)	tRNA-Glu	12391-12460:-1
NC_040146.1	tRNA	trnT(tgt)	tRNA-Thr	12460-12526:-1
NC_040146.1	CDS	CYTB	cytochrome b	12529-13675:-1
NC_040146.1	tRNA	trnD(gtc)	tRNA-Asp	13676-13742:-1
NC_040146.1	CDS	ND2	NADH dehydrogenase subunit 2	13748-14801:-1
NC_040146.1	tRNA	trnI(gat)	tRNA-Ile	14802-14874:-1
NC_040146.1	CDS	ND1	NADH dehydrogenase subunit 1	14886-15882:-1
NC_040146.1	tRNA	trnL(taa)	tRNA-Leu	15883-15956:-1
NC_040146.1	tRNA	trnN(gtt)	tRNA-Asn	15961-16033:-1
NC_040146.1	tRNA	trnQ(ttg)	tRNA-Gln	16031-16102:1
NC_040146.1	tRNA	trnC(gca)	tRNA-Cys	16109-16178:1
NC_040146.1	tRNA	trnV(tac)	tRNA-Val	16192-16262:-1
NC_040146.1	tRNA	trnY(gta)	tRNA-Tyr	16296-16364:-1
NC_040146.1	tRNA	trnW(tca)	tRNA-Trp	16397-16463:1
NC_040145.1	tRNA	trnV(tac)	tRNA-Val	184-255:-1
NC_040145.1	tRNA	trnC(gca)	tRNA-Cys	355-421:1
NC_040145.1	tRNA	trnA(tgc)	tRNA-Ala	433-497:-1
NC_040145.1	tRNA	trnQ(ttg)	tRNA-Gln	497-568:-1
NC_040145.1	tRNA	trnN(gtt)	tRNA-Asn	566-638:1
NC_040145.1	tRNA	trnL(taa)	tRNA-Leu	636-708:1
NC_040145.1	CDS	ND1	NADH dehydrogenase subunit 1	709-1690:1
NC_040145.1	tRNA	trnI(gat)	tRNA-Ile	1688-1760:1
NC_040145.1	CDS	ND2	NADH dehydrogenase subunit 2	1761-2808:1
NC_040145.1	tRNA	trnD(gtc)	tRNA-Asp	2806-2875:1
NC_040145.1	CDS	CYTB	cytochrome b	2876-4016:1
NC_040145.1	tRNA	trnT(tgt)	tRNA-Thr	4015-4079:1
NC_040145.1	tRNA	trnW(tca)	tRNA-Trp	4102-4169:1
NC_040145.1	CDS	COX1	cytochrome c oxidase subunit I	4169-5774:1
NC_040145.1	tRNA	trnR(tcg)	tRNA-Arg	5773-5844:1
NC_040145.1	CDS	ND4L	NADH dehydrogenase subunit 4L	5844-6141:1
NC_040145.1	CDS	COX2	cytochrome c oxidase subunit II	6141-6834:1
NC_040145.1	tRNA	trnK(ctt)	tRNA-Lys	6835-6899:1
NC_040145.1	CDS	ATP8	ATP synthase F0 subunit 8	6899-7064:1
NC_040145.1	CDS	ATP6	ATP synthase F0 subunit 6	7048-7747:1
NC_040145.1	CDS	COX3	cytochrome c oxidase subunit III	7749-8547:1
NC_040145.1	tRNA	trnS(tga)	tRNA-Ser	8545-8616:-1
NC_040145.1	CDS	ND3	NADH dehydrogenase subunit 3	8616-8967:1
NC_040145.1	CDS	ND4	NADH dehydrogenase subunit 4	8969-10332:1
NC_040145.1	tRNA	trnH(gtg)	tRNA-His	10331-10397:1
NC_040145.1	tRNA	trnS(gct)	tRNA-Ser	10398-10466:1
NC_040145.1	CDS	ND5	NADH dehydrogenase subunit 5	10466-12260:1
NC_040145.1	CDS	ND6	NADH dehydrogenase subunit 6	12315-12768:-1
NC_040145.1	tRNA	trnG(tcc)	tRNA-Gly	13055-13123:-1
NC_040145.1	tRNA	trnL(tag)	tRNA-Leu	13612-13673:-1
NC_040145.1	rRNA		16S ribosomal RNA	14519-15904:-1
NC_040145.1	tRNA	trnM(cat)	tRNA-Met	15948-16017:-1
NC_040145.1	tRNA	trnP(tgg)	tRNA-Pro	16972-17034:-1
NC_040145.1	rRNA		12S ribosomal RNA	17038-17933:-1
NC_040145.1	tRNA	trnF(gaa)	tRNA-Phe	17932-18001:-1
NC_040145.1	tRNA	trnE(ttc)	tRNA-Glu	18026-18093:-1
NC_040145.1	tRNA	trnY(gta)	tRNA-Tyr	18121-18188:-1
NC_039982.1	CDS	ND2	NADH dehydrogenase subunit 2	0-1062:-1
NC_039982.1	tRNA		tRNA-Ile	1063-1132:-1
NC_039982.1	CDS	ND1	NADH dehydrogenase subunit 1	1146-2118:-1
NC_039982.1	tRNA		tRNA-Leu	2118-2191:-1
NC_039982.1	tRNA		tRNA-Gly	2215-2284:-1
NC_039982.1	tRNA		tRNA-Tyr	2285-2356:-1
NC_039982.1	tRNA		tRNA-Asp	2356-2426:1
NC_039982.1	tRNA		tRNA-Met	2427-2500:-1
NC_039982.1	tRNA		tRNA-Val	2508-2579:1
NC_039982.1	tRNA		tRNA-Cys	2577-2648:-1
NC_039982.1	tRNA		tRNA-Trp	2650-2721:-1
NC_039982.1	tRNA		tRNA-Ala	2734-2804:1
NC_039982.1	tRNA		tRNA-Leu	2803-2875:-1
NC_039982.1	tRNA		tRNA-Asn	2875-2947:-1
NC_039982.1	tRNA		tRNA-Gln	2950-3022:1
NC_039982.1	tRNA		tRNA-Pro	3022-3093:-1
NC_039982.1	CDS	COX1	cytochrome c oxidase subunit I	3129-4686:1
NC_039982.1	tRNA		tRNA-Arg	4686-4757:1
NC_039982.1	CDS	ND4L	NADH dehydrogenase subunit 4L	4757-5054:1
NC_039982.1	CDS	COX2	cytochrome c oxidase subunit II	5055-5745:1
NC_039982.1	tRNA		tRNA-Lys	5746-5821:1
NC_039982.1	CDS	ATP8	ATP synthase F0 subunit 8	5823-5991:1
NC_039982.1	CDS	ATP6	ATP synthase F0 subunit 6	5975-6668:1
NC_039982.1	CDS	COX3	cytochrome c oxidase subunit III	6672-7455:1
NC_039982.1	tRNA		tRNA-Ser	7453-7524:-1
NC_039982.1	CDS	ND3	NADH dehydrogenase subunit 3	7548-7899:1
NC_039982.1	CDS	ND4	NADH dehydrogenase subunit 4	7910-9296:1
NC_039982.1	tRNA		tRNA-His	9447-9517:1
NC_039982.1	tRNA		tRNA-Ser	9518-9586:1
NC_039982.1	CDS	ND5	NADH dehydrogenase subunit 5	9586-11506:1
NC_039982.1	CDS	ND6	NADH dehydrogenase subunit 6	11523-12012:-1
NC_039982.1	CDS	CYTB	cytochrome b	12026-13164:1
NC_039982.1	tRNA		tRNA-Phe	13164-13235:1
NC_039982.1	rRNA		12S ribosomal RNA	13235-14126:1
NC_039982.1	tRNA		tRNA-Glu	14126-14194:1
NC_039982.1	tRNA		tRNA-Thr	14194-14263:1
NC_039982.1	rRNA		16S ribosomal RNA	14547-16149:-1
NC_037943.1	CDS		cytochrome c oxidase subunit I	0-1554:1
NC_037943.1	tRNA		tRNA-Arg	1552-1622:1
NC_037943.1	CDS		NADH dehydrogenase subunit 4L	1622-1919:1
NC_037943.1	CDS		cytochrome c oxidase subunit II	1921-2609:1
NC_037943.1	tRNA		tRNA-Lys	2609-2680:1
NC_037943.1	CDS		ATP synthase F0 subunit 8	2680-2857:1
NC_037943.1	CDS		ATP synthase F0 subunit 6	2828-3521:1
NC_037943.1	CDS		cytochrome c oxidase subunit III	3526-4306:1
NC_037943.1	tRNA		tRNA-Ser	4304-4376:-1
NC_037943.1	CDS		NADH dehydrogenase subunit 3	4392-4743:1
NC_037943.1	CDS		NADH dehydrogenase subunit 4	4747-6130:1
NC_037943.1	tRNA		tRNA-His	6143-6213:1
NC_037943.1	tRNA		tRNA-Ser	6214-6283:1
NC_037943.1	CDS		NADH dehydrogenase subunit 5	6283-8149:1
NC_037943.1	CDS		NADH dehydrogenase subunit 6	8198-8687:-1
NC_037943.1	CDS		cytochrome b	8694-9832:1
NC_037943.1	tRNA		tRNA-Phe	9832-9903:1
NC_037943.1	rRNA		12S ribosomal RNA	9902-10815:1
NC_037943.1	tRNA		tRNA-Glu	10813-10884:1
NC_037943.1	tRNA		tRNA-Thr	10892-10967:1
NC_037943.1	rRNA		16S ribosomal RNA	11380-12996:-1
NC_037943.1	CDS		NADH dehydrogenase subunit 2	13069-14164:-1
NC_037943.1	tRNA		tRNA-Ile	14164-14236:-1
NC_037943.1	CDS		NADH dehydrogenase subunit 1	14265-15213:-1
NC_037943.1	tRNA		tRNA-Leu	15213-15285:-1
NC_037943.1	tRNA		tRNA-Gly	15312-15380:-1
NC_037943.1	tRNA		tRNA-Tyr	15380-15452:-1
NC_037943.1	tRNA		tRNA-Asp	15452-15521:1
NC_037943.1	tRNA		tRNA-Met	15520-15590:-1
NC_037943.1	tRNA		tRNA-Val	15593-15662:1
NC_037943.1	tRNA		tRNA-Cys	15661-15733:-1
NC_037943.1	tRNA		tRNA-Trp	15733-15806:-1
NC_037943.1	tRNA		tRNA-Ala	15806-15876:1
NC_037943.1	tRNA		tRNA-Leu	15875-15947:-1
NC_037943.1	tRNA		tRNA-Asn	15947-16019:-1
NC_037943.1	tRNA		tRNA-Gln	16032-16104:1
NC_037943.1	tRNA		tRNA-Pro	16115-16187:-1
NC_037785.1	tRNA		tRNA-Phe	0-73:1
NC_037785.1	rRNA		12S ribosomal RNA	73-962:1
NC_037785.1	tRNA		tRNA-Glu	962-1031:1
NC_037785.1	tRNA		tRNA-Thr	1034-1108:1
NC_037785.1	tRNA		tRNA-Pro	1235-1305:1
NC_037785.1	tRNA		tRNA-Gln	1306-1378:-1
NC_037785.1	tRNA		tRNA-Asn	1380-1452:1
NC_037785.1	tRNA		tRNA-Leu	1452-1524:1
NC_037785.1	tRNA		tRNA-Ala	1523-1594:-1
NC_037785.1	tRNA		tRNA-Trp	1596-1665:1
NC_037785.1	tRNA		tRNA-Cys	1665-1733:1
NC_037785.1	tRNA		tRNA-Val	1732-1802:-1
NC_037785.1	tRNA		tRNA-Met	1824-1897:1
NC_037785.1	tRNA		tRNA-Asp	1898-1967:-1
NC_037785.1	tRNA		tRNA-Tyr	1971-2042:1
NC_037785.1	tRNA		tRNA-Gly	2045-2113:1
NC_037785.1	tRNA		tRNA-Leu	2113-2186:1
NC_037785.1	CDS	ND1	NADH dehydrogenase subunit 1	2188-3160:1
NC_037785.1	tRNA		tRNA-Ile	3162-3234:1
NC_037785.1	CDS	ND2	NADH dehydrogenase subunit 2	3234-4293:1
NC_037785.1	rRNA		16S ribosomal RNA	4293-5826:1
NC_037785.1	CDS	COX1	cytochrome c oxidase subunit I	5826-7380:1
NC_037785.1	tRNA		tRNA-Arg	7386-7455:1
NC_037785.1	CDS	ND4L	NADH dehydrogenase subunit 4L	7455-7749:1
NC_037785.1	CDS	COX2	cytochrome c oxidase subunit II	7748-8438:1
NC_037785.1	tRNA		tRNA-Lys	8442-8512:1
NC_037785.1	CDS	ATP8	ATP synthase F0 subunit 8	8512-8674:1
NC_037785.1	CDS	ATP6	ATP synthase F0 subunit 6	8667-9357:1
NC_037785.1	CDS	COX3	cytochrome c oxidase subunit III	9360-10143:1
NC_037785.1	tRNA		tRNA-Ser	10152-10222:-1
NC_037785.1	CDS	ND3	NADH dehydrogenase subunit 3	10238-10589:1
NC_037785.1	CDS	ND4	NADH dehydrogenase subunit 4	10602-11991:1
NC_037785.1	tRNA		tRNA-His	11981-12050:1
NC_037785.1	tRNA		tRNA-Ser	12051-12119:1
NC_037785.1	CDS	ND5	NADH dehydrogenase subunit 5	12119-14039:1
NC_037785.1	CDS	ND6	NADH dehydrogenase subunit 6	14039-14528:-1
NC_037785.1	CDS	CYTB	cytochrome b	14550-15693:1
NC_034770.1	tRNA		tRNA-Phe	0-73:1
NC_034770.1	rRNA		12S ribosomal RNA	73-964:1
NC_034770.1	tRNA		tRNA-Glu	964-1032:1
NC_034770.1	tRNA		tRNA-Thr	1036-1109:1
NC_034770.1	tRNA		tRNA-Pro	1238-1307:1
NC_034770.1	tRNA		tRNA-Gln	1308-1380:-1
NC_034770.1	tRNA		tRNA-Asn	1388-1460:1
NC_034770.1	tRNA		tRNA-Leu	1460-1532:1
NC_034770.1	tRNA		tRNA-Ala	1531-1602:-1
NC_034770.1	tRNA		tRNA-Trp	1603-1672:1
NC_034770.1	tRNA		tRNA-Cys	1672-1740:1
NC_034770.1	tRNA		tRNA-Val	1739-1809:-1
NC_034770.1	tRNA		tRNA-Met	1830-1908:1
NC_034770.1	tRNA		tRNA-Asp	1909-1979:-1
NC_034770.1	tRNA		tRNA-Tyr	1984-2055:1
NC_034770.1	tRNA		tRNA-Gly	2059-2134:1
NC_034770.1	tRNA		tRNA-Leu	2134-2207:1
NC_034770.1	CDS	ND1	NADH dehydrogenase subunit 1	2209-3181:1
NC_034770.1	tRNA		tRNA-Ile	3183-3254:1
NC_034770.1	CDS	ND2	NADH dehydrogenase subunit 2	3254-4313:1
NC_034770.1	rRNA		16S ribosomal RNA	4313-5852:1
NC_034770.1	CDS	COX1	cytochrome c oxidase subunit I	5852-7406:1
NC_034770.1	tRNA		tRNA-Arg	7412-7480:1
NC_034770.1	CDS	ND4L	NADH dehydrogenase subunit 4L	7481-7775:1
NC_034770.1	CDS	COX2	cytochrome c oxidase subunit II	7774-8464:1
NC_034770.1	tRNA		tRNA-Lys	8469-8540:1
NC_034770.1	CDS	ATP8	ATP synthase F0 subunit 8	8540-8705:1
NC_034770.1	CDS	ATP6	ATP synthase F0 subunit 6	8695-9385:1
NC_034770.1	CDS	COX3	cytochrome c oxidase subunit III	9388-10171:1
NC_034770.1	tRNA		tRNA-Ser	10170-10249:-1
NC_034770.1	CDS	ND3	NADH dehydrogenase subunit 3	10265-10616:1
NC_034770.1	CDS	ND4	NADH dehydrogenase subunit 4	10631-12020:1
NC_034770.1	tRNA		tRNA-His	12010-12080:1
NC_034770.1	tRNA		tRNA-Ser	12081-12149:1
NC_034770.1	CDS	ND5	NADH dehydrogenase subunit 5	12149-14066:1
NC_034770.1	CDS	ND6	NADH dehydrogenase subunit 6	14066-14555:-1
NC_034770.1	CDS	CYTB	cytochrome b	14578-15720:1
NC_034769.1	tRNA		tRNA-Phe	0-73:1
NC_034769.1	rRNA		12S ribosomal RNA	73-956:1
NC_034769.1	tRNA		tRNA-Glu	956-1025:1
NC_034769.1	tRNA		tRNA-Thr	1032-1103:1
NC_034769.1	tRNA		tRNA-Pro	1269-1339:1
NC_034769.1	tRNA		tRNA-Gln	1356-1411:-1
NC_034769.1	tRNA		tRNA-Asn	1415-1487:1
NC_034769.1	tRNA		tRNA-Leu	1487-1563:1
NC_034769.1	tRNA		tRNA-Ala	1562-1631:-1
NC_034769.1	tRNA		tRNA-Trp	1632-1701:1
NC_034769.1	tRNA		tRNA-Cys	1701-1769:1
NC_034769.1	tRNA		tRNA-Val	1768-1838:-1
NC_034769.1	tRNA		tRNA-Met	1864-1938:1
NC_034769.1	tRNA		tRNA-Asp	1939-2009:-1
NC_034769.1	tRNA		tRNA-Tyr	2019-2090:1
NC_034769.1	tRNA		tRNA-Gly	2095-2160:1
NC_034769.1	tRNA		tRNA-Leu	2160-2233:1
NC_034769.1	CDS	ND1	NADH dehydrogenase subunit 1	2234-3206:1
NC_034769.1	tRNA		tRNA-Ile	3206-3277:1
NC_034769.1	CDS	ND2	NADH dehydrogenase subunit 2	3277-4336:1
NC_034769.1	rRNA		16S ribosomal RNA	5088-5868:1
NC_034769.1	CDS	COX1	cytochrome c oxidase subunit I	5868-7422:1
NC_034769.1	tRNA		tRNA-Arg	7430-7498:1
NC_034769.1	CDS	ND4L	NADH dehydrogenase subunit 4L	7499-7793:1
NC_034769.1	CDS	COX2	cytochrome c oxidase subunit II	7792-8482:1
NC_034769.1	tRNA		tRNA-Lys	8484-8554:1
NC_034769.1	CDS	ATP8	ATP synthase F0 subunit 8	8554-8719:1
NC_034769.1	CDS	ATP6	ATP synthase F0 subunit 6	8709-9399:1
NC_034769.1	CDS	COX3	cytochrome c oxidase subunit III	9402-10185:1
NC_034769.1	tRNA		tRNA-Ser	10184-10254:-1
NC_034769.1	CDS	ND3	NADH dehydrogenase subunit 3	10270-10621:1
NC_034769.1	CDS	ND4	NADH dehydrogenase subunit 4	10632-12021:1
NC_034769.1	tRNA		tRNA-His	12011-12080:1
NC_034769.1	tRNA		tRNA-Ser	12081-12149:1
NC_034769.1	CDS	ND5	NADH dehydrogenase subunit 5	12149-14066:1
NC_034769.1	CDS	ND6	NADH dehydrogenase subunit 6	14057-14555:-1
NC_034769.1	CDS	CYTB	cytochrome b	14576-15718:1
NC_034768.1	tRNA		tRNA-Phe	0-73:1
NC_034768.1	rRNA		12S ribosomal RNA	73-967:1
NC_034768.1	tRNA		tRNA-Glu	967-1036:1
NC_034768.1	tRNA		tRNA-Thr	1041-1114:1
NC_034768.1	tRNA		tRNA-Pro	1255-1325:1
NC_034768.1	tRNA		tRNA-Gln	1326-1398:-1
NC_034768.1	tRNA		tRNA-Asn	1404-1476:1
NC_034768.1	tRNA		tRNA-Leu	1476-1548:1
NC_034768.1	tRNA		tRNA-Ala	1547-1618:-1
NC_034768.1	tRNA		tRNA-Trp	1620-1689:1
NC_034768.1	tRNA		tRNA-Cys	1689-1758:1
NC_034768.1	tRNA		tRNA-Val	1757-1827:-1
NC_034768.1	tRNA		tRNA-Met	1846-1919:1
NC_034768.1	tRNA		tRNA-Asp	1920-1989:-1
NC_034768.1	tRNA		tRNA-Tyr	1999-2076:1
NC_034768.1	tRNA		tRNA-Gly	2079-2147:1
NC_034768.1	tRNA		tRNA-Leu	2147-2220:1
NC_034768.1	CDS	ND1	NADH dehydrogenase subunit 1	2222-3193:1
NC_034768.1	tRNA		tRNA-Ile	3193-3264:1
NC_034768.1	CDS	ND2	NADH dehydrogenase subunit 2	3264-4323:1
NC_034768.1	rRNA		16S ribosomal RNA	4323-5867:1
NC_034768.1	CDS	COX1	cytochrome c oxidase subunit I	5867-7421:1
NC_034768.1	tRNA		tRNA-Arg	7430-7499:1
NC_034768.1	CDS	ND4L	NADH dehydrogenase subunit 4L	7500-7794:1
NC_034768.1	CDS	COX2	cytochrome c oxidase subunit II	7793-8483:1
NC_034768.1	tRNA		tRNA-Lys	8487-8557:1
NC_034768.1	CDS	ATP8	ATP synthase F0 subunit 8	8557-8722:1
NC_034768.1	CDS	ATP6	ATP synthase F0 subunit 6	8712-9402:1
NC_034768.1	CDS	COX3	cytochrome c oxidase subunit III	9405-10188:1
NC_034768.1	tRNA		tRNA-Ser	10187-10257:-1
NC_034768.1	CDS	ND3	NADH dehydrogenase subunit 3	10273-10624:1
NC_034768.1	CDS	ND4	NADH dehydrogenase subunit 4	10638-12027:1
NC_034768.1	tRNA		tRNA-His	12017-12085:1
NC_034768.1	tRNA		tRNA-Ser	12086-12154:1
NC_034768.1	CDS	ND5	NADH dehydrogenase subunit 5	12154-14074:1
NC_034768.1	CDS	ND6	NADH dehydrogenase subunit 6	14065-14563:-1
NC_034768.1	CDS	CYTB	cytochrome b	14587-15729:1
NC_034767.1	tRNA		tRNA-Phe	0-73:1
NC_034767.1	rRNA		12S ribosomal RNA	73-964:1
NC_034767.1	tRNA		tRNA-Glu	964-1034:1
NC_034767.1	tRNA		tRNA-Thr	1039-1112:1
NC_034767.1	tRNA		tRNA-Pro	1238-1308:1
NC_034767.1	tRNA		tRNA-Gln	1313-1385:-1
NC_034767.1	tRNA		tRNA-Asn	1389-1461:1
NC_034767.1	tRNA		tRNA-Leu	1461-1533:1
NC_034767.1	tRNA		tRNA-Ala	1532-1603:-1
NC_034767.1	tRNA		tRNA-Trp	1605-1674:1
NC_034767.1	tRNA		tRNA-Cys	1674-1742:1
NC_034767.1	tRNA		tRNA-Val	1741-1811:-1
NC_034767.1	tRNA		tRNA-Met	1830-1903:1
NC_034767.1	tRNA		tRNA-Asp	1904-1973:-1
NC_034767.1	tRNA		tRNA-Tyr	1981-2052:1
NC_034767.1	tRNA		tRNA-Gly	2055-2123:1
NC_034767.1	tRNA		tRNA-Leu	2123-2196:1
NC_034767.1	CDS	ND1	NADH dehydrogenase subunit 1	2198-3170:1
NC_034767.1	tRNA		tRNA-Ile	3170-3241:1
NC_034767.1	CDS	ND2	NADH dehydrogenase subunit 2	3241-4300:1
NC_034767.1	rRNA		16S ribosomal RNA	4300-5837:1
NC_034767.1	CDS	COX1	cytochrome c oxidase subunit I	5837-7391:1
NC_034767.1	tRNA		tRNA-Arg	7400-7469:1
NC_034767.1	CDS	ND4L	NADH dehydrogenase subunit 4L	7470-7764:1
NC_034767.1	CDS	COX2	cytochrome c oxidase subunit II	7763-8453:1
NC_034767.1	tRNA		tRNA-Lys	8457-8527:1
NC_034767.1	CDS	ATP8	ATP synthase F0 subunit 8	8527-8692:1
NC_034767.1	CDS	ATP6	ATP synthase F0 subunit 6	8682-9372:1
NC_034767.1	CDS	COX3	cytochrome c oxidase subunit III	9375-10158:1
NC_034767.1	tRNA		tRNA-Ser	10157-10227:-1
NC_034767.1	CDS	ND3	NADH dehydrogenase subunit 3	10243-10594:1
NC_034767.1	CDS	ND4	NADH dehydrogenase subunit 4	10608-11997:1
NC_034767.1	tRNA		tRNA-His	11987-12056:1
NC_034767.1	tRNA		tRNA-Ser	12057-12125:1
NC_034767.1	CDS	ND5	NADH dehydrogenase subunit 5	12125-14045:1
NC_034767.1	CDS	ND6	NADH dehydrogenase subunit 6	14045-14534:-1
NC_034767.1	CDS	CYTB	cytochrome b	14557-15699:1
NC_033530.1	tRNA		tRNA-Phe	0-72:1
NC_033530.1	rRNA		12S ribosomal RNA	72-953:1
NC_033530.1	tRNA		tRNA-Glu	951-1020:1
NC_033530.1	tRNA		tRNA-Thr	1027-1098:1
NC_033530.1	tRNA		tRNA-Pro	1262-1332:1
NC_033530.1	tRNA		tRNA-Gln	1332-1404:-1
NC_033530.1	tRNA		tRNA-Asn	1410-1482:1
NC_033530.1	tRNA		tRNA-Leu	1482-1554:1
NC_033530.1	tRNA		tRNA-Ala	1554-1623:-1
NC_033530.1	tRNA		tRNA-Trp	1626-1695:1
NC_033530.1	tRNA		tRNA-Cys	1695-1763:1
NC_033530.1	tRNA		tRNA-Val	1762-1832:-1
NC_033530.1	tRNA		tRNA-Met	1865-1939:1
NC_033530.1	tRNA		tRNA-Asp	1940-2009:-1
NC_033530.1	tRNA		tRNA-Tyr	2020-2091:1
NC_033530.1	tRNA		tRNA-Gly	2093-2161:1
NC_033530.1	tRNA		tRNA-Leu	2163-2236:1
NC_033530.1	CDS	ND1	NADH dehydrogenase subunit 1	2237-3208:1
NC_033530.1	tRNA		tRNA-Ile	3208-3280:1
NC_033530.1	CDS	ND2	NADH dehydrogenase subunit 2	3280-4339:1
NC_033530.1	rRNA		16S ribosomal RNA	4339-5860:1
NC_033530.1	CDS	COX1	cytochrome c oxidase subunit I	5860-7414:1
NC_033530.1	tRNA		tRNA-Arg	7420-7489:1
NC_033530.1	CDS	ND4L	NADH dehydrogenase subunit 4L	7490-7784:1
NC_033530.1	CDS	COX2	cytochrome c oxidase subunit II	7783-8473:1
NC_033530.1	tRNA		tRNA-Lys	8475-8544:1
NC_033530.1	CDS	ATP8	ATP synthase F0 subunit 8	8544-8709:1
NC_033530.1	CDS	ATP6	ATP synthase F0 subunit 6	8699-9389:1
NC_033530.1	CDS	COX3	cytochrome c oxidase subunit III	9392-10175:1
NC_033530.1	tRNA		tRNA-Ser	10174-10244:-1
NC_033530.1	CDS	ND3	NADH dehydrogenase subunit 3	10260-10611:1
NC_033530.1	CDS	ND4	NADH dehydrogenase subunit 4	10622-12000:1
NC_033530.1	tRNA		tRNA-His	12000-12070:1
NC_033530.1	tRNA		tRNA-Ser	12070-12139:1
NC_033530.1	CDS	ND5	NADH dehydrogenase subunit 5	12139-14056:1
NC_033530.1	CDS	ND6	NADH dehydrogenase subunit 6	14056-14545:-1
NC_033530.1	CDS	CYTB	cytochrome b	14567-15710:1
NC_033529.1	tRNA		tRNA-Phe	0-72:1
NC_033529.1	rRNA		12S ribosomal RNA	72-959:1
NC_033529.1	tRNA		tRNA-Glu	958-1027:1
NC_033529.1	tRNA		tRNA-Thr	1033-1105:1
NC_033529.1	tRNA		tRNA-Pro	1272-1342:1
NC_033529.1	tRNA		tRNA-Gln	1342-1414:-1
NC_033529.1	tRNA		tRNA-Asn	1420-1492:1
NC_033529.1	tRNA		tRNA-Leu	1492-1564:1
NC_033529.1	tRNA		tRNA-Ala	1564-1633:-1
NC_033529.1	tRNA		tRNA-Trp	1635-1704:1
NC_033529.1	tRNA		tRNA-Cys	1704-1772:1
NC_033529.1	tRNA		tRNA-Val	1771-1841:-1
NC_033529.1	tRNA		tRNA-Met	1876-1950:1
NC_033529.1	tRNA		tRNA-Asp	1951-2020:-1
NC_033529.1	tRNA		tRNA-Tyr	2032-2103:1
NC_033529.1	tRNA		tRNA-Gly	2103-2171:1
NC_033529.1	tRNA		tRNA-Leu	2171-2244:1
NC_033529.1	CDS	ND1	NADH dehydrogenase subunit 1	2245-3216:1
NC_033529.1	tRNA		tRNA-Ile	3216-3288:1
NC_033529.1	CDS	ND2	NADH dehydrogenase subunit 2	3288-4347:1
NC_033529.1	rRNA		16S ribosomal RNA	4345-5872:1
NC_033529.1	CDS	COX1	cytochrome c oxidase subunit I	5872-7426:1
NC_033529.1	tRNA		tRNA-Arg	7431-7501:1
NC_033529.1	CDS	ND4L	NADH dehydrogenase subunit 4L	7502-7796:1
NC_033529.1	CDS	COX2	cytochrome c oxidase subunit II	7795-8485:1
NC_033529.1	tRNA		tRNA-Lys	8486-8556:1
NC_033529.1	CDS	ATP8	ATP synthase F0 subunit 8	8556-8721:1
NC_033529.1	CDS	ATP6	ATP synthase F0 subunit 6	8711-9401:1
NC_033529.1	CDS	COX3	cytochrome c oxidase subunit III	9404-10187:1
NC_033529.1	tRNA		tRNA-Ser	10186-10256:-1
NC_033529.1	CDS	ND3	NADH dehydrogenase subunit 3	10272-10623:1
NC_033529.1	CDS	ND4	NADH dehydrogenase subunit 4	10634-12012:1
NC_033529.1	tRNA		tRNA-His	12012-12082:1
NC_033529.1	tRNA		tRNA-Ser	12082-12151:1
NC_033529.1	CDS	ND5	NADH dehydrogenase subunit 5	12151-14068:1
NC_033529.1	CDS	ND6	NADH dehydrogenase subunit 6	14068-14557:-1
NC_033529.1	CDS	CYTB	cytochrome b	14579-15722:1
NC_033528.1	tRNA		tRNA-Phe	0-72:1
NC_033528.1	rRNA		12S ribosomal RNA	72-960:1
NC_033528.1	tRNA		tRNA-Glu	958-1027:1
NC_033528.1	tRNA		tRNA-Thr	1034-1106:1
NC_033528.1	tRNA		tRNA-Pro	1285-1355:1
NC_033528.1	tRNA		tRNA-Gln	1355-1427:-1
NC_033528.1	tRNA		tRNA-Asn	1434-1506:1
NC_033528.1	tRNA		tRNA-Leu	1506-1578:1
NC_033528.1	tRNA		tRNA-Ala	1578-1647:-1
NC_033528.1	tRNA		tRNA-Trp	1648-1717:1
NC_033528.1	tRNA		tRNA-Cys	1717-1785:1
NC_033528.1	tRNA		tRNA-Val	1784-1854:-1
NC_033528.1	tRNA		tRNA-Met	1894-1968:1
NC_033528.1	tRNA		tRNA-Asp	1969-2038:-1
NC_033528.1	tRNA		tRNA-Tyr	2046-2117:1
NC_033528.1	tRNA		tRNA-Gly	2123-2191:1
NC_033528.1	tRNA		tRNA-Leu	2192-2265:1
NC_033528.1	CDS	ND1	NADH dehydrogenase subunit 1	2269-3240:1
NC_033528.1	tRNA		tRNA-Ile	3240-3312:1
NC_033528.1	CDS	ND2	NADH dehydrogenase subunit 2	3312-4371:1
NC_033528.1	rRNA		16S ribosomal RNA	4369-5911:1
NC_033528.1	CDS	COX1	cytochrome c oxidase subunit I	5911-7465:1
NC_033528.1	tRNA		tRNA-Arg	7467-7536:1
NC_033528.1	CDS	ND4L	NADH dehydrogenase subunit 4L	7537-7831:1
NC_033528.1	CDS	COX2	cytochrome c oxidase subunit II	7830-8520:1
NC_033528.1	tRNA		tRNA-Lys	8522-8593:1
NC_033528.1	CDS	ATP8	ATP synthase F0 subunit 8	8593-8758:1
NC_033528.1	CDS	ATP6	ATP synthase F0 subunit 6	8748-9438:1
NC_033528.1	CDS	COX3	cytochrome c oxidase subunit III	9441-10224:1
NC_033528.1	tRNA		tRNA-Ser	10223-10293:-1
NC_033528.1	CDS	ND3	NADH dehydrogenase subunit 3	10309-10660:1
NC_033528.1	CDS	ND4	NADH dehydrogenase subunit 4	10673-12051:1
NC_033528.1	tRNA		tRNA-His	12051-12121:1
NC_033528.1	tRNA		tRNA-Ser	12121-12190:-1
NC_033528.1	CDS	ND5	NADH dehydrogenase subunit 5	12190-14107:1
NC_033528.1	CDS	ND6	NADH dehydrogenase subunit 6	14107-14596:-1
NC_033528.1	CDS	CYTB	cytochrome b	14619-15762:1
NC_033523.1	tRNA		tRNA-Phe	0-73:1
NC_033523.1	rRNA		12S ribosomal RNA	73-967:1
NC_033523.1	tRNA		tRNA-Glu	967-1036:1
NC_033523.1	tRNA		tRNA-Thr	1038-1110:1
NC_033523.1	tRNA		tRNA-Pro	1241-1313:1
NC_033523.1	tRNA		tRNA-Gln	1314-1386:-1
NC_033523.1	tRNA		tRNA-Asn	1398-1470:1
NC_033523.1	tRNA		tRNA-Leu	1471-1543:1
NC_033523.1	tRNA		tRNA-Ala	1542-1611:-1
NC_033523.1	tRNA		tRNA-Trp	1611-1680:1
NC_033523.1	tRNA		tRNA-Cys	1680-1747:1
NC_033523.1	tRNA		tRNA-Val	1746-1816:-1
NC_033523.1	tRNA		tRNA-Met	1848-1921:1
NC_033523.1	tRNA		tRNA-Asp	1922-1991:-1
NC_033523.1	tRNA		tRNA-Tyr	1993-2062:1
NC_033523.1	tRNA		tRNA-Gly	2069-2137:1
NC_033523.1	tRNA		tRNA-Leu	2137-2210:1
NC_033523.1	CDS		NADH dehydrogenase subunit 1	2211-3183:1
NC_033523.1	tRNA		tRNA-Ile	3182-3254:1
NC_033523.1	CDS		NADH dehydrogenase subunit 2	3255-4314:1
NC_033523.1	rRNA		16S ribosomal RNA	4314-5850:1
NC_033523.1	CDS		cytochrome c oxidase subunit I	5850-7404:1
NC_033523.1	tRNA		tRNA-Arg	7411-7480:1
NC_033523.1	CDS		NADH dehydrogenase subunit 4L	7481-7775:1
NC_033523.1	CDS		cytochrome c oxidase subunit II	7774-8464:1
NC_033523.1	tRNA		tRNA-Lys	8464-8534:1
NC_033523.1	CDS		ATP synthase F0 subunit 8	8534-8699:1
NC_033523.1	CDS		ATP synthase F0 subunit 6	8699-9389:1
NC_033523.1	CDS		cytochrome c oxidase subunit III	9392-10175:1
NC_033523.1	tRNA		tRNA-Ser	10174-10244:-1
NC_033523.1	CDS		NADH dehydrogenase subunit 3	10259-10610:1
NC_033523.1	CDS		NADH dehydrogenase subunit 4	10621-11999:1
NC_033523.1	tRNA		tRNA-His	11999-12068:1
NC_033523.1	tRNA		tRNA-Ser	12068-12137:1
NC_033523.1	CDS		NADH dehydrogenase subunit 5	12137-14054:1
NC_033523.1	CDS		NADH dehydrogenase subunit 6	14063-14552:-1
NC_033523.1	CDS		cytochrome b	14570-15712:1
NC_033522.1	tRNA		tRNA-Phe	0-73:1
NC_033522.1	rRNA		12S ribosomal RNA	73-968:1
NC_033522.1	tRNA		tRNA-Glu	968-1037:1
NC_033522.1	tRNA		tRNA-Thr	1039-1111:1
NC_033522.1	tRNA		tRNA-Pro	1244-1316:1
NC_033522.1	tRNA		tRNA-Gln	1317-1389:-1
NC_033522.1	tRNA		tRNA-Asn	1400-1472:1
NC_033522.1	tRNA		tRNA-Leu	1473-1545:1
NC_033522.1	tRNA		tRNA-Ala	1544-1613:-1
NC_033522.1	tRNA		tRNA-Trp	1613-1682:1
NC_033522.1	tRNA		tRNA-Cys	1682-1749:1
NC_033522.1	tRNA		tRNA-Val	1748-1818:-1
NC_033522.1	tRNA		tRNA-Met	1850-1923:1
NC_033522.1	tRNA		tRNA-Asp	1924-1993:-1
NC_033522.1	tRNA		tRNA-Tyr	1995-2064:1
NC_033522.1	tRNA		tRNA-Gly	2073-2141:1
NC_033522.1	tRNA		tRNA-Leu	2141-2214:1
NC_033522.1	CDS		NADH dehydrogenase subunit 1	2215-3187:1
NC_033522.1	tRNA		tRNA-Ile	3186-3258:1
NC_033522.1	CDS		NADH dehydrogenase subunit 2	3259-4318:1
NC_033522.1	rRNA		16S ribosomal RNA	4318-5847:1
NC_033522.1	CDS		cytochrome c oxidase subunit I	5847-7401:1
NC_033522.1	tRNA		tRNA-Arg	7408-7477:1
NC_033522.1	CDS		NADH dehydrogenase subunit 4L	7478-7772:1
NC_033522.1	CDS		cytochrome c oxidase subunit II	7771-8461:1
NC_033522.1	tRNA		tRNA-Lys	8461-8531:1
NC_033522.1	CDS		ATP synthase F0 subunit 8	8531-8696:1
NC_033522.1	CDS		ATP synthase F0 subunit 6	8696-9386:1
NC_033522.1	CDS		cytochrome c oxidase subunit III	9389-10172:1
NC_033522.1	tRNA		tRNA-Ser	10170-10240:-1
NC_033522.1	CDS		NADH dehydrogenase subunit 3	10255-10606:1
NC_033522.1	CDS		NADH dehydrogenase subunit 4	10618-11996:1
NC_033522.1	tRNA		tRNA-His	11996-12065:1
NC_033522.1	tRNA		tRNA-Ser	12065-12134:1
NC_033522.1	CDS		NADH dehydrogenase subunit 5	12134-14051:1
NC_033522.1	CDS		NADH dehydrogenase subunit 6	14059-14548:-1
NC_033522.1	CDS		cytochrome b	14566-15708:1
NC_029699.1	CDS	COX1	cytochrome c oxidase subunit I	0-1554:1
NC_029699.1	tRNA		tRNA-Arg	1560-1628:1
NC_029699.1	CDS	ND4L	NADH dehydrogenase subunit 4L	1629-1926:1
NC_029699.1	CDS	COX2	cytochrome c oxidase subunit II	1927-2617:1
NC_029699.1	tRNA		tRNA-Lys	2618-2687:1
NC_029699.1	CDS	ATP8	ATP synthase F0 subunit 8	2687-2855:1
NC_029699.1	CDS	ATP6	ATP synthase F0 subunit 6	2848-3532:1
NC_029699.1	CDS	COX3	cytochrome c oxidase subunit III	3534-4317:1
NC_029699.1	tRNA		tRNA-Ser	4315-4386:-1
NC_029699.1	CDS	ND3	NADH dehydrogenase subunit 3	4413-4758:1
NC_029699.1	CDS	ND4	NADH dehydrogenase subunit 4	4764-6124:1
NC_029699.1	tRNA		tRNA-His	6124-6193:1
NC_029699.1	tRNA		tRNA-Ser	6194-6262:1
NC_029699.1	CDS	ND5	NADH dehydrogenase subunit 5	6262-8098:1
NC_029699.1	CDS	ND6	NADH dehydrogenase subunit 6	8116-8602:-1
NC_029699.1	CDS	CYTB	cytochrome b	8613-9754:1
NC_029699.1	tRNA		tRNA-Phe	9754-9825:1
NC_029699.1	rRNA		12S ribosomal RNA	9823-10651:1
NC_029699.1	tRNA		tRNA-Glu	10650-10719:1
NC_029699.1	tRNA		tRNA-Thr	10719-10789:1
NC_029699.1	tRNA		tRNA-Pro	11226-11293:1
NC_029699.1	tRNA		tRNA-Gln	11289-11359:-1
NC_029699.1	tRNA		tRNA-Asn	11383-11455:1
NC_029699.1	tRNA		tRNA-Leu	11459-11531:1
NC_029699.1	tRNA		tRNA-Ala	11534-11600:-1
NC_029699.1	tRNA		tRNA-Trp	11604-11673:1
NC_029699.1	tRNA		tRNA-Cys	11673-11739:1
NC_029699.1	tRNA		tRNA-Val	11808-11878:-1
NC_029699.1	tRNA		tRNA-Met	11890-11960:1
NC_029699.1	tRNA		tRNA-Asp	12030-12098:-1
NC_029699.1	tRNA		tRNA-Tyr	12111-12179:1
NC_029699.1	tRNA		tRNA-Gly	12182-12251:1
NC_029699.1	tRNA		tRNA-Leu	12388-12459:1
NC_029699.1	CDS	ND1	NADH dehydrogenase subunit 1	12459-13431:1
NC_029699.1	tRNA		tRNA-Ile	13441-13509:1
NC_029699.1	CDS	ND2	NADH dehydrogenase subunit 2	13509-14553:1
NC_029699.1	rRNA		16S ribosomal RNA	14514-16010:1
NC_027086.1	CDS	COX1	cytochrome c oxidase subunit I	0-1554:1
NC_027086.1	tRNA		tRNA-Arg	1561-1629:1
NC_027086.1	CDS	ND4L	NADH dehydrogenase subunit 4L	1629-1926:1
NC_027086.1	CDS	COX2	cytochrome c oxidase subunit II	1928-2616:1
NC_027086.1	tRNA		tRNA-Lys	2616-2683:1
NC_027086.1	CDS	ATP8	ATP synthase F0 subunit 8	2683-2851:1
NC_027086.1	CDS	ATP6	ATP synthase F0 subunit 6	2844-3528:1
NC_027086.1	CDS	COX3	cytochrome c oxidase subunit III	3530-4313:1
NC_027086.1	tRNA		tRNA-Ser	4311-4382:-1
NC_027086.1	CDS	ND3	NADH dehydrogenase subunit 3	4400-4745:1
NC_027086.1	CDS	ND4	NADH dehydrogenase subunit 4	4748-6105:1
NC_027086.1	tRNA		tRNA-His	6105-6173:1
NC_027086.1	tRNA		tRNA-Ser	6174-6242:1
NC_027086.1	CDS	ND5	NADH dehydrogenase subunit 5	6242-8078:1
NC_027086.1	CDS	ND6	NADH dehydrogenase subunit 6	8097-8586:-1
NC_027086.1	CDS	CYTB	cytochrome b	8594-9737:1
NC_027086.1	tRNA		tRNA-Phe	9738-9809:1
NC_027086.1	rRNA		12S ribosomal RNA	9809-10629:1
NC_027086.1	tRNA		tRNA-Glu	10629-10698:1
NC_027086.1	tRNA		tRNA-Thr	10698-10768:1
NC_027086.1	tRNA		tRNA-Pro	11224-11293:1
NC_027086.1	tRNA		tRNA-Gln	11289-11359:-1
NC_027086.1	tRNA		tRNA-Asn	11360-11430:1
NC_027086.1	tRNA		tRNA-Leu	11430-11502:1
NC_027086.1	tRNA		tRNA-Ala	11501-11567:-1
NC_027086.1	tRNA		tRNA-Trp	11567-11636:1
NC_027086.1	tRNA		tRNA-Cys	11636-11700:1
NC_027086.1	tRNA		tRNA-Val	11700-11770:-1
NC_027086.1	tRNA		tRNA-Met	11789-11859:1
NC_027086.1	tRNA		tRNA-Asp	11869-11939:-1
NC_027086.1	tRNA		tRNA-Tyr	11939-12004:1
NC_027086.1	tRNA		tRNA-Gly	12006-12076:1
NC_027086.1	tRNA		tRNA-Leu	12076-12147:1
NC_027086.1	CDS	ND1	NADH dehydrogenase subunit 1	12148-13120:1
NC_027086.1	tRNA		tRNA-Ile	13135-13203:1
NC_027086.1	CDS	ND2	NADH dehydrogenase subunit 2	13203-14247:1
NC_027086.1	rRNA		16S ribosomal RNA	14247-15779:1
NC_027063.1	tRNA		tRNA-Phe	0-90:1
NC_027063.1	rRNA		12S ribosomal RNA	69-970:1
NC_027063.1	tRNA		tRNA-Glu	957-1026:1
NC_027063.1	tRNA		tRNA-Thr	1031-1106:1
NC_027063.1	tRNA		tRNA-Pro	1238-1309:1
NC_027063.1	tRNA		tRNA-Gln	1309-1382:-1
NC_027063.1	tRNA		tRNA-Asn	1386-1458:1
NC_027063.1	tRNA		tRNA-Leu	1458-1530:1
NC_027063.1	tRNA		tRNA-Ala	1527-1600:-1
NC_027063.1	tRNA		tRNA-Trp	1598-1669:1
NC_027063.1	tRNA		tRNA-Cys	1668-1737:1
NC_027063.1	tRNA		tRNA-Val	1734-1806:-1
NC_027063.1	tRNA		tRNA-Met	1825-1898:1
NC_027063.1	tRNA		tRNA-Asp	1899-1969:-1
NC_027063.1	tRNA		tRNA-Tyr	1975-2050:1
NC_027063.1	tRNA		tRNA-Gly	2053-2121:1
NC_027063.1	tRNA		tRNA-Leu	2121-2195:1
NC_027063.1	CDS	ND1	NADH dehydrogenase subunit 1	2196-3168:1
NC_027063.1	tRNA		tRNA-Ile	3168-3242:1
NC_027063.1	CDS	ND2	NADH dehydrogenase subunit 2	3241-4299:1
NC_027063.1	rRNA		16S ribosomal RNA	4301-5831:1
NC_027063.1	CDS	COX1	cytochrome c oxidase subunit I	5831-7385:1
NC_027063.1	tRNA		tRNA-Arg	7394-7462:1
NC_027063.1	CDS	ND4L	NADH dehydrogenase subunit 4L	7463-7757:1
NC_027063.1	CDS	COX2	cytochrome c oxidase subunit II	7757-8447:1
NC_027063.1	tRNA		tRNA-Lys	8451-8521:1
NC_027063.1	CDS	ATP8	ATP synthase F0 subunit 8	8521-8686:1
NC_027063.1	CDS	ATP6	ATP synthase F0 subunit 6	8676-9366:1
NC_027063.1	CDS	COX3	cytochrome c oxidase subunit III	9369-10152:1
NC_027063.1	tRNA		tRNA-Ser	10150-10222:-1
NC_027063.1	CDS	ND3	NADH dehydrogenase subunit 3	10237-10588:1
NC_027063.1	CDS	ND4	NADH dehydrogenase subunit 4	10607-11996:1
NC_027063.1	tRNA		tRNA-His	11986-12056:1
NC_027063.1	tRNA		tRNA-Ser	12055-12124:1
NC_027063.1	CDS	ND5	NADH dehydrogenase subunit 5	12124-14044:1
NC_027063.1	CDS	ND6	NADH dehydrogenase subunit 6	14044-14533:-1
NC_027063.1	CDS	CYTB	cytochrome b	14538-15681:1
NC_026727.1	CDS	COX1	cytochrome c oxidase subunit I	0-1554:1
NC_026727.1	tRNA		tRNA-Arg	1561-1627:1
NC_026727.1	CDS	ND4L	NADH dehydrogenase subunit 4L	1629-1926:1
NC_026727.1	CDS	COX2	cytochrome c oxidase subunit II	1927-2617:1
NC_026727.1	tRNA		tRNA-Lys	2618-2686:1
NC_026727.1	CDS	ATP8	ATP synthase F0 subunit 8	2686-2854:1
NC_026727.1	CDS	ATP6	ATP synthase F0 subunit 6	2841-3531:1
NC_026727.1	CDS	COX3	cytochrome c oxidase subunit III	3533-4316:1
NC_026727.1	tRNA		tRNA-Ser	4314-4385:-1
NC_026727.1	CDS	ND3	NADH dehydrogenase subunit 3	4412-4757:1
NC_026727.1	CDS	ND4	NADH dehydrogenase subunit 4	4763-6134:1
NC_026727.1	tRNA		tRNA-His	6124-6193:1
NC_026727.1	tRNA		tRNA-Ser	6192-6262:1
NC_026727.1	CDS	ND5	NADH dehydrogenase subunit 5	6261-8097:1
NC_026727.1	CDS	ND6	NADH dehydrogenase subunit 6	8115-8604:-1
NC_026727.1	CDS	CYTB	cytochrome b	8612-9758:1
NC_026727.1	tRNA		tRNA-Phe	9752-9825:1
NC_026727.1	rRNA		12S ribosomal RNA	9825-10649:1
NC_026727.1	tRNA		tRNA-Glu	10649-10718:1
NC_026727.1	tRNA		tRNA-Thr	10717-10789:1
NC_026727.1	tRNA		tRNA-Pro	11261-11328:1
NC_026727.1	tRNA		tRNA-Gln	11324-11394:-1
NC_026727.1	tRNA		tRNA-Asn	11423-11494:1
NC_026727.1	tRNA		tRNA-Leu	11495-11569:1
NC_026727.1	tRNA		tRNA-Ala	11574-11640:1
NC_026727.1	tRNA		tRNA-Trp	11641-11710:1
NC_026727.1	tRNA		tRNA-Cys	11710-11776:1
NC_026727.1	tRNA		tRNA-Val	11908-11980:-1
NC_026727.1	tRNA		tRNA-Met	11991-12059:1
NC_026727.1	tRNA		tRNA-Asp	12124-12192:-1
NC_026727.1	tRNA		tRNA-Tyr	12203-12271:1
NC_026727.1	tRNA		tRNA-Gly	12810-12879:1
NC_026727.1	tRNA		tRNA-Leu	12999-13070:1
NC_026727.1	CDS	ND1	NADH dehydrogenase subunit 1	13070-14042:1
NC_026727.1	tRNA		tRNA-Ile	14050-14120:1
NC_026727.1	CDS	ND2	NADH dehydrogenase subunit 2	14119-15163:1
NC_026727.1	rRNA		16S ribosomal RNA	15163-16727:1
NC_026200.1	tRNA		tRNA-Phe	0-72:1
NC_026200.1	rRNA		12S ribosomal RNA	72-962:1
NC_026200.1	tRNA		tRNA-Glu	960-1029:1
NC_026200.1	tRNA		tRNA-Thr	1035-1106:1
NC_026200.1	tRNA		tRNA-Pro	1262-1331:1
NC_026200.1	tRNA		tRNA-Gln	1331-1403:-1
NC_026200.1	tRNA		tRNA-Asn	1410-1482:1
NC_026200.1	tRNA		tRNA-Leu	1482-1555:1
NC_026200.1	tRNA		tRNA-Ala	1555-1624:-1
NC_026200.1	tRNA		tRNA-Trp	1624-1693:1
NC_026200.1	tRNA		tRNA-Cys	1693-1761:1
NC_026200.1	tRNA		tRNA-Val	1760-1830:-1
NC_026200.1	tRNA		tRNA-Met	1851-1925:1
NC_026200.1	tRNA		tRNA-Asp	1926-1995:-1
NC_026200.1	tRNA		tRNA-Tyr	2004-2075:1
NC_026200.1	tRNA		tRNA-Gly	2079-2147:1
NC_026200.1	tRNA		tRNA-Leu	2147-2220:1
NC_026200.1	CDS	ND1	NADH dehydrogenase subunit 1	2221-3193:1
NC_026200.1	tRNA		tRNA-Ile	3192-3264:1
NC_026200.1	CDS	ND2	NADH dehydrogenase subunit 2	3264-4323:1
NC_026200.1	rRNA		16S ribosomal RNA	4323-5847:1
NC_026200.1	CDS	COX1	cytochrome c oxidase subunit I	5847-7401:1
NC_026200.1	tRNA		tRNA-Arg	7403-7472:1
NC_026200.1	CDS	ND4L	NADH dehydrogenase subunit 4L	7473-7767:1
NC_026200.1	CDS	COX2	cytochrome c oxidase subunit II	7766-8456:1
NC_026200.1	tRNA		tRNA-Lys	8459-8529:1
NC_026200.1	CDS	ATP8	ATP synthase F0 subunit 8	8529-8694:1
NC_026200.1	CDS	ATP6	ATP synthase F0 subunit 6	8684-9374:1
NC_026200.1	CDS	COX3	cytochrome c oxidase subunit III	9377-10160:1
NC_026200.1	tRNA		tRNA-Ser	10159-10229:-1
NC_026200.1	CDS	ND3	NADH dehydrogenase subunit 3	10245-10596:1
NC_026200.1	CDS	ND4	NADH dehydrogenase subunit 4	10608-11986:1
NC_026200.1	tRNA		tRNA-His	11987-12056:1
NC_026200.1	tRNA		tRNA-Ser	12056-12125:1
NC_026200.1	CDS	ND5	NADH dehydrogenase subunit 5	12125-14042:1
NC_026200.1	CDS	ND6	NADH dehydrogenase subunit 6	14042-14531:-1
NC_026200.1	CDS	CYTB	cytochrome b	14553-15696:1
NC_024177.1	tRNA		tRNA-Phe	0-73:1
NC_024177.1	rRNA		s-rRNA	73-970:1
NC_024177.1	tRNA		tRNA-Glu	969-1038:1
NC_024177.1	tRNA		tRNA-Thr	1042-1115:1
NC_024177.1	tRNA		tRNA-Pro	1239-1312:1
NC_024177.1	tRNA		tRNA-Gln	1312-1384:1
NC_024177.1	tRNA		tRNA-Asn	1393-1465:1
NC_024177.1	tRNA		tRNA-Leu	1465-1537:1
NC_024177.1	tRNA		tRNA-Ala	1536-1607:-1
NC_024177.1	tRNA		tRNA-Trp	1609-1678:1
NC_024177.1	tRNA		tRNA-Cys	1678-1746:1
NC_024177.1	tRNA		tRNA-Val	1745-1815:-1
NC_024177.1	tRNA		tRNA-Met	1838-1914:1
NC_024177.1	tRNA		tRNA-Asp	1913-1983:-1
NC_024177.1	tRNA		tRNA-Tyr	1989-2063:1
NC_024177.1	tRNA		tRNA-Gly	2065-2136:1
NC_024177.1	tRNA		tRNA-Leu	2134-2208:1
NC_024177.1	CDS	ND1	NADH dehydrogenase subunit 1	2209-3181:1
NC_024177.1	tRNA		tRNA-Ile	3182-3255:1
NC_024177.1	CDS	ND2	NADH dehydrogenase subunit 2	3254-4313:1
NC_024177.1	rRNA		l-rRNA	4313-5854:1
NC_024177.1	CDS	COX1	cytochrome c oxidase subunit I	5850-7404:1
NC_024177.1	tRNA		tRNA-Arg	7413-7482:1
NC_024177.1	CDS	ND4L	NADH dehydrogenase subunit 4L	7483-7777:1
NC_024177.1	CDS	COX2	cytochrome c oxidase subunit II	7776-8466:1
NC_024177.1	tRNA		tRNA-Lys	8470-8541:1
NC_024177.1	CDS	ATP8	ATP synthase F0 subunit 8	8541-8706:1
NC_024177.1	CDS	ATP6	ATP synthase F0 subunit 6	8696-9386:1
NC_024177.1	CDS	COX3	cytochrome c oxidase subunit III	9389-10172:1
NC_024177.1	tRNA		tRNA-Ser	10171-10241:-1
NC_024177.1	CDS	ND3	NADH dehydrogenase subunit 3	10257-10608:1
NC_024177.1	CDS	ND4	NADH dehydrogenase subunit 4	10622-12011:1
NC_024177.1	tRNA		tRNA-His	12001-12070:1
NC_024177.1	tRNA		tRNA-Ser	12071-12139:1
NC_024177.1	CDS	ND5	NADH dehydrogenase subunit 5	12139-13993:1
NC_024177.1	CDS	ND6	NADH dehydrogenase subunit 6	13993-14482:-1
NC_024177.1	CDS	CYTB	cytochrome b	14506-15649:1
NC_023774.1	tRNA		tRNA-Phe	0-73:1
NC_023774.1	rRNA		12S ribosomal RNA	73-965:1
NC_023774.1	tRNA		tRNA-Glu	965-1034:1
NC_023774.1	tRNA		tRNA-Thr	1044-1117:1
NC_023774.1	tRNA		tRNA-Pro	1238-1308:1
NC_023774.1	tRNA		tRNA-Gln	1309-1381:-1
NC_023774.1	tRNA		tRNA-Asn	1384-1456:1
NC_023774.1	tRNA		tRNA-Leu	1456-1528:1
NC_023774.1	tRNA		tRNA-Ala	1527-1598:-1
NC_023774.1	tRNA		tRNA-Trp	1599-1668:1
NC_023774.1	tRNA		tRNA-Cys	1668-1736:1
NC_023774.1	tRNA		tRNA-Val	1735-1805:-1
NC_023774.1	tRNA		tRNA-Met	1826-1899:1
NC_023774.1	tRNA		tRNA-Asp	1900-1970:-1
NC_023774.1	tRNA		tRNA-Tyr	1978-2049:1
NC_023774.1	tRNA		tRNA-Gly	2055-2123:1
NC_023774.1	tRNA		tRNA-Leu	2123-2196:1
NC_023774.1	CDS	ND1	NADH dehydrogenase subunit 1	2198-3170:1
NC_023774.1	tRNA		tRNA-Ile	3170-3241:1
NC_023774.1	CDS	ND2	NADH dehydrogenase subunit 2	3241-4300:1
NC_023774.1	rRNA		16S ribosomal RNA	4300-5836:1
NC_023774.1	CDS	COX1	cytochrome c oxidase subunit I	5836-7390:1
NC_023774.1	tRNA		tRNA-Arg	7401-7470:1
NC_023774.1	CDS	ND4L	NADH dehydrogenase subunit 4L	7471-7765:1
NC_023774.1	CDS	COX2	cytochrome c oxidase subunit II	7764-8454:1
NC_023774.1	tRNA		tRNA-Lys	8458-8528:1
NC_023774.1	CDS	ATP8	ATP synthase F0 subunit 8	8528-8693:1
NC_023774.1	CDS	ATP6	ATP synthase F0 subunit 6	8683-9373:1
NC_023774.1	CDS	COX3	cytochrome c oxidase subunit III	9376-10159:1
NC_023774.1	tRNA		tRNA-Ser	10158-10228:-1
NC_023774.1	CDS	ND3	NADH dehydrogenase subunit 3	10244-10595:1
NC_023774.1	CDS	ND4	NADH dehydrogenase subunit 4	10614-12003:1
NC_023774.1	tRNA		tRNA-His	11993-12062:1
NC_023774.1	tRNA		tRNA-Ser	12063-12131:1
NC_023774.1	CDS	ND5	NADH dehydrogenase subunit 5	12131-14048:1
NC_023774.1	CDS	ND6	NADH dehydrogenase subunit 6	14039-14537:-1
NC_023774.1	CDS	CYTB	cytochrome b	14560-15702:1
NC_023773.1	tRNA		tRNA-Phe	0-73:1
NC_023773.1	rRNA		12S ribosomal RNA	73-968:1
NC_023773.1	tRNA		tRNA-Glu	968-1037:1
NC_023773.1	tRNA		tRNA-Thr	1041-1114:1
NC_023773.1	tRNA		tRNA-Pro	1243-1313:1
NC_023773.1	tRNA		tRNA-Gln	1315-1387:-1
NC_023773.1	tRNA		tRNA-Asn	1393-1465:1
NC_023773.1	tRNA		tRNA-Leu	1465-1537:1
NC_023773.1	tRNA		tRNA-Ala	1536-1607:-1
NC_023773.1	tRNA		tRNA-Trp	1609-1678:1
NC_023773.1	tRNA		tRNA-Cys	1678-1746:1
NC_023773.1	tRNA		tRNA-Val	1745-1815:-1
NC_023773.1	tRNA		tRNA-Met	1840-1913:1
NC_023773.1	tRNA		tRNA-Asp	1914-1984:-1
NC_023773.1	tRNA		tRNA-Tyr	1990-2061:1
NC_023773.1	tRNA		tRNA-Gly	2066-2134:1
NC_023773.1	tRNA		tRNA-Leu	2134-2207:1
NC_023773.1	CDS	ND1	NADH dehydrogenase subunit 1	2209-3181:1
NC_023773.1	tRNA		tRNA-Ile	3183-3254:1
NC_023773.1	CDS	ND2	NADH dehydrogenase subunit 2	3254-4313:1
NC_023773.1	rRNA		16S ribosomal RNA	4313-5854:1
NC_023773.1	CDS	COX1	cytochrome c oxidase subunit I	5854-7408:1
NC_023773.1	tRNA		tRNA-Arg	7417-7486:1
NC_023773.1	CDS	ND4L	NADH dehydrogenase subunit 4L	7487-7781:1
NC_023773.1	CDS	COX2	cytochrome c oxidase subunit II	7780-8470:1
NC_023773.1	tRNA		tRNA-Lys	8474-8545:1
NC_023773.1	CDS	ATP8	ATP synthase F0 subunit 8	8545-8710:1
NC_023773.1	CDS	ATP6	ATP synthase F0 subunit 6	8700-9390:1
NC_023773.1	CDS	COX3	cytochrome c oxidase subunit III	9393-10176:1
NC_023773.1	tRNA		tRNA-Ser	10175-10245:-1
NC_023773.1	CDS	ND3	NADH dehydrogenase subunit 3	10261-10612:1
NC_023773.1	CDS	ND4	NADH dehydrogenase subunit 4	10637-12026:1
NC_023773.1	tRNA		tRNA-His	12016-12085:1
NC_023773.1	tRNA		tRNA-Ser	12086-12154:1
NC_023773.1	CDS	ND5	NADH dehydrogenase subunit 5	12154-14074:1
NC_023773.1	CDS	ND6	NADH dehydrogenase subunit 6	14065-14563:-1
NC_023773.1	CDS	CYTB	cytochrome b	14587-15729:1
NC_023772.1	tRNA		tRNA-Phe	0-73:1
NC_023772.1	rRNA		12S ribosomal RNA	73-967:1
NC_023772.1	tRNA		tRNA-Glu	967-1036:1
NC_023772.1	tRNA		tRNA-Thr	1040-1113:1
NC_023772.1	tRNA		tRNA-Pro	1236-1305:1
NC_023772.1	tRNA		tRNA-Gln	1307-1379:-1
NC_023772.1	tRNA		tRNA-Asn	1385-1457:1
NC_023772.1	tRNA		tRNA-Leu	1457-1529:1
NC_023772.1	tRNA		tRNA-Ala	1528-1599:-1
NC_023772.1	tRNA		tRNA-Trp	1601-1670:1
NC_023772.1	tRNA		tRNA-Cys	1670-1738:1
NC_023772.1	tRNA		tRNA-Val	1737-1807:-1
NC_023772.1	tRNA		tRNA-Met	1829-1902:1
NC_023772.1	tRNA		tRNA-Asp	1903-1973:-1
NC_023772.1	tRNA		tRNA-Tyr	1980-2051:1
NC_023772.1	tRNA		tRNA-Gly	2055-2123:1
NC_023772.1	tRNA		tRNA-Leu	2123-2196:1
NC_023772.1	CDS	ND1	NADH dehydrogenase subunit 1	2198-3170:1
NC_023772.1	tRNA		tRNA-Ile	3171-3242:1
NC_023772.1	CDS	ND2	NADH dehydrogenase subunit 2	3242-4301:1
NC_023772.1	rRNA		16S ribosomal RNA	4301-5836:1
NC_023772.1	CDS	COX1	cytochrome c oxidase subunit I	5836-7390:1
NC_023772.1	tRNA		tRNA-Arg	7399-7468:1
NC_023772.1	CDS	ND4L	NADH dehydrogenase subunit 4L	7469-7763:1
NC_023772.1	CDS	COX2	cytochrome c oxidase subunit II	7762-8452:1
NC_023772.1	tRNA		tRNA-Lys	8456-8527:1
NC_023772.1	CDS	ATP8	ATP synthase F0 subunit 8	8527-8692:1
NC_023772.1	CDS	ATP6	ATP synthase F0 subunit 6	8682-9372:1
NC_023772.1	CDS	COX3	cytochrome c oxidase subunit III	9375-10158:1
NC_023772.1	tRNA		tRNA-Ser	10157-10227:-1
NC_023772.1	CDS	ND3	NADH dehydrogenase subunit 3	10243-10594:1
NC_023772.1	CDS	ND4	NADH dehydrogenase subunit 4	10609-11998:1
NC_023772.1	tRNA		tRNA-His	11988-12057:1
NC_023772.1	tRNA		tRNA-Ser	12058-12126:1
NC_023772.1	CDS	ND5	NADH dehydrogenase subunit 5	12126-14046:1
NC_023772.1	CDS	ND6	NADH dehydrogenase subunit 6	14037-14535:-1
NC_023772.1	CDS	CYTB	cytochrome b	14558-15700:1
NC_023771.1	tRNA		tRNA-Phe	0-73:1
NC_023771.1	rRNA		12S ribosomal RNA	73-964:1
NC_023771.1	tRNA		tRNA-Glu	964-1033:1
NC_023771.1	tRNA		tRNA-Thr	1037-1110:1
NC_023771.1	tRNA		tRNA-Pro	1233-1302:1
NC_023771.1	tRNA		tRNA-Gln	1303-1375:-1
NC_023771.1	tRNA		tRNA-Asn	1381-1453:1
NC_023771.1	tRNA		tRNA-Leu	1453-1525:1
NC_023771.1	tRNA		tRNA-Ala	1524-1595:-1
NC_023771.1	tRNA		tRNA-Trp	1597-1666:1
NC_023771.1	tRNA		tRNA-Cys	1666-1734:1
NC_023771.1	tRNA		tRNA-Val	1733-1803:-1
NC_023771.1	tRNA		tRNA-Met	1824-1897:1
NC_023771.1	tRNA		tRNA-Asp	1898-1968:-1
NC_023771.1	tRNA		tRNA-Tyr	1976-2047:1
NC_023771.1	tRNA		tRNA-Gly	2052-2120:1
NC_023771.1	tRNA		tRNA-Leu	2120-2193:1
NC_023771.1	CDS	ND1	NADH dehydrogenase subunit 1	2195-3167:1
NC_023771.1	tRNA		tRNA-Ile	3169-3240:1
NC_023771.1	CDS	ND2	NADH dehydrogenase subunit 2	3240-4299:1
NC_023771.1	rRNA		16S ribosomal RNA	4299-5837:1
NC_023771.1	CDS	COX1	cytochrome c oxidase subunit I	5837-7391:1
NC_023771.1	tRNA		tRNA-Arg	7401-7470:1
NC_023771.1	CDS	ND4L	NADH dehydrogenase subunit 4L	7471-7765:1
NC_023771.1	CDS	COX2	cytochrome c oxidase subunit II	7764-8454:1
NC_023771.1	tRNA		tRNA-Lys	8458-8529:1
NC_023771.1	CDS	ATP8	ATP synthase F0 subunit 8	8529-8694:1
NC_023771.1	CDS	ATP6	ATP synthase F0 subunit 6	8684-9374:1
NC_023771.1	CDS	COX3	cytochrome c oxidase subunit III	9377-10160:1
NC_023771.1	tRNA		tRNA-Ser	10159-10229:-1
NC_023771.1	CDS	ND3	NADH dehydrogenase subunit 3	10245-10596:1
NC_023771.1	CDS	ND4	NADH dehydrogenase subunit 4	10613-12002:1
NC_023771.1	tRNA		tRNA-His	11992-12061:1
NC_023771.1	tRNA		tRNA-Ser	12062-12130:1
NC_023771.1	CDS	ND5	NADH dehydrogenase subunit 5	12130-14050:1
NC_023771.1	CDS	ND6	NADH dehydrogenase subunit 6	14050-14539:-1
NC_023771.1	CDS	CYTB	cytochrome b	14563-15705:1
NC_023770.1	tRNA		tRNA-Phe	0-73:1
NC_023770.1	rRNA		12S ribosomal RNA	73-960:1
NC_023770.1	tRNA		tRNA-Glu	960-1029:1
NC_023770.1	tRNA		tRNA-Thr	1035-1108:1
NC_023770.1	tRNA		tRNA-Pro	1245-1315:1
NC_023770.1	tRNA		tRNA-Gln	1316-1387:-1
NC_023770.1	tRNA		tRNA-Asn	1393-1465:1
NC_023770.1	tRNA		tRNA-Leu	1465-1537:1
NC_023770.1	tRNA		tRNA-Ala	1536-1606:-1
NC_023770.1	tRNA		tRNA-Trp	1606-1675:1
NC_023770.1	tRNA		tRNA-Cys	1675-1743:1
NC_023770.1	tRNA		tRNA-Val	1742-1812:-1
NC_023770.1	tRNA		tRNA-Met	1826-1899:1
NC_023770.1	tRNA		tRNA-Asp	1900-1970:-1
NC_023770.1	tRNA		tRNA-Tyr	1980-2051:1
NC_023770.1	tRNA		tRNA-Gly	2056-2124:1
NC_023770.1	tRNA		tRNA-Leu	2124-2197:1
NC_023770.1	CDS	ND1	NADH dehydrogenase subunit 1	2199-3171:1
NC_023770.1	tRNA		tRNA-Ile	3172-3244:1
NC_023770.1	CDS	ND2	NADH dehydrogenase subunit 2	3244-4303:1
NC_023770.1	rRNA		16S ribosomal RNA	4303-5839:1
NC_023770.1	CDS	COX1	cytochrome c oxidase subunit I	5839-7393:1
NC_023770.1	tRNA		tRNA-Arg	7403-7472:1
NC_023770.1	CDS	ND4L	NADH dehydrogenase subunit 4L	7473-7767:1
NC_023770.1	CDS	COX2	cytochrome c oxidase subunit II	7767-8457:1
NC_023770.1	tRNA		tRNA-Lys	8461-8531:1
NC_023770.1	CDS	ATP8	ATP synthase F0 subunit 8	8531-8696:1
NC_023770.1	CDS	ATP6	ATP synthase F0 subunit 6	8686-9376:1
NC_023770.1	CDS	COX3	cytochrome c oxidase subunit III	9379-10162:1
NC_023770.1	tRNA		tRNA-Ser	10161-10231:-1
NC_023770.1	CDS	ND3	NADH dehydrogenase subunit 3	10247-10598:1
NC_023770.1	CDS	ND4	NADH dehydrogenase subunit 4	10618-12007:1
NC_023770.1	tRNA		tRNA-His	11997-12066:1
NC_023770.1	tRNA		tRNA-Ser	12067-12135:1
NC_023770.1	CDS	ND5	NADH dehydrogenase subunit 5	12135-14055:1
NC_023770.1	CDS	ND6	NADH dehydrogenase subunit 6	14055-14544:-1
NC_023770.1	CDS	CYTB	cytochrome b	14567-15709:1
NC_023255.1	CDS	COX3	cytochrome c oxidase subunit III	0-783:1
NC_023255.1	tRNA		tRNA-Ser	782-852:-1
NC_023255.1	CDS	ND3	NADH dehydrogenase subunit 3	868-1219:1
NC_023255.1	CDS	ND4	NADH dehydrogenase subunit 4	1230-2608:1
NC_023255.1	tRNA		tRNA-His	2609-2678:1
NC_023255.1	tRNA		tRNA-Ser	2679-2747:1
NC_023255.1	CDS	ND5	NADH dehydrogenase subunit 5	2747-4667:1
NC_023255.1	CDS	ND6	NADH dehydrogenase subunit 6	4667-5156:-1
NC_023255.1	CDS	CYTB	cytochrome b	5179-6322:1
NC_023255.1	tRNA		tRNA-Phe	6328-6401:1
NC_023255.1	rRNA		s-rRNA	6401-7287:1
NC_023255.1	tRNA		tRNA-Glu	7287-7357:1
NC_023255.1	tRNA		tRNA-Thr	7363-7434:1
NC_023255.1	tRNA		tRNA-Pro	7563-7633:1
NC_023255.1	tRNA		tRNA-Gln	7647-7719:-1
NC_023255.1	tRNA		tRNA-Asn	7722-7794:1
NC_023255.1	tRNA		tRNA-Leu	7794-7866:1
NC_023255.1	tRNA		tRNA-Ala	7867-7935:-1
NC_023255.1	tRNA		tRNA-Trp	7935-8004:1
NC_023255.1	tRNA		tRNA-Cys	8004-8071:1
NC_023255.1	tRNA		tRNA-Val	8070-8140:-1
NC_023255.1	tRNA		tRNA-Met	8170-8243:1
NC_023255.1	tRNA		tRNA-Asp	8245-8316:-1
NC_023255.1	tRNA		tRNA-Tyr	8327-8398:1
NC_023255.1	tRNA		tRNA-Gly	8417-8485:1
NC_023255.1	tRNA		tRNA-Leu	8485-8558:1
NC_023255.1	CDS	ND1	NADH dehydrogenase subunit 1	8560-9532:1
NC_023255.1	tRNA		tRNA-Ile	9540-9612:1
NC_023255.1	CDS	ND2	NADH dehydrogenase subunit 2	9612-10671:1
NC_023255.1	rRNA		l-rRNA	10671-12228:1
NC_023255.1	CDS	COX1	cytochrome c oxidase subunit I	12228-13785:1
NC_023255.1	tRNA		tRNA-Arg	13790-13858:1
NC_023255.1	CDS	ND4L	NADH dehydrogenase subunit 4L	13858-14152:1
NC_023255.1	CDS	COX2	cytochrome c oxidase subunit II	14153-14843:1
NC_023255.1	tRNA		tRNA-Lys	14844-14915:1
NC_023255.1	CDS	ATP8	ATP synthase F0 subunit 8	14915-15083:1
NC_023255.1	CDS	ATP6	ATP synthase F0 subunit 6	15067-15763:1
NC_023254.1	CDS	COX1	cytochrome c oxidase subunit I	0-1599:1
NC_023254.1	tRNA		tRNA-Arg	1597-1662:1
NC_023254.1	CDS	ND4L	NADH dehydrogenase subunit 4L	1662-1959:1
NC_023254.1	CDS	COX2	cytochrome c oxidase subunit II	1961-2649:1
NC_023254.1	tRNA		tRNA-Lys	2649-2718:1
NC_023254.1	CDS	ATP8	ATP synthase F0 subunit 8	2718-2895:1
NC_023254.1	CDS	ATP6	ATP synthase F0 subunit 6	2882-3581:1
NC_023254.1	CDS	COX3	cytochrome c oxidase subunit III	3583-4378:1
NC_023254.1	tRNA		tRNA-Ser	4376-4448:-1
NC_023254.1	CDS	ND3	NADH dehydrogenase subunit 3	4453-4813:1
NC_023254.1	CDS	ND4	NADH dehydrogenase subunit 4	4814-6182:1
NC_023254.1	tRNA		tRNA-His	6183-6248:1
NC_023254.1	tRNA		tRNA-Ser	6248-6317:1
NC_023254.1	CDS	ND5	NADH dehydrogenase subunit 5	6316-8098:1
NC_023254.1	CDS	ND6	NADH dehydrogenase subunit 6	8114-8594:-1
NC_023254.1	tRNA		tRNA-Glu	8939-9006:-1
NC_023254.1	tRNA		tRNA-Leu	9009-9082:-1
NC_023254.1	tRNA		tRNA-Pro	9090-9157:-1
NC_023254.1	rRNA		s-rRNA	9157-10043:-1
NC_023254.1	tRNA		tRNA-Phe	10043-10113:-1
NC_023254.1	tRNA		tRNA-Met	10274-10344:-1
NC_023254.1	tRNA		tRNA-Ala	10344-10408:-1
NC_023254.1	tRNA		tRNA-Gly	10423-10486:-1
NC_023254.1	rRNA		l-rRNA	10485-11886:-1
NC_023254.1	tRNA		tRNA-Leu	11885-11959:-1
NC_023254.1	tRNA		tRNA-Thr	12003-12072:-1
NC_023254.1	CDS	CYTB	cytochrome b	12072-13213:-1
NC_023254.1	tRNA		tRNA-Asp	13217-13286:-1
NC_023254.1	CDS	ND2	NADH dehydrogenase subunit 2	13289-14354:-1
NC_023254.1	tRNA		tRNA-Ile	14355-14427:-1
NC_023254.1	CDS	ND1	NADH dehydrogenase subunit 1	14430-15414:-1
NC_023254.1	tRNA		tRNA-Asn	15415-15487:-1
NC_023254.1	tRNA		tRNA-Gln	15485-15556:1
NC_023254.1	tRNA		tRNA-Cys	15556-15619:1
NC_023254.1	tRNA		tRNA-Val	15618-15688:-1
NC_023254.1	tRNA		tRNA-Tyr	15713-15778:-1
NC_023254.1	tRNA		tRNA-Trp	15780-15845:1
NC_020771.1	tRNA		tRNA-Phe	0-73:1
NC_020771.1	rRNA		s-rRNA	73-966:1
NC_020771.1	tRNA		tRNA-Glu	966-1035:1
NC_020771.1	tRNA		tRNA-Thr	1039-1112:1
NC_020771.1	tRNA		tRNA-Pro	1237-1307:1
NC_020771.1	tRNA		tRNA-Gln	1310-1382:-1
NC_020771.1	tRNA		tRNA-Asn	1388-1460:1
NC_020771.1	tRNA		tRNA-Leu	1460-1532:1
NC_020771.1	tRNA		tRNA-Ala	1531-1602:-1
NC_020771.1	tRNA		tRNA-Trp	1604-1673:1
NC_020771.1	tRNA		tRNA-Cys	1673-1741:1
NC_020771.1	tRNA		tRNA-Val	1740-1810:-1
NC_020771.1	tRNA		tRNA-Met	1833-1906:1
NC_020771.1	tRNA		tRNA-Asp	1907-1977:-1
NC_020771.1	tRNA		tRNA-Tyr	1984-2055:1
NC_020771.1	tRNA		tRNA-Gly	2060-2128:1
NC_020771.1	tRNA		tRNA-Leu	2128-2201:1
NC_020771.1	CDS	ND1	NADH dehydrogenase subunit 1	2203-3175:1
NC_020771.1	tRNA		tRNA-Ile	3177-3248:1
NC_020771.1	CDS	ND2	NADH dehydrogenase subunit 2	3248-4307:1
NC_020771.1	rRNA		l-rRNA	4307-5846:1
NC_020771.1	CDS	COX1	cytochrome c oxidase subunit I	5846-7400:1
NC_020771.1	tRNA		tRNA-Arg	7409-7478:1
NC_020771.1	CDS	ND4L	NADH dehydrogenase subunit 4L	7479-7773:1
NC_020771.1	CDS	COX2	cytochrome c oxidase subunit II	7772-8462:1
NC_020771.1	tRNA		tRNA-Lys	8466-8537:1
NC_020771.1	CDS	ATP8	ATP synthase F0 subunit 8	8537-8702:1
NC_020771.1	CDS	ATP6	ATP synthase F0 subunit 6	8692-9382:1
NC_020771.1	CDS	COX3	cytochrome c oxidase subunit III	9385-10168:1
NC_020771.1	tRNA		tRNA-Ser	10167-10237:-1
NC_020771.1	CDS	ND3	NADH dehydrogenase subunit 3	10253-10604:1
NC_020771.1	CDS	ND4	NADH dehydrogenase subunit 4	10617-12006:1
NC_020771.1	tRNA		tRNA-His	11996-12065:1
NC_020771.1	tRNA		tRNA-Ser	12067-12132:1
NC_020771.1	CDS	ND5	NADH dehydrogenase subunit 5	12134-14054:1
NC_020771.1	CDS	ND6	NADH dehydrogenase subunit 6	14045-14543:-1
NC_020771.1	CDS	CYTB	cytochrome b	14567-15709:1
NC_014452.2	CDS	COX1	cytochrome c oxidase subunit I	0-1554:1
NC_014452.2	tRNA		tRNA-Arg	1559-1627:1
NC_014452.2	CDS	ND4L	NADH dehydrogenase subunit 4L	1627-1924:1
NC_014452.2	CDS	COX2	cytochrome c oxidase subunit II	1924-2614:1
NC_014452.2	tRNA		tRNA-Lys	2636-2701:1
NC_014452.2	CDS	ATP8	ATP synthase F0 subunit 8	2701-2878:1
NC_014452.2	CDS	ATP6	ATP synthase F0 subunit 6	2871-3555:1
NC_014452.2	CDS	COX3	cytochrome c oxidase subunit III	3557-4340:1
NC_014452.2	tRNA		tRNA-Ser	4338-4409:-1
NC_014452.2	CDS	ND3	NADH dehydrogenase subunit 3	4441-4786:1
NC_014452.2	CDS	ND4	NADH dehydrogenase subunit 4	4790-6161:1
NC_014452.2	tRNA		tRNA-His	6151-6219:1
NC_014452.2	tRNA		tRNA-Ser	6221-6289:1
NC_014452.2	CDS	ND5	NADH dehydrogenase subunit 5	6289-8133:1
NC_014452.2	CDS	ND6	NADH dehydrogenase subunit 6	8146-8635:-1
NC_014452.2	CDS	CYTB	cytochrome b	8643-9786:1
NC_014452.2	tRNA		tRNA-Phe	9786-9857:1
NC_014452.2	rRNA		s-rRNA	9857-10667:1
NC_014452.2	tRNA		tRNA-Glu	10677-10746:1
NC_014452.2	tRNA		tRNA-Thr	10749-10819:1
NC_014452.2	tRNA		tRNA-Pro	11493-11560:1
NC_014452.2	tRNA		tRNA-Gln	11556-11626:-1
NC_014452.2	tRNA		tRNA-Asn	11643-11712:1
NC_014452.2	tRNA		tRNA-Leu	11720-11792:1
NC_014452.2	tRNA		tRNA-Ala	11806-11874:-1
NC_014452.2	tRNA		tRNA-Trp	11875-11945:1
NC_014452.2	tRNA		tRNA-Cys	11949-12015:1
NC_014452.2	tRNA		tRNA-Val	12016-12088:-1
NC_014452.2	tRNA		tRNA-Asp	12099-12167:-1
NC_014452.2	tRNA		tRNA-Tyr	12180-12248:1
NC_014452.2	tRNA		tRNA-Gly	12297-12366:1
NC_014452.2	tRNA		tRNA-Met	12368-12437:1
NC_014452.2	tRNA		tRNA-Leu	12450-12522:1
NC_014452.2	CDS	ND1	NADH dehydrogenase subunit 1	12522-13494:1
NC_014452.2	tRNA		tRNA-Ile	13501-13569:1
NC_014452.2	CDS	ND2	NADH dehydrogenase subunit 2	13569-14604:1
NC_014452.2	rRNA		l-rRNA	14604-16257:1
NC_014454.1	CDS	COX1	cytochrome c oxidase subunit I	0-1554:1
NC_014454.1	tRNA		tRNA-Arg	1559-1627:1
NC_014454.1	CDS	ND4L	NADH dehydrogenase subunit 4L	1627-1924:1
NC_014454.1	CDS	COX2	cytochrome c oxidase subunit II	1924-2614:1
NC_014454.1	tRNA		tRNA-Lys	2634-2699:1
NC_014454.1	CDS	ATP8	ATP synthase F0 subunit 8	2698-2875:1
NC_014454.1	CDS	ATP6	ATP synthase F0 subunit 6	2868-3552:1
NC_014454.1	CDS	COX3	cytochrome c oxidase subunit III	3554-4337:1
NC_014454.1	tRNA		tRNA-Ser	4335-4406:-1
NC_014454.1	CDS	ND3	NADH dehydrogenase subunit 3	4438-4783:1
NC_014454.1	CDS	ND4	NADH dehydrogenase subunit 4	4787-6158:1
NC_014454.1	tRNA		tRNA-His	6148-6216:1
NC_014454.1	tRNA		tRNA-Ser	6216-6286:1
NC_014454.1	CDS	ND5	NADH dehydrogenase subunit 5	6286-8131:1
NC_014454.1	CDS	ND6	NADH dehydrogenase subunit 6	8143-8632:-1
NC_014454.1	CDS	CYTB	cytochrome b	8640-9783:1
NC_014454.1	tRNA		tRNA-Phe	9783-9854:1
NC_014454.1	rRNA		s-rRNA	9854-10674:1
NC_014454.1	tRNA		tRNA-Glu	10674-10743:1
NC_014454.1	tRNA		tRNA-Thr	10746-10816:1
NC_014454.1	tRNA		tRNA-Pro	11491-11558:1
NC_014454.1	tRNA		tRNA-Gln	11554-11624:-1
NC_014454.1	tRNA		tRNA-Asn	11641-11710:1
NC_014454.1	tRNA		tRNA-Leu	11718-11790:1
NC_014454.1	tRNA		tRNA-Ala	11804-11872:-1
NC_014454.1	tRNA		tRNA-Trp	11873-11943:1
NC_014454.1	tRNA		tRNA-Cys	11946-12013:1
NC_014454.1	tRNA		tRNA-Val	12014-12086:-1
NC_014454.1	tRNA		tRNA-Asp	12097-12165:-1
NC_014454.1	tRNA		tRNA-Tyr	12178-12246:1
NC_014454.1	tRNA		tRNA-Gly	12296-12366:1
NC_014454.1	tRNA		tRNA-Met	12368-12437:1
NC_014454.1	tRNA		tRNA-Leu	12449-12522:1
NC_014454.1	CDS	ND1	NADH dehydrogenase subunit 1	12521-13493:1
NC_014454.1	tRNA		tRNA-Ile	13500-13568:1
NC_014454.1	CDS	ND2	NADH dehydrogenase subunit 2	13568-14615:1
NC_014454.1	rRNA		l-rRNA	14615-16257:1
NC_013884.1	CDS	ND5	NADH dehydrogenase subunit 5	0-1833:1
NC_013884.1	CDS	ND6	NADH dehydrogenase subunit 6	1854-2343:-1
NC_013884.1	CDS	CYTB	cytochrome b	2351-3494:1
NC_013884.1	tRNA	trnF	tRNA-Phe	3497-3568:1
NC_013884.1	rRNA	12S rRNA	s-rRNA	3568-4398:1
NC_013884.1	tRNA	trnE	tRNA-Glu	4398-4468:1
NC_013884.1	tRNA	trnT	tRNA-Thr	4469-4539:1
NC_013884.1	tRNA	trnP	tRNA-Pro	4960-5028:1
NC_013884.1	tRNA	trnQ	tRNA-Gln	5024-5094:-1
NC_013884.1	tRNA	trnN	tRNA-Asn	5094-5165:1
NC_013884.1	tRNA	trnL(CUN)	tRNA-Leu	5165-5237:1
NC_013884.1	tRNA	trnA	tRNA-Ala	5236-5304:-1
NC_013884.1	tRNA	trnW	tRNA-Trp	5304-5372:1
NC_013884.1	tRNA	trnC	tRNA-Cys	5372-5434:1
NC_013884.1	tRNA	trnV	tRNA-Val	5438-5508:-1
NC_013884.1	tRNA	trnM	tRNA-Met	5530-5599:1
NC_013884.1	tRNA	trnD	tRNA-Asp	5605-5674:-1
NC_013884.1	tRNA	trnY	tRNA-Tyr	5676-5744:1
NC_013884.1	tRNA	trnG	tRNA-Gly	5761-5829:1
NC_013884.1	tRNA	trnL(UUR)	tRNA-Leu	5835-5906:1
NC_013884.1	CDS	ND1	NADH dehydrogenase subunit 1	5906-6878:1
NC_013884.1	tRNA	trnI	tRNA-Ile	6901-6969:1
NC_013884.1	CDS	ND2	NADH dehydrogenase subunit 2	6969-8013:1
NC_013884.1	rRNA	16S rRNA	l-rRNA	8013-9590:1
NC_013884.1	CDS	COX1	cytochrome c oxidase subunit I	9590-11147:1
NC_013884.1	tRNA	trnR	tRNA-Arg	11165-11232:1
NC_013884.1	CDS	ND4L	NADH dehydrogenase subunit 4L	11232-11529:1
NC_013884.1	CDS	COX2	cytochrome c oxidase subunit II	11530-12218:1
NC_013884.1	tRNA	trnK	tRNA-Lys	12218-12284:1
NC_013884.1	CDS	ATP8	ATP synthase F0 subunit 8	12284-12449:1
NC_013884.1	CDS	ATP6	ATP synthase F0 subunit 6	12442-13126:1
NC_013884.1	CDS	COX3	cytochrome c oxidase subunit III	13128-13911:1
NC_013884.1	tRNA	trnS(UCN)	tRNA-Ser	13909-13980:-1
NC_013884.1	CDS	ND3	NADH dehydrogenase subunit 3	13998-14343:1
NC_013884.1	CDS	ND4	NADH dehydrogenase subunit 4	14347-15712:1
NC_013884.1	tRNA	trnH	tRNA-His	15705-15772:1
NC_013884.1	tRNA	trnS(AGY)	tRNA-Ser	15772-15841:1
NC_013881.1	tRNA	trnS(AGY)	tRNA-Ser	1-67:1
NC_013881.1	CDS	ND5	NADH dehydrogenase subunit 5	68-1991:1
NC_013881.1	CDS	ND6	NADH dehydrogenase subunit 6	1991-2480:-1
NC_013881.1	CDS	CYTB	cytochrome b	2502-3645:1
NC_013881.1	tRNA	trnF	tRNA-Phe	3649-3722:1
NC_013881.1	rRNA	12S rRNA	s-rRNA	3722-4608:1
NC_013881.1	tRNA	trnE	tRNA-Glu	4608-4677:1
NC_013881.1	tRNA	trnT	tRNA-Thr	4681-4752:1
NC_013881.1	tRNA	trnP	tRNA-Pro	4880-4951:1
NC_013881.1	tRNA	trnQ	tRNA-Gln	4963-5038:-1
NC_013881.1	tRNA	trnN	tRNA-Asn	5040-5112:1
NC_013881.1	tRNA	trnL(CUN)	tRNA-Leu	5112-5184:1
NC_013881.1	tRNA	trnA	tRNA-Ala	5185-5254:-1
NC_013881.1	tRNA	trnW	tRNA-Trp	5254-5323:1
NC_013881.1	tRNA	trnC	tRNA-Cys	5326-5393:1
NC_013881.1	tRNA	trnV	tRNA-Val	5392-5463:-1
NC_013881.1	tRNA	trnM	tRNA-Met	5480-5553:1
NC_013881.1	tRNA	trnD	tRNA-Asp	5556-5626:-1
NC_013881.1	tRNA	trnY	tRNA-Tyr	5646-5717:1
NC_013881.1	tRNA	trnG	tRNA-Gly	5733-5801:1
NC_013881.1	tRNA	trnL(UUR)	tRNA-Leu	5801-5874:1
NC_013881.1	CDS	ND1	NADH dehydrogenase subunit 1	5876-6848:1
NC_013881.1	tRNA	trnI	tRNA-Ile	6853-6925:1
NC_013881.1	CDS	ND2	NADH dehydrogenase subunit 2	6925-7984:1
NC_013881.1	rRNA	16S rRNA	l-rRNA	7984-9548:1
NC_013881.1	CDS	COX1	cytochrome c oxidase subunit I	9548-11102:1
NC_013881.1	tRNA	trnR	tRNA-Arg	11111-11180:1
NC_013881.1	CDS	ND4L	NADH dehydrogenase subunit 4L	11180-11474:1
NC_013881.1	CDS	COX2	cytochrome c oxidase subunit II	11475-12165:1
NC_013881.1	tRNA	trnK	tRNA-Lys	12166-12237:1
NC_013881.1	CDS	ATP8	ATP synthase F0 subunit 8	12237-12405:1
NC_013881.1	CDS	ATP6	ATP synthase F0 subunit 6	12389-13085:1
NC_013881.1	CDS	COX3	cytochrome c oxidase subunit III	13088-13871:1
NC_013881.1	tRNA	trnS(UCN)	tRNA-Ser	13870-13940:-1
NC_013881.1	CDS	ND3	NADH dehydrogenase subunit 3	13956-14307:1
NC_013881.1	CDS	ND4	NADH dehydrogenase subunit 4	14294-15707:1
NC_013881.1	tRNA	trnH	tRNA-His	15697-15766:1
NC_013878.1	tRNA	trnG	tRNA-Gly	0-66:-1
NC_013878.1	tRNA	trnP	tRNA-Pro	168-233:-1
NC_013878.1	rRNA	12SrRNA	12S ribosomal RNA	233-1127:-1
NC_013878.1	tRNA	trnF	tRNA-Phe	1127-1198:-1
NC_013878.1	rRNA	16SrRNA	16S ribosomal RNA	1198-2673:-1
NC_013878.1	tRNA	trnL(CUN)	tRNA-Leu	2673-2740:-1
NC_013878.1	tRNA	trnM	tRNA-Met	2744-2812:-1
NC_013878.1	tRNA	trnA	tRNA-Ala	2827-2895:-1
NC_013878.1	tRNA	trnE	tRNA-Glu	3035-3100:-1
NC_013878.1	tRNA	trnT	tRNA-Thr	3100-3170:-1
NC_013878.1	CDS	CYTB	cytochrome b	3170-4314:-1
NC_013878.1	tRNA	trnD	tRNA-Asp	4314-4380:-1
NC_013878.1	CDS	ND2	NADH dehydrogenase subunit 2	4382-5447:-1
NC_013878.1	tRNA	trnI	tRNA-Ile	5452-5524:-1
NC_013878.1	CDS	ND1	NADH dehydrogenase subunit 1	5540-6533:-1
NC_013878.1	tRNA	trnL(UUR)	tRNA-Leu	6533-6606:-1
NC_013878.1	tRNA	trnN	tRNA-Asn	6612-6684:-1
NC_013878.1	tRNA	trnQ	tRNA-Gln	6682-6754:1
NC_013878.1	tRNA	trnC	tRNA-Cys	6759-6823:1
NC_013878.1	tRNA	trnV	tRNA-Val	6828-6898:-1
NC_013878.1	tRNA	trnY	tRNA-Tyr	6913-6978:-1
NC_013878.1	tRNA	trnW	tRNA-Trp	6990-7053:1
NC_013878.1	CDS	COX1	cytochrome c oxidase subunit I	7059-8657:1
NC_013878.1	tRNA	trnR	tRNA-Arg	8657-8725:1
NC_013878.1	CDS	ND4L	NADH dehydrogenase subunit 4L	8728-9025:1
NC_013878.1	CDS	COX2	cytochrome c oxidase subunit II	9029-9719:1
NC_013878.1	tRNA	trnK	tRNA-Lys	9720-9789:1
NC_013878.1	CDS	ATP8	ATP synthase F0 subunit 8	9795-9957:1
NC_013878.1	CDS	ATP6	ATP synthase F0 subunit 6	9944-10637:1
NC_013878.1	CDS	COX3	cytochrome c oxidase subunit III	10641-11436:1
NC_013878.1	tRNA	trnS(UCN)	tRNA-Ser	11434-11506:-1
NC_013878.1	CDS	ND3	NADH dehydrogenase subunit 3	11517-11871:1
NC_013878.1	CDS	ND4	NADH dehydrogenase subunit 4	11881-13255:1
NC_013878.1	tRNA	trnH	tRNA-His	13245-13315:1
NC_013878.1	tRNA	trnS(AGY)	tRNA-Ser	13308-13378:1
NC_013878.1	CDS	ND5	NADH dehydrogenase subunit 5	13386-15156:1
NC_013878.1	CDS	ND6	NADH dehydrogenase subunit 6	15169-15649:-1
NC_013432.1	CDS	COX1	cytochrome c oxidase subunit I	0-1554:1
NC_013432.1	tRNA		tRNA-Arg	1560-1628:1
NC_013432.1	CDS	ND4L	NADH dehydrogenase subunit 4L	1629-1926:1
NC_013432.1	CDS	COX2	cytochrome c oxidase subunit II	1927-2617:1
NC_013432.1	tRNA		tRNA-Lys	2618-2685:1
NC_013432.1	CDS	ATP8	ATP synthase F0 subunit 8	2685-2853:1
NC_013432.1	CDS	ATP6	ATP synthase F0 subunit 6	2846-3530:1
NC_013432.1	CDS	COX3	cytochrome c oxidase subunit III	3532-4315:1
NC_013432.1	tRNA		tRNA-Ser	4313-4384:-1
NC_013432.1	CDS	ND3	NADH dehydrogenase subunit 3	4410-4755:1
NC_013432.1	CDS	ND4	NADH dehydrogenase subunit 4	4759-6130:1
NC_013432.1	tRNA		tRNA-His	6120-6187:1
NC_013432.1	tRNA		tRNA-Ser	6187-6257:1
NC_013432.1	CDS	ND5	NADH dehydrogenase subunit 5	6256-8091:1
NC_013432.1	CDS	ND6	NADH dehydrogenase subunit 6	8110-8599:-1
NC_013432.1	CDS	CYTB	cytochrome b	8607-9753:1
NC_013432.1	tRNA		tRNA-Phe	9748-9819:1
NC_013432.1	rRNA		s-rRNA	9819-10645:1
NC_013432.1	tRNA		tRNA-Glu	10645-10714:1
NC_013432.1	tRNA		tRNA-Thr	10714-10784:1
NC_013432.1	tRNA		tRNA-Pro	11239-11306:1
NC_013432.1	tRNA		tRNA-Gln	11302-11372:-1
NC_013432.1	tRNA		tRNA-Asn	11399-11470:1
NC_013432.1	tRNA		tRNA-Leu	11472-11544:1
NC_013432.1	tRNA		tRNA-Ala	11547-11613:-1
NC_013432.1	tRNA		tRNA-Trp	11614-11683:1
NC_013432.1	tRNA		tRNA-Cys	11683-11749:1
NC_013432.1	tRNA		tRNA-Val	11883-11953:-1
NC_013432.1	tRNA		tRNA-Met	11965-12035:1
NC_013432.1	tRNA		tRNA-Asp	12051-12119:-1
NC_013432.1	tRNA		tRNA-Tyr	12131-12199:1
NC_013432.1	tRNA		tRNA-Gly	12200-12269:1
NC_013432.1	tRNA		tRNA-Leu	12384-12455:1
NC_013432.1	CDS	ND1	NADH dehydrogenase subunit 1	12455-13427:1
NC_013432.1	tRNA		tRNA-Ile	13436-13504:1
NC_013432.1	CDS	ND2	NADH dehydrogenase subunit 2	13504-14548:1
NC_013432.1	rRNA		l-rRNA	14548-16112:1
NC_012616.1	CDS	COX1	cytochrome c oxidase subunit I	0-1554:1
NC_012616.1	tRNA		tRNA-Arg	1560-1628:1
NC_012616.1	CDS	ND4L	NADH dehydrogenase subunit 4L	1629-1926:1
NC_012616.1	CDS	COX2	cytochrome c oxidase subunit II	1927-2617:1
NC_012616.1	tRNA		tRNA-Lys	2618-2685:1
NC_012616.1	CDS	ATP8	ATP synthase F0 subunit 8	2685-2853:1
NC_012616.1	CDS	ATP6	ATP synthase F0 subunit 6	2846-3530:1
NC_012616.1	CDS	COX3	cytochrome c oxidase subunit III	3532-4315:1
NC_012616.1	tRNA		tRNA-Ser	4313-4384:-1
NC_012616.1	CDS	ND3	NADH dehydrogenase subunit 3	4410-4755:1
NC_012616.1	CDS	ND4	NADH dehydrogenase subunit 4	4759-6130:1
NC_012616.1	tRNA		tRNA-His	6120-6187:1
NC_012616.1	tRNA		tRNA-Ser	6187-6257:1
NC_012616.1	CDS	ND5	NADH dehydrogenase subunit 5	6256-8092:1
NC_012616.1	CDS	ND6	NADH dehydrogenase subunit 6	8110-8599:-1
NC_012616.1	CDS	CYTB	cytochrome b	8607-9753:1
NC_012616.1	tRNA		tRNA-Phe	9748-9819:1
NC_012616.1	rRNA		s-rRNA	9819-10645:1
NC_012616.1	tRNA		tRNA-Glu	10645-10714:1
NC_012616.1	tRNA		tRNA-Thr	10714-10784:1
NC_012616.1	tRNA		tRNA-Pro	11236-11303:1
NC_012616.1	tRNA		tRNA-Gln	11299-11369:-1
NC_012616.1	tRNA		tRNA-Asn	11397-11468:1
NC_012616.1	tRNA		tRNA-Leu	11470-11542:1
NC_012616.1	tRNA		tRNA-Ala	11545-11611:-1
NC_012616.1	tRNA		tRNA-Trp	11612-11681:1
NC_012616.1	tRNA		tRNA-Cys	11681-11747:1
NC_012616.1	tRNA		tRNA-Val	11878-11948:-1
NC_012616.1	tRNA		tRNA-Met	11960-12030:1
NC_012616.1	tRNA		tRNA-Asp	12044-12112:-1
NC_012616.1	tRNA		tRNA-Tyr	12124-12192:1
NC_012616.1	tRNA		tRNA-Gly	12193-12262:1
NC_012616.1	tRNA		tRNA-Leu	12373-12444:1
NC_012616.1	CDS	ND1	NADH dehydrogenase subunit 1	12444-13416:1
NC_012616.1	tRNA		tRNA-Ile	13425-13493:1
NC_012616.1	CDS	ND2	NADH dehydrogenase subunit 2	13493-14537:1
NC_012616.1	rRNA		l-rRNA	14537-16099:1
NC_010692.1	CDS	COX1	cytochrome c oxidase subunit I	0-1554:1
NC_010692.1	CDS	COX2	cytochrome c oxidase subunit II	1564-2254:1
NC_010692.1	tRNA	trnK	tRNA-Lys	2257-2326:1
NC_010692.1	CDS	ATP8	ATP synthase F0 subunit 8	2326-2491:1
NC_010692.1	CDS	ATP6	ATP synthase F0 subunit 6	2484-3174:1
NC_010692.1	CDS	COX3	cytochrome c oxidase subunit III	3178-3961:1
NC_010692.1	tRNA	trnS(UCN)	tRNA-Ser	3959-4028:-1
NC_010692.1	CDS	ND3	NADH dehydrogenase subunit 3	4031-4385:1
NC_010692.1	CDS	ND4	NADH dehydrogenase subunit 4	4400-5777:1
NC_010692.1	tRNA	trnH	tRNA-His	5788-5857:1
NC_010692.1	tRNA	trnR	tRNA-Arg	6027-6097:1
NC_010692.1	CDS	ND4L	NADH dehydrogenase subunit 4L	6097-6394:1
NC_010692.1	tRNA	trnS(AGY)	tRNA-Ser	6402-6470:1
NC_010692.1	CDS	ND5	NADH dehydrogenase subunit 5	6470-8348:1
NC_010692.1	CDS	ND6	NADH dehydrogenase subunit 6	8354-8843:-1
NC_010692.1	CDS	CYTB	cytochrome b	8912-10055:1
NC_010692.1	tRNA	trnP	tRNA-Pro	10059-10128:1
NC_010692.1	tRNA	trnQ	tRNA-Gln	10131-10202:-1
NC_010692.1	tRNA	trnN	tRNA-Asn	10205-10278:1
NC_010692.1	tRNA	trnL	tRNA-Leu	10280-10351:1
NC_010692.1	tRNA	trnW	tRNA-Trp	10365-10432:1
NC_010692.1	tRNA	trnC	tRNA-Cys	10432-10499:1
NC_010692.1	tRNA	trnM	tRNA-Met	10504-10572:1
NC_010692.1	tRNA	trnA	tRNA-Ala	10772-10842:-1
NC_010692.1	tRNA	trnV	tRNA-Val	11088-11157:-1
NC_010692.1	tRNA	trnD	tRNA-Asp	11166-11234:-1
NC_010692.1	tRNA	trnT	tRNA-Thr	11237-11300:-1
NC_010692.1	tRNA	trnE	tRNA-Glu	11302-11371:-1
NC_010692.1	rRNA	12S rRNA	s-rRNA	11371-12212:-1
NC_010692.1	tRNA	trnF	tRNA-Phe	12212-12283:-1
NC_010692.1	tRNA	trnL(UUR)	tRNA-Leu	12283-12354:-1
NC_010692.1	tRNA	trnG	tRNA-Gly	12354-12421:-1
NC_010692.1	rRNA	16S rRNA	l-rRNA	12421-13923:-1
NC_010692.1	tRNA	trnY	tRNA-Tyr	13923-13994:-1
NC_010692.1	CDS	ND2	NADH dehydrogenase subunit 2	13998-15033:-1
NC_010692.1	tRNA	trnI	tRNA-Ile	15033-15104:-1
NC_010692.1	CDS	ND1	NADH dehydrogenase subunit 1	15108-16080:-1
NC_010691.1	CDS	COX1	cytochrome c oxidase subunit I	0-1605:1
NC_010691.1	tRNA	trnR	tRNA-Arg	1607-1674:1
NC_010691.1	CDS	ND4L	NADH dehydrogenase subunit 4L	1674-1971:1
NC_010691.1	CDS	COX2	cytochrome c oxidase subunit II	1973-2666:1
NC_010691.1	tRNA	trnK	tRNA-Lys	2671-2740:1
NC_010691.1	CDS	ATP8	ATP synthase F0 subunit 8	2740-2902:1
NC_010691.1	CDS	ATP6	ATP synthase F0 subunit 6	2889-3591:1
NC_010691.1	CDS	COX3	cytochrome c oxidase subunit III	3595-4393:1
NC_010691.1	tRNA	trnS(UCN)	tRNA-Ser	4391-4461:-1
NC_010691.1	CDS	ND3	NADH dehydrogenase subunit 3	4466-4820:1
NC_010691.1	CDS	ND4	NADH dehydrogenase subunit 4	4822-6184:1
NC_010691.1	tRNA	trnH	tRNA-His	6185-6253:1
NC_010691.1	tRNA	trnS(AGY)	tRNA-Ser	6254-6321:1
NC_010691.1	CDS	ND5	NADH dehydrogenase subunit 5	6321-8109:1
NC_010691.1	CDS	ND6	NADH dehydrogenase subunit 6	8142-8616:-1
NC_010691.1	tRNA	trnG	tRNA-Gly	9302-9367:-1
NC_010691.1	rRNA	16S rRNA	l-rRNA	9861-11265:-1
NC_010691.1	tRNA	trnM	tRNA-Met	11265-11334:-1
NC_010691.1	tRNA	trnP	tRNA-Pro	11342-11407:-1
NC_010691.1	rRNA	12S rRNA	s-rRNA	11407-12306:-1
NC_010691.1	tRNA	trnF	tRNA-Phe	12306-12378:-1
NC_010691.1	tRNA	trnE	tRNA-Glu	12400-12466:-1
NC_010691.1	tRNA	trnC	tRNA-Cys	12467-12529:1
NC_010691.1	tRNA	trnV	tRNA-Val	12528-12600:-1
NC_010691.1	tRNA	trnY	tRNA-Tyr	12598-12665:-1
NC_010691.1	tRNA	trnL(CUN)	tRNA-Leu	12667-12735:-1
NC_010691.1	tRNA	trnA	tRNA-Ala	12740-12801:-1
NC_010691.1	tRNA	trnQ	tRNA-Gln	12805-12874:-1
NC_010691.1	tRNA	trnN	tRNA-Asn	12872-12944:1
NC_010691.1	tRNA	trnL(UUR)	tRNA-Leu	12967-13036:1
NC_010691.1	CDS	ND1	NADH dehydrogenase subunit 1	13039-14041:1
NC_010691.1	tRNA	trnI	tRNA-Ile	14041-14111:1
NC_010691.1	CDS	ND2	NADH dehydrogenase subunit 2	14112-15168:1
NC_010691.1	tRNA	trnD	tRNA-Asp	15169-15239:1
NC_010691.1	CDS	CYTB	cytochrome b	15240-16383:1
NC_010691.1	tRNA	trnT	tRNA-Thr	16382-16449:1
NC_010691.1	tRNA	trnW	tRNA-Trp	16511-16580:1
NC_009940.1	CDS	CYTB	cytochrome b	14575-15717:1,0-1:1
NC_009940.1	tRNA	tRNA-Phe	tRNA-Phe	0-73:1
NC_009940.1	rRNA	12S rRNA	s-rRNA	73-980:1
NC_009940.1	tRNA	tRNA-Glu	tRNA-Glu	967-1036:1
NC_009940.1	tRNA	tRNA-Thr	tRNA-Thr	1040-1113:1
NC_009940.1	tRNA	tRNA-Pro	tRNA-Pro	1240-1312:1
NC_009940.1	tRNA	tRNA-Gln	tRNA-Gln	1313-1385:-1
NC_009940.1	tRNA	tRNA-Asn	tRNA-Asn	1391-1463:1
NC_009940.1	tRNA	tRNA-Leu (CUN)	tRNA-Leu	1463-1535:1
NC_009940.1	tRNA	tRNA-Ala	tRNA-Ala	1534-1605:-1
NC_009940.1	tRNA	tRNA-Trp	tRNA-Trp	1607-1676:1
NC_009940.1	tRNA	tRNA-Cys	tRNA-Cys	1676-1744:1
NC_009940.1	tRNA	tRNA-Val	tRNA-Val	1741-1815:-1
NC_009940.1	tRNA	tRNA-Met	tRNA-Met	1841-1916:1
NC_009940.1	tRNA	tRNA-Asp	tRNA-Asp	1916-1986:-1
NC_009940.1	tRNA	tRNA-Tyr	tRNA-Tyr	1991-2062:1
NC_009940.1	tRNA	tRNA-Gly	tRNA-Gly	2069-2137:1
NC_009940.1	tRNA	tRNA-Leu (UUR)	tRNA-Leu	2138-2209:1
NC_009940.1	CDS	ND1	NADH dehydrogenase subunit 1	2212-3184:1
NC_009940.1	tRNA	tRNA-Ile	tRNA-Ile	3185-3256:1
NC_009940.1	CDS	ND2	NADH dehydrogenase subunit 2	3256-4315:1
NC_009940.1	rRNA	16S rRNA	l-rRNA	4315-5856:1
NC_009940.1	CDS	COX1	cytochrome c oxidase subunit I	5851-7405:1
NC_009940.1	tRNA	tRNA-Arg	tRNA-Arg	7415-7482:1
NC_009940.1	CDS	ND4L	NADH dehydrogenase subunit 4L	7484-7778:1
NC_009940.1	CDS	COX2	cytochrome c oxidase subunit II	7777-8467:1
NC_009940.1	tRNA	tRNA-Lys	tRNA-Lys	8471-8542:1
NC_009940.1	CDS	ATP8	ATP synthase F0 subunit 8	8542-8707:1
NC_009940.1	CDS	ATP6	ATP synthase F0 subunit 6	8703-9387:1
NC_009940.1	CDS	COX3	cytochrome c oxidase subunit III	9390-10173:1
NC_009940.1	tRNA	tRNA-Ser (UCN)	tRNA-Ser	10177-10242:-1
NC_009940.1	CDS	ND3	NADH dehydrogenase subunit 3	10258-10609:1
NC_009940.1	CDS	ND4	NADH dehydrogenase subunit 4	10625-12014:1
NC_009940.1	tRNA	tRNA-His	tRNA-His	12003-12074:1
NC_009940.1	tRNA	tRNA-Ser (AGN)	tRNA-Ser	12074-12142:1
NC_009940.1	CDS	ND5	NADH dehydrogenase subunit 5	12142-14062:1
NC_009940.1	CDS	ND6	NADH dehydrogenase subunit 6	14053-14551:-1
NC_009941.1	CDS	CYTB	cytochrome b	14570-15712:1,0-1:1
NC_009941.1	tRNA	tRNA-Phe	tRNA-Phe	0-73:1
NC_009941.1	rRNA	12S rRNA	s-rRNA	73-980:1
NC_009941.1	tRNA	tRNA-Glu	tRNA-Glu	967-1036:1
NC_009941.1	tRNA	tRNA-Thr	tRNA-Thr	1040-1113:1
NC_009941.1	tRNA	tRNA-Pro	tRNA-Pro	1239-1311:1
NC_009941.1	tRNA	tRNA-Gln	tRNA-Gln	1312-1384:-1
NC_009941.1	tRNA	tRNA-Asn	tRNA-Asn	1390-1462:1
NC_009941.1	tRNA	tRNA-Leu (CUN)	tRNA-Leu	1462-1534:1
NC_009941.1	tRNA	tRNA-Ala	tRNA-Ala	1533-1604:-1
NC_009941.1	tRNA	tRNA-Trp	tRNA-Trp	1606-1675:1
NC_009941.1	tRNA	tRNA-Cys	tRNA-Cys	1675-1743:1
NC_009941.1	tRNA	tRNA-Val	tRNA-Val	1740-1814:-1
NC_009941.1	tRNA	tRNA-Met	tRNA-Met	1834-1909:1
NC_009941.1	tRNA	tRNA-Asp	tRNA-Asp	1909-1979:-1
NC_009941.1	tRNA	tRNA-Tyr	tRNA-Tyr	1986-2057:1
NC_009941.1	tRNA	tRNA-Gly	tRNA-Gly	2062-2130:1
NC_009941.1	tRNA	tRNA-Leu (UUR)	tRNA-Leu	2131-2202:1
NC_009941.1	CDS	ND1	NADH dehydrogenase subunit 1	2205-3177:1
NC_009941.1	tRNA	tRNA-Ile	tRNA-Ile	3178-3249:1
NC_009941.1	CDS	ND2	NADH dehydrogenase subunit 2	3249-4308:1
NC_009941.1	rRNA	16S rRNA	l-rRNA	4308-5850:1
NC_009941.1	CDS	COX1	cytochrome c oxidase subunit I	5845-7399:1
NC_009941.1	tRNA	tRNA-Arg	tRNA-Arg	7409-7476:1
NC_009941.1	CDS	ND4L	NADH dehydrogenase subunit 4L	7478-7772:1
NC_009941.1	CDS	COX2	cytochrome c oxidase subunit II	7771-8461:1
NC_009941.1	tRNA	tRNA-Lys	tRNA-Lys	8465-8536:1
NC_009941.1	CDS	ATP8	ATP synthase F0 subunit 8	8536-8701:1
NC_009941.1	CDS	ATP6	ATP synthase F0 subunit 6	8691-9381:1
NC_009941.1	CDS	COX3	cytochrome c oxidase subunit III	9384-10167:1
NC_009941.1	tRNA	tRNA-Ser (UCN)	tRNA-Ser	10171-10236:-1
NC_009941.1	CDS	ND3	NADH dehydrogenase subunit 3	10252-10603:1
NC_009941.1	CDS	ND4	NADH dehydrogenase subunit 4	10620-12009:1
NC_009941.1	tRNA	tRNA-His	tRNA-His	11998-12069:1
NC_009941.1	tRNA	tRNA-Ser (AGN)	tRNA-Ser	12069-12137:1
NC_009941.1	CDS	ND5	NADH dehydrogenase subunit 5	12137-14057:1
NC_009941.1	CDS	ND6	NADH dehydrogenase subunit 6	14048-14546:-1
NC_007789.1	rRNA		l-rRNA	0-1545:-1
NC_007789.1	CDS	ND2	NADH dehydrogenase subunit 2	1551-2616:-1
NC_007789.1	tRNA		tRNA-Ile	2616-2688:-1
NC_007789.1	CDS	ND1	NADH dehydrogenase subunit 1	2687-3668:-1
NC_007789.1	tRNA		tRNA-Leu	3668-3740:-1
NC_007789.1	tRNA		tRNA-Gly	3768-3837:1
NC_007789.1	tRNA		tRNA-Tyr	3838-3908:-1
NC_007789.1	tRNA		tRNA-Asp	3908-3979:1
NC_007789.1	tRNA		tRNA-Met	3979-4050:-1
NC_007789.1	tRNA		tRNA-Val	4061-4129:1
NC_007789.1	tRNA		tRNA-Cys	4129-4196:-1
NC_007789.1	tRNA		tRNA-Trp	4196-4266:-1
NC_007789.1	tRNA		tRNA-Ala	4271-4340:1
NC_007789.1	tRNA		tRNA-Leu	4340-4412:-1
NC_007789.1	tRNA		tRNA-Asn	4413-4485:-1
NC_007789.1	tRNA		tRNA-Gln	4487-4559:1
NC_007789.1	tRNA		tRNA-Pro	4559-4629:-1
NC_007789.1	CDS	COX1	cytochrome c oxidase subunit I	4659-6212:1
NC_007789.1	tRNA		tRNA-Arg	6212-6281:1
NC_007789.1	CDS	ND4L	NADH dehydrogenase subunit 4L	6281-6578:1
NC_007789.1	CDS	COX2	cytochrome c oxidase subunit II	6578-7266:1
NC_007789.1	tRNA		tRNA-Lys	7266-7338:1
NC_007789.1	CDS	ATP8	ATP synthase F0 subunit 8	7339-7504:1
NC_007789.1	CDS	ATP6	ATP synthase F0 subunit 6	7488-8181:1
NC_007789.1	CDS	COX3	cytochrome c oxidase subunit III	8186-8969:1
NC_007789.1	tRNA		tRNA-Ser	8967-9038:-1
NC_007789.1	CDS	ND3	NADH dehydrogenase subunit 3	9065-9416:1
NC_007789.1	CDS	ND4	NADH dehydrogenase subunit 4	9423-10806:1
NC_007789.1	tRNA		tRNA-His	10814-10883:1
NC_007789.1	tRNA		tRNA-Ser	10884-10952:1
NC_007789.1	CDS	ND5	NADH dehydrogenase subunit 5	10952-12854:1
NC_007789.1	CDS	ND6	NADH dehydrogenase subunit 6	12912-13401:-1
NC_007789.1	CDS	CYTB	cytochrome b	13415-14553:1
NC_007789.1	tRNA		tRNA-Phe	14553-14624:1
NC_007789.1	rRNA		s-rRNA	14624-15552:1
NC_007789.1	tRNA		tRNA-Glu	15552-15621:1
NC_007789.1	tRNA		tRNA-Thr	15629-15703:1
NC_007788.1	rRNA		l-rRNA	0-1549:-1
NC_007788.1	CDS	ND2	NADH dehydrogenase subunit 2	1555-2620:-1
NC_007788.1	tRNA		tRNA-Ile	2620-2692:-1
NC_007788.1	CDS	ND1	NADH dehydrogenase subunit 1	2691-3672:-1
NC_007788.1	tRNA		tRNA-Leu	3672-3744:-1
NC_007788.1	tRNA		tRNA-Gly	3772-3841:1
NC_007788.1	tRNA		tRNA-Tyr	3842-3912:-1
NC_007788.1	tRNA		tRNA-Asp	3912-3983:1
NC_007788.1	tRNA		tRNA-Met	3984-4055:-1
NC_007788.1	tRNA		tRNA-Val	4066-4134:1
NC_007788.1	tRNA		tRNA-Cys	4134-4201:-1
NC_007788.1	tRNA		tRNA-Trp	4201-4271:-1
NC_007788.1	tRNA		tRNA-Ala	4276-4345:1
NC_007788.1	tRNA		tRNA-Leu	4345-4417:-1
NC_007788.1	tRNA		tRNA-Asn	4417-4489:-1
NC_007788.1	tRNA		tRNA-Gln	4491-4563:1
NC_007788.1	tRNA		tRNA-Pro	4563-4634:-1
NC_007788.1	CDS	COX1	cytochrome c oxidase subunit I	4664-6217:1
NC_007788.1	tRNA		tRNA-Arg	6217-6286:1
NC_007788.1	CDS	ND4L	NADH dehydrogenase subunit 4L	6286-6583:1
NC_007788.1	CDS	COX2	cytochrome c oxidase subunit II	6583-7271:1
NC_007788.1	tRNA		tRNA-Lys	7271-7343:1
NC_007788.1	CDS	ATP8	ATP synthase F0 subunit 8	7344-7509:1
NC_007788.1	CDS	ATP6	ATP synthase F0 subunit 6	7493-8186:1
NC_007788.1	CDS	COX3	cytochrome c oxidase subunit III	8191-8974:1
NC_007788.1	tRNA		tRNA-Ser	8972-9043:-1
NC_007788.1	CDS	ND3	NADH dehydrogenase subunit 3	9072-9423:1
NC_007788.1	CDS	ND4	NADH dehydrogenase subunit 4	9430-10813:1
NC_007788.1	tRNA		tRNA-His	10821-10890:1
NC_007788.1	tRNA		tRNA-Ser	10890-10959:1
NC_007788.1	CDS	ND5	NADH dehydrogenase subunit 5	10959-12861:1
NC_007788.1	CDS	ND6	NADH dehydrogenase subunit 6	12912-13401:-1
NC_007788.1	CDS	CYTB	cytochrome b	13415-14553:1
NC_007788.1	tRNA		tRNA-Phe	14553-14624:1
NC_007788.1	rRNA		s-rRNA	14624-15553:1
NC_007788.1	tRNA		tRNA-Glu	15553-15622:1
NC_007788.1	tRNA		tRNA-Thr	15629-15703:1
NC_007690.1	CDS	CYTB	cytochrome b	0-1144:1
NC_007690.1	tRNA		tRNA-Pro	1144-1213:1
NC_007690.1	tRNA		tRNA-Gln	1218-1290:-1
NC_007690.1	tRNA		tRNA-Asn	1300-1373:1
NC_007690.1	tRNA		tRNA-Leu	1385-1456:1
NC_007690.1	tRNA		tRNA-Ala	1477-1546:-1
NC_007690.1	tRNA		tRNA-Trp	1548-1617:1
NC_007690.1	tRNA		tRNA-Cys	1620-1689:1
NC_007690.1	tRNA		tRNA-Val	1688-1758:-1
NC_007690.1	tRNA		tRNA-Met	1767-1839:1
NC_007690.1	tRNA		tRNA-Asp	1847-1917:-1
NC_007690.1	tRNA		tRNA-Thr	2074-2144:-1
NC_007690.1	tRNA		tRNA-Glu	2143-2212:-1
NC_007690.1	rRNA		s-rRNA	2212-3091:-1
NC_007690.1	tRNA		tRNA-Phe	3091-3164:-1
NC_007690.1	tRNA		tRNA-Leu	3166-3237:-1
NC_007690.1	tRNA		tRNA-Gly	3239-3310:-1
NC_007690.1	rRNA		l-rRNA	3310-4868:-1
NC_007690.1	tRNA		tRNA-Tyr	4868-4939:-1
NC_007690.1	CDS	ND2	NADH dehydrogenase subunit 2	4941-5988:-1
NC_007690.1	tRNA		tRNA-Ile	5989-6062:-1
NC_007690.1	CDS	ND1	NADH dehydrogenase subunit 1	6065-7040:-1
NC_007690.1	CDS	COX1	cytochrome c oxidase subunit I	7116-8670:1
NC_007690.1	tRNA		tRNA-Arg	8672-8741:1
NC_007690.1	CDS	ND4L	NADH dehydrogenase subunit 4L	8741-9038:1
NC_007690.1	CDS	COX2	cytochrome c oxidase subunit II	9044-9734:1
NC_007690.1	tRNA		tRNA-Lys	9739-9809:1
NC_007690.1	CDS	ATP8	ATP synthase F0 subunit 8	9809-9980:1
NC_007690.1	CDS	ATP6	ATP synthase F0 subunit 6	9973-10663:1
NC_007690.1	CDS	COX3	cytochrome c oxidase subunit III	10674-11457:1
NC_007690.1	tRNA		tRNA-Ser	11456-11526:-1
NC_007690.1	CDS	ND3	NADH dehydrogenase subunit 3	11530-11884:1
NC_007690.1	CDS	ND4	NADH dehydrogenase subunit 4	11900-13283:1
NC_007690.1	tRNA		tRNA-His	13286-13356:1
NC_007690.1	tRNA		tRNA-Ser	13371-13439:1
NC_007690.1	CDS	ND5	NADH dehydrogenase subunit 5	13439-15326:1
NC_007690.1	CDS	ND6	NADH dehydrogenase subunit 6	15327-15819:-1
NC_007689.1	CDS	CYTB	cytochrome b	0-1141:1
NC_007689.1	tRNA		tRNA-Pro	1141-1210:1
NC_007689.1	tRNA		tRNA-Gln	1213-1285:-1
NC_007689.1	tRNA		tRNA-Asn	1288-1360:1
NC_007689.1	tRNA		tRNA-Leu	1362-1434:1
NC_007689.1	tRNA		tRNA-Ala	1434-1503:-1
NC_007689.1	tRNA		tRNA-Trp	1504-1572:1
NC_007689.1	tRNA		tRNA-Cys	1572-1641:1
NC_007689.1	tRNA		tRNA-Val	1640-1711:-1
NC_007689.1	tRNA		tRNA-Met	1727-1797:1
NC_007689.1	tRNA		tRNA-Asp	1803-1873:-1
NC_007689.1	tRNA		tRNA-Thr	2046-2116:-1
NC_007689.1	tRNA		tRNA-Glu	2116-2185:-1
NC_007689.1	rRNA		s-rRNA	2185-3037:-1
NC_007689.1	tRNA		tRNA-Phe	3037-3110:-1
NC_007689.1	tRNA		tRNA-Leu	3111-3183:-1
NC_007689.1	tRNA		tRNA-Gly	3183-3252:-1
NC_007689.1	rRNA		l-rRNA	3252-4809:-1
NC_007689.1	tRNA		tRNA-Tyr	4809-4881:-1
NC_007689.1	CDS	ND2	NADH dehydrogenase subunit 2	4883-5924:-1
NC_007689.1	tRNA		tRNA-Ile	5925-5999:-1
NC_007689.1	CDS	ND1	NADH dehydrogenase subunit 1	5999-6975:-1
NC_007689.1	CDS	COX1	cytochrome c oxidase subunit I	7165-8719:1
NC_007689.1	tRNA		tRNA-Arg	8720-8789:1
NC_007689.1	CDS	COX2	cytochrome c oxidase subunit II	8794-9481:1
NC_007689.1	tRNA		tRNA-Lys	9486-9551:1
NC_007689.1	CDS	ATP8	ATP synthase F0 subunit 8	9551-9725:1
NC_007689.1	CDS	ATP6	ATP synthase F0 subunit 6	9718-10405:1
NC_007689.1	CDS	ND4L	NADH dehydrogenase subunit 4L	10413-10710:1
NC_007689.1	CDS	COX3	cytochrome c oxidase subunit III	10778-11561:1
NC_007689.1	tRNA		tRNA-Ser	11559-11627:-1
NC_007689.1	CDS	ND3	NADH dehydrogenase subunit 3	11635-11989:1
NC_007689.1	CDS	ND4	NADH dehydrogenase subunit 4	11988-13371:1
NC_007689.1	tRNA		tRNA-His	13371-13440:1
NC_007689.1	tRNA		tRNA-Ser	13441-13509:1
NC_007689.1	CDS	ND5	NADH dehydrogenase subunit 5	13509-15393:1
NC_007689.1	CDS	ND6	NADH dehydrogenase subunit 6	15394-15889:-1
NC_005930.1	CDS	COX1	cytochrome c oxidase subunit I	0-1605:1
NC_005930.1	tRNA		tRNA-Arg	1612-1680:1
NC_005930.1	CDS	ND4L	NADH dehydrogenase subunit 4L	1680-1977:1
NC_005930.1	CDS	COX2	cytochrome c oxidase subunit II	1979-2691:1
NC_005930.1	tRNA		tRNA-Lys	2691-2764:1
NC_005930.1	CDS	ATP8	ATP synthase F0 subunit 8	2764-2932:1
NC_005930.1	CDS	ATP6	ATP synthase F0 subunit 6	2919-3627:1
NC_005930.1	CDS	COX3	cytochrome c oxidase subunit III	3635-4433:1
NC_005930.1	tRNA		tRNA-Ser	4431-4503:-1
NC_005930.1	CDS	ND3	NADH dehydrogenase subunit 3	4507-4861:1
NC_005930.1	CDS	ND4	NADH dehydrogenase subunit 4	4863-6225:1
NC_005930.1	tRNA		tRNA-His	6227-6294:1
NC_005930.1	tRNA		tRNA-Ser	6295-6362:1
NC_005930.1	CDS	ND5	NADH dehydrogenase subunit 5	6362-8156:1
NC_005930.1	CDS	ND6	NADH dehydrogenase subunit 6	8169-8649:-1
NC_005930.1	tRNA		tRNA-Gly	9318-9385:-1
NC_005930.1	rRNA		l-rRNA	10590-12008:-1
NC_005930.1	tRNA		tRNA-Met	12008-12077:-1
NC_005930.1	tRNA		tRNA-Pro	12080-12145:-1
NC_005930.1	rRNA		s-rRNA	12145-13042:-1
NC_005930.1	tRNA		tRNA-Phe	13042-13113:-1
NC_005930.1	tRNA		tRNA-Glu	13143-13208:-1
NC_005930.1	tRNA		tRNA-Cys	13210-13272:1
NC_005930.1	tRNA		tRNA-Val	13271-13343:-1
NC_005930.1	tRNA		tRNA-Tyr	13341-13409:-1
NC_005930.1	tRNA		tRNA-Leu	13411-13478:-1
NC_005930.1	tRNA		tRNA-Ala	13483-13550:-1
NC_005930.1	tRNA		tRNA-Gln	13554-13624:-1
NC_005930.1	tRNA		tRNA-Asn	13622-13694:1
NC_005930.1	tRNA		tRNA-Leu	13714-13783:1
NC_005930.1	CDS	ND1	NADH dehydrogenase subunit 1	13784-14786:1
NC_005930.1	tRNA		tRNA-Ile	14786-14858:1
NC_005930.1	CDS	ND2	NADH dehydrogenase subunit 2	14859-15915:1
NC_005930.1	tRNA		tRNA-Asp	15916-15983:1
NC_005930.1	CDS	CYTB	cytochrome b	15984-17125:1
NC_005930.1	tRNA		tRNA-Thr	17125-17191:1
NC_005930.1	tRNA		tRNA-Trp	17261-17329:1
NC_005929.1	CDS	COX1	cytochrome c oxidase subunit I	0-1551:1
NC_005929.1	tRNA		tRNA-Arg	1550-1616:1
NC_005929.1	tRNA		tRNA-Glu	2775-2843:1
NC_005929.1	tRNA		tRNA-Pro	3248-3315:1
NC_005929.1	tRNA		tRNA-Asn	3334-3404:1
NC_005929.1	tRNA		tRNA-Leu	3407-3478:1
NC_005929.1	tRNA		tRNA-Trp	3536-3605:1
NC_005929.1	tRNA		tRNA-Val	3669-3739:-1
NC_005929.1	CDS	ND4L	NADH dehydrogenase subunit 4L	3817-4114:1
NC_005929.1	CDS	COX2	cytochrome c oxidase subunit II	4114-4804:1
NC_005929.1	tRNA		tRNA-Lys	4805-4869:1
NC_005929.1	CDS	ATP8	ATP synthase F0 subunit 8	4869-5037:1
NC_005929.1	CDS	ATP6	ATP synthase F0 subunit 6	5030-5714:1
NC_005929.1	CDS	COX3	cytochrome c oxidase subunit III	5715-6498:1
NC_005929.1	tRNA		tRNA-Ser	6499-6570:-1
NC_005929.1	CDS	ND3	NADH dehydrogenase subunit 3	6588-6933:1
NC_005929.1	CDS	ND4	NADH dehydrogenase subunit 4	6936-8290:1
NC_005929.1	tRNA		tRNA-His	8290-8357:1
NC_005929.1	tRNA		tRNA-Ser	8357-8424:1
NC_005929.1	CDS	ND5	NADH dehydrogenase subunit 5	8424-10248:1
NC_005929.1	CDS	ND6	NADH dehydrogenase subunit 6	10261-10747:-1
NC_005929.1	CDS	CYTB	cytochrome b	10755-11896:1
NC_005929.1	tRNA		tRNA-Phe	11896-11967:1
NC_005929.1	rRNA		s-rRNA	11967-12848:1
NC_005929.1	tRNA		tRNA-Thr	12848-12914:1
NC_005929.1	tRNA		tRNA-Gln	13366-13436:-1
NC_005929.1	tRNA		tRNA-Ala	13533-13599:-1
NC_005929.1	tRNA		tRNA-Cys	13627-13695:1
NC_005929.1	tRNA		tRNA-Met	13753-13821:1
NC_005929.1	tRNA		tRNA-Asp	13834-13902:-1
NC_005929.1	tRNA		tRNA-Tyr	13904-13973:1
NC_005929.1	tRNA		tRNA-Gly	13972-14041:1
NC_005929.1	tRNA		tRNA-Leu	14046-14117:1
NC_005929.1	CDS	ND1	NADH dehydrogenase subunit 1	14118-15090:1
NC_005929.1	tRNA		tRNA-Ile	15105-15175:1
NC_005929.1	CDS	ND2	NADH dehydrogenase subunit 2	15175-16219:1
NC_005929.1	rRNA		l-rRNA	16219-17538:1
NC_005334.1	CDS	COX1	cytochrome c oxidase subunit I	0-1585:1
NC_005334.1	tRNA		tRNA-Arg	1585-1650:1
NC_005334.1	CDS	ND4L	NADH dehydrogenase subunit 4L	1651-1942:1
NC_005334.1	CDS	COX2	cytochrome c oxidase subunit II	1944-2640:1
NC_005334.1	tRNA		tRNA-Lys	2647-2719:1
NC_005334.1	CDS	ATP8	ATP synthase F0 subunit 8	2719-2893:1
NC_005334.1	CDS	ATP6	ATP synthase F0 subunit 6	2880-3564:1
NC_005334.1	CDS	COX3	cytochrome c oxidase subunit III	3566-4361:1
NC_005334.1	tRNA		tRNA-Ser	4359-4433:-1
NC_005334.1	CDS	ND3	NADH dehydrogenase subunit 3	4438-4783:1
NC_005334.1	CDS	ND4	NADH dehydrogenase subunit 4	4785-6144:1
NC_005334.1	tRNA		tRNA-His	6147-6216:1
NC_005334.1	tRNA		tRNA-Ser	6216-6285:1
NC_005334.1	CDS	ND5	NADH dehydrogenase subunit 5	6285-8067:1
NC_005334.1	tRNA		tRNA-Thr	8211-8287:-1
NC_005334.1	CDS	ND6	NADH dehydrogenase subunit 6	8309-8789:-1
NC_005334.1	tRNA		tRNA-Met	9736-9808:-1
NC_005334.1	tRNA		tRNA-Ala	9808-9873:-1
NC_005334.1	tRNA		tRNA-Glu	9873-9938:-1
NC_005334.1	tRNA		tRNA-Gly	9934-10002:-1
NC_005334.1	rRNA		l-rRNA	10002-11420:-1
NC_005334.1	tRNA		tRNA-Leu	11420-11491:-1
NC_005334.1	tRNA		tRNA-Pro	11492-11560:-1
NC_005334.1	rRNA		s-rRNA	11560-12443:-1
NC_005334.1	tRNA		tRNA-Phe	12443-12514:-1
NC_005334.1	CDS	CYTB	cytochrome b	12557-13701:-1
NC_005334.1	tRNA		tRNA-Asp	13705-13774:-1
NC_005334.1	CDS	ND2	NADH dehydrogenase subunit 2	13764-14823:-1
NC_005334.1	tRNA		tRNA-Ile	14862-14933:-1
NC_005334.1	CDS	ND1	NADH dehydrogenase subunit 1	14933-15930:-1
NC_005334.1	tRNA		tRNA-Leu	15939-16012:-1
NC_005334.1	tRNA		tRNA-Asn	16015-16088:-1
NC_005334.1	tRNA		tRNA-Gln	16091-16162:1
NC_005334.1	tRNA		tRNA-Cys	16160-16229:1
NC_005334.1	tRNA		tRNA-Val	16228-16298:-1
NC_005334.1	tRNA		tRNA-Tyr	16298-16369:-1
NC_005334.1	tRNA		tRNA-Trp	16373-16442:1
NC_001878.1	CDS	CYTB	cytochrome b	0-1143:1
NC_001878.1	tRNA		tRNA-Pro	1149-1219:1
NC_001878.1	tRNA		tRNA-Gln	1233-1305:-1
NC_001878.1	tRNA		tRNA-Asn	1310-1383:1
NC_001878.1	tRNA		tRNA-Leu	1386-1457:1
NC_001878.1	tRNA		tRNA-Ala	1457-1527:-1
NC_001878.1	tRNA		tRNA-Trp	1531-1599:1
NC_001878.1	tRNA		tRNA-Cys	1599-1666:1
NC_001878.1	tRNA		tRNA-Val	1665-1735:-1
NC_001878.1	tRNA		tRNA-Met	1737-1809:1
NC_001878.1	tRNA		tRNA-Asp	1810-1881:-1
NC_001878.1	tRNA		tRNA-Thr	2313-2383:-1
NC_001878.1	tRNA		tRNA-Glu	2382-2450:-1
NC_001878.1	rRNA		s-rRNA	2450-3298:-1
NC_001878.1	tRNA		tRNA-Phe	3298-3371:-1
NC_001878.1	tRNA		tRNA-Leu	3371-3443:-1
NC_001878.1	tRNA		tRNA-Gly	3443-3511:-1
NC_001878.1	rRNA		l-rRNA	3511-5022:-1
NC_001878.1	tRNA		tRNA-Tyr	5022-5093:-1
NC_001878.1	CDS	ND2	NADH dehydrogenase subunit 2	5093-6129:-1
NC_001878.1	tRNA		tRNA-Ile	6129-6200:-1
NC_001878.1	CDS	ND1	NADH dehydrogenase subunit 1	6200-7176:-1
NC_001878.1	CDS	COX1	cytochrome c oxidase subunit I	7253-8806:1
NC_001878.1	tRNA		tRNA-Arg	8806-8875:1
NC_001878.1	CDS	ND4L	NADH dehydrogenase subunit 4L	8875-9172:1
NC_001878.1	CDS	COX2	cytochrome c oxidase subunit II	9173-9863:1
NC_001878.1	tRNA		tRNA-Lys	9867-9937:1
NC_001878.1	CDS	ATP8	ATP synthase F0 subunit 8	9937-10105:1
NC_001878.1	CDS	ATP6	ATP synthase F0 subunit 6	10098-10791:1
NC_001878.1	CDS	COX3	cytochrome c oxidase subunit III	10795-11578:1
NC_001878.1	tRNA		tRNA-Ser	11576-11647:-1
NC_001878.1	CDS	ND3	NADH dehydrogenase subunit 3	11650-12004:1
NC_001878.1	CDS	ND4	NADH dehydrogenase subunit 4	12017-13391:1
NC_001878.1	tRNA		tRNA-His	13407-13478:1
NC_001878.1	tRNA		tRNA-Ser	13485-13553:1
NC_001878.1	CDS	ND5	NADH dehydrogenase subunit 5	13553-15437:1
NC_001878.1	CDS	ND6	NADH dehydrogenase subunit 6	15437-15932:-1
NC_001627.1	CDS	COX3	cytochrome c oxidase subunit III	15684-16260:1,0-207:1
NC_001627.1	tRNA		tRNA-Ser	205-276:-1
NC_001627.1	CDS	ND3	NADH dehydrogenase subunit 3	301-634:1
NC_001627.1	CDS	ND4	NADH dehydrogenase subunit 4	643-2026:1
NC_001627.1	tRNA		tRNA-His	2166-2235:1
NC_001627.1	tRNA		tRNA-Ser	2236-2304:1
NC_001627.1	CDS	ND5	NADH dehydrogenase subunit 5	2304-4236:1
NC_001627.1	CDS	ND6	NADH dehydrogenase subunit 6	4287-4776:-1
NC_001627.1	CDS	CYTB	cytochrome b	4791-5929:1
NC_001627.1	tRNA		tRNA-Phe	5929-6001:-1
NC_001627.1	rRNA		12S ribosomal RNA	6001-6898:1
NC_001627.1	tRNA		tRNA-Glu	6898-6967:1
NC_001627.1	tRNA		tRNA-Thr	6970-7044:1
NC_001627.1	rRNA		16S ribosomal RNA	7489-9020:-1
NC_001627.1	CDS	ND2	NADH dehydrogenase subunit 2	9033-10098:-1
NC_001627.1	tRNA		tRNA-Ile	10098-10168:-1
NC_001627.1	CDS	ND1	NADH dehydrogenase subunit 1	10173-11154:-1
NC_001627.1	tRNA		tRNA-Leu	11154-11226:-1
NC_001627.1	tRNA		tRNA-Gly	11256-11325:-1
NC_001627.1	tRNA		tRNA-Tyr	11327-11397:-1
NC_001627.1	tRNA		tRNA-Asp	11402-11472:1
NC_001627.1	tRNA		tRNA-Met	11477-11549:-1
NC_001627.1	tRNA		tRNA-Val	11554-11625:1
NC_001627.1	tRNA		tRNA-Cys	11624-11691:-1
NC_001627.1	tRNA		tRNA-Trp	11691-11761:-1
NC_001627.1	tRNA		tRNA-Ala	11766-11838:1
NC_001627.1	tRNA		tRNA-Leu	11837-11909:-1
NC_001627.1	tRNA		tRNA-Asn	11909-11981:1
NC_001627.1	tRNA		tRNA-Gln	11982-12053:1
NC_001627.1	tRNA		tRNA-Pro	12053-12123:-1
NC_001627.1	CDS	COX1	cytochrome c oxidase subunit I	12153-13707:1
NC_001627.1	tRNA		tRNA-Arg	13708-13778:1
NC_001627.1	CDS	ND4L	NADH dehydrogenase subunit 4L	13778-14075:1
NC_001627.1	CDS	COX2	cytochrome c oxidase subunit II	14075-14763:1
NC_001627.1	tRNA		tRNA-Lys	14763-14836:1
NC_001627.1	CDS	ATP8	ATP synthase F0 subunit 8	14837-15002:1
NC_001627.1	CDS	ATP6	ATP synthase F0 subunit 6	14986-15679:1
NC_001572.1	tRNA		tRNA-Phe	0-73:1
NC_001572.1	rRNA		12S ribosomal RNA	73-956:1
NC_001572.1	tRNA		tRNA-Glu	951-1020:1
NC_001572.1	tRNA		tRNA-Thr	1025-1098:1
NC_001572.1	tRNA		tRNA-Pro	1230-1299:1
NC_001572.1	tRNA		tRNA-Gln	1300-1371:-1
NC_001572.1	tRNA		tRNA-Asn	1379-1451:1
NC_001572.1	tRNA		tRNA-Leu	1451-1523:1
NC_001572.1	tRNA		tRNA-Ala	1522-1592:-1
NC_001572.1	tRNA		tRNA-Trp	1592-1661:1
NC_001572.1	tRNA		tRNA-Cys	1661-1729:1
NC_001572.1	tRNA		tRNA-Val	1728-1798:-1
NC_001572.1	tRNA		tRNA-Met	1811-1884:1
NC_001572.1	tRNA		tRNA-Asp	1884-1953:-1
NC_001572.1	tRNA		tRNA-Tyr	1965-2036:1
NC_001572.1	tRNA		tRNA-Gly	2040-2109:1
NC_001572.1	tRNA		tRNA-Leu	2111-2184:1
NC_001572.1	CDS	ND1	NADH dehydrogenase subunit 1	2186-3158:1
NC_001572.1	tRNA		tRNA-Ile	3159-3230:1
NC_001572.1	CDS	ND2	NADH dehydrogenase subunit 2	3230-4289:1
NC_001572.1	rRNA		16S ribosomal RNA	4291-5840:1
NC_001572.1	CDS	COX1	cytochrome c oxidase subunit I	5837-7391:1
NC_001572.1	tRNA		tRNA-Arg	7400-7469:1
NC_001572.1	CDS	ND4L	NADH dehydrogenase subunit 4L	7470-7764:1
NC_001572.1	CDS	COX2	cytochrome c oxidase subunit II	7763-8453:1
NC_001572.1	tRNA		tRNA-Lys	8455-8525:1
NC_001572.1	CDS	ATP8	ATP synthase F0 subunit 8	8525-8690:1
NC_001572.1	CDS	ATP6	ATP synthase F0 subunit 6	8674-9373:1
NC_001572.1	CDS	COX3	cytochrome c oxidase subunit III	9376-10159:1
NC_001572.1	tRNA		tRNA-Ser	10158-10228:-1
NC_001572.1	CDS	ND3	NADH dehydrogenase subunit 3	10244-10595:1
NC_001572.1	CDS	ND4	NADH dehydrogenase subunit 4	10614-12006:1
NC_001572.1	tRNA		tRNA-His	11996-12064:1
NC_001572.1	tRNA		tRNA-Ser	12066-12132:1
NC_001572.1	CDS	ND5	NADH dehydrogenase subunit 5	12133-14050:1
NC_001572.1	CDS	ND6	NADH dehydrogenase subunit 6	14050-14533:-1
NC_001572.1	CDS	CYTB	cytochrome b	14555-15696:1
NC_001453.1	tRNA		tRNA-Phe	0-73:1
NC_001453.1	rRNA		s-rRNA	73-951:1
NC_001453.1	tRNA		tRNA-Glu	938-1009:1
NC_001453.1	tRNA		tRNA-Thr	1013-1084:1
NC_001453.1	tRNA		tRNA-Pro	1205-1275:1
NC_001453.1	tRNA		tRNA-Gln	1276-1347:-1
NC_001453.1	tRNA		tRNA-Asn	1353-1425:1
NC_001453.1	tRNA		tRNA-Leu	1425-1497:1
NC_001453.1	tRNA		tRNA-Ala	1496-1567:-1
NC_001453.1	tRNA		tRNA-Trp	1569-1639:1
NC_001453.1	tRNA		tRNA-Cys	1639-1706:1
NC_001453.1	tRNA		tRNA-Val	1703-1777:-1
NC_001453.1	tRNA		tRNA-Met	1793-1867:1
NC_001453.1	tRNA		tRNA-Asp	1867-1937:-1
NC_001453.1	tRNA		tRNA-Tyr	1943-2014:1
NC_001453.1	tRNA		tRNA-Gly	2019-2087:1
NC_001453.1	tRNA		tRNA-Leu	2087-2158:1
NC_001453.1	CDS	ND1	NADH dehydrogenase subunit 1	2161-3130:1
NC_001453.1	tRNA		tRNA-Ile	3131-3200:1
NC_001453.1	CDS	ND2	NADH dehydrogenase subunit 2	3200-4259:1
NC_001453.1	rRNA		l-rRNA	4259-5789:1
NC_001453.1	CDS	COX1	cytochrome c oxidase subunit I	5784-7338:1
NC_001453.1	tRNA		tRNA-Arg	7348-7415:1
NC_001453.1	CDS	ND4L	NADH dehydrogenase subunit 4L	7417-7711:1
NC_001453.1	CDS	COX2	cytochrome c oxidase subunit II	7710-8400:1
NC_001453.1	tRNA		tRNA-Lys	8404-8475:1
NC_001453.1	CDS	ATP8	ATP synthase F0 subunit 8	8475-8643:1
NC_001453.1	CDS	ATP6	ATP synthase F0 subunit 6	8633-9329:1
NC_001453.1	CDS	COX3	cytochrome c oxidase subunit III	9332-10115:1
NC_001453.1	tRNA		tRNA-Ser	10119-10184:-1
NC_001453.1	CDS	ND3	NADH dehydrogenase subunit 3	10200-10551:1
NC_001453.1	CDS	ND4	NADH dehydrogenase subunit 4	10566-11955:1
NC_001453.1	tRNA		tRNA-His	11944-12013:1
NC_001453.1	tRNA		tRNA-Ser	12013-12081:1
NC_001453.1	CDS	ND5	NADH dehydrogenase subunit 5	12081-13995:1
NC_001453.1	CDS	ND6	NADH dehydrogenase subunit 6	13986-14484:-1
NC_001453.1	CDS	CYTB	cytochrome b	14508-15650:1
