accession	type	gene	product	parts
AB595189.1	CDS	cox1	cytochrome c oxidase subunit I	0-1597:1
AB595189.1	rRNA		small subunit ribosomal RNA	1590-2686:1
AB595189.1	CDS	nad1	NADH dehydrogenase subunit 1	2686-3658:1
AB595189.1	CDS	cob	cytochrome b	3699-4893:1
AB595189.1	CDS	cox2	cytochrome c oxidase subunit II	4989-5751:1
AB595189.1	CDS	atp8	ATPase subunit 8	5771-5987:1
AB595189.1	CDS	atp6	ATPase subunit 6	6007-6715:1
AB595189.1	CDS	cox3	cytochrome c oxidase subunit III	6742-7528:1
AB595189.1	tRNA	trmM	tRNA-Met	7567-7638:1
AB595189.1	CDS	nad4	NADH dehydrogenase subunit 4	7697-9146:-1
AB595189.1	CDS	nad5	NADH dehydrogenase subunit 5	9170-10988:-1
AB595189.1	CDS	nad2	NADH dehydrogenase subunit 2	10975-12115:-1
AB595189.1	rRNA		large subunit ribosomal RNA	12093-14342:-1
AB595189.1	CDS	msh1	putative mismatch repair protein	14342-17333:-1
AB595189.1	CDS	nad4L	NADH dehydrogenase subunit 4L	17347-17641:-1
AB595189.1	CDS	nad3	NADH dehydrogenase subunit 3	17679-18033:-1
AB595189.1	CDS	nad6	NADH dehydrogenase subunit 6	18068-18623:-1
AP031565.1	tRNA		tRNA-Met	0-71:1
AP031565.1	rRNA		16S ribosomal RNA	414-2591:1
AP031565.1	CDS	ND5	NADH dehydrogenase subunit 5	2948-3680:1,5805-6936:1
AP031565.1	CDS	ND1	NADH dehydrogenase subunit 1	4083-4989:1
AP031565.1	CDS	ND3	NADH dehydrogenase subunit 3	5185-5542:1
AP031565.1	tRNA		tRNA-Trp	7078-7148:1
AP031565.1	CDS	COX2	cytochrome c oxidase subunit II	7590-8343:1
AP031565.1	CDS	ND4	NADH dehydrogenase subunit 4	8765-10220:1
AP031565.1	CDS	6	NADH dehydrogenase subunit 6	10320-10917:1
AP031565.1	CDS	CYTB	cytochrome b	11006-12158:1
AP031565.1	CDS	COX3	cytochrome c oxidase subunit III	12482-13271:1
AP031565.1	CDS	COX1	cytochrome c oxidase subunit I	13348-14236:1,15555-16272:1
AP031565.1	CDS	ND4L	NADH dehydrogenase subunit 4L	16412-16712:1
AP031565.1	CDS	ATP8	ATP synthase F0 subunit 8	16757-16976:1
AP031565.1	CDS	ATP6	ATP synthase F0 subunit 6	17191-17890:1
AP031565.1	rRNA		12S ribosomal RNA	18257-19331:1
AP031565.1	CDS	ND2	NADH dehydrogenase subunit 2	19772-20930:1
BK068674.1	CDS	ND5	ND5	0-717:1,2476-3571:1
BK068674.1	CDS	ND1	ND1	1022-2006:1
BK068674.1	CDS	ND3	ND3	2010-2367:1
BK068674.1	tRNA		tRNA-Tyr	3585-3656:1
BK068674.1	CDS	ND2	ND2	3938-5330:1
BK068674.1	rRNA		small subunit ribosomal RNA	5378-6422:1
BK068674.1	CDS	COX2	COX2	6445-7189:1
BK068674.1	CDS	ND4	ND4	7194-8670:1
BK068674.1	CDS	ND6	ND6	8675-9284:1
BK068674.1	CDS	Cytb	Cytb	9346-10501:1
BK068674.1	tRNA		tRNA-Met	10553-10615:1
BK068674.1	rRNA		large subunit ribosomal RNA	10614-12737:1
BK068674.1	CDS	COX3	COX3	12736-13525:1
BK068674.1	CDS	COX1	COX1	13661-15248:1
BK068674.1	CDS	ND4L	ND4L	15290-15590:1
BK068674.1	CDS	ATP8	ATP8	15599-15830:1
BK068674.1	CDS	ATP6	ATP6	15839-16538:1
BK068675.1	CDS	ND5	ND5	0-717:1,2572-3652:1
BK068675.1	CDS	ND1	ND1	1045-2029:1
BK068675.1	CDS	ND3	ND3	2035-2392:1
BK068675.1	tRNA		tRNA-Tyr	3766-3837:1
BK068675.1	CDS	ND2	ND2	3887-5264:1
BK068675.1	rRNA		small subunit ribosomal RNA	5313-6395:1
BK068675.1	CDS	COX2	COX2	6448-7189:1
BK068675.1	CDS	ND4	ND4	9182-10649:1
BK068675.1	CDS	ND6	ND6	10653-11262:1
BK068675.1	CDS	Cytb	Cytb	11289-12441:1
BK068675.1	tRNA		tRNA-Met	12855-12926:1
BK068675.1	rRNA		large subunit ribosomal RNA	12926-15173:1
BK068675.1	CDS	COX3	COX3	15245-16034:1
BK068675.1	CDS	COX1	COX1	16217-17108:1,17962-18643:1
BK068675.1	CDS	ND4L	ND4L	18862-19162:1
BK068675.1	CDS	ATP8	ATP8	19186-19402:1
BK068675.1	CDS	ATP6	ATP6	19435-20125:1
BK068676.1	CDS	ND5	ND5	0-744:1
BK068676.1	CDS	ND1	ND1	941-1925:1
BK068676.1	CDS	ND3	ND3	1931-2288:1
BK068676.1	CDS	ND5	ND5	2434-3514:1
BK068676.1	tRNA		tRNA-Tyr	3851-3921:1
BK068676.1	CDS	ND2	ND2	4036-5419:1
BK068676.1	rRNA		small subunit ribosomal RNA	5468-6524:1
BK068676.1	CDS	COX2	COX2	6540-7281:1
BK068676.1	CDS	ND4	ND4	9262-10729:1
BK068676.1	CDS	ND6	ND6	10733-11342:1
BK068676.1	CDS	Cytb	Cytb	11402-12554:1
BK068676.1	tRNA		tRNA-Met	12974-13045:1
BK068676.1	rRNA		large subunit ribosomal RNA	13045-15282:1
BK068676.1	CDS	COX3	COX3	15354-16143:1
BK068676.1	CDS	COX1	COX1	16313-17207:1,18063-18735:1
BK068676.1	CDS	ND4L	ND4L	19199-19499:1
BK068676.1	CDS	ATP8	ATP8	19523-19739:1
BK068676.1	CDS	ATP6	ATP6	19877-20567:1
BK068677.1	CDS	ND5	ND5	0-742:1,2435-3514:1
BK068677.1	CDS	ND1	ND1	941-1925:1
BK068677.1	CDS	ND3	ND3	1931-2288:1
BK068677.1	tRNA		tRNA-Tyr	3810-3880:1
BK068677.1	CDS	ND2	ND2	3994-5482:1
BK068677.1	rRNA		small subunit ribosomal RNA	5531-6587:1
BK068677.1	CDS	COX2	COX2	6640-7387:1
BK068677.1	CDS	ND4	ND4	7392-8868:1
BK068677.1	CDS	ND6	ND6	8872-9481:1
BK068677.1	CDS	Cytb	Cytb	9508-10660:1
BK068677.1	tRNA		tRNA-Met	11068-11139:1
BK068677.1	rRNA		large subunit ribosomal RNA	11139-13347:1
BK068677.1	CDS	COX3	COX3	13419-14208:1
BK068677.1	CDS	COX1	COX1	14376-15270:1,16138-16816:1
BK068677.1	CDS	ND4L	ND4L	17745-18045:1
BK068677.1	CDS	ATP8	ATP8	18068-18284:1
BK068677.1	CDS	ATP6	ATP6	18316-19006:1
BK068678.1	CDS	ND5	ND5	0-744:1
BK068678.1	CDS	ND1	ND1	940-1924:1
BK068678.1	CDS	ND3	ND3	1930-2287:1
BK068678.1	CDS	ND5	ND5	2490-3570:1
BK068678.1	tRNA		tRNA-Tyr	3684-3754:1
BK068678.1	CDS	ND2	ND2	3805-5182:1
BK068678.1	rRNA		small subunit ribosomal RNA	5231-6313:1
BK068678.1	CDS	COX2	COX2	6366-7107:1
BK068678.1	CDS	ND4	ND4	9099-10566:1
BK068678.1	CDS	ND6	ND6	10570-11179:1
BK068678.1	CDS	Cytb	Cytb	11206-12463:1
BK068678.1	tRNA		tRNA-Met	12671-12742:1
BK068678.1	rRNA		large subunit ribosomal RNA	12742-14936:1
BK068678.1	CDS	COX3	COX3	15008-15797:1
BK068678.1	CDS	COX1	COX1	15868-16762:1,17615-18293:1
BK068678.1	CDS	ND4L	ND4L	18577-18877:1
BK068678.1	CDS	ATP8	ATP8	18901-19117:1
BK068678.1	CDS	ATP6	ATP6	19150-19840:1
BK068679.1	CDS	ND5	ND5	0-741:1,2434-3514:1
BK068679.1	CDS	ND1	ND1	983-1925:1
BK068679.1	CDS	ND3	ND3	1931-2288:1
BK068679.1	tRNA		tRNA-Tyr	3914-3984:1
BK068679.1	CDS	ND2	ND2	4099-5482:1
BK068679.1	rRNA		small subunit ribosomal RNA	5531-6587:1
BK068679.1	CDS	COX2	COX2	6640-7387:1
BK068679.1	CDS	ND4	ND4	7392-8868:1
BK068679.1	CDS	ND6	ND6	8872-9481:1
BK068679.1	CDS	Cytb	Cytb	9508-10660:1
BK068679.1	tRNA		tRNA-Met	11066-11137:1
BK068679.1	rRNA		large subunit ribosomal RNA	11137-13345:1
BK068679.1	CDS	COX3	COX3	13417-14206:1
BK068679.1	CDS	COX1	COX1	14374-15406:1,16137-16815:1
BK068679.1	CDS	ND4L	ND4L	18176-18476:1
BK068679.1	CDS	ATP8	ATP8	18498-18714:1
BK068679.1	CDS	ATP6	ATP6	18746-19436:1
BK068680.1	CDS	ND5	ND5	0-744:1
BK068680.1	CDS	ND1	ND1	941-1925:1
BK068680.1	CDS	ND3	ND3	1931-2288:1
BK068680.1	CDS	ND5	ND5	2538-3618:1
BK068680.1	tRNA		tRNA-Tyr	3836-3906:1
BK068680.1	CDS	ND2	ND2	3943-5335:1
BK068680.1	rRNA		small subunit ribosomal RNA	5384-6465:1
BK068680.1	CDS	COX2	COX2	6518-7283:1
BK068680.1	CDS	ND4	ND4	8041-9508:1
BK068680.1	CDS	ND6	ND6	9512-10100:1
BK068680.1	CDS	Cytb	Cytb	10153-11302:1
BK068680.1	tRNA		tRNA-Met	11359-11430:1
BK068680.1	rRNA		large subunit ribosomal RNA	11430-13620:1
BK068680.1	CDS	COX3	COX3	13691-14480:1
BK068680.1	CDS	COX1	COX1	14906-16739:1
BK068680.1	CDS	ND4L	ND4L	17476-17776:1
BK068680.1	CDS	ATP8	ATP8	17800-18016:1
BK068680.1	CDS	ATP6	ATP6	18047-18737:1
BK068681.1	CDS	ND5	ND5	0-744:1
BK068681.1	CDS	ND1	ND1	941-1925:1
BK068681.1	CDS	ND3	ND3	1931-2288:1
BK068681.1	CDS	ND5	ND5	2434-3514:1
BK068681.1	tRNA		tRNA-Tyr	3810-3880:1
BK068681.1	CDS	ND2	ND2	3994-5377:1
BK068681.1	rRNA		small subunit ribosomal RNA	5426-6482:1
BK068681.1	CDS	COX2	COX2	6535-7282:1
BK068681.1	CDS	ND4	ND4	7287-8763:1
BK068681.1	CDS	ND6	ND6	8767-9376:1
BK068681.1	CDS	Cytb	Cytb	9403-10555:1
BK068681.1	tRNA		tRNA-Met	10963-11034:1
BK068681.1	rRNA		large subunit ribosomal RNA	11034-13242:1
BK068681.1	CDS	COX3	COX3	13314-14103:1
BK068681.1	CDS	COX1	COX1	14271-15318:1
BK068681.1	CDS	COX1	COX1	16034-16712:1
BK068681.1	CDS	ND4L	ND4L	17569-17869:1
BK068681.1	CDS	ATP8	ATP8	17892-18108:1
BK068681.1	CDS	ATP6	ATP6	18140-18830:1
BK068682.1	CDS	ND5	ND5	0-744:1
BK068682.1	CDS	ND1	ND1	940-1924:1
BK068682.1	CDS	ND3	ND3	1930-2287:1
BK068682.1	CDS	ND5	ND5	2434-3514:1
BK068682.1	tRNA		tRNA-Tyr	3574-3644:1
BK068682.1	CDS	ND2	ND2	4016-5231:1
BK068682.1	rRNA		small subunit ribosomal RNA	5280-6362:1
BK068682.1	CDS	COX2	COX2	6415-7162:1
BK068682.1	CDS	ND4	ND4	7167-8643:1
BK068682.1	CDS	ND6	ND6	8647-9256:1
BK068682.1	CDS	Cytb	Cytb	9319-10465:1
BK068682.1	tRNA		tRNA-Met	10523-10594:1
BK068682.1	rRNA		large subunit ribosomal RNA	10594-12781:1
BK068682.1	CDS	COX3	COX3	12852-13641:1
BK068682.1	CDS	COX1	COX1	13784-14702:1
BK068682.1	CDS	COX1	COX1	15534-16230:1
BK068682.1	CDS	ND4L	ND4L	16270-16570:1
BK068682.1	CDS	ATP8	ATP8	16594-16810:1
BK068682.1	CDS	ATP6	ATP6	16840-17530:1
BK069890.1	CDS	ND5	NADH dehydrogenase subunit 5	0-717:1,2923-4003:1
BK069890.1	CDS	ND1	NADH dehydrogenase subunit 1	940-1924:1
BK069890.1	CDS	ND3	NADH dehydrogenase subunit 3	1930-2287:1
BK069890.1	tRNA	tRNA-Tyr	tRNA-Tyr	4251-4321:1
BK069890.1	CDS	ND2	NADH dehydrogenase subunit 2	4373-5750:1
BK069890.1	rRNA	12S	small subunit ribosomal RNA	5799-6881:1
BK069890.1	CDS	COX2	cytochrome c oxidase subunit II	6934-7675:1
BK069890.1	CDS	ND4	NADH dehydrogenase subunit 4	9663-11130:1
BK069890.1	CDS	ND6	NADH dehydrogenase subunit 6	11134-11743:1
BK069890.1	CDS	CYTB	cytochrome b	11770-12922:1
BK069890.1	tRNA	tRNA-Met	tRNA-Met	13327-13398:1
BK069890.1	rRNA	16S rRNA	large subunit ribosomal RNA	13398-15592:1
BK069890.1	CDS	COX3	cytochrome c oxidase subunit III	15664-16453:1
BK069890.1	CDS	COX1	cytochrome c oxidase subunit I	16687-17578:1,18435-19113:1
BK069890.1	CDS	ND4L	NADH dehydrogenase subunit 4L	19409-19709:1
BK069890.1	CDS	ATP8	ATP synthase F0 subunit 8	19733-19949:1
BK069890.1	CDS	ATP6	ATP synthase F0 subunit 6	19982-20672:1
BK069891.1	CDS	ND5	NADH dehydrogenase subunit 5	0-717:1,2638-3727:1
BK069891.1	CDS	ND1	NADH dehydrogenase subunit 1	928-1912:1
BK069891.1	CDS	ND3	NADH dehydrogenase subunit 3	1918-2275:1
BK069891.1	tRNA	tRNA-Tyr	tRNA-Tyr	4314-4384:1
BK069891.1	CDS	ND2	NADH dehydrogenase subunit 2	4446-5823:1
BK069891.1	rRNA	12S	small subunit ribosomal RNA	5861-6914:1
BK069891.1	CDS	COX2	cytochrome c oxidase subunit II	6956-7697:1
BK069891.1	CDS	ND4	NADH dehydrogenase subunit 4	8261-9728:1
BK069891.1	CDS	ND6	NADH dehydrogenase subunit 6	9732-10335:1
BK069891.1	CDS	CYTB	cytochrome b	10362-11514:1
BK069891.1	tRNA	tRNA-Met	tRNA-Met	11651-11722:1
BK069891.1	rRNA	16S rRNA	large subunit ribosomal RNA	11722-13919:1
BK069891.1	CDS	COX3	cytochrome c oxidase subunit III	13975-14764:1
BK069891.1	CDS	COX1	cytochrome c oxidase subunit I	14982-15873:1,16702-17380:1
BK069891.1	CDS	ND4L	NADH dehydrogenase subunit 4L	17481-17781:1
BK069891.1	CDS	ATP8	ATP synthase F0 subunit 8	17805-18021:1
BK069891.1	CDS	ATP6	ATP synthase F0 subunit 6	18054-18738:1
BK069892.1	CDS	ND5	NADH dehydrogenase subunit 5	0-717:1,2369-3434:1
BK069892.1	CDS	ND1	NADH dehydrogenase subunit 1	915-1899:1
BK069892.1	CDS	ND3	NADH dehydrogenase subunit 3	1903-2260:1
BK069892.1	tRNA	tRNA-Tyr	tRNA-Tyr	3445-3515:1
BK069892.1	CDS	ND2	NADH dehydrogenase subunit 2	3533-4919:1
BK069892.1	rRNA	12S	small subunit ribosomal RNA	4968-6008:1
BK069892.1	CDS	COX2	cytochrome c oxidase subunit II	6035-6779:1
BK069892.1	CDS	ND4	NADH dehydrogenase subunit 4	6782-8255:1
BK069892.1	CDS	ND6	NADH dehydrogenase subunit 6	8259-8868:1
BK069892.1	CDS	CYTB	cytochrome b	8927-10085:1
BK069892.1	tRNA	tRNA-Met	tRNA-Met	10128-10199:1
BK069892.1	rRNA	16S rRNA	large subunit ribosomal RNA	10199-12308:1
BK069892.1	CDS	COX3	cytochrome c oxidase subunit III	12308-13097:1
BK069892.1	CDS	COX1	cytochrome c oxidase subunit I	13105-14686:1
BK069892.1	CDS	ND4L	NADH dehydrogenase subunit 4L	14725-15025:1
BK069892.1	CDS	ATP8	ATP synthase F0 subunit 8	15034-15259:1
BK069892.1	CDS	ATP6	ATP synthase F0 subunit 6	15270-15969:1
BK069893.1	CDS	ND5	NADH dehydrogenase subunit 5	0-717:1,2636-3725:1
BK069893.1	CDS	ND1	NADH dehydrogenase subunit 1	928-1912:1
BK069893.1	CDS	ND3	NADH dehydrogenase subunit 3	1918-2275:1
BK069893.1	tRNA	tRNA-Tyr	tRNA-Tyr	4314-4384:1
BK069893.1	CDS	ND2	NADH dehydrogenase subunit 2	4446-5823:1
BK069893.1	rRNA	12S	small subunit ribosomal RNA	5861-6914:1
BK069893.1	CDS	COX2	cytochrome c oxidase subunit II	6957-7698:1
BK069893.1	CDS	ND4	NADH dehydrogenase subunit 4	8262-9729:1
BK069893.1	CDS	ND6	NADH dehydrogenase subunit 6	9733-10336:1
BK069893.1	CDS	CYTB	cytochrome b	10363-11515:1
BK069893.1	tRNA	tRNA-Met	tRNA-Met	11652-11723:1
BK069893.1	rRNA	16S rRNA	large subunit ribosomal RNA	11723-13920:1
BK069893.1	CDS	COX3	cytochrome c oxidase subunit III	13976-14765:1
BK069893.1	CDS	COX1	cytochrome c oxidase subunit I	14982-15873:1,16699-17380:1
BK069893.1	CDS	ND4L	NADH dehydrogenase subunit 4L	17481-17781:1
BK069893.1	CDS	ATP8	ATP synthase F0 subunit 8	17805-18021:1
BK069893.1	CDS	ATP6	ATP synthase F0 subunit 6	18054-18738:1
BK069894.1	CDS	ND5	NADH dehydrogenase subunit 5	0-717:1,2533-3628:1
BK069894.1	CDS	ND1	NADH dehydrogenase subunit 1	937-1921:1
BK069894.1	CDS	ND3	NADH dehydrogenase subunit 3	1927-2284:1
BK069894.1	tRNA	tRNA-Tyr	tRNA-Tyr	3814-3884:1
BK069894.1	CDS	ND2	NADH dehydrogenase subunit 2	3960-5331:1
BK069894.1	rRNA	12S	small subunit ribosomal RNA	5380-6460:1
BK069894.1	CDS	COX2	cytochrome c oxidase subunit II	6736-7477:1
BK069894.1	CDS	ND4	NADH dehydrogenase subunit 4	7806-9273:1
BK069894.1	CDS	ND6	NADH dehydrogenase subunit 6	9277-9886:1
BK069894.1	CDS	CYTB	cytochrome b	9947-11096:1
BK069894.1	tRNA	tRNA-Met	tRNA-Met	11179-11250:1
BK069894.1	rRNA	16S rRNA	large subunit ribosomal RNA	11250-13430:1
BK069894.1	CDS	COX3	cytochrome c oxidase subunit III	13497-14286:1
BK069894.1	CDS	COX1	cytochrome c oxidase subunit I	14383-15277:1,16126-16822:1
BK069894.1	CDS	ND4L	NADH dehydrogenase subunit 4L	16862-17162:1
BK069894.1	CDS	ATP8	ATP synthase F0 subunit 8	17173-17389:1
BK069894.1	CDS	ATP6	ATP synthase F0 subunit 6	17420-18110:1
BK069895.1	CDS	ND5	NADH dehydrogenase subunit 5	0-717:1,2467-3547:1
BK069895.1	CDS	ND1	NADH dehydrogenase subunit 1	940-1924:1
BK069895.1	CDS	ND3	NADH dehydrogenase subunit 3	1930-2287:1
BK069895.1	tRNA	tRNA-Tyr	tRNA-Tyr	3661-3731:1
BK069895.1	CDS	ND2	NADH dehydrogenase subunit 2	3782-5159:1
BK069895.1	rRNA	12S	small subunit ribosomal RNA	5208-6290:1
BK069895.1	CDS	COX2	cytochrome c oxidase subunit II	6343-7084:1
BK069895.1	CDS	ND4	NADH dehydrogenase subunit 4	9077-10544:1
BK069895.1	CDS	ND6	NADH dehydrogenase subunit 6	10548-11157:1
BK069895.1	CDS	CYTB	cytochrome b	11181-12336:1
BK069895.1	tRNA	tRNA-Met	tRNA-Met	12750-12821:1
BK069895.1	rRNA	16S rRNA	large subunit ribosomal RNA	12821-15068:1
BK069895.1	CDS	COX3	cytochrome c oxidase subunit III	15140-15929:1
BK069895.1	CDS	COX1	cytochrome c oxidase subunit I	16112-17003:1,17860-18538:1
BK069895.1	CDS	ND4L	NADH dehydrogenase subunit 4L	18757-19057:1
BK069895.1	CDS	ATP8	ATP synthase F0 subunit 8	19081-19297:1
BK069895.1	CDS	ATP6	ATP synthase F0 subunit 6	19330-20020:1
BK069896.1	CDS	ND5	NADH dehydrogenase subunit 5	0-717:1,2677-3757:1
BK069896.1	CDS	ND1	NADH dehydrogenase subunit 1	940-1924:1
BK069896.1	CDS	ND3	NADH dehydrogenase subunit 3	1930-2287:1
BK069896.1	tRNA	tRNA-Tyr	tRNA-Tyr	4004-4074:1
BK069896.1	CDS	ND2	NADH dehydrogenase subunit 2	4126-5503:1
BK069896.1	rRNA	12S	small subunit ribosomal RNA	5552-6634:1
BK069896.1	CDS	COX2	cytochrome c oxidase subunit II	6687-7428:1
BK069896.1	CDS	ND4	NADH dehydrogenase subunit 4	9547-11014:1
BK069896.1	CDS	ND6	NADH dehydrogenase subunit 6	11018-11627:1
BK069896.1	CDS	CYTB	cytochrome b	11654-12806:1
BK069896.1	tRNA	tRNA-Met	tRNA-Met	13252-13323:1
BK069896.1	rRNA	16S rRNA	large subunit ribosomal RNA	13323-15516:1
BK069896.1	CDS	COX3	cytochrome c oxidase subunit III	15588-16377:1
BK069896.1	CDS	COX1	cytochrome c oxidase subunit I	16631-17522:1,18389-19067:1
BK069896.1	CDS	ND4L	NADH dehydrogenase subunit 4L	19588-19888:1
BK069896.1	CDS	ATP8	ATP synthase F0 subunit 8	19912-20128:1
BK069896.1	CDS	ATP6	ATP synthase F0 subunit 6	20161-20851:1
BK069897.1	CDS	ND5	NADH dehydrogenase subunit 5	0-717:1,2433-3513:1
BK069897.1	CDS	ND1	NADH dehydrogenase subunit 1	940-1924:1
BK069897.1	CDS	ND3	NADH dehydrogenase subunit 3	1930-2287:1
BK069897.1	tRNA	tRNA-Tyr	tRNA-Tyr	3573-3643:1
BK069897.1	CDS	ND2	NADH dehydrogenase subunit 2	3748-5125:1
BK069897.1	rRNA	12S	small subunit ribosomal RNA	5174-6256:1
BK069897.1	CDS	COX2	cytochrome c oxidase subunit II	6308-7055:1
BK069897.1	CDS	ND4	NADH dehydrogenase subunit 4	7700-9170:1
BK069897.1	CDS	ND6	NADH dehydrogenase subunit 6	9174-9783:1
BK069897.1	CDS	CYTB	cytochrome b	9845-10991:1
BK069897.1	tRNA	tRNA-Met	tRNA-Met	11049-11120:1
BK069897.1	rRNA	16S rRNA	large subunit ribosomal RNA	11120-13304:1
BK069897.1	CDS	COX3	cytochrome c oxidase subunit III	13373-14162:1
BK069897.1	CDS	COX1	cytochrome c oxidase subunit I	14258-15152:1,16008-16704:1
BK069897.1	CDS	ND4L	NADH dehydrogenase subunit 4L	16744-17044:1
BK069897.1	CDS	ATP8	ATP synthase F0 subunit 8	17068-17284:1
BK069897.1	CDS	ATP6	ATP synthase F0 subunit 6	17314-18004:1
BK069898.1	CDS	ND5	NADH dehydrogenase subunit 5	0-717:1,2430-3510:1
BK069898.1	CDS	ND1	NADH dehydrogenase subunit 1	938-1922:1
BK069898.1	CDS	ND3	NADH dehydrogenase subunit 3	1928-2285:1
BK069898.1	tRNA	tRNA-Tyr	tRNA-Tyr	3569-3639:1
BK069898.1	CDS	ND2	NADH dehydrogenase subunit 2	3742-5119:1
BK069898.1	rRNA	12S	small subunit ribosomal RNA	5168-6250:1
BK069898.1	CDS	COX2	cytochrome c oxidase subunit II	6302-7043:1
BK069898.1	CDS	ND4	NADH dehydrogenase subunit 4	7194-8664:1
BK069898.1	CDS	ND6	NADH dehydrogenase subunit 6	8668-9277:1
BK069898.1	CDS	CYTB	cytochrome b	9340-10486:1
BK069898.1	tRNA	tRNA-Met	tRNA-Met	10543-10614:1
BK069898.1	rRNA	16S rRNA	large subunit ribosomal RNA	10614-12801:1
BK069898.1	CDS	COX3	cytochrome c oxidase subunit III	12871-13660:1
BK069898.1	CDS	COX1	cytochrome c oxidase subunit I	13757-14651:1,15506-16181:1
BK069898.1	CDS	ND4L	NADH dehydrogenase subunit 4L	16438-16738:1
BK069898.1	CDS	ATP8	ATP synthase F0 subunit 8	16761-16977:1
BK069898.1	CDS	ATP6	ATP synthase F0 subunit 6	17007-17697:1
BK069899.1	CDS	ND5	NADH dehydrogenase subunit 5	0-717:1,2490-3570:1
BK069899.1	CDS	ND1	NADH dehydrogenase subunit 1	940-1924:1
BK069899.1	CDS	ND3	NADH dehydrogenase subunit 3	1930-2287:1
BK069899.1	tRNA	tRNA-Tyr	tRNA-Tyr	3684-3754:1
BK069899.1	CDS	ND2	NADH dehydrogenase subunit 2	3805-5182:1
BK069899.1	rRNA	12S	small subunit ribosomal RNA	5231-6313:1
BK069899.1	CDS	COX2	cytochrome c oxidase subunit II	6366-7107:1
BK069899.1	CDS	ND4	NADH dehydrogenase subunit 4	9099-10566:1
BK069899.1	CDS	ND6	NADH dehydrogenase subunit 6	10570-11179:1
BK069899.1	CDS	CYTB	cytochrome b	11206-12358:1
BK069899.1	tRNA	tRNA-Met	tRNA-Met	12612-12683:1
BK069899.1	rRNA	16S rRNA	large subunit ribosomal RNA	12683-14877:1
BK069899.1	CDS	COX3	cytochrome c oxidase subunit III	14949-15738:1
BK069899.1	CDS	COX1	cytochrome c oxidase subunit I	15809-16700:1,17556-18234:1
BK069899.1	CDS	ND4L	NADH dehydrogenase subunit 4L	18518-18818:1
BK069899.1	CDS	ATP8	ATP synthase F0 subunit 8	18842-19058:1
BK069899.1	CDS	ATP6	ATP synthase F0 subunit 6	19091-19781:1
BK069900.1	CDS	ND5	NADH dehydrogenase subunit 5	0-717:1,2612-3692:1
BK069900.1	CDS	ND1	NADH dehydrogenase subunit 1	940-1924:1
BK069900.1	CDS	ND3	NADH dehydrogenase subunit 3	1930-2287:1
BK069900.1	tRNA	tRNA-Tyr	tRNA-Tyr	3940-4010:1
BK069900.1	CDS	ND2	NADH dehydrogenase subunit 2	4061-5438:1
BK069900.1	rRNA	12S	small subunit ribosomal RNA	5487-6569:1
BK069900.1	CDS	COX2	cytochrome c oxidase subunit II	6622-7363:1
BK069900.1	CDS	ND4	NADH dehydrogenase subunit 4	9353-10820:1
BK069900.1	CDS	ND6	NADH dehydrogenase subunit 6	10824-11433:1
BK069900.1	CDS	CYTB	cytochrome b	11460-12612:1
BK069900.1	tRNA	tRNA-Met	tRNA-Met	13033-13104:1
BK069900.1	rRNA	16S rRNA	large subunit ribosomal RNA	13104-15298:1
BK069900.1	CDS	COX3	cytochrome c oxidase subunit III	15369-16158:1
BK069900.1	CDS	COX1	cytochrome c oxidase subunit I	16555-17446:1,18303-18981:1
BK069900.1	CDS	ND4L	NADH dehydrogenase subunit 4L	19266-19566:1
BK069900.1	CDS	ATP8	ATP synthase F0 subunit 8	19590-19806:1
BK069900.1	CDS	ATP6	ATP synthase F0 subunit 6	19839-20529:1
BK069901.1	CDS	ND5	NADH dehydrogenase subunit 5	0-717:1,2490-3570:1
BK069901.1	CDS	ND1	NADH dehydrogenase subunit 1	940-1924:1
BK069901.1	CDS	ND3	NADH dehydrogenase subunit 3	1930-2287:1
BK069901.1	tRNA	tRNA-Tyr	tRNA-Tyr	3684-3754:1
BK069901.1	CDS	ND2	NADH dehydrogenase subunit 2	3805-5182:1
BK069901.1	rRNA	12S	small subunit ribosomal RNA	5231-6313:1
BK069901.1	CDS	COX2	cytochrome c oxidase subunit II	6366-7107:1
BK069901.1	CDS	ND4	NADH dehydrogenase subunit 4	8632-10099:1
BK069901.1	CDS	ND6	NADH dehydrogenase subunit 6	10103-10712:1
BK069901.1	CDS	CYTB	cytochrome b	10739-11891:1
BK069901.1	tRNA	tRNA-Met	tRNA-Met	12304-12375:1
BK069901.1	rRNA	16S rRNA	large subunit ribosomal RNA	12375-14571:1
BK069901.1	CDS	COX3	cytochrome c oxidase subunit III	14643-15432:1
BK069901.1	CDS	COX1	cytochrome c oxidase subunit I	15503-16394:1,17250-17928:1
BK069901.1	CDS	ND4L	NADH dehydrogenase subunit 4L	18212-18512:1
BK069901.1	CDS	ATP8	ATP synthase F0 subunit 8	18536-18752:1
BK069901.1	CDS	ATP6	ATP synthase F0 subunit 6	18785-19475:1
BK069902.1	CDS	ND5	NADH dehydrogenase subunit 5	0-717:1,2434-3514:1
BK069902.1	CDS	ND1	NADH dehydrogenase subunit 1	941-1925:1
BK069902.1	CDS	ND3	NADH dehydrogenase subunit 3	1931-2288:1
BK069902.1	tRNA	tRNA-Tyr	tRNA-Tyr	3810-3880:1
BK069902.1	CDS	ND2	NADH dehydrogenase subunit 2	3994-5377:1
BK069902.1	rRNA	12S	small subunit ribosomal RNA	5426-6482:1
BK069902.1	CDS	COX2	cytochrome c oxidase subunit II	6535-7282:1
BK069902.1	CDS	ND4	NADH dehydrogenase subunit 4	7287-8763:1
BK069902.1	CDS	ND6	NADH dehydrogenase subunit 6	8767-9376:1
BK069902.1	CDS	CYTB	cytochrome b	9403-10555:1
BK069902.1	tRNA	tRNA-Met	tRNA-Met	10963-11034:1
BK069902.1	rRNA	16S rRNA	large subunit ribosomal RNA	11034-13242:1
BK069902.1	CDS	COX3	cytochrome c oxidase subunit III	13314-14103:1
BK069902.1	CDS	COX1	cytochrome c oxidase subunit I	14271-15165:1,16034-16712:1
BK069902.1	CDS	ND4L	NADH dehydrogenase subunit 4L	17593-17893:1
BK069902.1	CDS	ATP8	ATP synthase F0 subunit 8	17915-18131:1
BK069902.1	CDS	ATP6	ATP synthase F0 subunit 6	18163-18853:1
BK069903.1	CDS	ND5	NADH dehydrogenase subunit 5	0-717:1,2434-3514:1
BK069903.1	CDS	ND1	NADH dehydrogenase subunit 1	941-1925:1
BK069903.1	CDS	ND3	NADH dehydrogenase subunit 3	1931-2288:1
BK069903.1	tRNA	tRNA-Tyr	tRNA-Tyr	3810-3880:1
BK069903.1	CDS	ND2	NADH dehydrogenase subunit 2	3994-5377:1
BK069903.1	rRNA	12S	small subunit ribosomal RNA	5426-6482:1
BK069903.1	CDS	COX2	cytochrome c oxidase subunit II	6535-7282:1
BK069903.1	CDS	ND4	NADH dehydrogenase subunit 4	7290-8763:1
BK069903.1	CDS	ND6	NADH dehydrogenase subunit 6	8767-9376:1
BK069903.1	CDS	CYTB	cytochrome b	9403-10555:1
BK069903.1	tRNA	tRNA-Met	tRNA-Met	10962-11033:1
BK069903.1	rRNA	16S rRNA	large subunit ribosomal RNA	11033-13241:1
BK069903.1	CDS	COX3	cytochrome c oxidase subunit III	13313-14102:1
BK069903.1	CDS	COX1	cytochrome c oxidase subunit I	14270-15164:1,16033-16711:1
BK069903.1	CDS	ND4L	NADH dehydrogenase subunit 4L	17527-17827:1
BK069903.1	CDS	ATP8	ATP synthase F0 subunit 8	17849-18065:1
BK069903.1	CDS	ATP6	ATP synthase F0 subunit 6	18097-18787:1
BK071241.1	CDS	ND5	NADH dehydrogenase subunit 5	0-717:1,2434-3514:1
BK071241.1	CDS	ND1	NADH dehydrogenase subunit 1	940-1924:1
BK071241.1	CDS	ND3	NADH dehydrogenase subunit 3	1930-2287:1
BK071241.1	tRNA	tRNA-Tyr	tRNA-Tyr	3581-3651:1
BK071241.1	CDS	ND2	NADH dehydrogenase subunit 2	3694-5071:1
BK071241.1	rRNA	12S	small subunit ribosomal RNA	5271-6353:1
BK071241.1	CDS	COX2	cytochrome c oxidase subunit II	6370-7117:1
BK071241.1	CDS	ND4	NADH dehydrogenase subunit 4	7122-8598:1
BK071241.1	CDS	ND6	NADH dehydrogenase subunit 6	8602-9211:1
BK071241.1	CDS	CYTB	cytochrome b	9271-10420:1
BK071241.1	tRNA	tRNA-Met	tRNA-Met	10478-10549:1
BK071241.1	rRNA	16S rRNA	large subunit ribosomal RNA	10549-12737:1
BK071241.1	CDS	COX3	cytochrome c oxidase subunit III	12807-13596:1
BK071241.1	CDS	COX1	cytochrome c oxidase subunit I	13696-14587:1,15444-16140:1
BK071241.1	CDS	ND4L	NADH dehydrogenase subunit 4L	16180-16480:1
BK071241.1	CDS	ATP8	ATP synthase F0 subunit 8	16504-16720:1
BK071241.1	CDS	ATP6	ATP synthase F0 subunit 6	16750-17440:1
BK071242.1	CDS	ND5	NADH dehydrogenase subunit 5	0-717:1,2677-3757:1
BK071242.1	CDS	ND1	NADH dehydrogenase subunit 1	940-1924:1
BK071242.1	CDS	ND3	NADH dehydrogenase subunit 3	1930-2287:1
BK071242.1	tRNA	tRNA-Tyr	tRNA-Tyr	4004-4074:1
BK071242.1	CDS	ND2	NADH dehydrogenase subunit 2	4126-5503:1
BK071242.1	rRNA	12S	small subunit ribosomal RNA	5552-6634:1
BK071242.1	CDS	COX2	cytochrome c oxidase subunit II	6687-7428:1
BK071242.1	CDS	ND4	NADH dehydrogenase subunit 4	9244-10711:1
BK071242.1	CDS	ND6	NADH dehydrogenase subunit 6	10715-11324:1
BK071242.1	CDS	CYTB	cytochrome b	11354-12503:1
BK071242.1	tRNA	tRNA-Met	tRNA-Met	12958-13029:1
BK071242.1	rRNA	16S rRNA	large subunit ribosomal RNA	13029-15222:1
BK071242.1	CDS	COX3	cytochrome c oxidase subunit III	15294-16083:1
BK071242.1	CDS	COX1	cytochrome c oxidase subunit I	16308-17199:1,18066-18744:1
BK071242.1	CDS	ND4L	NADH dehydrogenase subunit 4L	19166-19466:1
BK071242.1	CDS	ATP8	ATP synthase F0 subunit 8	19490-19706:1
BK071242.1	CDS	ATP6	ATP synthase F0 subunit 6	19739-20429:1
BK071243.1	CDS	ND5	NADH dehydrogenase subunit 5	0-717:1,2375-3470:1
BK071243.1	CDS	ND1	NADH dehydrogenase subunit 1	919-1903:1
BK071243.1	CDS	ND3	NADH dehydrogenase subunit 3	1907-2264:1
BK071243.1	tRNA	tRNA-Tyr	tRNA-Tyr	3484-3554:1
BK071243.1	CDS	ND2	NADH dehydrogenase subunit 2	3960-5352:1
BK071243.1	rRNA	12S	small subunit ribosomal RNA	5525-6595:1
BK071243.1	CDS	COX2	cytochrome c oxidase subunit II	7132-7876:1
BK071243.1	CDS	ND4	NADH dehydrogenase subunit 4	7882-9358:1
BK071243.1	CDS	ND6	NADH dehydrogenase subunit 6	9363-9972:1
BK071243.1	CDS	CYTB	cytochrome b	10032-11181:1
BK071243.1	tRNA	tRNA-Met	tRNA-Met	11231-11302:1
BK071243.1	rRNA	16S rRNA	large subunit ribosomal RNA	11302-13412:1
BK071243.1	CDS	COX3	cytochrome c oxidase subunit III	13437-14226:1
BK071243.1	CDS	COX1	cytochrome c oxidase subunit I	14324-15911:1
BK071243.1	CDS	ND4L	NADH dehydrogenase subunit 4L	15952-16252:1
BK071243.1	CDS	ATP8	ATP synthase F0 subunit 8	16261-16492:1
BK071243.1	CDS	ATP6	ATP synthase F0 subunit 6	16503-17202:1
DQ825686.1	CDS	CytB	cytochrome b	0-1161:1
DQ825686.1	CDS	COIII	cytochrome c oxidase subunit III	1250-2039:1
DQ825686.1	CDS	COI	cytochrome c oxidase subunit I	2099-2998:1,4236-4858:1
DQ825686.1	CDS	HEG	homing endonuclease	3427-4150:1
DQ825686.1	CDS	ND4L	NADH dehydrogenase subunit 4L	5006-5306:1
DQ825686.1	CDS	ATP8	ATP synthase F0 subunit 8	5411-5630:1
DQ825686.1	CDS	ATP6	ATP synthase F0 subunit 6	5833-6532:1
DQ825686.1	rRNA		12S ribosomal RNA	6655-7852:1
DQ825686.1	CDS	ND2	NADH dehydrogenase subunit 2	8374-9532:1
DQ825686.1	tRNA		tRNA-Met	9579-9650:1
DQ825686.1	rRNA		16S ribosomal RNA	9676-12320:1
DQ825686.1	CDS	ND5	NADH dehydrogenase subunit 5	12517-13234:1,15286-16429:1
DQ825686.1	CDS	ND1	NADH dehydrogenase subunit 1	13546-14536:1
DQ825686.1	CDS	ND3	NADH dehydrogenase subunit 3	14762-15119:1
DQ825686.1	CDS	COII	cytochrome c oxidase subunit II	17308-18061:1
DQ825686.1	CDS	ND4	NADH dehydrogenase subunit 4	18368-19883:1
DQ825686.1	CDS	ND6	NADH dehydrogenase subunit 6	19971-20637:1
KJ634271.1	tRNA		tRNA-Met	0-71:1
KJ634271.1	rRNA		16S ribosomal RNA	71-2332:1
KJ634271.1	CDS	ND5	NADH dehydrogenase subunit 5	2437-3157:1,14778-15894:1
KJ634271.1	CDS	ND1	NADH dehydrogenase subunit 1	3457-4441:1
KJ634271.1	CDS	CYTB	cytochrome b	4547-5705:1
KJ634271.1	CDS	ND2	NADH dehydrogenase subunit 2	6234-7332:1
KJ634271.1	CDS	ND6	NADH dehydrogenase subunit 6	7364-7958:1
KJ634271.1	CDS	ATP6	ATP synthase F0 subunit 6	8017-8716:1
KJ634271.1	CDS	ND4	NADH dehydrogenase subunit 4	8868-10344:1
KJ634271.1	rRNA		12S ribosomal RNA	10384-11509:1
KJ634271.1	CDS	COX3	cytochrome c oxidase subunit III	12378-13167:1
KJ634271.1	CDS	COX2	cytochrome c oxidase subunit II	13222-13966:1
KJ634271.1	CDS	ND4L	NADH dehydrogenase subunit 4L	14001-14301:1
KJ634271.1	CDS	ND3	NADH dehydrogenase subunit 3	14333-14690:1
KJ634271.1	tRNA		tRNA-Trp	15922-15992:1
KJ634271.1	CDS	ATP8	ATP synthase F0 subunit 8	16023-16242:1
KJ634271.1	CDS	COX1	cytochrome c oxidase subunit I	16223-17825:1
KM015352.1	CDS	COX1	cytochrome c oxidase subunit I	0-1597:1
KM015352.1	rRNA		12S ribosomal RNA	1591-2676:1
KM015352.1	CDS	ND1	NADH dehydrogenase subunit 1	2675-3647:1
KM015352.1	CDS	CYTB	cytochrome b	3682-4897:1
KM015352.1	CDS	COX2	cytochrome c oxidase subunit II	4972-5734:1
KM015352.1	CDS	ATP8	ATP synthase F0 subunit 8	5753-5969:1
KM015352.1	CDS	ATP6	ATP synthase F0 subunit 6	5989-6697:1
KM015352.1	CDS	COX3	cytochrome c oxidase subunit III	6711-7497:1
KM015352.1	tRNA		tRNA-Met	7532-7603:1
KM015352.1	CDS	ND4	NADH dehydrogenase subunit 4	7665-9114:-1
KM015352.1	CDS	ND5	NADH dehydrogenase subunit 5	9138-10956:-1
KM015352.1	CDS	ND2	NADH dehydrogenase subunit 2	10943-12083:-1
KM015352.1	rRNA		16S ribosomal RNA	12084-14327:-1
KM015352.1	CDS	msh1	putative mismatch repair protein	14326-17317:-1
KM015352.1	CDS	ND4L	NADH dehydrogenase subunit 4L	17332-17626:-1
KM015352.1	CDS	ND3	NADH dehydrogenase subunit 3	17652-18006:-1
KM015352.1	CDS	ND6	NADH dehydrogenase subunit 6	17968-18520:-1
KM015353.1	CDS	COX1	cytochrome c oxidase subunit I	0-1639:1
KM015353.1	rRNA		12S ribosomal RNA	1632-2727:1
KM015353.1	CDS	ND1	NADH dehydrogenase subunit 1	2727-3699:1
KM015353.1	CDS	CYTB	cytochrome b	3734-4901:1
KM015353.1	CDS	COX2	cytochrome c oxidase subunit II	5120-5882:1
KM015353.1	CDS	ATP8	ATP synthase F0 subunit 8	5904-6120:1
KM015353.1	CDS	ATP6	ATP synthase F0 subunit 6	6140-6848:1
KM015353.1	CDS	COX3	cytochrome c oxidase subunit III	6862-7648:1
KM015353.1	tRNA		tRNA-Met	7682-7753:1
KM015353.1	CDS	ND4	NADH dehydrogenase subunit 4	7811-9260:-1
KM015353.1	CDS	ND5	NADH dehydrogenase subunit 5	9284-11102:-1
KM015353.1	CDS	ND2	NADH dehydrogenase subunit 2	11089-12229:-1
KM015353.1	rRNA		16S ribosomal RNA	12229-14472:-1
KM015353.1	CDS	msh1	putative mismatch repair protein	14472-17463:-1
KM015353.1	CDS	ND4L	NADH dehydrogenase subunit 4L	17477-17771:-1
KM015353.1	CDS	ND3	NADH dehydrogenase subunit 3	17797-18151:-1
KM015353.1	CDS	ND6	NADH dehydrogenase subunit 6	18113-18665:-1
KP938437.1	CDS	ND5	NADH dehydrogenase subunit 5	0-720:1,19560-20679:1
KP938437.1	tRNA		tRNA-Met	1279-1350:1
KP938437.1	rRNA		large subunit ribosomal RNA	1350-3890:1
KP938437.1	CDS	ND1	NADH dehydrogenase subunit 1	4090-5074:1
KP938437.1	CDS	CYTB	cytochrome b	5314-6544:1
KP938437.1	CDS	ND4L	NADH dehydrogenase subunit 4L	6587-6887:1
KP938437.1	CDS	ND3	NADH dehydrogenase subunit 3	6939-7296:1
KP938437.1	CDS	ATP8	ATP synthase F0 subunit 8	7414-7627:1
KP938437.1	CDS	COX1	cytochrome c oxidase subunit I	7685-8582:1,9759-10437:1
KP938437.1	CDS	COX3	cytochrome c oxidase subunit III	10778-11567:1
KP938437.1	CDS	COX2	cytochrome c oxidase subunit II	11615-12371:1
KP938437.1	CDS	ND2	NADH dehydrogenase subunit 2	13069-14167:1
KP938437.1	rRNA		small subunit ribosomal RNA	14167-15390:1
KP938437.1	CDS	ND4	NADH dehydrogenase subunit 4	16242-17718:1
KP938437.1	CDS	ND6	NADH dehydrogenase subunit 6	17758-18370:1
KP938437.1	CDS	ATP6	ATP synthase F0 subunit 6	18547-19246:1
KP938437.1	tRNA		tRNA-Trp	20701-20771:1
KP938440.1	CDS	ND5	NADH dehydrogenase subunit 5	0-720:1,13109-14228:1
KP938440.1	CDS	ND1	NADH dehydrogenase subunit 1	1300-2284:1
KP938440.1	rRNA		small subunit ribosomal RNA	2580-3833:1
KP938440.1	CDS	COX3	cytochrome c oxidase subunit III	4173-4962:1
KP938440.1	CDS	COX2	cytochrome c oxidase subunit II	5062-5806:1
KP938440.1	CDS	ND4L	NADH dehydrogenase subunit 4L	5928-6228:1
KP938440.1	CDS	ND3	NADH dehydrogenase subunit 3	6313-6670:1
KP938440.1	CDS	ND4	NADH dehydrogenase subunit 4	6694-8215:1
KP938440.1	CDS	CYTB	cytochrome b	8440-9589:1
KP938440.1	CDS	ND2	NADH dehydrogenase subunit 2	10056-11154:1
KP938440.1	CDS	ND6	NADH dehydrogenase subunit 6	11190-11820:1
KP938440.1	CDS	ATP6	ATP synthase F0 subunit 6	12014-12713:1
KP938440.1	tRNA		tRNA-Trp	14320-14390:1
KP938440.1	CDS	ATP8	ATP synthase F0 subunit 8	14535-14772:1
KP938440.1	CDS	COX1	cytochrome c oxidase subunit I	14803-15700:1,16882-17719:1
KP938440.1	tRNA		tRNA-Met	17796-17867:1
KP938440.1	rRNA		large subunit ribosomal RNA	17867-20301:1
KR051006.1	rRNA		16S ribosomal RNA	0-2211:1
KR051006.1	CDS	COX3	cytochrome c oxidase subunit III	2280-3069:1
KR051006.1	CDS	COX1	cytochrome c oxidase subunit I	3215-4105:1,4958-5640:1
KR051006.1	CDS		homing endonuclease	4259-4949:1
KR051006.1	CDS	ND4L	NADH dehydrogenase subunit 4L	5945-6245:1
KR051006.1	CDS	ATP8	ATP synthase F0 subunit 8	6269-6485:1
KR051006.1	CDS	ATP6	ATP synthase F0 subunit 6	6518-7208:1
KR051006.1	CDS	ND5	NADH dehydrogenase subunit 5	7227-7944:1,9639-10755:1
KR051006.1	CDS	ND1	NADH dehydrogenase subunit 1	8157-9141:1
KR051006.1	CDS	ND3	NADH dehydrogenase subunit 3	9172-9529:1
KR051006.1	tRNA		tRNA-Trp	11007-11077:1
KR051006.1	CDS	ND2	NADH dehydrogenase subunit 2	11464-12574:1
KR051006.1	rRNA		12S ribosomal RNA	12623-13678:1
KR051006.1	CDS	COX2	cytochrome c oxidase subunit II	13731-14472:1
KR051006.1	CDS		ORFA	14480-14669:1
KR051006.1	CDS		ORFB	14979-15405:1
KR051006.1	CDS	ND4	NADH dehydrogenase subunit 4	15447-16914:1
KR051006.1	CDS	ND6	NADH dehydrogenase subunit 6	16927-17527:1
KR051006.1	CDS	CYTB	cytochrome b	17554-18886:1
KR051006.1	tRNA		tRNA-Met	18930-19001:1
KT001202.1	tRNA		tRNA-Met	1-70:1
KT001202.1	rRNA		16S ribosomal RNA	71-2328:1
KT001202.1	CDS	ND5	NADH dehydrogenase subunit 5	2433-3153:1,15269-16388:1
KT001202.1	CDS	ND1	NADH dehydrogenase subunit 1	3476-4460:1
KT001202.1	CDS	CYTB	cytochrome b	4570-5731:1
KT001202.1	CDS	ND2	NADH dehydrogenase subunit 2	6256-7393:1
KT001202.1	CDS	ND6	NADH dehydrogenase subunit 6	7425-8019:1
KT001202.1	CDS	ATP6	ATP synthase F0 subunit 6	8087-8786:1
KT001202.1	CDS	ND4	NADH dehydrogenase subunit 4	8937-10413:1
KT001202.1	rRNA		12S ribosomal RNA	10465-11641:1
KT001202.1	CDS	COX3	cytochrome c oxidase subunit III	12862-13651:1
KT001202.1	CDS	COX2	cytochrome c oxidase subunit II	13707-14451:1
KT001202.1	CDS	ND4L	NADH dehydrogenase subunit 4L	14483-14783:1
KT001202.1	CDS	ND3	NADH dehydrogenase subunit 3	14847-15174:1
KT001202.1	tRNA		tRNA-Trp	16418-16488:1
KT001202.1	CDS	ATP8	ATP synthase F0 subunit 8	16520-16739:1
KT001202.1	CDS	COX1	cytochrome c oxidase subunit I	16720-18322:1
KU507297.1	CDS	ND5	NADH dehydrogenase subunit 5	0-717:1,3114-4230:1
KU507297.1	CDS	ND1	NADH dehydrogenase subunit 1	940-1924:1
KU507297.1	CDS	ND3	NADH dehydrogenase subunit 3	1968-2325:1
KU507297.1	tRNA		tRNA-Trp	4543-4613:1
KU507297.1	CDS	ND2	NADH dehydrogenase subunit 2	4728-6111:1
KU507297.1	rRNA		12S ribosomal RNA	6160-7215:1
KU507297.1	CDS	COII	cytochrome c oxidase subunit II	7268-8015:1
KU507297.1	CDS	ND4	NADH dehydrogenase subunit 4	8020-9496:1
KU507297.1	CDS	ND6	NADH dehydrogenase subunit 6	9500-10109:1
KU507297.1	CDS	CYTB	cytochrome b	10136-11288:1
KU507297.1	CDS		ORFD	11370-11505:1
KU507297.1	tRNA		tRNA-Met	11548-11619:1
KU507297.1	rRNA		16S ribosomal RNA	11619-13835:1
KU507297.1	CDS	COIII	cytochrome c oxidase subunit III	13903-14692:1
KU507297.1	CDS		ORFC	14945-15146:1
KU507297.1	CDS	COI	cytochrome c oxidase subunit I	15252-16142:1,16995-17677:1
KU507297.1	CDS	heg	homing endonuclease	16296-16986:1
KU507297.1	CDS	ND4L	NADH dehydrogenase subunit 4L	18181-18481:1
KU507297.1	CDS	ATP8	ATP synthase F0 subunit 8	18505-18721:1
KU507297.1	CDS	ATP6	ATP synthase F0 subunit 6	18754-19444:1
KU956960.1	CDS	ND5	NADH dehydrogenase subunit 5	0-720:1,11837-12953:1
KU956960.1	CDS	ND1	NADH dehydrogenase subunit 1	1037-2021:1
KU956960.1	CDS	CYTB	cytochrome b	2142-3303:1
KU956960.1	CDS	ND2	NADH dehydrogenase subunit 2	3872-4970:1
KU956960.1	CDS	ND6	NADH dehydrogenase subunit 6	5003-5597:1
KU956960.1	CDS	ATP6	ATP synthase F0 subunit 6	5670-6369:1
KU956960.1	CDS	ND4	NADH dehydrogenase subunit 4	6631-8107:1
KU956960.1	rRNA		small subunit ribosomal RNA	8182-9240:1
KU956960.1	CDS	COX3	cytochrome c oxidase subunit III	9445-10234:1
KU956960.1	CDS	COX2	cytochrome c oxidase subunit II	10269-11013:1
KU956960.1	CDS	ND4L	NADH dehydrogenase subunit 4L	11066-11366:1
KU956960.1	CDS	ND3	NADH dehydrogenase subunit 3	11380-11737:1
KU956960.1	tRNA		tRNA-Trp	12993-13063:1
KU956960.1	CDS	ATP8	ATP synthase F0 subunit 8	13095-13311:1
KU956960.1	CDS	COX1	cytochrome c oxidase subunit I	13432-14326:1,15291-15975:1
KU956960.1	tRNA		tRNA-Met	16070-16141:1
KU956960.1	rRNA		large subunit ribosomal RNA	16185-18486:1
KY559404.1	CDS	Cox1	cytochrome c oxidase subunit I	0-1597:1
KY559404.1	rRNA		12S ribosomal RNA	1748-2674:1
KY559404.1	CDS	Nad1	NADH dehydrogenase subunit 1	2678-3650:1
KY559404.1	CDS	Cytb	cytochrome b	3677-4847:1
KY559404.1	CDS	Nad6	NADH dehydrogenase subunit 6	5888-6446:1
KY559404.1	CDS	Nad3	NADH dehydrogenase subunit 3	6489-6855:1
KY559404.1	CDS	Nad4L	NADH dehydrogenase subunit 4L	6874-7168:1
KY559404.1	CDS	MutS	MutS-like protein	7181-10139:1
KY559404.1	rRNA		16S ribosomal RNA	10148-12328:1
KY559404.1	CDS	Nad2	NADH dehydrogenase subunit 2	12332-13490:1
KY559404.1	CDS	Nad5	NADH dehydrogenase subunit 5	13477-15295:1
KY559404.1	CDS	Nad4	NADH dehydrogenase subunit 4	15379-16828:1
KY559404.1	tRNA		tRNA-Met	16885-16956:-1
KY559404.1	CDS	Cox3	cytochrome c oxidase subunit III	16995-17781:-1
KY559404.1	CDS	Atp6	ATP synthase subunit 6	17837-18545:-1
KY559404.1	CDS	Atp8	ATP synthase subunit 8	18569-18785:-1
KY559404.1	CDS	Cox2	cytochrome c oxidase subunit II	18807-19569:-1
KY559406.1	CDS	Cox1	cytochrome c oxidase subunit I	0-1597:1
KY559406.1	rRNA		12S ribosomal RNA	1748-2674:1
KY559406.1	CDS	Nad1	NADH dehydrogenase subunit 1	2678-3650:1
KY559406.1	CDS	Cytb	cytochrome b	3706-4873:1
KY559406.1	CDS	Nad6	NADH dehydrogenase subunit 6	4913-5471:1
KY559406.1	CDS	Nad3	NADH dehydrogenase subunit 3	5514-5880:1
KY559406.1	CDS	Nad4L	NADH dehydrogenase subunit 4L	5898-6192:1
KY559406.1	CDS	MutS	MutS-like protein	6205-9163:1
KY559406.1	rRNA		16S ribosomal RNA	9172-11357:1
KY559406.1	CDS	Nad2	NADH dehydrogenase subunit 2	11361-12519:1
KY559406.1	CDS	Nad5	NADH dehydrogenase subunit 5	12506-14324:1
KY559406.1	CDS	Nad4	NADH dehydrogenase subunit 4	14421-15870:1
KY559406.1	tRNA		tRNA-Met	15927-15998:-1
KY559406.1	CDS	Cox3	cytochrome c oxidase subunit III	16037-16823:-1
KY559406.1	CDS	Atp6	ATP synthase subunit 6	16887-17595:-1
KY559406.1	CDS	Atp8	ATP synthase subunit 8	17619-17835:-1
KY559406.1	CDS	Cox2	cytochrome c oxidase subunit II	17857-18619:-1
KY559412.1	CDS	Cox1	cytochrome c oxidase subunit I	0-1626:1
KY559412.1	rRNA		12S ribosomal RNA	1757-2685:1
KY559412.1	CDS	Nad1	NADH dehydrogenase subunit 1	2689-3661:1
KY559412.1	CDS	Cytb	cytochrome b	3716-4883:1
KY559412.1	CDS	Nad6	NADH dehydrogenase subunit 6	4923-5481:1
KY559412.1	CDS	Nad3	NADH dehydrogenase subunit 3	5524-5890:1
KY559412.1	CDS	Nad4L	NADH dehydrogenase subunit 4L	5909-6203:1
KY559412.1	CDS	MutS	MutS-like protein	6216-9174:1
KY559412.1	rRNA		16S ribosomal RNA	9183-11367:1
KY559412.1	CDS	Nad2	NADH dehydrogenase subunit 2	11371-12529:1
KY559412.1	CDS	Nad5	NADH dehydrogenase subunit 5	12516-14340:1
KY559412.1	CDS	Nad4	NADH dehydrogenase subunit 4	14544-15993:1
KY559412.1	tRNA		tRNA-Met	16046-16117:-1
KY559412.1	CDS	Cox3	cytochrome c oxidase subunit III	16155-16941:-1
KY559412.1	CDS	Atp6	ATP synthase subunit 6	17005-17713:-1
KY559412.1	CDS	Atp8	ATP synthase subunit 8	17737-17953:-1
KY559412.1	CDS	Cox2	cytochrome c oxidase subunit II	17975-18737:-1
LC605627.1	CDS		NADH dehydrogenase subunit 5	0-719:1,11852-12969:1
LC605627.1	CDS		NADH dehydrogenase subunit 1	1053-2037:1
LC605627.1	CDS		cytochrome b	2158-3319:1
LC605627.1	CDS		NADH dehydrogenase subunit 2	3888-4986:1
LC605627.1	CDS		NADH dehydrogenase subunit 6	5019-5613:1
LC605627.1	CDS		ATP synthase F0 subunit 6	5686-6385:1
LC605627.1	CDS		NADH dehydrogenase subunit 4	6647-8123:1
LC605627.1	rRNA		rrn12	8198-9227:1
LC605627.1	CDS		cytochrome c oxidase subunit III	9461-10250:1
LC605627.1	CDS		cytochrome c oxidase subunit II	10285-11029:1
LC605627.1	CDS		NADH dehydrogenase subunit 4L	11082-11382:1
LC605627.1	CDS		NADH dehydrogenase subunit 3	11396-11753:1
LC605627.1	CDS		ATP synthase F0 subunit 8	13110-13326:1
LC605627.1	CDS		cytochrome c oxidase subunit I	13448-14341:1,15306-15991:1
LC605627.1	rRNA		rrn16	16968-18405:1
LC792538.1	rRNA		16S ribosomal RNA	2-1961:1
LC792538.1	CDS	ND5	NADH dehydrogenase subunit 5	2327-2876:1,14715-15831:1
LC792538.1	CDS	ND1	NADH dehydrogenase subunit 1	3196-4180:1
LC792538.1	CDS	CYTB	cytochrome b	4290-5448:1
LC792538.1	CDS	ND2	NADH dehydrogenase subunit 2	5873-7070:1
LC792538.1	CDS	ND6	NADH dehydrogenase subunit 6	7135-7696:1
LC792538.1	CDS	ND2	NADH dehydrogenase subunit 6	7764-8463:1
LC792538.1	CDS	ATP6	ATP synthase F0 subunit 6	8662-10090:1
LC792538.1	rRNA		12S ribosomal RNA	10352-11325:1
LC792538.1	CDS	COX3	cytochrome c oxidase subunit III	12319-13108:1
LC792538.1	CDS	COX2	cytochrome c oxidase subunit II	13156-13900:1
LC792538.1	CDS	ND4L	NADH dehydrogenase subunit 4L	13931-14231:1
LC792538.1	CDS	ND3	NADH dehydrogenase subunit 3	14263-14620:1
LC792538.1	tRNA		tRNA-Trp	15861-15931:1
LC792538.1	CDS	ATP8	ATP synthase F0 subunit 8	15963-16182:1
LC792538.1	CDS	COX1	cytochrome c oxidase subunit I	16163-17765:1
LC792538.1	tRNA		tRNA-Met	17972-18043:1
LC792539.1	rRNA		16S ribosomal RNA	0-1984:1
LC792539.1	CDS	ND5	NADH dehydrogenase subunit 5	2374-2923:1,14049-15165:1
LC792539.1	CDS	ND1	NADH dehydrogenase subunit 1	3259-4243:1
LC792539.1	CDS	CYTB	cytochrome b	4285-5437:1
LC792539.1	CDS	ND2	NADH dehydrogenase subunit 2	5794-6991:1
LC792539.1	CDS	ND6	NADH dehydrogenase subunit 6	7057-7618:1
LC792539.1	CDS	ATP6	ATP synthase F0 subunit 6	7660-8359:1
LC792539.1	CDS	ND4	NADH dehydrogenase subunit 4	8569-10048:1
LC792539.1	rRNA		12S ribosomal RNA	10309-11269:1
LC792539.1	CDS	COX3	cytochrome c oxidase subunit III	11658-12447:1
LC792539.1	CDS	COX2	cytochrome c oxidase subunit II	12475-13219:1
LC792539.1	CDS	ND4L	NADH dehydrogenase subunit 4L	13253-13553:1
LC792539.1	CDS	ND3	NADH dehydrogenase subunit 3	13579-13936:1
LC792539.1	tRNA		tRNA-Trp	15192-15262:1
LC792539.1	CDS	ATP8	ATP synthase F0 subunit 8	15294-15513:1
LC792539.1	CDS	COX1	cytochrome c oxidase subunit I	15494-17090:1
LC792539.1	tRNA		tRNA-Met	18056-18127:1
LC792540.1	rRNA		16S ribosomal RNA	12-1942:1
LC792540.1	tRNA		tRNA-Phe	1990-2053:1
LC792540.1	CDS	ND5	NADH dehydrogenase subunit 5	2329-2878:1,14497-15613:1
LC792540.1	CDS	ND1	NADH dehydrogenase subunit 1	3175-4159:1
LC792540.1	CDS	CYTB	cytochrome b	4271-5423:1
LC792540.1	CDS	ND2	NADH dehydrogenase subunit 2	5854-7051:1
LC792540.1	CDS	ND6	NADH dehydrogenase subunit 6	7116-7677:1
LC792540.1	CDS	ATP6	ATP synthase F0 subunit 6	7736-8435:1
LC792540.1	CDS	ND4	NADH dehydrogenase subunit 4	8635-10063:1
LC792540.1	rRNA		12S ribosomal RNA	10100-11234:1
LC792540.1	CDS	COX3	cytochrome c oxidase subunit III	12097-12886:1
LC792540.1	CDS	COX2	cytochrome c oxidase subunit II	12941-13685:1
LC792540.1	CDS	ND4L	NADH dehydrogenase subunit 4L	13720-14020:1
LC792540.1	CDS	ND3	NADH dehydrogenase subunit 3	14052-14409:1
LC792540.1	tRNA		tRNA-Trp	15640-15710:1
LC792540.1	CDS	ATP8	ATP synthase F0 subunit 8	15742-15961:1
LC792540.1	CDS	COX1	cytochrome c oxidase subunit I	15942-17544:1
LC792540.1	tRNA		tRNA-Met	17865-17936:1
LC818210.1	rRNA		16S ribosomal RNA	0-1542:1
LC818210.1	CDS	ND5	NADH dehydrogenase subunit 5	1591-2302:1,12453-13557:1
LC818210.1	CDS	ND1	NADH dehydrogenase subunit 1	2411-3359:1
LC818210.1	CDS	CYTB	cytochrome b	3361-4501:1
LC818210.1	CDS	ND2	NADH dehydrogenase subunit 2	5060-5813:1
LC818210.1	CDS	ND6	NADH dehydrogenase subunit 6	5814-6375:1
LC818210.1	CDS	ATP6	ATP synthase F0 subunit 6	6374-7052:1
LC818210.1	CDS	ND4	NADH dehydrogenase subunit 4	7051-8491:1
LC818210.1	rRNA		12S ribosomal RNA	8627-9537:1
LC818210.1	CDS	COX3	cytochrome c oxidase subunit III	9597-10377:1
LC818210.1	CDS	COX2	cytochrome c oxidase subunit II	11009-11771:1
LC818210.1	CDS	ND4L	NADH dehydrogenase subunit 4L	11752-12052:1
LC818210.1	CDS	ND3	NADH dehydrogenase subunit 3	12054-12396:1
LC818210.1	tRNA		tRNA-Trp	13555-13625:1
LC818210.1	CDS	ATP8	ATP synthase F0 subunit 8	13628-13826:1
LC818210.1	CDS	COX1	cytochrome c oxidase subunit I	13825-15415:1
LC818210.1	tRNA		tRNA-Met	16326-16398:1
LC818212.1	rRNA		16S ribosomal RNA	0-1705:1
LC818212.1	CDS	ND5	NADH dehydrogenase subunit 5	1726-2437:1,12091-13192:1
LC818212.1	CDS	ND1	NADH dehydrogenase subunit 1	2570-3518:1
LC818212.1	CDS	CYTB	cytochrome b	3498-4659:1
LC818212.1	CDS	ND2	NADH dehydrogenase subunit 2	4654-5971:1
LC818212.1	CDS	ND6	NADH dehydrogenase subunit 6	5971-6532:1
LC818212.1	CDS	ATP6	ATP synthase F0 subunit 6	6531-7209:1
LC818212.1	CDS	ND4	NADH dehydrogenase subunit 4	7208-8648:1
LC818212.1	rRNA		12S ribosomal RNA	8835-9742:1
LC818212.1	CDS	COX3	cytochrome c oxidase subunit III	9742-10522:1
LC818212.1	CDS	COX2	cytochrome c oxidase subunit II	10688-11411:1
LC818212.1	CDS	ND4L	NADH dehydrogenase subunit 4L	11392-11692:1
LC818212.1	CDS	ND3	NADH dehydrogenase subunit 3	11691-12036:1
LC818212.1	tRNA		tRNA-Trp	13190-13260:1
LC818212.1	CDS	ATP8	ATP synthase F0 subunit 8	13233-13461:1
LC818212.1	CDS	COX1	cytochrome c oxidase subunit I	13829-16199:1
LC818212.1	tRNA		tRNA-Met	16288-16360:1
LC818213.1	rRNA		16S ribosomal RNA	0-1704:1
LC818213.1	CDS	ND5	NADH dehydrogenase subunit 5	1738-2449:1,12080-13181:1
LC818213.1	CDS	ND1	NADH dehydrogenase subunit 1	2581-3529:1
LC818213.1	CDS	CYTB	cytochrome b	3509-4670:1
LC818213.1	CDS	ND2	NADH dehydrogenase subunit 2	4665-5982:1
LC818213.1	CDS	ND6	NADH dehydrogenase subunit 6	5982-6543:1
LC818213.1	CDS	ATP6	ATP synthase F0 subunit 6	6542-7220:1
LC818213.1	CDS	ND4	NADH dehydrogenase subunit 4	7219-8659:1
LC818213.1	rRNA		12S ribosomal RNA	8865-9774:1
LC818213.1	CDS	COX3	cytochrome c oxidase subunit III	9773-10553:1
LC818213.1	CDS	COX2	cytochrome c oxidase subunit II	10676-11399:1
LC818213.1	CDS	ND4L	NADH dehydrogenase subunit 4L	11380-11680:1
LC818213.1	CDS	ND3	NADH dehydrogenase subunit 3	11679-12024:1
LC818213.1	tRNA		tRNA-Trp	13179-13249:1
LC818213.1	CDS	ATP8	ATP synthase F0 subunit 8	13252-13450:1
LC818213.1	CDS	COX1	cytochrome c oxidase subunit I	13620-16815:1
LC818213.1	tRNA		tRNA-Met	16926-16998:1
LC831260.1	rRNA		16S ribosomal RNA	0-1752:1
LC831260.1	CDS	ND2	NADH dehydrogenase subunit 2	1807-3154:1
LC831260.1	CDS	ND2	NADH dehydrogenase subunit 5	3141-4959:1
LC831260.1	CDS	ND4	NADH dehydrogenase subunit 4	4979-6428:1
LC831260.1	tRNA		tRNA-Met	6469-6540:-1
LC831260.1	CDS	COX3	cytochrome c oxidase subunit III	6573-7359:-1
LC831260.1	CDS	ATP6	ATP synthase F0 subunit 6	7415-8123:-1
LC831260.1	CDS	ATP8	ATP synthase F0 subunit 8	8140-8356:-1
LC831260.1	CDS	COX2	cytochrome c oxidase subunit II	8378-9140:-1
LC831260.1	CDS	COX1	cytochrome c oxidase subunit I	9394-10990:1
LC831260.1	rRNA		12S ribosomal RNA	10837-11860:1
LC831260.1	CDS	ND1	NADH dehydrogenase subunit 1	11910-12882:1
LC831260.1	CDS	CYTB	cytochrome b	12913-14074:1
LC831260.1	CDS	ND6	NADH dehydrogenase subunit 6	14087-14645:1
LC831260.1	CDS	ND3	NADH dehydrogenase subunit 3	14688-15042:1
LC831260.1	CDS	ND4L	NADH dehydrogenase subunit 4L	15045-15339:1
LC831260.1	CDS	mutS	MutS-like protein	15352-18301:1
LC831261.1	rRNA		16S ribosomal RNA	0-1789:1
LC831261.1	CDS	ND2	NADH dehydrogenase subunit 2	1882-3229:1
LC831261.1	CDS	ND2	NADH dehydrogenase subunit 5	3216-5034:1
LC831261.1	CDS	ND4	NADH dehydrogenase subunit 4	5131-6580:1
LC831261.1	tRNA		tRNA-Met	6637-6708:-1
LC831261.1	CDS	COX3	cytochrome c oxidase subunit III	6747-7533:-1
LC831261.1	CDS	ATP6	ATP synthase F0 subunit 6	7597-8305:-1
LC831261.1	CDS	ATP8	ATP synthase F0 subunit 8	8328-8544:-1
LC831261.1	CDS	COX2	cytochrome c oxidase subunit II	8566-9328:-1
LC831261.1	CDS	COX1	cytochrome c oxidase subunit I	9548-11150:1
LC831261.1	rRNA		12S ribosomal RNA	11030-12068:1
LC831261.1	CDS	ND1	NADH dehydrogenase subunit 1	12118-13090:1
LC831261.1	CDS	CYTB	cytochrome b	13123-14284:1
LC831261.1	CDS	ND6	NADH dehydrogenase subunit 6	14324-14882:1
LC831261.1	CDS	ND3	NADH dehydrogenase subunit 3	14937-15291:1
LC831261.1	CDS	ND4L	NADH dehydrogenase subunit 4L	15310-15604:1
LC831261.1	CDS	mutS	MutS-like protein	15632-18599:1
LC831262.1	rRNA		16S ribosomal RNA	0-1788:1
LC831262.1	CDS	ND2	NADH dehydrogenase subunit 2	1881-3228:1
LC831262.1	CDS	ND2	NADH dehydrogenase subunit 5	3215-5033:1
LC831262.1	CDS	ND4	NADH dehydrogenase subunit 4	5130-6579:1
LC831262.1	tRNA		tRNA-Met	6636-6707:-1
LC831262.1	CDS	COX3	cytochrome c oxidase subunit III	6746-7532:-1
LC831262.1	CDS	ATP6	ATP synthase F0 subunit 6	7596-8304:-1
LC831262.1	CDS	ATP8	ATP synthase F0 subunit 8	8328-8544:-1
LC831262.1	CDS	COX2	cytochrome c oxidase subunit II	8566-9328:-1
LC831262.1	CDS	COX1	cytochrome c oxidase subunit I	9548-11150:1
LC831262.1	rRNA		12S ribosomal RNA	11030-12067:1
LC831262.1	CDS	ND1	NADH dehydrogenase subunit 1	12117-13089:1
LC831262.1	CDS	CYTB	cytochrome b	13122-14283:1
LC831262.1	CDS	ND6	NADH dehydrogenase subunit 6	14323-14881:1
LC831262.1	CDS	ND3	NADH dehydrogenase subunit 3	14936-15290:1
LC831262.1	CDS	ND4L	NADH dehydrogenase subunit 4L	15309-15603:1
LC831262.1	CDS	mutS	MutS-like protein	15616-18589:1
LC831263.1	rRNA		16S ribosomal RNA	0-1789:1
LC831263.1	CDS	ND2	NADH dehydrogenase subunit 2	1882-3229:1
LC831263.1	CDS	ND2	NADH dehydrogenase subunit 5	3216-5034:1
LC831263.1	CDS	ND4	NADH dehydrogenase subunit 4	5130-6579:1
LC831263.1	tRNA		tRNA-Met	6635-6706:-1
LC831263.1	CDS	COX3	cytochrome c oxidase subunit III	6745-7531:-1
LC831263.1	CDS	ATP6	ATP synthase F0 subunit 6	7595-8303:-1
LC831263.1	CDS	ATP8	ATP synthase F0 subunit 8	8327-8543:-1
LC831263.1	CDS	COX2	cytochrome c oxidase subunit II	8565-9327:-1
LC831263.1	CDS	COX1	cytochrome c oxidase subunit I	9547-11149:1
LC831263.1	rRNA		12S ribosomal RNA	11029-12066:1
LC831263.1	CDS	ND1	NADH dehydrogenase subunit 1	12116-13088:1
LC831263.1	CDS	CYTB	cytochrome b	13121-14282:1
LC831263.1	CDS	ND6	NADH dehydrogenase subunit 6	14312-14870:1
LC831263.1	CDS	ND3	NADH dehydrogenase subunit 3	14914-15268:1
LC831263.1	CDS	ND4L	NADH dehydrogenase subunit 4L	15287-15581:1
LC831263.1	CDS	mutS	MutS-like protein	15594-18576:1
LC831264.1	rRNA		16S ribosomal RNA	0-1752:1
LC831264.1	CDS	ND2	NADH dehydrogenase subunit 2	1807-3154:1
LC831264.1	CDS	ND2	NADH dehydrogenase subunit 5	3141-4959:1
LC831264.1	CDS	ND4	NADH dehydrogenase subunit 4	4979-6428:1
LC831264.1	tRNA		tRNA-Met	6469-6540:-1
LC831264.1	CDS	COX3	cytochrome c oxidase subunit III	6573-7359:-1
LC831264.1	CDS	ATP6	ATP synthase F0 subunit 6	7415-8123:-1
LC831264.1	CDS	ATP8	ATP synthase F0 subunit 8	8140-8356:-1
LC831264.1	CDS	COX2	cytochrome c oxidase subunit II	8378-9140:-1
LC831264.1	CDS	COX1	cytochrome c oxidase subunit I	9394-10990:1
LC831264.1	rRNA		12S ribosomal RNA	10837-11860:1
LC831264.1	CDS	ND1	NADH dehydrogenase subunit 1	11910-12882:1
LC831264.1	CDS	CYTB	cytochrome b	12913-14074:1
LC831264.1	CDS	ND6	NADH dehydrogenase subunit 6	14087-14645:1
LC831264.1	CDS	ND3	NADH dehydrogenase subunit 3	14688-15042:1
LC831264.1	CDS	ND4L	NADH dehydrogenase subunit 4L	15045-15339:1
LC831264.1	CDS	mutS	MutS-like protein	15352-18301:1
LC831265.1	rRNA		16S ribosomal RNA	0-1789:1
LC831265.1	CDS	ND2	NADH dehydrogenase subunit 2	1882-3229:1
LC831265.1	CDS	ND2	NADH dehydrogenase subunit 5	3216-5034:1
LC831265.1	CDS	ND4	NADH dehydrogenase subunit 4	5130-6579:1
LC831265.1	tRNA		tRNA-Met	6635-6706:-1
LC831265.1	CDS	COX3	cytochrome c oxidase subunit III	6745-7531:-1
LC831265.1	CDS	ATP6	ATP synthase F0 subunit 6	7595-8303:-1
LC831265.1	CDS	ATP8	ATP synthase F0 subunit 8	8327-8543:-1
LC831265.1	CDS	COX2	cytochrome c oxidase subunit II	8565-9327:-1
LC831265.1	CDS	COX1	cytochrome c oxidase subunit I	9547-11149:1
LC831265.1	rRNA		12S ribosomal RNA	11029-12066:1
LC831265.1	CDS	ND1	NADH dehydrogenase subunit 1	12116-13088:1
LC831265.1	CDS	CYTB	cytochrome b	13121-14282:1
LC831265.1	CDS	ND6	NADH dehydrogenase subunit 6	14312-14870:1
LC831265.1	CDS	ND3	NADH dehydrogenase subunit 3	14914-15268:1
LC831265.1	CDS	ND4L	NADH dehydrogenase subunit 4L	15287-15581:1
LC831265.1	CDS	mutS	MutS-like protein	15594-18576:1
LC831266.1	rRNA		16S ribosomal RNA	0-1789:1
LC831266.1	CDS	ND2	NADH dehydrogenase subunit 2	1882-3229:1
LC831266.1	CDS	ND2	NADH dehydrogenase subunit 5	3216-5034:1
LC831266.1	CDS	ND4	NADH dehydrogenase subunit 4	5131-6580:1
LC831266.1	tRNA		tRNA-Met	6637-6708:-1
LC831266.1	CDS	COX3	cytochrome c oxidase subunit III	6747-7533:-1
LC831266.1	CDS	ATP6	ATP synthase F0 subunit 6	7597-8305:-1
LC831266.1	CDS	ATP8	ATP synthase F0 subunit 8	8328-8544:-1
LC831266.1	CDS	COX2	cytochrome c oxidase subunit II	8566-9328:-1
LC831266.1	CDS	COX1	cytochrome c oxidase subunit I	9548-11150:1
LC831266.1	rRNA		12S ribosomal RNA	11030-12068:1
LC831266.1	CDS	ND1	NADH dehydrogenase subunit 1	12118-13090:1
LC831266.1	CDS	CYTB	cytochrome b	13123-14284:1
LC831266.1	CDS	ND6	NADH dehydrogenase subunit 6	14324-14882:1
LC831266.1	CDS	ND3	NADH dehydrogenase subunit 3	14937-15291:1
LC831266.1	CDS	ND4L	NADH dehydrogenase subunit 4L	15310-15604:1
LC831266.1	CDS	mutS	MutS-like protein	15632-18599:1
LC831267.1	rRNA		16S ribosomal RNA	0-1749:1
LC831267.1	CDS	ND2	NADH dehydrogenase subunit 2	1814-3161:1
LC831267.1	CDS	ND2	NADH dehydrogenase subunit 5	3148-4966:1
LC831267.1	CDS	ND4	NADH dehydrogenase subunit 4	4988-6437:1
LC831267.1	tRNA		tRNA-Met	6488-6559:-1
LC831267.1	CDS	COX3	cytochrome c oxidase subunit III	6598-7384:-1
LC831267.1	CDS	ATP6	ATP synthase F0 subunit 6	7448-8156:-1
LC831267.1	CDS	ATP8	ATP synthase F0 subunit 8	8180-8396:-1
LC831267.1	CDS	COX2	cytochrome c oxidase subunit II	8418-9180:-1
LC831267.1	CDS	COX1	cytochrome c oxidase subunit I	9400-11002:1
LC831267.1	rRNA		12S ribosomal RNA	10882-11908:1
LC831267.1	CDS	ND1	NADH dehydrogenase subunit 1	11958-12930:1
LC831267.1	CDS	CYTB	cytochrome b	12963-14124:1
LC831267.1	CDS	ND6	NADH dehydrogenase subunit 6	14140-14698:1
LC831267.1	CDS	ND3	NADH dehydrogenase subunit 3	14741-15095:1
LC831267.1	CDS	ND4L	NADH dehydrogenase subunit 4L	15098-15392:1
LC831267.1	CDS	mutS	MutS-like protein	15405-18354:1
LC831268.1	rRNA		16S ribosomal RNA	0-1789:1
LC831268.1	CDS	ND2	NADH dehydrogenase subunit 2	1882-3229:1
LC831268.1	CDS	ND2	NADH dehydrogenase subunit 5	3216-5034:1
LC831268.1	CDS	ND4	NADH dehydrogenase subunit 4	5130-6579:1
LC831268.1	tRNA		tRNA-Met	6635-6706:-1
LC831268.1	CDS	COX3	cytochrome c oxidase subunit III	6745-7531:-1
LC831268.1	CDS	ATP6	ATP synthase F0 subunit 6	7595-8303:-1
LC831268.1	CDS	ATP8	ATP synthase F0 subunit 8	8327-8543:-1
LC831268.1	CDS	COX2	cytochrome c oxidase subunit II	8565-9327:-1
LC831268.1	CDS	COX1	cytochrome c oxidase subunit I	9547-11149:1
LC831268.1	rRNA		12S ribosomal RNA	11029-12066:1
LC831268.1	CDS	ND1	NADH dehydrogenase subunit 1	12116-13088:1
LC831268.1	CDS	CYTB	cytochrome b	13121-14282:1
LC831268.1	CDS	ND6	NADH dehydrogenase subunit 6	14312-14870:1
LC831268.1	CDS	ND3	NADH dehydrogenase subunit 3	14914-15268:1
LC831268.1	CDS	ND4L	NADH dehydrogenase subunit 4L	15287-15581:1
LC831268.1	CDS	mutS	MutS-like protein	15594-18576:1
LC831269.1	rRNA		16S ribosomal RNA	0-1789:1
LC831269.1	CDS	ND2	NADH dehydrogenase subunit 2	1882-3229:1
LC831269.1	CDS	ND2	NADH dehydrogenase subunit 5	3216-5034:1
LC831269.1	CDS	ND4	NADH dehydrogenase subunit 4	5130-6579:1
LC831269.1	tRNA		tRNA-Met	6635-6706:-1
LC831269.1	CDS	COX3	cytochrome c oxidase subunit III	6745-7531:-1
LC831269.1	CDS	ATP6	ATP synthase F0 subunit 6	7595-8303:-1
LC831269.1	CDS	ATP8	ATP synthase F0 subunit 8	8327-8543:-1
LC831269.1	CDS	COX2	cytochrome c oxidase subunit II	8565-9327:-1
LC831269.1	CDS	COX1	cytochrome c oxidase subunit I	9547-11149:1
LC831269.1	rRNA		12S ribosomal RNA	11029-12066:1
LC831269.1	CDS	ND1	NADH dehydrogenase subunit 1	12116-13088:1
LC831269.1	CDS	CYTB	cytochrome b	13121-14282:1
LC831269.1	CDS	ND6	NADH dehydrogenase subunit 6	14312-14870:1
LC831269.1	CDS	ND3	NADH dehydrogenase subunit 3	14914-15268:1
LC831269.1	CDS	ND4L	NADH dehydrogenase subunit 4L	15287-15581:1
LC831269.1	CDS	mutS	MutS-like protein	15594-18576:1
LC831270.1	rRNA		16S ribosomal RNA	0-1789:1
LC831270.1	CDS	ND2	NADH dehydrogenase subunit 2	1882-3229:1
LC831270.1	CDS	ND2	NADH dehydrogenase subunit 5	3216-5034:1
LC831270.1	CDS	ND4	NADH dehydrogenase subunit 4	5130-6579:1
LC831270.1	tRNA		tRNA-Met	6635-6706:-1
LC831270.1	CDS	COX3	cytochrome c oxidase subunit III	6745-7531:-1
LC831270.1	CDS	ATP6	ATP synthase F0 subunit 6	7595-8303:-1
LC831270.1	CDS	ATP8	ATP synthase F0 subunit 8	8327-8543:-1
LC831270.1	CDS	COX2	cytochrome c oxidase subunit II	8565-9327:-1
LC831270.1	CDS	COX1	cytochrome c oxidase subunit I	9547-11149:1
LC831270.1	rRNA		12S ribosomal RNA	11029-12066:1
LC831270.1	CDS	ND1	NADH dehydrogenase subunit 1	12116-13088:1
LC831270.1	CDS	CYTB	cytochrome b	13121-14282:1
LC831270.1	CDS	ND6	NADH dehydrogenase subunit 6	14312-14870:1
LC831270.1	CDS	ND3	NADH dehydrogenase subunit 3	14914-15268:1
LC831270.1	CDS	ND4L	NADH dehydrogenase subunit 4L	15287-15581:1
LC831270.1	CDS	mutS	MutS-like protein	15594-18576:1
LC831271.1	rRNA		16S ribosomal RNA	0-1749:1
LC831271.1	CDS	ND2	NADH dehydrogenase subunit 2	1814-3161:1
LC831271.1	CDS	ND2	NADH dehydrogenase subunit 5	3148-4966:1
LC831271.1	CDS	ND4	NADH dehydrogenase subunit 4	4988-6437:1
LC831271.1	tRNA		tRNA-Met	6488-6559:-1
LC831271.1	CDS	COX3	cytochrome c oxidase subunit III	6598-7384:-1
LC831271.1	CDS	ATP6	ATP synthase F0 subunit 6	7448-8156:-1
LC831271.1	CDS	ATP8	ATP synthase F0 subunit 8	8180-8396:-1
LC831271.1	CDS	COX2	cytochrome c oxidase subunit II	8418-9180:-1
LC831271.1	CDS	COX1	cytochrome c oxidase subunit I	9400-11002:1
LC831271.1	rRNA		12S ribosomal RNA	10882-11908:1
LC831271.1	CDS	ND1	NADH dehydrogenase subunit 1	11958-12930:1
LC831271.1	CDS	CYTB	cytochrome b	12963-14124:1
LC831271.1	CDS	ND6	NADH dehydrogenase subunit 6	14140-14698:1
LC831271.1	CDS	ND3	NADH dehydrogenase subunit 3	14741-15095:1
LC831271.1	CDS	ND4L	NADH dehydrogenase subunit 4L	15098-15392:1
LC831271.1	CDS	mutS	MutS-like protein	15405-18354:1
LC831272.1	rRNA		16S ribosomal RNA	0-1789:1
LC831272.1	CDS	ND2	NADH dehydrogenase subunit 2	1882-3229:1
LC831272.1	CDS	ND2	NADH dehydrogenase subunit 5	3216-5034:1
LC831272.1	CDS	ND4	NADH dehydrogenase subunit 4	5131-6580:1
LC831272.1	tRNA		tRNA-Met	6637-6708:-1
LC831272.1	CDS	COX3	cytochrome c oxidase subunit III	6747-7533:-1
LC831272.1	CDS	ATP6	ATP synthase F0 subunit 6	7597-8305:-1
LC831272.1	CDS	ATP8	ATP synthase F0 subunit 8	8328-8544:-1
LC831272.1	CDS	COX2	cytochrome c oxidase subunit II	8566-9328:-1
LC831272.1	CDS	COX1	cytochrome c oxidase subunit I	9548-11150:1
LC831272.1	rRNA		12S ribosomal RNA	11030-12068:1
LC831272.1	CDS	ND1	NADH dehydrogenase subunit 1	12118-13090:1
LC831272.1	CDS	CYTB	cytochrome b	13123-14284:1
LC831272.1	CDS	ND6	NADH dehydrogenase subunit 6	14324-14882:1
LC831272.1	CDS	ND3	NADH dehydrogenase subunit 3	14937-15291:1
LC831272.1	CDS	ND4L	NADH dehydrogenase subunit 4L	15310-15604:1
LC831272.1	CDS	mutS	MutS-like protein	15632-18599:1
LC831273.1	rRNA		16S ribosomal RNA	0-1752:1
LC831273.1	CDS	ND2	NADH dehydrogenase subunit 2	1807-3154:1
LC831273.1	CDS	ND2	NADH dehydrogenase subunit 5	3141-4959:1
LC831273.1	CDS	ND4	NADH dehydrogenase subunit 4	4979-6428:1
LC831273.1	tRNA		tRNA-Met	6469-6540:-1
LC831273.1	CDS	COX3	cytochrome c oxidase subunit III	6573-7359:-1
LC831273.1	CDS	ATP6	ATP synthase F0 subunit 6	7415-8123:-1
LC831273.1	CDS	ATP8	ATP synthase F0 subunit 8	8140-8356:-1
LC831273.1	CDS	COX2	cytochrome c oxidase subunit II	8378-9140:-1
LC831273.1	CDS	COX1	cytochrome c oxidase subunit I	9394-10990:1
LC831273.1	rRNA		12S ribosomal RNA	10837-11860:1
LC831273.1	CDS	ND1	NADH dehydrogenase subunit 1	11910-12882:1
LC831273.1	CDS	CYTB	cytochrome b	12913-14074:1
LC831273.1	CDS	ND6	NADH dehydrogenase subunit 6	14087-14645:1
LC831273.1	CDS	ND3	NADH dehydrogenase subunit 3	14688-15042:1
LC831273.1	CDS	ND4L	NADH dehydrogenase subunit 4L	15045-15339:1
LC831273.1	CDS	mutS	MutS-like protein	15352-18301:1
LC831274.1	rRNA		16S ribosomal RNA	0-1752:1
LC831274.1	CDS	ND2	NADH dehydrogenase subunit 2	1807-3154:1
LC831274.1	CDS	ND2	NADH dehydrogenase subunit 5	3141-4959:1
LC831274.1	CDS	ND4	NADH dehydrogenase subunit 4	4979-6428:1
LC831274.1	tRNA		tRNA-Met	6469-6540:-1
LC831274.1	CDS	COX3	cytochrome c oxidase subunit III	6573-7359:-1
LC831274.1	CDS	ATP6	ATP synthase F0 subunit 6	7415-8123:-1
LC831274.1	CDS	ATP8	ATP synthase F0 subunit 8	8140-8356:-1
LC831274.1	CDS	COX2	cytochrome c oxidase subunit II	8378-9140:-1
LC831274.1	CDS	COX1	cytochrome c oxidase subunit I	9394-10990:1
LC831274.1	rRNA		12S ribosomal RNA	10837-11860:1
LC831274.1	CDS	ND1	NADH dehydrogenase subunit 1	11910-12882:1
LC831274.1	CDS	CYTB	cytochrome b	12913-14074:1
LC831274.1	CDS	ND6	NADH dehydrogenase subunit 6	14087-14645:1
LC831274.1	CDS	ND3	NADH dehydrogenase subunit 3	14688-15042:1
LC831274.1	CDS	ND4L	NADH dehydrogenase subunit 4L	15045-15339:1
LC831274.1	CDS	mutS	MutS-like protein	15352-18301:1
LC831275.1	rRNA		16S ribosomal RNA	0-1775:1
LC831275.1	CDS	ND2	NADH dehydrogenase subunit 2	1832-3179:1
LC831275.1	CDS	ND2	NADH dehydrogenase subunit 5	3166-4984:1
LC831275.1	CDS	ND4	NADH dehydrogenase subunit 4	5025-6474:1
LC831275.1	tRNA		tRNA-Met	6530-6601:-1
LC831275.1	CDS	COX3	cytochrome c oxidase subunit III	6640-7426:-1
LC831275.1	CDS	ATP6	ATP synthase F0 subunit 6	7490-8198:-1
LC831275.1	CDS	ATP8	ATP synthase F0 subunit 8	8222-8438:-1
LC831275.1	CDS	COX2	cytochrome c oxidase subunit II	8460-9222:-1
LC831275.1	CDS	COX1	cytochrome c oxidase subunit I	9442-11044:1
LC831275.1	rRNA		12S ribosomal RNA	10924-11860:1
LC831275.1	CDS	ND1	NADH dehydrogenase subunit 1	12011-12983:1
LC831275.1	CDS	CYTB	cytochrome b	13003-14164:1
LC831275.1	CDS	ND6	NADH dehydrogenase subunit 6	14165-14750:1
LC831275.1	CDS	ND3	NADH dehydrogenase subunit 3	14793-15147:1
LC831275.1	CDS	ND4L	NADH dehydrogenase subunit 4L	15150-15444:1
LC831275.1	CDS	mutS	MutS-like protein	15457-18406:1
LC831276.1	rRNA		16S ribosomal RNA	0-1774:1
LC831276.1	CDS	ND2	NADH dehydrogenase subunit 2	1831-3178:1
LC831276.1	CDS	ND2	NADH dehydrogenase subunit 5	3165-4983:1
LC831276.1	CDS	ND4	NADH dehydrogenase subunit 4	5024-6473:1
LC831276.1	tRNA		tRNA-Met	6529-6600:-1
LC831276.1	CDS	COX3	cytochrome c oxidase subunit III	6639-7425:-1
LC831276.1	CDS	ATP6	ATP synthase F0 subunit 6	7489-8197:-1
LC831276.1	CDS	ATP8	ATP synthase F0 subunit 8	8221-8437:-1
LC831276.1	CDS	COX2	cytochrome c oxidase subunit II	8459-9221:-1
LC831276.1	CDS	COX1	cytochrome c oxidase subunit I	9441-11043:1
LC831276.1	rRNA		12S ribosomal RNA	10923-11960:1
LC831276.1	CDS	ND1	NADH dehydrogenase subunit 1	12010-12982:1
LC831276.1	CDS	CYTB	cytochrome b	13002-14163:1
LC831276.1	CDS	ND6	NADH dehydrogenase subunit 6	14191-14749:1
LC831276.1	CDS	ND3	NADH dehydrogenase subunit 3	14792-15146:1
LC831276.1	CDS	ND4L	NADH dehydrogenase subunit 4L	15149-15443:1
LC831276.1	CDS	mutS	MutS-like protein	15456-18405:1
LC831278.1	rRNA		16S ribosomal RNA	0-1788:1
LC831278.1	CDS	ND2	NADH dehydrogenase subunit 2	1881-3228:1
LC831278.1	CDS	ND2	NADH dehydrogenase subunit 5	3215-5033:1
LC831278.1	CDS	ND4	NADH dehydrogenase subunit 4	5130-6579:1
LC831278.1	tRNA		tRNA-Met	6636-6707:-1
LC831278.1	CDS	COX3	cytochrome c oxidase subunit III	6746-7532:-1
LC831278.1	CDS	ATP6	ATP synthase F0 subunit 6	7596-8304:-1
LC831278.1	CDS	ATP8	ATP synthase F0 subunit 8	8328-8544:-1
LC831278.1	CDS	COX2	cytochrome c oxidase subunit II	8566-9328:-1
LC831278.1	CDS	COX1	cytochrome c oxidase subunit I	9548-11150:1
LC831278.1	rRNA		12S ribosomal RNA	11030-12067:1
LC831278.1	CDS	ND1	NADH dehydrogenase subunit 1	12117-13089:1
LC831278.1	CDS	CYTB	cytochrome b	13122-14283:1
LC831278.1	CDS	ND6	NADH dehydrogenase subunit 6	14323-14881:1
LC831278.1	CDS	ND3	NADH dehydrogenase subunit 3	14936-15290:1
LC831278.1	CDS	ND4L	NADH dehydrogenase subunit 4L	15309-15603:1
LC831278.1	CDS	mutS	MutS-like protein	15616-18589:1
LC831279.1	rRNA		16S ribosomal RNA	0-1789:1
LC831279.1	CDS	ND2	NADH dehydrogenase subunit 2	1882-3229:1
LC831279.1	CDS	ND2	NADH dehydrogenase subunit 5	3216-5034:1
LC831279.1	CDS	ND4	NADH dehydrogenase subunit 4	5130-6579:1
LC831279.1	tRNA		tRNA-Met	6635-6706:-1
LC831279.1	CDS	COX3	cytochrome c oxidase subunit III	6745-7531:-1
LC831279.1	CDS	ATP6	ATP synthase F0 subunit 6	7595-8303:-1
LC831279.1	CDS	ATP8	ATP synthase F0 subunit 8	8327-8543:-1
LC831279.1	CDS	COX2	cytochrome c oxidase subunit II	8565-9327:-1
LC831279.1	CDS	COX1	cytochrome c oxidase subunit I	9547-11149:1
LC831279.1	rRNA		12S ribosomal RNA	11029-12066:1
LC831279.1	CDS	ND1	NADH dehydrogenase subunit 1	12116-13088:1
LC831279.1	CDS	CYTB	cytochrome b	13121-14282:1
LC831279.1	CDS	ND6	NADH dehydrogenase subunit 6	14312-14870:1
LC831279.1	CDS	ND3	NADH dehydrogenase subunit 3	14914-15268:1
LC831279.1	CDS	ND4L	NADH dehydrogenase subunit 4L	15287-15581:1
LC831279.1	CDS	mutS	MutS-like protein	15594-18576:1
LC831280.1	rRNA		16S ribosomal RNA	0-1751:1
LC831280.1	CDS	ND2	NADH dehydrogenase subunit 2	1807-3154:1
LC831280.1	CDS	ND2	NADH dehydrogenase subunit 5	3141-4959:1
LC831280.1	CDS	ND4	NADH dehydrogenase subunit 4	4979-6428:1
LC831280.1	tRNA		tRNA-Met	6467-6538:-1
LC831280.1	CDS	COX3	cytochrome c oxidase subunit III	6570-7356:-1
LC831280.1	CDS	ATP6	ATP synthase F0 subunit 6	7414-8122:-1
LC831280.1	CDS	ATP8	ATP synthase F0 subunit 8	8140-8356:-1
LC831280.1	CDS	COX2	cytochrome c oxidase subunit II	8376-9138:-1
LC831280.1	CDS	COX1	cytochrome c oxidase subunit I	9393-10989:1
LC831280.1	rRNA		12S ribosomal RNA	10836-11857:-1
LC831280.1	CDS	ND1	NADH dehydrogenase subunit 1	11906-12878:1
LC831280.1	CDS	CYTB	cytochrome b	12911-14072:1
LC831280.1	CDS	ND6	NADH dehydrogenase subunit 6	14085-14643:1
LC831280.1	CDS	ND3	NADH dehydrogenase subunit 3	14686-15040:1
LC831280.1	CDS	ND4L	NADH dehydrogenase subunit 4L	15043-15337:1
LC831280.1	CDS	mutS	MutS-like protein	15351-18300:1
LC831281.1	rRNA		16S ribosomal RNA	0-1788:1
LC831281.1	CDS	ND2	NADH dehydrogenase subunit 2	1881-3228:1
LC831281.1	CDS	ND2	NADH dehydrogenase subunit 5	3215-5033:1
LC831281.1	CDS	ND4	NADH dehydrogenase subunit 4	5130-6579:1
LC831281.1	tRNA		tRNA-Met	6636-6707:-1
LC831281.1	CDS	COX3	cytochrome c oxidase subunit III	6746-7532:-1
LC831281.1	CDS	ATP6	ATP synthase F0 subunit 6	7596-8304:-1
LC831281.1	CDS	ATP8	ATP synthase F0 subunit 8	8328-8544:-1
LC831281.1	CDS	COX2	cytochrome c oxidase subunit II	8566-9328:-1
LC831281.1	CDS	COX1	cytochrome c oxidase subunit I	9548-11150:1
LC831281.1	rRNA		12S ribosomal RNA	11030-12067:-1
LC831281.1	CDS	ND1	NADH dehydrogenase subunit 1	12117-13089:1
LC831281.1	CDS	CYTB	cytochrome b	13122-14283:1
LC831281.1	CDS	ND6	NADH dehydrogenase subunit 6	14323-14881:1
LC831281.1	CDS	ND3	NADH dehydrogenase subunit 3	14936-15290:1
LC831281.1	CDS	ND4L	NADH dehydrogenase subunit 4L	15309-15603:1
LC831281.1	CDS	mutS	MutS-like protein	15616-18589:1
LC831282.1	rRNA		16S ribosomal RNA	0-1788:1
LC831282.1	CDS	ND2	NADH dehydrogenase subunit 2	1881-3228:1
LC831282.1	CDS	ND2	NADH dehydrogenase subunit 5	3215-5033:1
LC831282.1	CDS	ND4	NADH dehydrogenase subunit 4	5130-6579:1
LC831282.1	tRNA		tRNA-Met	6636-6707:-1
LC831282.1	CDS	COX3	cytochrome c oxidase subunit III	6746-7532:-1
LC831282.1	CDS	ATP6	ATP synthase F0 subunit 6	7596-8304:-1
LC831282.1	CDS	ATP8	ATP synthase F0 subunit 8	8328-8544:-1
LC831282.1	CDS	COX2	cytochrome c oxidase subunit II	8566-9328:-1
LC831282.1	CDS	COX1	cytochrome c oxidase subunit I	9548-11150:1
LC831282.1	rRNA		12S ribosomal RNA	11030-12067:-1
LC831282.1	CDS	ND1	NADH dehydrogenase subunit 1	12117-13089:1
LC831282.1	CDS	CYTB	cytochrome b	13122-14283:1
LC831282.1	CDS	ND6	NADH dehydrogenase subunit 6	14323-14881:1
LC831282.1	CDS	ND3	NADH dehydrogenase subunit 3	14936-15290:1
LC831282.1	CDS	ND4L	NADH dehydrogenase subunit 4L	15309-15603:1
LC831282.1	CDS	mutS	MutS-like protein	15616-18598:1
LC831283.1	rRNA		16S ribosomal RNA	0-1749:1
LC831283.1	CDS	ND2	NADH dehydrogenase subunit 2	1814-3161:1
LC831283.1	CDS	ND2	NADH dehydrogenase subunit 5	3148-4966:1
LC831283.1	CDS	ND4	NADH dehydrogenase subunit 4	4988-6437:1
LC831283.1	tRNA		tRNA-Met	6488-6559:-1
LC831283.1	CDS	COX3	cytochrome c oxidase subunit III	6598-7384:-1
LC831283.1	CDS	ATP6	ATP synthase F0 subunit 6	7448-8156:-1
LC831283.1	CDS	ATP8	ATP synthase F0 subunit 8	8180-8396:-1
LC831283.1	CDS	COX2	cytochrome c oxidase subunit II	8418-9180:-1
LC831283.1	CDS	COX1	cytochrome c oxidase subunit I	9400-11002:1
LC831283.1	rRNA		12S ribosomal RNA	10882-11908:1
LC831283.1	CDS	ND1	NADH dehydrogenase subunit 1	11958-12930:1
LC831283.1	CDS	CYTB	cytochrome b	12963-14124:1
LC831283.1	CDS	ND6	NADH dehydrogenase subunit 6	14140-14698:1
LC831283.1	CDS	ND3	NADH dehydrogenase subunit 3	14741-15095:1
LC831283.1	CDS	ND4L	NADH dehydrogenase subunit 4L	15098-15392:1
LC831283.1	CDS	mutS	MutS-like protein	15405-18354:1
LC831284.1	rRNA		16S ribosomal RNA	0-1788:1
LC831284.1	CDS	ND2	NADH dehydrogenase subunit 2	1881-3228:1
LC831284.1	CDS	ND2	NADH dehydrogenase subunit 5	3215-5033:1
LC831284.1	CDS	ND4	NADH dehydrogenase subunit 4	5130-6579:1
LC831284.1	tRNA		tRNA-Met	6636-6707:-1
LC831284.1	CDS	COX3	cytochrome c oxidase subunit III	6746-7532:-1
LC831284.1	CDS	ATP6	ATP synthase F0 subunit 6	7596-8304:-1
LC831284.1	CDS	ATP8	ATP synthase F0 subunit 8	8328-8544:-1
LC831284.1	CDS	COX2	cytochrome c oxidase subunit II	8566-9328:-1
LC831284.1	CDS	COX1	cytochrome c oxidase subunit I	9548-11150:1
LC831284.1	rRNA		12S ribosomal RNA	11030-12067:1
LC831284.1	CDS	ND1	NADH dehydrogenase subunit 1	12117-13089:1
LC831284.1	CDS	CYTB	cytochrome b	13122-14283:1
LC831284.1	CDS	ND6	NADH dehydrogenase subunit 6	14323-14881:1
LC831284.1	CDS	ND3	NADH dehydrogenase subunit 3	14936-15290:1
LC831284.1	CDS	ND4L	NADH dehydrogenase subunit 4L	15309-15603:1
LC831284.1	CDS	mutS	MutS-like protein	15616-18589:1
LC831285.1	rRNA		16S ribosomal RNA	0-1775:1
LC831285.1	CDS	ND2	NADH dehydrogenase subunit 2	1832-3179:1
LC831285.1	CDS	ND2	NADH dehydrogenase subunit 5	3166-4984:1
LC831285.1	CDS	ND4	NADH dehydrogenase subunit 4	5025-6474:1
LC831285.1	tRNA		tRNA-Met	6530-6601:-1
LC831285.1	CDS	COX3	cytochrome c oxidase subunit III	6640-7426:-1
LC831285.1	CDS	ATP6	ATP synthase F0 subunit 6	7490-8198:-1
LC831285.1	CDS	ATP8	ATP synthase F0 subunit 8	8222-8438:-1
LC831285.1	CDS	COX2	cytochrome c oxidase subunit II	8460-9222:-1
LC831285.1	CDS	COX1	cytochrome c oxidase subunit I	9442-11044:1
LC831285.1	rRNA		12S ribosomal RNA	10924-11961:1
LC831285.1	CDS	ND1	NADH dehydrogenase subunit 1	12011-12983:1
LC831285.1	CDS	CYTB	cytochrome b	13003-14164:1
LC831285.1	CDS	ND6	NADH dehydrogenase subunit 6	14165-14750:1
LC831285.1	CDS	ND3	NADH dehydrogenase subunit 3	14793-15147:1
LC831285.1	CDS	ND4L	NADH dehydrogenase subunit 4L	15150-15444:1
LC831285.1	CDS	mutS	MutS-like protein	15457-18406:1
LC831286.1	rRNA		16S ribosomal RNA	0-1754:1
LC831286.1	CDS	ND2	NADH dehydrogenase subunit 2	1809-3156:1
LC831286.1	CDS	ND2	NADH dehydrogenase subunit 5	3143-4961:1
LC831286.1	CDS	ND4	NADH dehydrogenase subunit 4	4981-6430:1
LC831286.1	tRNA		tRNA-Met	6473-6544:-1
LC831286.1	CDS	COX3	cytochrome c oxidase subunit III	6579-7365:-1
LC831286.1	CDS	ATP6	ATP synthase F0 subunit 6	7421-8129:-1
LC831286.1	CDS	ATP8	ATP synthase F0 subunit 8	8150-8366:-1
LC831286.1	CDS	COX2	cytochrome c oxidase subunit II	8385-9147:-1
LC831286.1	CDS	COX1	cytochrome c oxidase subunit I	9365-10961:1
LC831286.1	rRNA		12S ribosomal RNA	10847-11873:1
LC831286.1	CDS	ND1	NADH dehydrogenase subunit 1	11923-12892:1
LC831286.1	CDS	CYTB	cytochrome b	12924-14085:1
LC831286.1	CDS	ND6	NADH dehydrogenase subunit 6	14086-14644:1
LC831286.1	CDS	ND3	NADH dehydrogenase subunit 3	14687-15041:1
LC831286.1	CDS	ND4L	NADH dehydrogenase subunit 4L	15044-15338:1
LC831286.1	CDS	mutS	MutS-like protein	15353-18302:1
LC831287.1	rRNA		16S ribosomal RNA	0-1755:1
LC831287.1	CDS	ND2	NADH dehydrogenase subunit 2	1840-3172:1
LC831287.1	CDS	ND2	NADH dehydrogenase subunit 5	3159-4971:1
LC831287.1	CDS	ND4	NADH dehydrogenase subunit 4	5909-7358:1
LC831287.1	tRNA		tRNA-Met	7416-7487:-1
LC831287.1	CDS	COX3	cytochrome c oxidase subunit III	7526-8312:-1
LC831287.1	CDS	ATP6	ATP synthase F0 subunit 6	8370-9078:-1
LC831287.1	CDS	ATP8	ATP synthase F0 subunit 8	9102-9318:-1
LC831287.1	CDS	COX2	cytochrome c oxidase subunit II	9340-10102:-1
LC831287.1	CDS	COX1	cytochrome c oxidase subunit I	10331-11933:1
LC831287.1	rRNA		12S ribosomal RNA	11813-12840:1
LC831287.1	CDS	ND1	NADH dehydrogenase subunit 1	12892-13864:1
LC831287.1	CDS	CYTB	cytochrome b	13887-15045:1
LC831287.1	CDS	ND6	NADH dehydrogenase subunit 6	15080-15638:1
LC831287.1	CDS	ND3	NADH dehydrogenase subunit 3	15681-16035:1
LC831287.1	CDS	ND4L	NADH dehydrogenase subunit 4L	16054-16348:1
LC831287.1	CDS	mutS	MutS-like protein	16360-19312:1
LC831289.1	rRNA		16S ribosomal RNA	0-1754:1
LC831289.1	CDS	ND2	NADH dehydrogenase subunit 2	1809-3156:1
LC831289.1	CDS	ND2	NADH dehydrogenase subunit 5	3143-4961:1
LC831289.1	CDS	ND4	NADH dehydrogenase subunit 4	4981-6430:1
LC831289.1	tRNA		tRNA-Met	6473-6544:-1
LC831289.1	CDS	COX3	cytochrome c oxidase subunit III	6579-7365:-1
LC831289.1	CDS	ATP6	ATP synthase F0 subunit 6	7421-8129:-1
LC831289.1	CDS	ATP8	ATP synthase F0 subunit 8	8150-8366:-1
LC831289.1	CDS	COX2	cytochrome c oxidase subunit II	8385-9147:-1
LC831289.1	CDS	COX1	cytochrome c oxidase subunit I	9365-10961:1
LC831289.1	rRNA		12S ribosomal RNA	10847-11873:1
LC831289.1	CDS	ND1	NADH dehydrogenase subunit 1	11923-12892:1
LC831289.1	CDS	CYTB	cytochrome b	12924-14085:1
LC831289.1	CDS	ND6	NADH dehydrogenase subunit 6	14086-14644:1
LC831289.1	CDS	ND3	NADH dehydrogenase subunit 3	14687-15041:1
LC831289.1	CDS	ND4L	NADH dehydrogenase subunit 4L	15044-15338:1
LC831289.1	CDS	mutS	MutS-like protein	15353-18302:1
LC831290.1	rRNA		16S ribosomal RNA	0-1788:1
LC831290.1	CDS	ND2	NADH dehydrogenase subunit 2	1881-3228:1
LC831290.1	CDS	ND2	NADH dehydrogenase subunit 5	3215-5033:1
LC831290.1	CDS	ND4	NADH dehydrogenase subunit 4	5130-6579:1
LC831290.1	tRNA		tRNA-Met	6636-6707:-1
LC831290.1	CDS	COX3	cytochrome c oxidase subunit III	6746-7532:-1
LC831290.1	CDS	ATP6	ATP synthase F0 subunit 6	7596-8295:-1
LC831290.1	CDS	ATP8	ATP synthase F0 subunit 8	8319-8535:-1
LC831290.1	CDS	COX2	cytochrome c oxidase subunit II	8557-9319:-1
LC831290.1	CDS	COX1	cytochrome c oxidase subunit I	9539-11141:1
LC831290.1	rRNA		12S ribosomal RNA	11021-12058:1
LC831290.1	CDS	ND1	NADH dehydrogenase subunit 1	12108-13080:1
LC831290.1	CDS	CYTB	cytochrome b	13113-14274:1
LC831290.1	CDS	ND6	NADH dehydrogenase subunit 6	14314-14872:1
LC831290.1	CDS	ND3	NADH dehydrogenase subunit 3	14927-15281:1
LC831290.1	CDS	ND4L	NADH dehydrogenase subunit 4L	15300-15594:1
LC831290.1	CDS	mutS	MutS-like protein	15607-18580:1
LC831291.1	rRNA		16S ribosomal RNA	0-1789:1
LC831291.1	CDS	ND2	NADH dehydrogenase subunit 2	1882-3229:1
LC831291.1	CDS	ND2	NADH dehydrogenase subunit 5	3216-5034:1
LC831291.1	CDS	ND4	NADH dehydrogenase subunit 4	5130-6579:1
LC831291.1	tRNA		tRNA-Met	6635-6706:-1
LC831291.1	CDS	COX3	cytochrome c oxidase subunit III	6745-7531:-1
LC831291.1	CDS	ATP6	ATP synthase F0 subunit 6	7595-8303:-1
LC831291.1	CDS	ATP8	ATP synthase F0 subunit 8	8327-8543:-1
LC831291.1	CDS	COX2	cytochrome c oxidase subunit II	8565-9327:-1
LC831291.1	CDS	COX1	cytochrome c oxidase subunit I	9547-11149:1
LC831291.1	rRNA		12S ribosomal RNA	11029-12066:1
LC831291.1	CDS	ND1	NADH dehydrogenase subunit 1	12116-13088:1
LC831291.1	CDS	CYTB	cytochrome b	13121-14282:1
LC831291.1	CDS	ND6	NADH dehydrogenase subunit 6	14312-14870:1
LC831291.1	CDS	ND3	NADH dehydrogenase subunit 3	14914-15268:1
LC831291.1	CDS	ND4L	NADH dehydrogenase subunit 4L	15287-15581:1
LC831291.1	CDS	mutS	MutS-like protein	15594-18576:1
LC831293.1	rRNA		16S ribosomal RNA	0-1749:1
LC831293.1	CDS	ND2	NADH dehydrogenase subunit 2	1814-3161:1
LC831293.1	CDS	ND2	NADH dehydrogenase subunit 5	3148-4966:1
LC831293.1	CDS	ND4	NADH dehydrogenase subunit 4	4988-6437:1
LC831293.1	tRNA		tRNA-Met	6488-6559:-1
LC831293.1	CDS	COX3	cytochrome c oxidase subunit III	6598-7384:-1
LC831293.1	CDS	ATP6	ATP synthase F0 subunit 6	7448-8156:-1
LC831293.1	CDS	ATP8	ATP synthase F0 subunit 8	8180-8396:-1
LC831293.1	CDS	COX2	cytochrome c oxidase subunit II	8418-9180:-1
LC831293.1	CDS	COX1	cytochrome c oxidase subunit I	9400-11002:1
LC831293.1	rRNA		12S ribosomal RNA	10882-11908:1
LC831293.1	CDS	ND1	NADH dehydrogenase subunit 1	11958-12930:1
LC831293.1	CDS	CYTB	cytochrome b	12963-14124:1
LC831293.1	CDS	ND6	NADH dehydrogenase subunit 6	14140-14698:1
LC831293.1	CDS	ND3	NADH dehydrogenase subunit 3	14741-15095:1
LC831293.1	CDS	ND4L	NADH dehydrogenase subunit 4L	15098-15392:1
LC831293.1	CDS	mutS	MutS-like protein	15405-18354:1
LC831294.1	rRNA		16S ribosomal RNA	0-1751:1
LC831294.1	CDS	ND2	NADH dehydrogenase subunit 2	1807-3154:1
LC831294.1	CDS	ND2	NADH dehydrogenase subunit 5	3141-4959:1
LC831294.1	CDS	ND4	NADH dehydrogenase subunit 4	4979-6428:1
LC831294.1	tRNA		tRNA-Met	6467-6538:-1
LC831294.1	CDS	COX3	cytochrome c oxidase subunit III	6570-7356:-1
LC831294.1	CDS	ATP6	ATP synthase F0 subunit 6	7414-8122:-1
LC831294.1	tRNA		tRNA-Met	8088-8173:-1
LC831294.1	CDS	ATP8	ATP synthase F0 subunit 8	8140-8356:-1
LC831294.1	CDS	COX2	cytochrome c oxidase subunit II	8376-9138:-1
LC831294.1	CDS	COX1	cytochrome c oxidase subunit I	9393-10989:1
LC831294.1	rRNA		12S ribosomal RNA	10836-11857:1
LC831294.1	CDS	ND1	NADH dehydrogenase subunit 1	11906-12878:1
LC831294.1	CDS	CYTB	cytochrome b	12911-14072:1
LC831294.1	CDS	ND6	NADH dehydrogenase subunit 6	14085-14643:1
LC831294.1	CDS	ND3	NADH dehydrogenase subunit 3	14686-15040:1
LC831294.1	CDS	ND4L	NADH dehydrogenase subunit 4L	15043-15337:1
LC831294.1	CDS	mutS	MutS-like protein	15351-18300:1
LC831295.1	rRNA		16S ribosomal RNA	0-1754:1
LC831295.1	CDS	ND2	NADH dehydrogenase subunit 2	1843-3175:1
LC831295.1	CDS	ND2	NADH dehydrogenase subunit 5	3162-4974:1
LC831295.1	CDS	ND4	NADH dehydrogenase subunit 4	5539-6988:1
LC831295.1	tRNA		tRNA-Met	7043-7114:-1
LC831295.1	CDS	COX3	cytochrome c oxidase subunit III	7158-7944:-1
LC831295.1	CDS	ATP6	ATP synthase F0 subunit 6	8002-8710:-1
LC831295.1	CDS	ATP8	ATP synthase F0 subunit 8	8734-8950:-1
LC831295.1	CDS	COX2	cytochrome c oxidase subunit II	8972-9734:-1
LC831295.1	CDS	COX1	cytochrome c oxidase subunit I	9953-11555:1
LC831295.1	rRNA		12S ribosomal RNA	11435-12471:1
LC831295.1	CDS	ND1	NADH dehydrogenase subunit 1	12521-13493:1
LC831295.1	CDS	CYTB	cytochrome b	13516-14674:1
LC831295.1	CDS	ND6	NADH dehydrogenase subunit 6	14703-15261:1
LC831295.1	CDS	ND3	NADH dehydrogenase subunit 3	15296-15650:1
LC831295.1	CDS	ND4L	NADH dehydrogenase subunit 4L	15669-15963:1
LC831295.1	CDS	mutS	MutS-like protein	15975-18903:1
LC831296.1	rRNA		16S ribosomal RNA	0-1775:1
LC831296.1	CDS	ND2	NADH dehydrogenase subunit 2	1832-3179:1
LC831296.1	CDS	ND2	NADH dehydrogenase subunit 5	3166-4984:1
LC831296.1	CDS	ND4	NADH dehydrogenase subunit 4	5025-6474:1
LC831296.1	tRNA		tRNA-Met	6530-6601:-1
LC831296.1	CDS	COX3	cytochrome c oxidase subunit III	6640-7426:-1
LC831296.1	CDS	ATP6	ATP synthase F0 subunit 6	7490-8198:-1
LC831296.1	CDS	ATP8	ATP synthase F0 subunit 8	8222-8438:-1
LC831296.1	CDS	COX2	cytochrome c oxidase subunit II	8460-9222:-1
LC831296.1	CDS	COX1	cytochrome c oxidase subunit I	9442-11044:1
LC831296.1	rRNA		12S ribosomal RNA	10924-11960:1
LC831296.1	CDS	ND1	NADH dehydrogenase subunit 1	12010-12982:1
LC831296.1	CDS	CYTB	cytochrome b	13002-14163:1
LC831296.1	CDS	ND6	NADH dehydrogenase subunit 6	14191-14749:1
LC831296.1	CDS	ND3	NADH dehydrogenase subunit 3	14792-15146:1
LC831296.1	CDS	ND4L	NADH dehydrogenase subunit 4L	15149-15443:1
LC831296.1	CDS	mutS	MutS-like protein	15456-18405:1
LC831297.1	rRNA		16S ribosomal RNA	0-1788:1
LC831297.1	CDS	ND2	NADH dehydrogenase subunit 2	1881-3228:1
LC831297.1	CDS	ND2	NADH dehydrogenase subunit 5	3215-5033:1
LC831297.1	CDS	ND4	NADH dehydrogenase subunit 4	5129-6578:1
LC831297.1	tRNA		tRNA-Met	6635-6706:-1
LC831297.1	CDS	COX3	cytochrome c oxidase subunit III	6745-7531:-1
LC831297.1	CDS	ATP6	ATP synthase F0 subunit 6	7595-8303:-1
LC831297.1	CDS	ATP8	ATP synthase F0 subunit 8	8327-8543:-1
LC831297.1	CDS	COX2	cytochrome c oxidase subunit II	8565-9327:-1
LC831297.1	CDS	COX1	cytochrome c oxidase subunit I	9547-11149:1
LC831297.1	rRNA		12S ribosomal RNA	11029-12066:1
LC831297.1	CDS	ND1	NADH dehydrogenase subunit 1	12116-13088:1
LC831297.1	CDS	CYTB	cytochrome b	13121-14282:1
LC831297.1	CDS	ND6	NADH dehydrogenase subunit 6	14322-14880:1
LC831297.1	CDS	ND3	NADH dehydrogenase subunit 3	14935-15289:1
LC831297.1	CDS	ND4L	NADH dehydrogenase subunit 4L	15308-15602:1
LC831297.1	CDS	mutS	MutS-like protein	15615-18588:1
LC831298.1	rRNA		16S ribosomal RNA	0-1788:1
LC831298.1	CDS	ND2	NADH dehydrogenase subunit 2	1881-3228:1
LC831298.1	CDS	ND2	NADH dehydrogenase subunit 5	3215-5033:1
LC831298.1	CDS	ND4	NADH dehydrogenase subunit 4	5130-6579:1
LC831298.1	tRNA		tRNA-Met	6636-6707:-1
LC831298.1	CDS	COX3	cytochrome c oxidase subunit III	6746-7532:-1
LC831298.1	CDS	ATP6	ATP synthase F0 subunit 6	7596-8304:-1
LC831298.1	CDS	ATP8	ATP synthase F0 subunit 8	8328-8544:-1
LC831298.1	CDS	COX2	cytochrome c oxidase subunit II	8566-9328:-1
LC831298.1	CDS	COX1	cytochrome c oxidase subunit I	9548-11150:1
LC831298.1	rRNA		12S ribosomal RNA	11029-12067:1
LC831298.1	CDS	ND1	NADH dehydrogenase subunit 1	12117-13089:1
LC831298.1	CDS	CYTB	cytochrome b	13122-14283:1
LC831298.1	CDS	ND6	NADH dehydrogenase subunit 6	14323-14881:1
LC831298.1	CDS	ND3	NADH dehydrogenase subunit 3	14936-15290:1
LC831298.1	CDS	ND4L	NADH dehydrogenase subunit 4L	15309-15603:1
LC831298.1	CDS	mutS	MutS-like protein	15616-18589:1
LC831299.1	rRNA		16S ribosomal RNA	0-1751:1
LC831299.1	CDS	ND2	NADH dehydrogenase subunit 2	1807-3154:1
LC831299.1	CDS	ND2	NADH dehydrogenase subunit 5	3141-4959:1
LC831299.1	CDS	ND4	NADH dehydrogenase subunit 4	4979-6428:1
LC831299.1	tRNA		tRNA-Met	6467-6538:-1
LC831299.1	CDS	COX3	cytochrome c oxidase subunit III	6570-7356:-1
LC831299.1	CDS	ATP6	ATP synthase F0 subunit 6	7414-8122:-1
LC831299.1	tRNA		tRNA-Met	8088-8173:-1
LC831299.1	CDS	ATP8	ATP synthase F0 subunit 8	8140-8356:-1
LC831299.1	CDS	COX2	cytochrome c oxidase subunit II	8376-9138:-1
LC831299.1	CDS	COX1	cytochrome c oxidase subunit I	9393-10989:1
LC831299.1	rRNA		12S ribosomal RNA	10836-11857:1
LC831299.1	CDS	ND1	NADH dehydrogenase subunit 1	11906-12878:1
LC831299.1	CDS	CYTB	cytochrome b	12911-14072:1
LC831299.1	CDS	ND6	NADH dehydrogenase subunit 6	14085-14643:1
LC831299.1	CDS	ND3	NADH dehydrogenase subunit 3	14686-15040:1
LC831299.1	CDS	ND4L	NADH dehydrogenase subunit 4L	15043-15337:1
LC831299.1	CDS	mutS	MutS-like protein	15351-18300:1
LC831300.1	rRNA		16S ribosomal RNA	0-1789:1
LC831300.1	CDS	ND2	NADH dehydrogenase subunit 2	1882-3229:1
LC831300.1	CDS	ND2	NADH dehydrogenase subunit 5	3216-5034:1
LC831300.1	CDS	ND4	NADH dehydrogenase subunit 4	5131-6580:1
LC831300.1	tRNA		tRNA-Met	6637-6708:-1
LC831300.1	CDS	COX3	cytochrome c oxidase subunit III	6747-7533:-1
LC831300.1	CDS	ATP6	ATP synthase F0 subunit 6	7597-8305:-1
LC831300.1	CDS	ATP8	ATP synthase F0 subunit 8	8329-8545:-1
LC831300.1	CDS	COX2	cytochrome c oxidase subunit II	8567-9329:-1
LC831300.1	CDS	COX1	cytochrome c oxidase subunit I	9549-11151:1
LC831300.1	rRNA		12S ribosomal RNA	11031-12068:1
LC831300.1	CDS	ND1	NADH dehydrogenase subunit 1	12118-13090:1
LC831300.1	CDS	CYTB	cytochrome b	13123-14284:1
LC831300.1	CDS	ND6	NADH dehydrogenase subunit 6	14314-14872:1
LC831300.1	CDS	ND3	NADH dehydrogenase subunit 3	14916-15270:1
LC831300.1	CDS	ND4L	NADH dehydrogenase subunit 4L	15289-15583:1
LC831300.1	CDS	mutS	MutS-like protein	15596-18578:1
LC831301.1	rRNA		16S ribosomal RNA	0-1789:1
LC831301.1	CDS	ND2	NADH dehydrogenase subunit 2	1882-3229:1
LC831301.1	CDS	ND2	NADH dehydrogenase subunit 5	3216-5034:1
LC831301.1	CDS	ND4	NADH dehydrogenase subunit 4	5131-6580:1
LC831301.1	tRNA		tRNA-Met	6637-6708:-1
LC831301.1	CDS	COX3	cytochrome c oxidase subunit III	6747-7533:-1
LC831301.1	CDS	ATP6	ATP synthase F0 subunit 6	7597-8305:-1
LC831301.1	CDS	ATP8	ATP synthase F0 subunit 8	8328-8544:-1
LC831301.1	CDS	COX2	cytochrome c oxidase subunit II	8566-9328:-1
LC831301.1	CDS	COX1	cytochrome c oxidase subunit I	9548-11150:1
LC831301.1	rRNA		12S ribosomal RNA	11030-12068:1
LC831301.1	CDS	ND1	NADH dehydrogenase subunit 1	12118-13090:1
LC831301.1	CDS	CYTB	cytochrome b	13123-14284:1
LC831301.1	CDS	ND6	NADH dehydrogenase subunit 6	14324-14882:1
LC831301.1	CDS	ND3	NADH dehydrogenase subunit 3	14937-15291:1
LC831301.1	CDS	ND4L	NADH dehydrogenase subunit 4L	15310-15604:1
LC831301.1	CDS	mutS	MutS-like protein	15632-18599:1
LC831302.1	rRNA		16S ribosomal RNA	0-1749:1
LC831302.1	CDS	ND2	NADH dehydrogenase subunit 2	1814-3161:1
LC831302.1	CDS	ND2	NADH dehydrogenase subunit 5	3148-4966:1
LC831302.1	CDS	ND4	NADH dehydrogenase subunit 4	4988-6437:1
LC831302.1	tRNA		tRNA-Met	6488-6559:-1
LC831302.1	CDS	COX3	cytochrome c oxidase subunit III	6598-7384:-1
LC831302.1	CDS	ATP6	ATP synthase F0 subunit 6	7448-8156:-1
LC831302.1	CDS	ATP8	ATP synthase F0 subunit 8	8180-8396:-1
LC831302.1	CDS	COX2	cytochrome c oxidase subunit II	8418-9180:-1
LC831302.1	CDS	COX1	cytochrome c oxidase subunit I	9400-11002:1
LC831302.1	rRNA		12S ribosomal RNA	10882-11908:1
LC831302.1	CDS	ND1	NADH dehydrogenase subunit 1	11958-12930:1
LC831302.1	CDS	CYTB	cytochrome b	12963-14124:1
LC831302.1	CDS	ND6	NADH dehydrogenase subunit 6	14140-14698:1
LC831302.1	CDS	ND3	NADH dehydrogenase subunit 3	14741-15095:1
LC831302.1	CDS	ND4L	NADH dehydrogenase subunit 4L	15098-15392:1
LC831302.1	CDS	mutS	MutS-like protein	15405-18354:1
LC831303.1	rRNA		16S ribosomal RNA	0-1788:1
LC831303.1	CDS	ND2	NADH dehydrogenase subunit 2	1881-3228:1
LC831303.1	CDS	ND2	NADH dehydrogenase subunit 5	3215-5033:1
LC831303.1	CDS	ND4	NADH dehydrogenase subunit 4	5130-6579:1
LC831303.1	tRNA		tRNA-Met	6636-6707:-1
LC831303.1	CDS	COX3	cytochrome c oxidase subunit III	6746-7532:-1
LC831303.1	CDS	ATP6	ATP synthase F0 subunit 6	7596-8304:-1
LC831303.1	CDS	ATP8	ATP synthase F0 subunit 8	8328-8544:-1
LC831303.1	CDS	COX2	cytochrome c oxidase subunit II	8566-9328:-1
LC831303.1	CDS	COX1	cytochrome c oxidase subunit I	9548-11150:1
LC831303.1	rRNA		12S ribosomal RNA	11030-12067:1
LC831303.1	CDS	ND1	NADH dehydrogenase subunit 1	12117-13089:1
LC831303.1	CDS	CYTB	cytochrome b	13122-14283:1
LC831303.1	CDS	ND6	NADH dehydrogenase subunit 6	14323-14881:1
LC831303.1	CDS	ND3	NADH dehydrogenase subunit 3	14936-15290:1
LC831303.1	CDS	ND4L	NADH dehydrogenase subunit 4L	15309-15603:1
LC831303.1	CDS	mutS	MutS-like protein	15616-18589:1
LC831304.1	rRNA		16S ribosomal RNA	0-1773:1
LC831304.1	CDS	ND2	NADH dehydrogenase subunit 2	1830-3177:1
LC831304.1	CDS	ND2	NADH dehydrogenase subunit 5	3164-4982:1
LC831304.1	CDS	ND4	NADH dehydrogenase subunit 4	5023-6472:1
LC831304.1	tRNA		tRNA-Met	6528-6599:-1
LC831304.1	CDS	COX3	cytochrome c oxidase subunit III	6638-7424:-1
LC831304.1	CDS	ATP6	ATP synthase F0 subunit 6	7488-8196:-1
LC831304.1	CDS	ATP8	ATP synthase F0 subunit 8	8220-8436:-1
LC831304.1	CDS	COX2	cytochrome c oxidase subunit II	8458-9220:-1
LC831304.1	CDS	COX1	cytochrome c oxidase subunit I	9440-11042:1
LC831304.1	rRNA		12S ribosomal RNA	10922-11959:1
LC831304.1	CDS	ND1	NADH dehydrogenase subunit 1	12009-12981:1
LC831304.1	CDS	CYTB	cytochrome b	13001-14162:1
LC831304.1	CDS	ND6	NADH dehydrogenase subunit 6	14190-14748:1
LC831304.1	CDS	ND3	NADH dehydrogenase subunit 3	14791-15145:1
LC831304.1	CDS	ND4L	NADH dehydrogenase subunit 4L	15148-15442:1
LC831304.1	CDS	mutS	MutS-like protein	15455-18404:1
LC831305.1	rRNA		16S ribosomal RNA	0-1754:1
LC831305.1	CDS	ND2	NADH dehydrogenase subunit 2	1809-3156:1
LC831305.1	CDS	ND2	NADH dehydrogenase subunit 5	3143-4961:1
LC831305.1	CDS	ND4	NADH dehydrogenase subunit 4	4981-6430:1
LC831305.1	tRNA		tRNA-Met	6474-6545:-1
LC831305.1	CDS	COX3	cytochrome c oxidase subunit III	6580-7366:-1
LC831305.1	CDS	ATP6	ATP synthase F0 subunit 6	7422-8130:-1
LC831305.1	CDS	ATP8	ATP synthase F0 subunit 8	8151-8367:-1
LC831305.1	CDS	COX2	cytochrome c oxidase subunit II	8386-9148:-1
LC831305.1	CDS	COX1	cytochrome c oxidase subunit I	9366-10962:1
LC831305.1	rRNA		12S ribosomal RNA	10848-11874:1
LC831305.1	CDS	ND1	NADH dehydrogenase subunit 1	11924-12893:1
LC831305.1	CDS	CYTB	cytochrome b	12925-14086:1
LC831305.1	CDS	ND6	NADH dehydrogenase subunit 6	14087-14645:1
LC831305.1	CDS	ND3	NADH dehydrogenase subunit 3	14688-15042:1
LC831305.1	CDS	ND4L	NADH dehydrogenase subunit 4L	15045-15339:1
LC831305.1	CDS	mutS	MutS-like protein	15354-18303:1
LC831306.1	rRNA		16S ribosomal RNA	0-1788:1
LC831306.1	CDS	ND2	NADH dehydrogenase subunit 2	1881-3228:1
LC831306.1	CDS	ND2	NADH dehydrogenase subunit 5	3215-5033:1
LC831306.1	CDS	ND4	NADH dehydrogenase subunit 4	5129-6578:1
LC831306.1	tRNA		tRNA-Met	6635-6706:-1
LC831306.1	CDS	COX3	cytochrome c oxidase subunit III	6745-7531:-1
LC831306.1	CDS	ATP6	ATP synthase F0 subunit 6	7595-8303:-1
LC831306.1	CDS	ATP8	ATP synthase F0 subunit 8	8327-8543:-1
LC831306.1	CDS	COX2	cytochrome c oxidase subunit II	8565-9327:-1
LC831306.1	CDS	COX1	cytochrome c oxidase subunit I	9547-11149:1
LC831306.1	rRNA		12S ribosomal RNA	11029-12066:1
LC831306.1	CDS	ND1	NADH dehydrogenase subunit 1	12116-13088:1
LC831306.1	CDS	CYTB	cytochrome b	13121-14282:1
LC831306.1	CDS	ND6	NADH dehydrogenase subunit 6	14322-14880:1
LC831306.1	CDS	ND3	NADH dehydrogenase subunit 3	14935-15289:1
LC831306.1	CDS	ND4L	NADH dehydrogenase subunit 4L	15308-15602:1
LC831306.1	CDS	mutS	MutS-like protein	15615-18588:1
LC831307.1	rRNA		16S ribosomal RNA	0-1789:1
LC831307.1	CDS	ND2	NADH dehydrogenase subunit 2	1882-3229:1
LC831307.1	CDS	ND2	NADH dehydrogenase subunit 5	3216-5034:1
LC831307.1	CDS	ND4	NADH dehydrogenase subunit 4	5130-6579:1
LC831307.1	tRNA		tRNA-Met	6635-6706:-1
LC831307.1	CDS	COX3	cytochrome c oxidase subunit III	6745-7531:-1
LC831307.1	CDS	ATP6	ATP synthase F0 subunit 6	7595-8303:-1
LC831307.1	CDS	ATP8	ATP synthase F0 subunit 8	8327-8543:-1
LC831307.1	CDS	COX2	cytochrome c oxidase subunit II	8565-9327:-1
LC831307.1	CDS	COX1	cytochrome c oxidase subunit I	9547-11149:1
LC831307.1	rRNA		12S ribosomal RNA	11029-12066:1
LC831307.1	CDS	ND1	NADH dehydrogenase subunit 1	12116-13088:1
LC831307.1	CDS	CYTB	cytochrome b	13121-14282:1
LC831307.1	CDS	ND6	NADH dehydrogenase subunit 6	14312-14870:1
LC831307.1	CDS	ND3	NADH dehydrogenase subunit 3	14914-15268:1
LC831307.1	CDS	ND4L	NADH dehydrogenase subunit 4L	15287-15581:1
LC831307.1	CDS	mutS	MutS-like protein	15594-18576:1
LC831308.1	rRNA		16S ribosomal RNA	0-1752:1
LC831308.1	CDS	ND2	NADH dehydrogenase subunit 2	1807-3154:1
LC831308.1	CDS	ND2	NADH dehydrogenase subunit 5	3141-4959:1
LC831308.1	CDS	ND4	NADH dehydrogenase subunit 4	4979-6428:1
LC831308.1	tRNA		tRNA-Met	6469-6540:-1
LC831308.1	CDS	COX3	cytochrome c oxidase subunit III	6573-7359:-1
LC831308.1	CDS	ATP6	ATP synthase F0 subunit 6	7415-8123:-1
LC831308.1	CDS	ATP8	ATP synthase F0 subunit 8	8140-8356:-1
LC831308.1	CDS	COX2	cytochrome c oxidase subunit II	8378-9140:-1
LC831308.1	CDS	COX1	cytochrome c oxidase subunit I	9394-10990:1
LC831308.1	rRNA		12S ribosomal RNA	10837-11860:1
LC831308.1	CDS	ND1	NADH dehydrogenase subunit 1	11910-12882:1
LC831308.1	CDS	CYTB	cytochrome b	12913-14074:1
LC831308.1	CDS	ND6	NADH dehydrogenase subunit 6	14087-14645:1
LC831308.1	CDS	ND3	NADH dehydrogenase subunit 3	14688-15042:1
LC831308.1	CDS	ND4L	NADH dehydrogenase subunit 4L	15045-15339:1
LC831308.1	CDS	mutS	MutS-like protein	15352-18301:1
LC831309.1	rRNA		16S ribosomal RNA	0-1788:1
LC831309.1	CDS	ND2	NADH dehydrogenase subunit 2	1881-3228:1
LC831309.1	CDS	ND2	NADH dehydrogenase subunit 5	3215-5033:1
LC831309.1	CDS	ND4	NADH dehydrogenase subunit 4	5129-6578:1
LC831309.1	tRNA		tRNA-Met	6635-6706:-1
LC831309.1	CDS	COX3	cytochrome c oxidase subunit III	6745-7531:-1
LC831309.1	CDS	ATP6	ATP synthase F0 subunit 6	7595-8303:-1
LC831309.1	CDS	ATP8	ATP synthase F0 subunit 8	8327-8543:-1
LC831309.1	CDS	COX2	cytochrome c oxidase subunit II	8565-9327:-1
LC831309.1	CDS	COX1	cytochrome c oxidase subunit I	9547-11149:1
LC831309.1	rRNA		12S ribosomal RNA	11029-12066:1
LC831309.1	CDS	ND1	NADH dehydrogenase subunit 1	12116-13088:1
LC831309.1	CDS	CYTB	cytochrome b	13121-14282:1
LC831309.1	CDS	ND6	NADH dehydrogenase subunit 6	14322-14880:1
LC831309.1	CDS	ND3	NADH dehydrogenase subunit 3	14935-15289:1
LC831309.1	CDS	ND4L	NADH dehydrogenase subunit 4L	15308-15602:1
LC831309.1	CDS	mutS	MutS-like protein	15615-18588:1
LC831310.1	rRNA		16S ribosomal RNA	0-1747:1
LC831310.1	CDS	ND2	NADH dehydrogenase subunit 2	1812-3159:1
LC831310.1	CDS	ND2	NADH dehydrogenase subunit 5	3146-4964:1
LC831310.1	CDS	ND4	NADH dehydrogenase subunit 4	4986-6435:1
LC831310.1	tRNA		tRNA-Met	6486-6557:-1
LC831310.1	CDS	COX3	cytochrome c oxidase subunit III	6596-7382:-1
LC831310.1	CDS	ATP6	ATP synthase F0 subunit 6	7446-8154:-1
LC831310.1	CDS	ATP8	ATP synthase F0 subunit 8	8178-8394:-1
LC831310.1	CDS	COX2	cytochrome c oxidase subunit II	8416-9178:-1
LC831310.1	CDS	COX1	cytochrome c oxidase subunit I	9398-11000:1
LC831310.1	rRNA		12S ribosomal RNA	10880-11906:1
LC831310.1	CDS	ND1	NADH dehydrogenase subunit 1	11956-12928:1
LC831310.1	CDS	CYTB	cytochrome b	12961-14122:1
LC831310.1	CDS	ND6	NADH dehydrogenase subunit 6	14138-14696:1
LC831310.1	CDS	ND3	NADH dehydrogenase subunit 3	14739-15093:1
LC831310.1	CDS	ND4L	NADH dehydrogenase subunit 4L	15096-15390:1
LC831310.1	CDS	mutS	MutS-like protein	15403-18352:1
LC831311.1	rRNA		16S ribosomal RNA	0-1749:1
LC831311.1	CDS	ND2	NADH dehydrogenase subunit 2	1814-3161:1
LC831311.1	CDS	ND2	NADH dehydrogenase subunit 5	3148-4966:1
LC831311.1	CDS	ND4	NADH dehydrogenase subunit 4	4988-6437:1
LC831311.1	tRNA		tRNA-Met	6488-6559:-1
LC831311.1	CDS	COX3	cytochrome c oxidase subunit III	6598-7384:-1
LC831311.1	CDS	ATP6	ATP synthase F0 subunit 6	7448-8156:-1
LC831311.1	CDS	ATP8	ATP synthase F0 subunit 8	8180-8396:-1
LC831311.1	CDS	COX2	cytochrome c oxidase subunit II	8418-9180:-1
LC831311.1	CDS	COX1	cytochrome c oxidase subunit I	9400-11002:1
LC831311.1	rRNA		12S ribosomal RNA	10882-11908:1
LC831311.1	CDS	ND1	NADH dehydrogenase subunit 1	11958-12930:1
LC831311.1	CDS	CYTB	cytochrome b	12963-14124:1
LC831311.1	CDS	ND6	NADH dehydrogenase subunit 6	14140-14698:1
LC831311.1	CDS	ND3	NADH dehydrogenase subunit 3	14741-15095:1
LC831311.1	CDS	ND4L	NADH dehydrogenase subunit 4L	15098-15392:1
LC831311.1	CDS	mutS	MutS-like protein	15405-18354:1
LC831312.1	rRNA		16S ribosomal RNA	0-1773:1
LC831312.1	CDS	ND2	NADH dehydrogenase subunit 2	1830-3177:1
LC831312.1	CDS	ND2	NADH dehydrogenase subunit 5	3164-4982:1
LC831312.1	CDS	ND4	NADH dehydrogenase subunit 4	5023-6472:1
LC831312.1	tRNA		tRNA-Met	6528-6599:-1
LC831312.1	CDS	COX3	cytochrome c oxidase subunit III	6638-7424:-1
LC831312.1	CDS	ATP6	ATP synthase F0 subunit 6	7488-8196:-1
LC831312.1	CDS	ATP8	ATP synthase F0 subunit 8	8220-8436:-1
LC831312.1	CDS	COX2	cytochrome c oxidase subunit II	8458-9220:-1
LC831312.1	CDS	COX1	cytochrome c oxidase subunit I	9440-11042:1
LC831312.1	rRNA		12S ribosomal RNA	10922-11959:1
LC831312.1	CDS	ND1	NADH dehydrogenase subunit 1	12009-12981:1
LC831312.1	CDS	CYTB	cytochrome b	13001-14162:1
LC831312.1	CDS	ND6	NADH dehydrogenase subunit 6	14190-14748:1
LC831312.1	CDS	ND3	NADH dehydrogenase subunit 3	14791-15145:1
LC831312.1	CDS	ND4L	NADH dehydrogenase subunit 4L	15148-15442:1
LC831312.1	CDS	mutS	MutS-like protein	15455-18404:1
LC831313.1	rRNA		16S ribosomal RNA	0-1788:1
LC831313.1	CDS	ND2	NADH dehydrogenase subunit 2	1881-3228:1
LC831313.1	CDS	ND2	NADH dehydrogenase subunit 5	3215-5033:1
LC831313.1	CDS	ND4	NADH dehydrogenase subunit 4	5129-6578:1
LC831313.1	tRNA		tRNA-Met	6635-6706:-1
LC831313.1	CDS	COX3	cytochrome c oxidase subunit III	6745-7531:-1
LC831313.1	CDS	ATP6	ATP synthase F0 subunit 6	7595-8303:-1
LC831313.1	CDS	ATP8	ATP synthase F0 subunit 8	8327-8543:-1
LC831313.1	CDS	COX2	cytochrome c oxidase subunit II	8565-9327:-1
LC831313.1	CDS	COX1	cytochrome c oxidase subunit I	9547-11149:1
LC831313.1	rRNA		12S ribosomal RNA	11029-12066:1
LC831313.1	CDS	ND1	NADH dehydrogenase subunit 1	12116-13088:1
LC831313.1	CDS	CYTB	cytochrome b	13121-14282:1
LC831313.1	CDS	ND6	NADH dehydrogenase subunit 6	14322-14880:1
LC831313.1	CDS	ND3	NADH dehydrogenase subunit 3	14935-15289:1
LC831313.1	CDS	ND4L	NADH dehydrogenase subunit 4L	15308-15602:1
LC831313.1	CDS	mutS	MutS-like protein	15615-18588:1
LC831314.1	rRNA		16S ribosomal RNA	0-1788:1
LC831314.1	CDS	ND2	NADH dehydrogenase subunit 2	1881-3228:1
LC831314.1	CDS	ND2	NADH dehydrogenase subunit 5	3215-5033:1
LC831314.1	CDS	ND4	NADH dehydrogenase subunit 4	5130-6579:1
LC831314.1	tRNA		tRNA-Met	6636-6707:-1
LC831314.1	CDS	COX3	cytochrome c oxidase subunit III	6746-7532:-1
LC831314.1	CDS	ATP6	ATP synthase F0 subunit 6	7596-8304:-1
LC831314.1	CDS	ATP8	ATP synthase F0 subunit 8	8328-8544:-1
LC831314.1	CDS	COX2	cytochrome c oxidase subunit II	8566-9328:-1
LC831314.1	CDS	COX1	cytochrome c oxidase subunit I	9548-11150:1
LC831314.1	rRNA		12S ribosomal RNA	11030-12067:1
LC831314.1	CDS	ND1	NADH dehydrogenase subunit 1	12117-13089:1
LC831314.1	CDS	CYTB	cytochrome b	13122-14283:1
LC831314.1	CDS	ND6	NADH dehydrogenase subunit 6	14323-14881:1
LC831314.1	CDS	ND3	NADH dehydrogenase subunit 3	14936-15290:1
LC831314.1	CDS	ND4L	NADH dehydrogenase subunit 4L	15309-15603:1
LC831314.1	CDS	mutS	MutS-like protein	15616-18598:1
LC831315.1	rRNA		16S ribosomal RNA	12-1756:1
LC831315.1	CDS	ND2	NADH dehydrogenase subunit 2	1821-3168:1
LC831315.1	CDS	ND2	NADH dehydrogenase subunit 5	3155-4973:1
LC831315.1	CDS	ND4	NADH dehydrogenase subunit 4	5039-6488:1
LC831315.1	tRNA		tRNA-Met	6538-6609:-1
LC831315.1	CDS	COX3	cytochrome c oxidase subunit III	6648-7434:-1
LC831315.1	CDS	ATP6	ATP synthase F0 subunit 6	7498-8206:-1
LC831315.1	CDS	ATP8	ATP synthase F0 subunit 8	8218-8434:-1
LC831315.1	CDS	COX2	cytochrome c oxidase subunit II	8456-9218:-1
LC831315.1	CDS	COX1	cytochrome c oxidase subunit I	9438-11040:1
LC831315.1	rRNA		12S ribosomal RNA	10920-11957:1
LC831315.1	CDS	ND1	NADH dehydrogenase subunit 1	12007-12979:1
LC831315.1	CDS	CYTB	cytochrome b	13012-14173:1
LC831315.1	CDS	ND6	NADH dehydrogenase subunit 6	14179-14737:1
LC831315.1	CDS	ND3	NADH dehydrogenase subunit 3	14780-15134:1
LC831315.1	CDS	ND4L	NADH dehydrogenase subunit 4L	15137-15431:1
LC831315.1	CDS	mutS	MutS-like protein	15444-18393:1
LC831316.1	rRNA		16S ribosomal RNA	0-1755:1
LC831316.1	CDS	ND2	NADH dehydrogenase subunit 2	1840-3172:1
LC831316.1	CDS	ND2	NADH dehydrogenase subunit 5	3159-4971:1
LC831316.1	CDS	ATP8	ATP synthase F0 subunit 8	5419-5635:1
LC831316.1	CDS	ATP6	ATP synthase F0 subunit 6	5659-6367:1
LC831316.1	CDS	COX3	cytochrome c oxidase subunit III	6425-7211:1
LC831316.1	tRNA		tRNA-Met	7250-7321:1
LC831316.1	CDS	ND4	NADH dehydrogenase subunit 4	7379-8828:-1
LC831316.1	CDS	COX2	cytochrome c oxidase subunit II	9340-10102:-1
LC831316.1	CDS	COX1	cytochrome c oxidase subunit I	10331-11933:1
LC831316.1	rRNA		12S ribosomal RNA	11813-12840:1
LC831316.1	CDS	ND1	NADH dehydrogenase subunit 1	12891-13863:1
LC831316.1	CDS	CYTB	cytochrome b	13886-15044:1
LC831316.1	CDS	ND6	NADH dehydrogenase subunit 6	15079-15637:1
LC831316.1	CDS	ND3	NADH dehydrogenase subunit 3	15680-16034:1
LC831316.1	CDS	ND4L	NADH dehydrogenase subunit 4L	16053-16347:1
LC831316.1	CDS	mutS	MutS-like protein	16359-19311:1
LC831317.1	rRNA		16S ribosomal RNA	0-1751:1
LC831317.1	CDS	ND2	NADH dehydrogenase subunit 2	1807-3154:1
LC831317.1	CDS	ND2	NADH dehydrogenase subunit 5	3141-4959:1
LC831317.1	CDS	ND4	NADH dehydrogenase subunit 4	4979-6428:1
LC831317.1	tRNA		tRNA-Met	6467-6538:-1
LC831317.1	CDS	COX3	cytochrome c oxidase subunit III	6570-7356:-1
LC831317.1	CDS	ATP6	ATP synthase F0 subunit 6	7414-8122:-1
LC831317.1	tRNA		tRNA-Met	8088-8173:-1
LC831317.1	CDS	ATP8	ATP synthase F0 subunit 8	8140-8356:-1
LC831317.1	CDS	COX2	cytochrome c oxidase subunit II	8376-9138:-1
LC831317.1	CDS	COX1	cytochrome c oxidase subunit I	9393-10989:1
LC831317.1	rRNA		12S ribosomal RNA	10836-11857:1
LC831317.1	CDS	ND1	NADH dehydrogenase subunit 1	11906-12878:1
LC831317.1	CDS	CYTB	cytochrome b	12911-14072:1
LC831317.1	CDS	ND6	NADH dehydrogenase subunit 6	14085-14643:1
LC831317.1	CDS	ND3	NADH dehydrogenase subunit 3	14686-15040:1
LC831317.1	CDS	ND4L	NADH dehydrogenase subunit 4L	15043-15337:1
LC831317.1	CDS	mutS	MutS-like protein	15351-18300:1
LC831318.1	rRNA		16S ribosomal RNA	0-1788:1
LC831318.1	CDS	ND2	NADH dehydrogenase subunit 2	1881-3228:1
LC831318.1	CDS	ND2	NADH dehydrogenase subunit 5	3215-5033:1
LC831318.1	CDS	ND4	NADH dehydrogenase subunit 4	5129-6578:1
LC831318.1	tRNA		tRNA-Met	6635-6706:-1
LC831318.1	CDS	COX3	cytochrome c oxidase subunit III	6745-7531:-1
LC831318.1	CDS	ATP6	ATP synthase F0 subunit 6	7595-8303:-1
LC831318.1	CDS	ATP8	ATP synthase F0 subunit 8	8327-8543:-1
LC831318.1	CDS	COX2	cytochrome c oxidase subunit II	8565-9327:-1
LC831318.1	CDS	COX1	cytochrome c oxidase subunit I	9547-11149:1
LC831318.1	rRNA		12S ribosomal RNA	11029-12066:1
LC831318.1	CDS	ND1	NADH dehydrogenase subunit 1	12116-13088:1
LC831318.1	CDS	CYTB	cytochrome b	13121-14282:1
LC831318.1	CDS	ND6	NADH dehydrogenase subunit 6	14322-14880:1
LC831318.1	CDS	ND3	NADH dehydrogenase subunit 3	14935-15289:1
LC831318.1	CDS	ND4L	NADH dehydrogenase subunit 4L	15308-15602:1
LC831318.1	CDS	mutS	MutS-like protein	15615-18588:1
LC831319.1	rRNA		16S ribosomal RNA	0-1749:1
LC831319.1	CDS	ND2	NADH dehydrogenase subunit 2	1814-3161:1
LC831319.1	CDS	ND2	NADH dehydrogenase subunit 5	3148-4966:1
LC831319.1	CDS	ND4	NADH dehydrogenase subunit 4	4988-6437:1
LC831319.1	tRNA		tRNA-Met	6488-6559:-1
LC831319.1	CDS	COX3	cytochrome c oxidase subunit III	6598-7384:-1
LC831319.1	CDS	ATP6	ATP synthase F0 subunit 6	7448-8156:-1
LC831319.1	CDS	ATP8	ATP synthase F0 subunit 8	8180-8396:-1
LC831319.1	CDS	COX2	cytochrome c oxidase subunit II	8418-9180:-1
LC831319.1	CDS	COX1	cytochrome c oxidase subunit I	9400-11002:1
LC831319.1	rRNA		12S ribosomal RNA	10882-11908:1
LC831319.1	CDS	ND1	NADH dehydrogenase subunit 1	11958-12930:1
LC831319.1	CDS	CYTB	cytochrome b	12963-14124:1
LC831319.1	CDS	ND6	NADH dehydrogenase subunit 6	14140-14698:1
LC831319.1	CDS	ND3	NADH dehydrogenase subunit 3	14741-15095:1
LC831319.1	CDS	ND4L	NADH dehydrogenase subunit 4L	15098-15392:1
LC831319.1	CDS	mutS	MutS-like protein	15405-18354:1
LC831320.1	rRNA		16S ribosomal RNA	0-1788:1
LC831320.1	CDS	ND2	NADH dehydrogenase subunit 2	1881-3228:1
LC831320.1	CDS	ND2	NADH dehydrogenase subunit 5	3215-5033:1
LC831320.1	CDS	ND4	NADH dehydrogenase subunit 4	5129-6578:1
LC831320.1	tRNA		tRNA-Met	6635-6706:-1
LC831320.1	CDS	COX3	cytochrome c oxidase subunit III	6745-7531:-1
LC831320.1	CDS	ATP6	ATP synthase F0 subunit 6	7595-8303:-1
LC831320.1	CDS	ATP8	ATP synthase F0 subunit 8	8327-8543:-1
LC831320.1	CDS	COX2	cytochrome c oxidase subunit II	8565-9327:-1
LC831320.1	CDS	COX1	cytochrome c oxidase subunit I	9547-11149:1
LC831320.1	rRNA		12S ribosomal RNA	11029-12066:1
LC831320.1	CDS	ND1	NADH dehydrogenase subunit 1	12116-13088:1
LC831320.1	CDS	CYTB	cytochrome b	13121-14282:1
LC831320.1	CDS	ND6	NADH dehydrogenase subunit 6	14322-14880:1
LC831320.1	CDS	ND3	NADH dehydrogenase subunit 3	14935-15289:1
LC831320.1	CDS	ND4L	NADH dehydrogenase subunit 4L	15308-15602:1
LC831320.1	CDS	mutS	MutS-like protein	15615-18588:1
LC831321.1	rRNA		16S ribosomal RNA	0-1775:1
LC831321.1	CDS	ND2	NADH dehydrogenase subunit 2	1832-3179:1
LC831321.1	CDS	ND2	NADH dehydrogenase subunit 5	3166-4984:1
LC831321.1	CDS	ND4	NADH dehydrogenase subunit 4	5025-6474:1
LC831321.1	tRNA		tRNA-Met	6530-6601:-1
LC831321.1	CDS	COX3	cytochrome c oxidase subunit III	6640-7426:-1
LC831321.1	CDS	ATP6	ATP synthase F0 subunit 6	7490-8198:-1
LC831321.1	CDS	ATP8	ATP synthase F0 subunit 8	8222-8438:-1
LC831321.1	CDS	COX2	cytochrome c oxidase subunit II	8460-9222:-1
LC831321.1	CDS	COX1	cytochrome c oxidase subunit I	9442-11044:1
LC831321.1	rRNA		12S ribosomal RNA	10924-11961:1
LC831321.1	CDS	ND1	NADH dehydrogenase subunit 1	12011-12983:1
LC831321.1	CDS	CYTB	cytochrome b	13003-14164:1
LC831321.1	CDS	ND6	NADH dehydrogenase subunit 6	14165-14750:1
LC831321.1	CDS	ND3	NADH dehydrogenase subunit 3	14793-15147:1
LC831321.1	CDS	ND4L	NADH dehydrogenase subunit 4L	15150-15444:1
LC831321.1	CDS	mutS	MutS-like protein	15457-18406:1
LC831322.1	rRNA		16S ribosomal RNA	0-1789:1
LC831322.1	CDS	ND2	NADH dehydrogenase subunit 2	1882-3229:1
LC831322.1	CDS	ND2	NADH dehydrogenase subunit 5	3216-5034:1
LC831322.1	CDS	ND4	NADH dehydrogenase subunit 4	5130-6579:1
LC831322.1	tRNA		tRNA-Met	6635-6706:-1
LC831322.1	CDS	COX3	cytochrome c oxidase subunit III	6745-7531:-1
LC831322.1	CDS	ATP6	ATP synthase F0 subunit 6	7595-8303:-1
LC831322.1	CDS	ATP8	ATP synthase F0 subunit 8	8327-8543:-1
LC831322.1	CDS	COX2	cytochrome c oxidase subunit II	8565-9327:-1
LC831322.1	CDS	COX1	cytochrome c oxidase subunit I	9547-11149:1
LC831322.1	rRNA		12S ribosomal RNA	11029-12066:1
LC831322.1	CDS	ND1	NADH dehydrogenase subunit 1	12116-13088:1
LC831322.1	CDS	CYTB	cytochrome b	13121-14282:1
LC831322.1	CDS	ND6	NADH dehydrogenase subunit 6	14312-14870:1
LC831322.1	CDS	ND3	NADH dehydrogenase subunit 3	14914-15268:1
LC831322.1	CDS	ND4L	NADH dehydrogenase subunit 4L	15287-15581:1
LC831322.1	CDS	mutS	MutS-like protein	15594-18576:1
LC831323.1	rRNA		16S ribosomal RNA	0-1788:1
LC831323.1	CDS	ND2	NADH dehydrogenase subunit 2	1881-3228:1
LC831323.1	CDS	ND2	NADH dehydrogenase subunit 5	3215-5033:1
LC831323.1	CDS	ND4	NADH dehydrogenase subunit 4	5130-6579:1
LC831323.1	tRNA		tRNA-Met	6636-6707:-1
LC831323.1	CDS	COX3	cytochrome c oxidase subunit III	6746-7532:-1
LC831323.1	CDS	ATP6	ATP synthase F0 subunit 6	7596-8304:-1
LC831323.1	CDS	ATP8	ATP synthase F0 subunit 8	8328-8544:-1
LC831323.1	CDS	COX2	cytochrome c oxidase subunit II	8566-9328:-1
LC831323.1	CDS	COX1	cytochrome c oxidase subunit I	9548-11150:1
LC831323.1	rRNA		12S ribosomal RNA	11030-12067:1
LC831323.1	CDS	ND1	NADH dehydrogenase subunit 1	12117-13089:1
LC831323.1	CDS	CYTB	cytochrome b	13122-14283:1
LC831323.1	CDS	ND6	NADH dehydrogenase subunit 6	14323-14881:1
LC831323.1	CDS	ND3	NADH dehydrogenase subunit 3	14936-15290:1
LC831323.1	CDS	ND4L	NADH dehydrogenase subunit 4L	15309-15603:1
LC831323.1	CDS	mutS	MutS-like protein	15616-18589:1
LC831324.1	rRNA		16S ribosomal RNA	0-1788:1
LC831324.1	CDS	ND2	NADH dehydrogenase subunit 2	1881-3228:1
LC831324.1	CDS	ND2	NADH dehydrogenase subunit 5	3215-5033:1
LC831324.1	CDS	ND4	NADH dehydrogenase subunit 4	5130-6579:1
LC831324.1	tRNA		tRNA-Met	6636-6707:-1
LC831324.1	CDS	COX3	cytochrome c oxidase subunit III	6746-7532:-1
LC831324.1	CDS	ATP6	ATP synthase F0 subunit 6	7596-8304:-1
LC831324.1	CDS	ATP8	ATP synthase F0 subunit 8	8328-8544:-1
LC831324.1	CDS	COX2	cytochrome c oxidase subunit II	8566-9328:-1
LC831324.1	CDS	COX1	cytochrome c oxidase subunit I	9548-11150:1
LC831324.1	rRNA		12S ribosomal RNA	11030-12067:1
LC831324.1	CDS	ND1	NADH dehydrogenase subunit 1	12117-13089:1
LC831324.1	CDS	CYTB	cytochrome b	13122-14283:1
LC831324.1	CDS	ND6	NADH dehydrogenase subunit 6	14323-14881:1
LC831324.1	CDS	ND3	NADH dehydrogenase subunit 3	14936-15290:1
LC831324.1	CDS	ND4L	NADH dehydrogenase subunit 4L	15309-15603:1
LC831324.1	CDS	mutS	MutS-like protein	15616-18589:1
LC831325.1	rRNA		16S ribosomal RNA	0-1788:1
LC831325.1	CDS	ND2	NADH dehydrogenase subunit 2	1881-3228:1
LC831325.1	CDS	ND2	NADH dehydrogenase subunit 5	3215-5033:1
LC831325.1	CDS	ND4	NADH dehydrogenase subunit 4	5130-6579:1
LC831325.1	tRNA		tRNA-Met	6636-6707:-1
LC831325.1	CDS	COX3	cytochrome c oxidase subunit III	6746-7532:-1
LC831325.1	CDS	ATP6	ATP synthase F0 subunit 6	7596-8304:-1
LC831325.1	CDS	ATP8	ATP synthase F0 subunit 8	8328-8544:-1
LC831325.1	CDS	COX2	cytochrome c oxidase subunit II	8566-9328:-1
LC831325.1	CDS	COX1	cytochrome c oxidase subunit I	9548-11150:1
LC831325.1	rRNA		12S ribosomal RNA	11030-12067:1
LC831325.1	CDS	ND1	NADH dehydrogenase subunit 1	12117-13089:1
LC831325.1	CDS	CYTB	cytochrome b	13122-14283:1
LC831325.1	CDS	ND6	NADH dehydrogenase subunit 6	14323-14881:1
LC831325.1	CDS	ND3	NADH dehydrogenase subunit 3	14936-15290:1
LC831325.1	CDS	ND4L	NADH dehydrogenase subunit 4L	15309-15603:1
LC831325.1	CDS	mutS	MutS-like protein	15616-18589:1
LC831326.1	rRNA		16S ribosomal RNA	0-1789:1
LC831326.1	CDS	ND2	NADH dehydrogenase subunit 2	1882-3229:1
LC831326.1	CDS	ND2	NADH dehydrogenase subunit 5	3216-5034:1
LC831326.1	CDS	ND4	NADH dehydrogenase subunit 4	5130-6579:1
LC831326.1	tRNA		tRNA-Met	6635-6706:-1
LC831326.1	CDS	COX3	cytochrome c oxidase subunit III	6745-7531:-1
LC831326.1	CDS	ATP6	ATP synthase F0 subunit 6	7595-8303:-1
LC831326.1	CDS	ATP8	ATP synthase F0 subunit 8	8327-8543:-1
LC831326.1	CDS	COX2	cytochrome c oxidase subunit II	8565-9327:-1
LC831326.1	CDS	COX1	cytochrome c oxidase subunit I	9547-11149:1
LC831326.1	rRNA		12S ribosomal RNA	11029-12066:1
LC831326.1	CDS	ND1	NADH dehydrogenase subunit 1	12116-13088:1
LC831326.1	CDS	CYTB	cytochrome b	13121-14282:1
LC831326.1	CDS	ND6	NADH dehydrogenase subunit 6	14312-14870:1
LC831326.1	CDS	ND3	NADH dehydrogenase subunit 3	14914-15268:1
LC831326.1	CDS	ND4L	NADH dehydrogenase subunit 4L	15287-15581:1
LC831326.1	CDS	mutS	MutS-like protein	15594-18576:1
LC831327.1	rRNA		16S ribosomal RNA	0-1780:1
LC831327.1	CDS	ND2	NADH dehydrogenase subunit 2	1864-3211:1
LC831327.1	CDS	ND2	NADH dehydrogenase subunit 5	3144-5016:1
LC831327.1	tRNA		tRNA-Met	6615-6686:-1
LC831327.1	CDS	COX3	cytochrome c oxidase subunit III	6725-7511:-1
LC831327.1	CDS	ATP6	ATP synthase F0 subunit 6	7575-8283:-1
LC831327.1	CDS	ATP8	ATP synthase F0 subunit 8	8307-8523:-1
LC831327.1	CDS	COX2	cytochrome c oxidase subunit II	8545-9307:-1
LC831327.1	CDS	COX1	cytochrome c oxidase subunit I	9527-11129:1
LC831327.1	rRNA		12S ribosomal RNA	11009-12046:1
LC831327.1	CDS	ND1	NADH dehydrogenase subunit 1	12096-13068:1
LC831327.1	CDS	CYTB	cytochrome b	13131-14292:1
LC831327.1	CDS	ND6	NADH dehydrogenase subunit 6	14331-14889:1
LC831327.1	CDS	ND3	NADH dehydrogenase subunit 3	14944-15298:1
LC831327.1	CDS	ND4L	NADH dehydrogenase subunit 4L	15317-15611:1
LC831327.1	CDS	mutS	MutS-like protein	15624-18582:1
LC831328.1	rRNA		16S ribosomal RNA	0-1780:1
LC831328.1	CDS	ND2	NADH dehydrogenase subunit 2	1806-3153:1
LC831328.1	CDS	ND2	NADH dehydrogenase subunit 5	3377-4958:1
LC831328.1	CDS	ND4	NADH dehydrogenase subunit 4	5117-6566:1
LC831328.1	tRNA		tRNA-Met	6621-6692:-1
LC831328.1	CDS	COX3	cytochrome c oxidase subunit III	6731-7517:-1
LC831328.1	tRNA		tRNA-Met	7704-7772:-1
LC831328.1	CDS	ATP6	ATP synthase F0 subunit 6	8054-8762:-1
LC831328.1	CDS	ATP8	ATP synthase F0 subunit 8	8785-9001:-1
LC831328.1	CDS	COX2	cytochrome c oxidase subunit II	9023-9785:-1
LC831328.1	CDS	COX1	cytochrome c oxidase subunit I	10006-11608:1
LC831328.1	rRNA		12S ribosomal RNA	11488-12514:1
LC831328.1	CDS	ND1	NADH dehydrogenase subunit 1	12564-13536:1
LC831328.1	CDS	CYTB	cytochrome b	13569-14730:1
LC831328.1	CDS	ND6	NADH dehydrogenase subunit 6	14743-15301:1
LC831328.1	CDS	ND3	NADH dehydrogenase subunit 3	15342-15696:1
LC831328.1	CDS	ND4L	NADH dehydrogenase subunit 4L	15699-15993:1
LC831328.1	CDS	mutS	MutS-like protein	16006-18955:1
LC831329.1	rRNA		16S ribosomal RNA	0-1788:1
LC831329.1	CDS	ND2	NADH dehydrogenase subunit 2	1881-3228:1
LC831329.1	CDS	ND2	NADH dehydrogenase subunit 5	3215-5033:1
LC831329.1	CDS	ND4	NADH dehydrogenase subunit 4	5130-6579:1
LC831329.1	tRNA		tRNA-Met	6636-6707:-1
LC831329.1	CDS	COX3	cytochrome c oxidase subunit III	6746-7532:-1
LC831329.1	CDS	ATP6	ATP synthase F0 subunit 6	7596-8304:-1
LC831329.1	CDS	ATP8	ATP synthase F0 subunit 8	8328-8544:-1
LC831329.1	CDS	COX2	cytochrome c oxidase subunit II	8566-9328:-1
LC831329.1	CDS	COX1	cytochrome c oxidase subunit I	9548-11150:1
LC831329.1	rRNA		12S ribosomal RNA	11030-12067:1
LC831329.1	CDS	ND1	NADH dehydrogenase subunit 1	12117-13089:1
LC831329.1	CDS	CYTB	cytochrome b	13122-14283:1
LC831329.1	CDS	ND6	NADH dehydrogenase subunit 6	14323-14881:1
LC831329.1	CDS	ND3	NADH dehydrogenase subunit 3	14936-15290:1
LC831329.1	CDS	ND4L	NADH dehydrogenase subunit 4L	15309-15603:1
LC831329.1	CDS	mutS	MutS-like protein	15616-18589:1
LC831330.1	rRNA		16S ribosomal RNA	0-1788:1
LC831330.1	CDS	ND2	NADH dehydrogenase subunit 2	1881-3228:1
LC831330.1	CDS	ND2	NADH dehydrogenase subunit 5	3215-5033:1
LC831330.1	CDS	ND4	NADH dehydrogenase subunit 4	5129-6578:1
LC831330.1	tRNA		tRNA-Met	6635-6706:-1
LC831330.1	CDS	COX3	cytochrome c oxidase subunit III	6745-7531:-1
LC831330.1	CDS	ATP6	ATP synthase F0 subunit 6	7595-8303:-1
LC831330.1	CDS	ATP8	ATP synthase F0 subunit 8	8327-8543:-1
LC831330.1	CDS	COX2	cytochrome c oxidase subunit II	8565-9327:-1
LC831330.1	CDS	COX1	cytochrome c oxidase subunit I	9547-11149:1
LC831330.1	rRNA		12S ribosomal RNA	11029-12066:1
LC831330.1	CDS	ND1	NADH dehydrogenase subunit 1	12116-13088:1
LC831330.1	CDS	CYTB	cytochrome b	13121-14282:1
LC831330.1	CDS	ND6	NADH dehydrogenase subunit 6	14322-14880:1
LC831330.1	CDS	ND3	NADH dehydrogenase subunit 3	14935-15289:1
LC831330.1	CDS	ND4L	NADH dehydrogenase subunit 4L	15308-15602:1
LC831330.1	CDS	mutS	MutS-like protein	15615-18588:1
LC831331.1	rRNA		16S ribosomal RNA	0-1788:1
LC831331.1	CDS	ND2	NADH dehydrogenase subunit 2	1881-3228:1
LC831331.1	CDS	ND2	NADH dehydrogenase subunit 5	3215-5033:1
LC831331.1	CDS	ND4	NADH dehydrogenase subunit 4	5129-6578:1
LC831331.1	tRNA		tRNA-Met	6635-6706:-1
LC831331.1	CDS	COX3	cytochrome c oxidase subunit III	6745-7531:-1
LC831331.1	CDS	ATP6	ATP synthase F0 subunit 6	7595-8303:-1
LC831331.1	CDS	ATP8	ATP synthase F0 subunit 8	8327-8543:-1
LC831331.1	CDS	COX2	cytochrome c oxidase subunit II	8565-9327:-1
LC831331.1	CDS	COX1	cytochrome c oxidase subunit I	9547-11149:1
LC831331.1	rRNA		12S ribosomal RNA	11029-12066:1
LC831331.1	CDS	ND1	NADH dehydrogenase subunit 1	12116-13088:1
LC831331.1	CDS	CYTB	cytochrome b	13121-14282:1
LC831331.1	CDS	ND6	NADH dehydrogenase subunit 6	14322-14880:1
LC831331.1	CDS	ND3	NADH dehydrogenase subunit 3	14935-15289:1
LC831331.1	CDS	ND4L	NADH dehydrogenase subunit 4L	15308-15602:1
LC831331.1	CDS	mutS	MutS-like protein	15615-18588:1
LC831332.1	rRNA		16S ribosomal RNA	0-1775:1
LC831332.1	CDS	ND2	NADH dehydrogenase subunit 2	1832-3179:1
LC831332.1	CDS	ND2	NADH dehydrogenase subunit 5	3166-4984:1
LC831332.1	CDS	ND4	NADH dehydrogenase subunit 4	5025-6474:1
LC831332.1	tRNA		tRNA-Met	6530-6601:-1
LC831332.1	CDS	COX3	cytochrome c oxidase subunit III	6640-7426:-1
LC831332.1	CDS	ATP6	ATP synthase F0 subunit 6	7490-8198:-1
LC831332.1	CDS	ATP8	ATP synthase F0 subunit 8	8222-8438:-1
LC831332.1	CDS	COX2	cytochrome c oxidase subunit II	8460-9222:-1
LC831332.1	CDS	COX1	cytochrome c oxidase subunit I	9442-11044:1
LC831332.1	rRNA		12S ribosomal RNA	10924-11961:1
LC831332.1	CDS	ND1	NADH dehydrogenase subunit 1	12011-12983:1
LC831332.1	CDS	CYTB	cytochrome b	13003-14164:1
LC831332.1	CDS	ND6	NADH dehydrogenase subunit 6	14192-14750:1
LC831332.1	CDS	ND3	NADH dehydrogenase subunit 3	14793-15147:1
LC831332.1	CDS	ND4L	NADH dehydrogenase subunit 4L	15150-15444:1
LC831332.1	CDS	mutS	MutS-like protein	15457-18406:1
LC831333.1	rRNA		16S ribosomal RNA	0-1774:1
LC831333.1	CDS	ND2	NADH dehydrogenase subunit 2	1831-3178:1
LC831333.1	CDS	ND2	NADH dehydrogenase subunit 5	3165-4983:1
LC831333.1	CDS	ND4	NADH dehydrogenase subunit 4	5024-6473:1
LC831333.1	tRNA		tRNA-Met	6529-6600:-1
LC831333.1	CDS	COX3	cytochrome c oxidase subunit III	6639-7425:-1
LC831333.1	CDS	ATP6	ATP synthase F0 subunit 6	7489-8197:-1
LC831333.1	CDS	ATP8	ATP synthase F0 subunit 8	8221-8437:-1
LC831333.1	CDS	COX2	cytochrome c oxidase subunit II	8459-9221:-1
LC831333.1	CDS	COX1	cytochrome c oxidase subunit I	9441-11043:1
LC831333.1	rRNA		12S ribosomal RNA	10923-11960:1
LC831333.1	CDS	ND1	NADH dehydrogenase subunit 1	12010-12982:1
LC831333.1	CDS	CYTB	cytochrome b	13002-14163:1
LC831333.1	CDS	ND6	NADH dehydrogenase subunit 6	14191-14749:1
LC831333.1	CDS	ND3	NADH dehydrogenase subunit 3	14792-15146:1
LC831333.1	CDS	ND4L	NADH dehydrogenase subunit 4L	15149-15443:1
LC831333.1	CDS	mutS	MutS-like protein	15456-18405:1
LC831334.1	rRNA		16S ribosomal RNA	0-1789:1
LC831334.1	CDS	ND2	NADH dehydrogenase subunit 2	1882-3229:1
LC831334.1	CDS	ND2	NADH dehydrogenase subunit 5	3216-5034:1
LC831334.1	CDS	ND4	NADH dehydrogenase subunit 4	5130-6579:1
LC831334.1	tRNA		tRNA-Met	6635-6706:-1
LC831334.1	CDS	COX3	cytochrome c oxidase subunit III	6745-7531:-1
LC831334.1	CDS	ATP6	ATP synthase F0 subunit 6	7595-8303:-1
LC831334.1	CDS	ATP8	ATP synthase F0 subunit 8	8327-8543:-1
LC831334.1	CDS	COX2	cytochrome c oxidase subunit II	8565-9327:-1
LC831334.1	CDS	COX1	cytochrome c oxidase subunit I	9547-11149:1
LC831334.1	rRNA		12S ribosomal RNA	11029-12066:1
LC831334.1	CDS	ND1	NADH dehydrogenase subunit 1	12116-13088:1
LC831334.1	CDS	CYTB	cytochrome b	13121-14282:1
LC831334.1	CDS	ND6	NADH dehydrogenase subunit 6	14312-14870:1
LC831334.1	CDS	ND3	NADH dehydrogenase subunit 3	14914-15268:1
LC831334.1	CDS	ND4L	NADH dehydrogenase subunit 4L	15287-15581:1
LC831334.1	CDS	mutS	MutS-like protein	15594-18576:1
LC831335.1	rRNA		16S ribosomal RNA	0-1753:1
LC831335.1	CDS	ND2	NADH dehydrogenase subunit 2	1842-3174:1
LC831335.1	CDS	ND2	NADH dehydrogenase subunit 5	3161-4973:1
LC831335.1	CDS	ND4	NADH dehydrogenase subunit 4	5538-6987:1
LC831335.1	tRNA		tRNA-Met	7042-7113:-1
LC831335.1	CDS	COX3	cytochrome c oxidase subunit III	7152-7938:-1
LC831335.1	CDS	ATP6	ATP synthase F0 subunit 6	7996-8704:-1
LC831335.1	CDS	ATP8	ATP synthase F0 subunit 8	8728-8944:-1
LC831335.1	CDS	COX2	cytochrome c oxidase subunit II	8966-9728:-1
LC831335.1	CDS	COX1	cytochrome c oxidase subunit I	9947-11549:1
LC831335.1	rRNA		12S ribosomal RNA	11429-12464:1
LC831335.1	CDS	ND1	NADH dehydrogenase subunit 1	12514-13486:1
LC831335.1	CDS	CYTB	cytochrome b	13509-14667:1
LC831335.1	CDS	ND6	NADH dehydrogenase subunit 6	14696-15254:1
LC831335.1	CDS	ND3	NADH dehydrogenase subunit 3	15289-15643:1
LC831335.1	CDS	ND4L	NADH dehydrogenase subunit 4L	15662-15956:1
LC831335.1	CDS	mutS	MutS-like protein	15968-18896:1
LC831336.1	rRNA		16S ribosomal RNA	0-1774:1
LC831336.1	CDS	ND2	NADH dehydrogenase subunit 2	1831-3178:1
LC831336.1	CDS	ND2	NADH dehydrogenase subunit 5	3165-4983:1
LC831336.1	CDS	ND4	NADH dehydrogenase subunit 4	5024-6473:1
LC831336.1	tRNA		tRNA-Met	6529-6600:-1
LC831336.1	CDS	COX3	cytochrome c oxidase subunit III	6639-7425:-1
LC831336.1	CDS	ATP6	ATP synthase F0 subunit 6	7489-8197:-1
LC831336.1	CDS	ATP8	ATP synthase F0 subunit 8	8221-8437:-1
LC831336.1	CDS	COX2	cytochrome c oxidase subunit II	8459-9221:-1
LC831336.1	CDS	COX1	cytochrome c oxidase subunit I	9441-11043:1
LC831336.1	rRNA		12S ribosomal RNA	10923-11960:1
LC831336.1	CDS	ND1	NADH dehydrogenase subunit 1	12010-12982:1
LC831336.1	CDS	CYTB	cytochrome b	13002-14163:1
LC831336.1	CDS	ND6	NADH dehydrogenase subunit 6	14191-14749:1
LC831336.1	CDS	ND3	NADH dehydrogenase subunit 3	14792-15146:1
LC831336.1	CDS	ND4L	NADH dehydrogenase subunit 4L	15149-15443:1
LC831336.1	CDS	mutS	MutS-like protein	15456-18405:1
LC831337.1	rRNA		16S ribosomal RNA	0-1788:1
LC831337.1	CDS	ND2	NADH dehydrogenase subunit 2	1881-3228:1
LC831337.1	CDS	ND2	NADH dehydrogenase subunit 5	3215-5033:1
LC831337.1	CDS	ND4	NADH dehydrogenase subunit 4	5129-6578:1
LC831337.1	tRNA		tRNA-Met	6635-6706:-1
LC831337.1	CDS	COX3	cytochrome c oxidase subunit III	6745-7531:-1
LC831337.1	CDS	ATP6	ATP synthase F0 subunit 6	7595-8303:-1
LC831337.1	CDS	ATP8	ATP synthase F0 subunit 8	8327-8543:-1
LC831337.1	CDS	COX2	cytochrome c oxidase subunit II	8565-9327:-1
LC831337.1	CDS	COX1	cytochrome c oxidase subunit I	9547-11149:1
LC831337.1	rRNA		12S ribosomal RNA	11029-12066:1
LC831337.1	CDS	ND1	NADH dehydrogenase subunit 1	12116-13088:1
LC831337.1	CDS	CYTB	cytochrome b	13121-14282:1
LC831337.1	CDS	ND6	NADH dehydrogenase subunit 6	14322-14880:1
LC831337.1	CDS	ND3	NADH dehydrogenase subunit 3	14935-15289:1
LC831337.1	CDS	ND4L	NADH dehydrogenase subunit 4L	15308-15602:1
LC831337.1	CDS	mutS	MutS-like protein	15615-18588:1
LC831338.1	rRNA		16S ribosomal RNA	0-1747:1
LC831338.1	CDS	ND2	NADH dehydrogenase subunit 2	1812-3159:1
LC831338.1	CDS	ND2	NADH dehydrogenase subunit 5	3146-4964:1
LC831338.1	CDS	ND4	NADH dehydrogenase subunit 4	4986-6435:1
LC831338.1	tRNA		tRNA-Met	6486-6557:-1
LC831338.1	CDS	COX3	cytochrome c oxidase subunit III	6596-7382:-1
LC831338.1	CDS	ATP6	ATP synthase F0 subunit 6	7446-8154:-1
LC831338.1	CDS	ATP8	ATP synthase F0 subunit 8	8178-8394:-1
LC831338.1	CDS	COX2	cytochrome c oxidase subunit II	8416-9178:-1
LC831338.1	CDS	COX1	cytochrome c oxidase subunit I	9398-11000:1
LC831338.1	rRNA		12S ribosomal RNA	10880-11906:1
LC831338.1	CDS	ND1	NADH dehydrogenase subunit 1	11956-12928:1
LC831338.1	CDS	CYTB	cytochrome b	12961-14122:1
LC831338.1	CDS	ND6	NADH dehydrogenase subunit 6	14138-14696:1
LC831338.1	CDS	ND3	NADH dehydrogenase subunit 3	14739-15093:1
LC831338.1	CDS	ND4L	NADH dehydrogenase subunit 4L	15096-15390:1
LC831338.1	CDS	mutS	MutS-like protein	15403-18352:1
LC831339.1	rRNA		16S ribosomal RNA	0-1755:1
LC831339.1	CDS	ND2	NADH dehydrogenase subunit 2	1840-3172:1
LC831339.1	CDS	ND2	NADH dehydrogenase subunit 5	3159-4971:1
LC831339.1	CDS	ND4	NADH dehydrogenase subunit 4	5909-7358:1
LC831339.1	tRNA		tRNA-Met	7416-7487:-1
LC831339.1	CDS	COX3	cytochrome c oxidase subunit III	7526-8312:-1
LC831339.1	CDS	ATP6	ATP synthase F0 subunit 6	8370-9078:-1
LC831339.1	CDS	ATP8	ATP synthase F0 subunit 8	9102-9318:-1
LC831339.1	CDS	COX2	cytochrome c oxidase subunit II	9340-10102:-1
LC831339.1	CDS	COX1	cytochrome c oxidase subunit I	10331-11933:1
LC831339.1	rRNA		12S ribosomal RNA	11813-12840:1
LC831339.1	CDS	ND1	NADH dehydrogenase subunit 1	12891-13863:1
LC831339.1	CDS	CYTB	cytochrome b	13886-15044:1
LC831339.1	CDS	ND6	NADH dehydrogenase subunit 6	15079-15637:1
LC831339.1	CDS	ND3	NADH dehydrogenase subunit 3	15680-16034:1
LC831339.1	CDS	ND4L	NADH dehydrogenase subunit 4L	16053-16347:1
LC831339.1	CDS	mutS	MutS-like protein	16359-19311:1
LC831340.1	rRNA		16S ribosomal RNA	0-1789:1
LC831340.1	CDS	ND2	NADH dehydrogenase subunit 2	1882-3229:1
LC831340.1	CDS	ND2	NADH dehydrogenase subunit 5	3216-5034:1
LC831340.1	CDS	ND4	NADH dehydrogenase subunit 4	5131-6580:1
LC831340.1	tRNA		tRNA-Met	6637-6708:-1
LC831340.1	CDS	COX3	cytochrome c oxidase subunit III	6747-7533:-1
LC831340.1	CDS	ATP6	ATP synthase F0 subunit 6	7597-8305:-1
LC831340.1	CDS	ATP8	ATP synthase F0 subunit 8	8328-8544:-1
LC831340.1	CDS	COX2	cytochrome c oxidase subunit II	8566-9328:-1
LC831340.1	CDS	COX1	cytochrome c oxidase subunit I	9548-11150:1
LC831340.1	rRNA		12S ribosomal RNA	11030-12068:1
LC831340.1	CDS	ND1	NADH dehydrogenase subunit 1	12118-13090:1
LC831340.1	CDS	CYTB	cytochrome b	13123-14284:1
LC831340.1	CDS	ND6	NADH dehydrogenase subunit 6	14324-14882:1
LC831340.1	CDS	ND3	NADH dehydrogenase subunit 3	14937-15291:1
LC831340.1	CDS	ND4L	NADH dehydrogenase subunit 4L	15310-15604:1
LC831340.1	CDS	mutS	MutS-like protein	15617-18599:1
LC831341.1	rRNA		16S ribosomal RNA	0-1775:1
LC831341.1	CDS	ND2	NADH dehydrogenase subunit 2	1859-3206:1
LC831341.1	CDS	ND2	NADH dehydrogenase subunit 5	3193-5011:1
LC831341.1	CDS	ND4	NADH dehydrogenase subunit 4	5069-6518:1
LC831341.1	tRNA		tRNA-Met	6575-6646:-1
LC831341.1	CDS	COX3	cytochrome c oxidase subunit III	6676-7462:-1
LC831341.1	CDS	ATP6	ATP synthase F0 subunit 6	7508-8216:-1
LC831341.1	CDS	ATP8	ATP synthase F0 subunit 8	8239-8455:-1
LC831341.1	CDS	COX2	cytochrome c oxidase subunit II	8477-9239:-1
LC831341.1	CDS	COX1	cytochrome c oxidase subunit I	9459-11061:1
LC831341.1	rRNA		12S ribosomal RNA	10941-11978:1
LC831341.1	CDS	ND1	NADH dehydrogenase subunit 1	12028-13000:1
LC831341.1	CDS	CYTB	cytochrome b	13027-14188:1
LC831341.1	CDS	ND6	NADH dehydrogenase subunit 6	14216-14774:1
LC831341.1	CDS	ND3	NADH dehydrogenase subunit 3	14817-15171:1
LC831341.1	CDS	ND4L	NADH dehydrogenase subunit 4L	15189-15483:1
LC831341.1	CDS	mutS	MutS-like protein	15496-18451:1
LC831342.1	rRNA		16S ribosomal RNA	0-1788:1
LC831342.1	CDS	ND2	NADH dehydrogenase subunit 2	1842-3174:1
LC831342.1	CDS	ND2	NADH dehydrogenase subunit 5	3161-4979:1
LC831342.1	CDS	ND4	NADH dehydrogenase subunit 4	5058-6507:1
LC831342.1	tRNA		tRNA-Met	6565-6636:-1
LC831342.1	CDS	COX3	cytochrome c oxidase subunit III	6675-7461:-1
LC831342.1	CDS	ATP6	ATP synthase F0 subunit 6	7525-8233:-1
LC831342.1	CDS	ATP8	ATP synthase F0 subunit 8	8265-8481:-1
LC831342.1	CDS	COX2	cytochrome c oxidase subunit II	8503-9265:-1
LC831342.1	CDS	COX1	cytochrome c oxidase subunit I	9485-11081:1
LC831342.1	rRNA		12S ribosomal RNA	10967-12005:1
LC831342.1	CDS	ND1	NADH dehydrogenase subunit 1	12055-13027:1
LC831342.1	CDS	CYTB	cytochrome b	13087-14248:1
LC831342.1	CDS	ND6	NADH dehydrogenase subunit 6	14276-14834:1
LC831342.1	CDS	ND3	NADH dehydrogenase subunit 3	14890-15244:1
LC831342.1	CDS	ND4L	NADH dehydrogenase subunit 4L	15262-15556:1
LC831342.1	CDS	mutS	MutS-like protein	15569-18539:1
LC848439.1	CDS	cox1	cytochrome c oxidase subunit I	0-1597:1
LC848439.1	rRNA		s-rRNA	1590-2686:1
LC848439.1	CDS	nad1	NADH dehydrogenase subunit 1	2686-3658:1
LC848439.1	CDS	cob	cytochrome b	3664-4825:1
LC848439.1	CDS	msh1	putative mismatch repair protein	4904-7895:1
LC848439.1	rRNA		l-rRNA	7895-10132:1
LC848439.1	CDS	nad2	NADH dehydrogenase subunit 2	10110-11250:1
LC848439.1	CDS	nad5	NADH dehydrogenase subunit 5	11237-13055:1
LC848439.1	CDS	nad4	NADH dehydrogenase subunit 4	13079-14528:1
LC848439.1	tRNA	trnM	tRNA-Met	14590-14661:-1
LC848439.1	CDS	cox3	cytochrome c oxidase subunit III	14697-15483:-1
LC848439.1	CDS	atp6	ATP synthase F0 subunit 6	15510-16218:-1
LC848439.1	CDS	atp8	ATP synthase F0 subunit 8	16238-16454:-1
LC848439.1	CDS	cox2	cytochrome c oxidase subunit II	16471-17233:-1
LC848439.1	CDS	nad4l	NADH dehydrogenase subunit 4L	17298-17592:-1
LC848439.1	CDS	nad3	NADH dehydrogenase subunit 3	17626-17980:-1
LC848439.1	CDS	nad6	NADH dehydrogenase subunit 6	18015-18570:-1
LC849181.1	tRNA		tRNA-Met	0-72:1
LC849181.1	rRNA		16S ribosomal RNA	72-1979:1
LC849181.1	CDS	ND5	NADH dehydrogenase subunit 5	1998-2709:1,14630-15758:1
LC849181.1	CDS	ND1	NADH dehydrogenase subunit 1	2833-3811:1
LC849181.1	CDS	CYTB	cytochrome b	3842-4982:1
LC849181.1	CDS	ND2	NADH dehydrogenase subunit 2	5202-6294:1
LC849181.1	CDS	ND6	NADH dehydrogenase subunit 6	6295-6859:1
LC849181.1	CDS	ATP6	ATP synthase F0 subunit 6	6858-7536:1
LC849181.1	CDS	ND4	NADH dehydrogenase subunit 4	8602-10048:1
LC849181.1	rRNA		12S ribosomal RNA	10048-11092:1
LC849181.1	CDS	COX3	cytochrome c oxidase subunit III	11085-11865:1
LC849181.1	CDS	COX2	cytochrome c oxidase subunit II	11852-12707:1
LC849181.1	CDS	ND4L	NADH dehydrogenase subunit 4L	12688-12988:1
LC849181.1	CDS	ND3	NADH dehydrogenase subunit 3	12987-13332:1
LC849181.1	tRNA		tRNA-Trp	15770-15840:1
LC849181.1	CDS	ATP8	ATP synthase F0 subunit 8	15841-16438:1
LC849181.1	CDS	COX1	cytochrome c oxidase subunit I	16657-18244:1
LC851061.1	tRNA		tRNA-Met	0-72:1
LC851061.1	rRNA		16S ribosomal RNA	421-1962:1
LC851061.1	CDS	ND5	NADH dehydrogenase subunit 5	2011-2722:1,13097-14201:1
LC851061.1	CDS	ND1	NADH dehydrogenase subunit 1	2831-3779:1
LC851061.1	CDS	CYTB	cytochrome b	3781-4921:1
LC851061.1	CDS	ND2	NADH dehydrogenase subunit 2	4916-6233:1
LC851061.1	CDS	ND6	NADH dehydrogenase subunit 6	6234-6795:1
LC851061.1	CDS	ATP6	ATP synthase F0 subunit 6	6794-7472:1
LC851061.1	CDS	ND4	NADH dehydrogenase subunit 4	7471-8911:1
LC851061.1	rRNA		12S ribosomal RNA	9047-9959:1
LC851061.1	CDS	COX3	cytochrome c oxidase subunit III	10233-10872:1
LC851061.1	CDS	COX2	cytochrome c oxidase subunit II	11653-12415:1
LC851061.1	CDS	ND4L	NADH dehydrogenase subunit 4L	12396-12696:1
LC851061.1	CDS	ND3	NADH dehydrogenase subunit 3	12698-13040:1
LC851061.1	tRNA		tRNA-Trp	14199-14270:1
LC851061.1	CDS	ATP8	ATP synthase F0 subunit 8	14273-14471:1
LC851061.1	CDS	COX1	cytochrome c oxidase subunit I	15195-16779:1
LC851062.1	tRNA		tRNA-Met	0-72:1
LC851062.1	rRNA		16S ribosomal RNA	429-1970:1
LC851062.1	CDS	ND5	NADH dehydrogenase subunit 5	2020-2731:1,12845-13949:1
LC851062.1	CDS	ND1	NADH dehydrogenase subunit 1	2840-3788:1
LC851062.1	CDS	CYTB	cytochrome b	3790-4930:1
LC851062.1	CDS	ND2	NADH dehydrogenase subunit 2	5489-6242:1
LC851062.1	CDS	ND6	NADH dehydrogenase subunit 6	6243-6804:1
LC851062.1	CDS	ATP6	ATP synthase F0 subunit 6	6803-7481:1
LC851062.1	CDS	ND4	NADH dehydrogenase subunit 4	7480-8920:1
LC851062.1	rRNA		12S ribosomal RNA	9494-10405:1
LC851062.1	CDS	COX3	cytochrome c oxidase subunit III	10606-11245:1
LC851062.1	CDS	COX2	cytochrome c oxidase subunit II	11441-12164:1
LC851062.1	CDS	ND4L	NADH dehydrogenase subunit 4L	12145-12445:1
LC851062.1	CDS	ND3	NADH dehydrogenase subunit 3	12447-12789:1
LC851062.1	tRNA		tRNA-Trp	13947-14017:1
LC851062.1	CDS	ATP8	ATP synthase F0 subunit 8	14020-14218:1
LC851062.1	CDS	COX1	cytochrome c oxidase subunit I	14217-15807:1
LC851063.1	tRNA		tRNA-Met	0-72:1
LC851063.1	rRNA		16S ribosomal RNA	423-1965:1
LC851063.1	CDS	ND5	NADH dehydrogenase subunit 5	2016-2727:1,12896-14000:1
LC851063.1	CDS	ND1	NADH dehydrogenase subunit 1	2836-3784:1
LC851063.1	CDS	CYTB	cytochrome b	3786-4926:1
LC851063.1	CDS	ND2	NADH dehydrogenase subunit 2	4921-6238:1
LC851063.1	CDS	ND6	NADH dehydrogenase subunit 6	6239-6800:1
LC851063.1	CDS	ATP6	ATP synthase F0 subunit 6	6799-7477:1
LC851063.1	CDS	ND4	NADH dehydrogenase subunit 4	7476-8916:1
LC851063.1	rRNA		12S ribosomal RNA	9052-9963:1
LC851063.1	CDS	COX3	cytochrome c oxidase subunit III	10229-10868:1
LC851063.1	CDS	COX2	cytochrome c oxidase subunit II	11452-12214:1
LC851063.1	CDS	ND4L	NADH dehydrogenase subunit 4L	12195-12495:1
LC851063.1	CDS	ND3	NADH dehydrogenase subunit 3	12497-12839:1
LC851063.1	tRNA		tRNA-Trp	13998-14068:1
LC851063.1	CDS	ATP8	ATP synthase F0 subunit 8	14071-14269:1
LC851063.1	CDS	COX1	cytochrome c oxidase subunit I	14268-15858:1
LC851064.1	tRNA		tRNA-Met	0-72:1
LC851064.1	rRNA		16S ribosomal RNA	413-1955:1
LC851064.1	CDS	ND5	NADH dehydrogenase subunit 5	2004-2715:1,12926-14030:1
LC851064.1	CDS	ND1	NADH dehydrogenase subunit 1	2824-3772:1
LC851064.1	CDS	CYTB	cytochrome b	3774-4914:1
LC851064.1	CDS	ND2	NADH dehydrogenase subunit 2	4909-6226:1
LC851064.1	CDS	ND6	NADH dehydrogenase subunit 6	6227-6788:1
LC851064.1	CDS	ATP6	ATP synthase F0 subunit 6	6787-7465:1
LC851064.1	CDS	ND4	NADH dehydrogenase subunit 4	7464-8904:1
LC851064.1	rRNA		12S ribosomal RNA	9040-9951:1
LC851064.1	CDS	COX3	cytochrome c oxidase subunit III	10152-10791:1
LC851064.1	CDS	COX2	cytochrome c oxidase subunit II	11452-12175:1
LC851064.1	CDS	ND4L	NADH dehydrogenase subunit 4L	12156-12456:1
LC851064.1	CDS	ND3	NADH dehydrogenase subunit 3	12528-12870:1
LC851064.1	tRNA		tRNA-Trp	14028-14098:1
LC851064.1	CDS	ATP8	ATP synthase F0 subunit 8	14101-14299:1
LC851064.1	CDS	COX1	cytochrome c oxidase subunit I	14298-15882:1
LC851786.1	tRNA		tRNA-Met	0-72:1
LC851786.1	rRNA		16S ribosomal RNA	377-1306:1
LC851786.1	CDS	ND5	NADH dehydrogenase subunit 5	1946-2657:1,12518-13631:1
LC851786.1	CDS	ND1	NADH dehydrogenase subunit 1	2789-3737:1
LC851786.1	CDS	CYTB	cytochrome b	3717-4878:1
LC851786.1	CDS	ND2	NADH dehydrogenase subunit 2	5098-6190:1
LC851786.1	CDS	ND6	NADH dehydrogenase subunit 6	6205-6766:1
LC851786.1	CDS	ATP6	ATP synthase F0 subunit 6	6765-7443:1
LC851786.1	CDS	ND4	NADH dehydrogenase subunit 4	7442-8882:1
LC851786.1	rRNA		12S ribosomal RNA	8934-9850:1
LC851786.1	CDS	COX3	cytochrome c oxidase subunit III	9843-10623:1
LC851786.1	CDS	COX2	cytochrome c oxidase subunit II	11127-11850:1
LC851786.1	CDS	ND4L	NADH dehydrogenase subunit 4L	11831-12131:1
LC851786.1	CDS	ND3	NADH dehydrogenase subunit 3	12130-12475:1
LC851786.1	tRNA		tRNA-Trp	13629-13699:1
LC851786.1	CDS	ATP8	ATP synthase F0 subunit 8	13702-13897:1
LC851786.1	CDS	COX1	cytochrome c oxidase subunit I	14403-16512:1
LC851787.1	tRNA		tRNA-Met	0-72:1
LC851787.1	rRNA		16S ribosomal RNA	371-1300:1
LC851787.1	CDS	ND5	NADH dehydrogenase subunit 5	1948-2659:1,12370-13471:1
LC851787.1	CDS	ND1	NADH dehydrogenase subunit 1	2792-3740:1
LC851787.1	CDS	CYTB	cytochrome b	3720-4881:1
LC851787.1	CDS	ND2	NADH dehydrogenase subunit 2	5101-6193:1
LC851787.1	CDS	ND6	NADH dehydrogenase subunit 6	6193-6754:1
LC851787.1	CDS	ATP6	ATP synthase F0 subunit 6	6753-7431:1
LC851787.1	CDS	ND4	NADH dehydrogenase subunit 4	7430-8870:1
LC851787.1	rRNA		12S ribosomal RNA	9273-9994:1
LC851787.1	CDS	COX3	cytochrome c oxidase subunit III	10021-10801:1
LC851787.1	CDS	COX2	cytochrome c oxidase subunit II	10967-11690:1
LC851787.1	CDS	ND4L	NADH dehydrogenase subunit 4L	11671-11971:1
LC851787.1	CDS	ND3	NADH dehydrogenase subunit 3	11970-12315:1
LC851787.1	tRNA		tRNA-Trp	13469-13539:1
LC851787.1	CDS	ATP8	ATP synthase F0 subunit 8	13512-13740:1
LC851787.1	CDS	COX1	cytochrome c oxidase subunit I	14258-16667:1
LC851788.1	tRNA		tRNA-Met	0-72:1
LC851788.1	rRNA		16S ribosomal RNA	370-1287:1
LC851788.1	CDS	ND5	NADH dehydrogenase subunit 5	1964-2675:1,12102-13227:1
LC851788.1	CDS	ND1	NADH dehydrogenase subunit 1	2787-3735:1
LC851788.1	CDS	CYTB	cytochrome b	3737-4877:1
LC851788.1	CDS	ND2	NADH dehydrogenase subunit 2	4872-6183:1
LC851788.1	CDS	ND6	NADH dehydrogenase subunit 6	6183-6744:1
LC851788.1	CDS	ATP6	ATP synthase F0 subunit 6	6743-7421:1
LC851788.1	CDS	ND4	NADH dehydrogenase subunit 4	7420-8860:1
LC851788.1	rRNA		12S ribosomal RNA	8857-9775:1
LC851788.1	CDS	COX3	cytochrome c oxidase subunit III	9768-10548:1
LC851788.1	CDS	COX2	cytochrome c oxidase subunit II	10725-11448:1
LC851788.1	CDS	ND4L	NADH dehydrogenase subunit 4L	11429-11729:1
LC851788.1	CDS	ND3	NADH dehydrogenase subunit 3	11728-12073:1
LC851788.1	tRNA		tRNA-Trp	13225-13295:1
LC851788.1	CDS	ATP8	ATP synthase F0 subunit 8	13298-13496:1
LC851788.1	CDS	COX1	cytochrome c oxidase subunit I	13495-15061:1
LC851790.1	tRNA		tRNA-Met	0-72:1
LC851790.1	rRNA		16S ribosomal RNA	260-1899:1
LC851790.1	CDS	ND5	NADH dehydrogenase subunit 5	1946-2657:1,12190-13315:1
LC851790.1	CDS	ND1	NADH dehydrogenase subunit 1	2789-3737:1
LC851790.1	CDS	CYTB	cytochrome b	3738-4878:1
LC851790.1	CDS	ND2	NADH dehydrogenase subunit 2	4873-6190:1
LC851790.1	CDS	ND6	NADH dehydrogenase subunit 6	6190-6751:1
LC851790.1	CDS	ATP6	ATP synthase F0 subunit 6	6750-7428:1
LC851790.1	CDS	ND4	NADH dehydrogenase subunit 4	7427-8867:1
LC851790.1	rRNA		12S ribosomal RNA	8998-9915:1
LC851790.1	CDS	COX3	cytochrome c oxidase subunit III	9908-10688:1
LC851790.1	CDS	COX2	cytochrome c oxidase subunit II	10811-11534:1
LC851790.1	CDS	ND4L	NADH dehydrogenase subunit 4L	11515-11815:1
LC851790.1	CDS	ND3	NADH dehydrogenase subunit 3	11814-12159:1
LC851790.1	tRNA		tRNA-Trp	13313-13383:1
LC851790.1	CDS	ATP8	ATP synthase F0 subunit 8	13386-13584:1
LC851790.1	CDS	COX1	cytochrome c oxidase subunit I	13774-16252:1
LC851791.1	tRNA		tRNA-Met	0-71:1
LC851791.1	rRNA		16S ribosomal RNA	288-2282:1
LC851791.1	CDS	ND5	NADH dehydrogenase subunit 5	2618-3341:1,14509-15622:1
LC851791.1	CDS	ND1	NADH dehydrogenase subunit 1	3671-4655:1
LC851791.1	CDS	CYTB	cytochrome b	4776-5940:1
LC851791.1	CDS	ND2	NADH dehydrogenase subunit 2	6427-7624:1
LC851791.1	CDS	ND6	NADH dehydrogenase subunit 6	7690-8251:1
LC851791.1	CDS	ATP6	ATP synthase F0 subunit 6	8320-9019:1
LC851791.1	CDS	ND4	NADH dehydrogenase subunit 4	9281-10757:1
LC851791.1	rRNA		12S ribosomal RNA	10798-11915:1
LC851791.1	CDS	COX3	cytochrome c oxidase subunit III	12114-12903:1
LC851791.1	CDS	COX2	cytochrome c oxidase subunit II	12938-13682:1
LC851791.1	CDS	ND4L	NADH dehydrogenase subunit 4L	13735-14035:1
LC851791.1	CDS	ND3	NADH dehydrogenase subunit 3	14049-14406:1
LC851791.1	tRNA		tRNA-Trp	15661-15731:1
LC851791.1	CDS	ATP8	ATP synthase F0 subunit 8	15763-15979:1
LC851791.1	CDS	COX1	cytochrome c oxidase subunit I	16100-16994:1,17958-18642:1
LC891142.1	CDS	COX1	cytochrome c oxidase subunit I	0-888:1,2195-2912:1
LC891142.1	CDS	ND4L	NADH dehydrogenase subunit 4L	3049-3349:1
LC891142.1	CDS	ATP8	ATP synthase F0 subunit 8	3394-3613:1
LC891142.1	CDS	ATP6	ATP synthase F0 subunit 6	3866-4565:1
LC891142.1	rRNA		12S ribosomal RNA	4917-5991:1
LC891142.1	CDS	ND2	NADH dehydrogenase subunit 2	6456-7614:1
LC891142.1	tRNA		tRNA-Met	7829-7900:1
LC891142.1	rRNA		16S ribosomal RNA	8244-10451:1
LC891142.1	CDS	ND5	NADH dehydrogenase subunit 5	10857-11589:1,13801-14896:1
LC891142.1	CDS	ND1	NADH dehydrogenase subunit 1	11923-12898:1
LC891142.1	CDS	ND3	NADH dehydrogenase subunit 3	13145-13502:1
LC891142.1	tRNA		tRNA-Trp	15036-15106:1
LC891142.1	CDS		hypothetical protein	15119-17114:1
LC891142.1	CDS	COX2	cytochrome c oxidase subunit II	17278-18031:1
LC891142.1	CDS	ND4	NADH dehydrogenase subunit 4	18453-19929:1
LC891142.1	CDS	ND6	NADH dehydrogenase subunit 6	19985-20582:1
LC891142.1	CDS	CYTB	cytochrome b	20688-21876:1
LC891142.1	CDS	COX3	cytochrome c oxidase subunit III	22139-22928:1
LC893425.1	rRNA		16S ribosomal RNA	0-1779:1
LC893425.1	CDS	ND2	NADH dehydrogenase subunit 2	1842-3174:1
LC893425.1	CDS	ND5	NADH dehydrogenase subunit 5	3161-4979:1
LC893425.1	CDS	ND4	NADH dehydrogenase subunit 4	5058-6507:1
LC893425.1	tRNA		tRNA-Met	6565-6636:-1
LC893425.1	CDS	COX3	cytochrome c oxidase subunit III	6675-7461:-1
LC893425.1	CDS	ATP6	ATP synthase F0 subunit 6	7525-8233:-1
LC893425.1	CDS	ATP8	ATP synthase F0 subunit 8	8265-8481:-1
LC893425.1	CDS	COX2	cytochrome c oxidase subunit II	8503-9265:-1
LC893425.1	CDS	COX1	cytochrome c oxidase subunit I	9485-11081:1
LC893425.1	rRNA		12S ribosomal RNA	10967-12005:1
LC893425.1	CDS	ND1	NADH dehydrogenase subunit 1	12055-13027:1
LC893425.1	CDS	CYTB	cytochrome b	13087-14248:1
LC893425.1	CDS	ND6	NADH dehydrogenase subunit 6	14276-14834:1
LC893425.1	CDS	ND3	NADH dehydrogenase subunit 3	14890-15244:1
LC893425.1	CDS	ND4L	NADH dehydrogenase subunit 4L	15262-15556:1
LC893425.1	CDS	mutS	MutS-like protein	15569-18536:1
LC896077.1	rRNA		16S ribosomal RNA	0-1771:1
LC896077.1	CDS	ND2	NADH dehydrogenase subunit 2	1813-3178:1
LC896077.1	CDS	ND5	NADH dehydrogenase subunit 5	3165-4983:1
LC896077.1	CDS	ND4	NADH dehydrogenase subunit 4	5060-6509:1
LC896077.1	tRNA		tRNA-Met	6567-6638:-1
LC896077.1	CDS	COX3	cytochrome c oxidase subunit III	6677-7463:-1
LC896077.1	CDS	ATP6	ATP synthase F0 subunit 6	7527-8235:-1
LC896077.1	CDS	ATP8	ATP synthase F0 subunit 8	8259-8475:-1
LC896077.1	CDS	COX2	cytochrome c oxidase subunit II	8497-9259:-1
LC896077.1	CDS	COX1	cytochrome c oxidase subunit I	9371-11081:1
LC896077.1	rRNA		12S ribosomal RNA	10961-11995:1
LC896077.1	CDS	ND1	NADH dehydrogenase subunit 1	12045-13017:1
LC896077.1	CDS	CYTB	cytochrome b	13077-14232:1
LC896077.1	CDS	ND6	NADH dehydrogenase subunit 6	14531-15089:1
LC896077.1	CDS	ND3	NADH dehydrogenase subunit 3	15132-15486:1
LC896077.1	CDS	ND4L	NADH dehydrogenase subunit 4L	15505-15799:1
LC896077.1	CDS	mutS	MutS-like protein	15812-18758:1
LC896078.1	rRNA		16S ribosomal RNA	0-1773:1
LC896078.1	CDS	ND2	NADH dehydrogenase subunit 2	1814-3179:1
LC896078.1	CDS	ND5	NADH dehydrogenase subunit 5	3166-4984:1
LC896078.1	CDS	ND4	NADH dehydrogenase subunit 4	5497-6946:1
LC896078.1	tRNA		tRNA-Met	7007-7078:-1
LC896078.1	CDS	COX3	cytochrome c oxidase subunit III	7117-7903:-1
LC896078.1	CDS	ATP6	ATP synthase F0 subunit 6	7967-8675:-1
LC896078.1	CDS	ATP8	ATP synthase F0 subunit 8	8699-8915:-1
LC896078.1	CDS	COX2	cytochrome c oxidase subunit II	8937-9699:-1
LC896078.1	CDS	COX1	cytochrome c oxidase subunit I	9811-11515:1
LC896078.1	rRNA		12S ribosomal RNA	11401-12435:1
LC896078.1	CDS	ND1	NADH dehydrogenase subunit 1	12485-13457:1
LC896078.1	CDS	CYTB	cytochrome b	13512-14757:1
LC896078.1	CDS	ND6	NADH dehydrogenase subunit 6	14749-15307:1
LC896078.1	CDS	ND3	NADH dehydrogenase subunit 3	15350-15704:1
LC896078.1	CDS	ND4L	NADH dehydrogenase subunit 4L	15723-16017:1
LC896078.1	CDS	mutS	MutS-like protein	16030-18976:1
LC916300.1	CDS	COX1	cytochrome c oxidase subunit I	0-897:1,1867-2722:1
LC916300.1	tRNA	trnM(cau)	tRNA-Met	1332-1408:1
LC916300.1	rRNA	l-rRNA	16S ribosomal RNA	2989-5359:1
LC916300.1	CDS	NAD5	NADH dehydrogenase subunit 5	5857-6580:1,18270-19386:1
LC916300.1	CDS	NAD1	NADH dehydrogenase subunit 1	6909-7893:1
LC916300.1	CDS	CYTB	cytochrome b	7995-9432:1
LC916300.1	CDS	NAD2	NADH dehydrogenase subunit 2	9703-10924:1
LC916300.1	CDS	NAD6	NADH dehydrogenase subunit 6	10938-11550:1
LC916300.1	CDS	ATP6	ATP synthase F0 subunit 6	11615-12314:1
LC916300.1	CDS	NAD4	NADH dehydrogenase subunit 4	12526-14002:1
LC916300.1	rRNA	s-rRNA	12S ribosomal RNA	14248-15211:1
LC916300.1	CDS	COX3	cytochrome c oxidase subunit III	15875-16664:1
LC916300.1	CDS	COX2	cytochrome c oxidase subunit II	16699-17442:1
LC916300.1	CDS	NAD4L	NADH dehydrogenase subunit 4L	17496-17796:1
LC916300.1	CDS	NAD3	NADH dehydrogenase subunit 3	17812-18169:1
LC916300.1	tRNA	trnW(uca)	tRNA-Trp	19424-19494:1
LC916300.1	CDS	ATP8	ATP synthase F0 subunit 8	19526-19757:1
LC921274.1	CDS	cox1	cytochrome c oxidase subunit I	0-1597:1
LC921274.1	rRNA		12S ribosomal RNA	1590-2686:1
LC921274.1	CDS	nad1	NADH dehydrogenase subunit 1	2686-3658:1
LC921274.1	CDS	cob	cytochrome b	3693-4872:1
LC921274.1	CDS	msh1	putative mismatch repair protein	4927-7918:1
LC921274.1	rRNA		16S ribosomal RNA	7918-10154:1
LC921274.1	CDS	nad2	NADH dehydrogenase subunit 2	10131-11271:1
LC921274.1	CDS	nad5	NADH dehydrogenase subunit 5	11258-13076:1
LC921274.1	CDS	nad4	NADH dehydrogenase subunit 4	13100-14549:1
LC921274.1	tRNA	trnM	tRNA-Met	14609-14680:-1
LC921274.1	CDS	cox3	cytochrome c oxidase subunit III	14719-15505:-1
LC921274.1	CDS	atp6	ATP synthase F0 subunit 6	15532-16240:-1
LC921274.1	CDS	atp8	ATP synthase F0 subunit 8	16260-16476:-1
LC921274.1	CDS	cox2	cytochrome c oxidase subunit II	16498-17260:-1
LC921274.1	CDS	nad4l	NADH dehydrogenase subunit 4L	17325-17619:-1
LC921274.1	CDS	nad3	NADH dehydrogenase subunit 3	17657-18011:-1
LC921274.1	CDS	nad6	NADH dehydrogenase subunit 6	18043-18598:-1
LC921276.1	CDS	cox1	cytochrome c oxidase subunit I	0-1597:1
LC921276.1	rRNA		12S ribosomal RNA	1590-2686:1
LC921276.1	CDS	nad1	NADH dehydrogenase subunit 1	2686-3658:1
LC921276.1	CDS	cob	cytochrome b	3702-4971:1
LC921276.1	CDS	msh1	putative mismatch repair protein	4942-7933:1
LC921276.1	rRNA		16S ribosomal RNA	7933-10169:1
LC921276.1	CDS	nad2	NADH dehydrogenase subunit 2	10147-11287:1
LC921276.1	CDS	nad5	NADH dehydrogenase subunit 5	11274-13092:1
LC921276.1	CDS	nad4	NADH dehydrogenase subunit 4	13116-14565:1
LC921276.1	tRNA	trnM	tRNA-Met	14626-14697:-1
LC921276.1	CDS	cox3	cytochrome c oxidase subunit III	14736-15522:-1
LC921276.1	CDS	atp6	ATP synthase F0 subunit 6	15549-16257:-1
LC921276.1	CDS	atp8	ATP synthase F0 subunit 8	16277-16493:-1
LC921276.1	CDS	cox2	cytochrome c oxidase subunit II	16515-17277:-1
LC921276.1	CDS	nad4l	NADH dehydrogenase subunit 4L	17342-17636:-1
LC921276.1	CDS	nad3	NADH dehydrogenase subunit 3	17670-18024:-1
LC921276.1	CDS	nad6	NADH dehydrogenase subunit 6	18059-18614:-1
MH308003.1	CDS	ND5	NADH dehydrogenase subunit 5	0-720:1,18916-20035:1
MH308003.1	tRNA	trnM	tRNA-Met	1221-1292:1
MH308003.1	rRNA		large subunit ribosomal RNA	1320-3644:1
MH308003.1	CDS	ND1	NADH dehydrogenase subunit 1	3830-4814:1
MH308003.1	CDS	CYTB	cytochrome b	5100-6261:1
MH308003.1	CDS	ND4L	NADH dehydrogenase subunit 4L	6392-6692:1
MH308003.1	CDS	ND3	NADH dehydrogenase subunit 3	6754-7111:1
MH308003.1	CDS	ATP8	ATP synthase F0 subunit 8	7248-7464:1
MH308003.1	CDS	COX1	cytochrome c oxidase subunit I	7715-8611:1,9817-10544:1
MH308003.1	CDS	COX3	cytochrome c oxidase subunit III	10597-11386:1
MH308003.1	CDS	COX2	cytochrome c oxidase subunit II	11436-12192:1
MH308003.1	CDS	ND2	NADH dehydrogenase subunit 2	12733-13831:1
MH308003.1	rRNA		small subunit ribosomal RNA	13986-15123:1
MH308003.1	CDS	ND4	NADH dehydrogenase subunit 4	15555-17031:1
MH308003.1	CDS	ND6	NADH dehydrogenase subunit 6	17171-17783:1
MH308003.1	CDS	ATP6	ATP synthase F0 subunit 6	18013-18712:1
MH308003.1	tRNA	trnW	tRNA-Trp	20096-20166:1
MH719202.1	CDS	COX1	cytochrome c oxidase subunit I	0-1597:1
MH719202.1	rRNA		12S ribosomal RNA	1596-2713:1
MH719202.1	CDS	ND1	NADH dehydrogenase subunit 1	2713-3694:1
MH719202.1	CDS	CYTB	cytochrome b	3817-4978:1
MH719202.1	CDS	ND6	NADH dehydrogenase subunit 6	4998-5562:1
MH719202.1	CDS	ND3	NADH dehydrogenase subunit 3	5605-5959:1
MH719202.1	CDS	ND4L	NADH dehydrogenase subunit 4L	5987-6281:1
MH719202.1	CDS	mutS	DNA mismatch repair protein MutS	6294-9252:1
MH719202.1	rRNA		16S ribosomal RNA	9252-11274:1
MH719202.1	CDS	ND2	NADH dehydrogenase subunit 2	11274-12645:1
MH719202.1	CDS	ND5	NADH dehydrogenase subunit 5	12632-14450:1
MH719202.1	CDS	ND4	NADH dehydrogenase subunit 4	14493-15942:1
MH719202.1	tRNA		tRNA-Met	16142-16213:-1
MH719202.1	CDS	COX3	cytochrome c oxidase subunit III	16242-17028:-1
MH719202.1	CDS	ATP6	ATP synthase F0 subunit 6	17075-17783:-1
MH719202.1	CDS	ATP8	ATP synthase F0 subunit 8	17803-18019:-1
MH719202.1	CDS	COX2	cytochrome c oxidase subunit II	18040-18802:-1
MK301592.1	CDS	COX1	cytochrome c oxidase subunit I	0-1626:1
MK301592.1	rRNA		12S ribosomal RNA	1758-2684:1
MK301592.1	CDS	ND1	NADH dehydrogenase subunit 1	2688-3660:1
MK301592.1	CDS	CYTB	cytochrome b	3715-4882:1
MK301592.1	CDS	ND6	NADH dehydrogenase subunit 6	4922-5480:1
MK301592.1	CDS	ND3	NADH dehydrogenase subunit 3	5523-5889:1
MK301592.1	CDS	ND4L	NADH dehydrogenase subunit 4L	5908-6202:1
MK301592.1	CDS	MutS	MutS-like protein	6215-9173:1
MK301592.1	rRNA		16S ribosomal RNA	9182-11365:1
MK301592.1	CDS	ND2	NADH dehydrogenase subunit 2	11369-12527:1
MK301592.1	CDS	ND5	NADH dehydrogenase subunit 5	12514-14338:1
MK301592.1	CDS	ND4	NADH dehydrogenase subunit 4	14541-15990:1
MK301592.1	tRNA		tRNA-Met	16042-16113:-1
MK301592.1	CDS	COX3	cytochrome c oxidase subunit III	16151-16937:-1
MK301592.1	CDS	ATP6	ATP synthase F0 subunit 6	17001-17709:-1
MK301592.1	CDS	ATP8	ATP synthase F0 subunit 8	17733-17949:-1
MK301592.1	CDS	COX2	cytochrome c oxidase subunit II	17971-18733:-1
MK919656.1	CDS	cox1	cytochrome oxidase subunit 1	61-1627:1
MK919656.1	rRNA		small subunit ribosomal RNA	1664-2723:1
MK919656.1	CDS	nad1	NADH dehydrogenase subunit 1	2775-3756:1
MK919656.1	CDS	cob	cytochrome b	3767-4928:1
MK919656.1	CDS	nad6	NADH dehydrogenase subunit 6	4946-5501:1
MK919656.1	CDS	nad3	NADH dehydrogenase subunit 3	5565-5919:1
MK919656.1	CDS	nad4l	NADH dehydrogenase subunit 4L	5922-6216:1
MK919656.1	CDS	nad4	NADH dehydrogenase subunit 4	6338-7787:-1
MK919656.1	CDS	nad5	NADH dehydrogenase subunit 5	7813-9631:-1
MK919656.1	CDS	nad2	NADH dehydrogenase subunit 2	9618-10968:-1
MK919656.1	rRNA		large subunit ribosomal RNA	11053-12840:-1
MK919656.1	CDS	MutS	MutS-like protein	12994-15940:-1
MK919656.1	tRNA		tRNA-Met	16126-16197:-1
MK919656.1	CDS	cox3	cytochrome oxidase subunit 3	16255-17041:-1
MK919656.1	CDS	atp6	ATP synthase F0 subunit 6	17098-17806:-1
MK919656.1	CDS	atp8	ATP synthase F0 subunit 8	17830-18046:-1
MK919656.1	CDS	cox2	cytochrome oxidase subunit 2	18088-18850:-1
MK919659.1	CDS	cox1	cytochrome oxidase subunit 1	61-1624:1
MK919659.1	rRNA		small subunit ribosomal RNA	1651-2716:1
MK919659.1	CDS	nad1	NADH dehydrogenase subunit 1	2761-3829:1
MK919659.1	CDS	cob	cytochrome b	3734-4922:1
MK919659.1	CDS	nad6	NADH dehydrogenase subunit 6	4948-5494:1
MK919659.1	CDS	nad3	NADH dehydrogenase subunit 3	5534-5888:1
MK919659.1	CDS	nad4l	NADH dehydrogenase subunit 4L	5891-6185:1
MK919659.1	CDS	MutS	MutS-like protein	6198-9138:1
MK919659.1	rRNA		large subunit ribosomal RNA	9110-11176:1
MK919659.1	CDS	nad2	NADH dehydrogenase subunit 2	11108-12473:1
MK919659.1	CDS	nad5	NADH dehydrogenase subunit 5	12460-14275:1
MK919659.1	CDS	nad4	NADH dehydrogenase subunit 4	14292-15741:1
MK919659.1	tRNA		tRNA-Met	15804-15875:-1
MK919659.1	CDS	cox3	cytochrome oxidase subunit 3	15923-16709:-1
MK919659.1	CDS	atp6	ATP synthase F0 subunit 6	16753-17461:-1
MK919659.1	CDS	atp8	ATP synthase F0 subunit 8	17481-17694:-1
MK919659.1	CDS	cox2	cytochrome oxidase subunit 2	17724-18480:-1
MK919660.1	CDS	cox1	cytochrome oxidase subunit 1	124-1690:1
MK919660.1	rRNA		small subunit ribosomal RNA	1727-2784:1
MK919660.1	CDS	nad1	NADH dehydrogenase subunit 1	2836-3817:1
MK919660.1	CDS	cob	cytochrome b	3828-4989:1
MK919660.1	CDS	nad6	NADH dehydrogenase subunit 6	5007-5562:1
MK919660.1	CDS	nad3	NADH dehydrogenase subunit 3	5626-5980:1
MK919660.1	CDS	nad4l	NADH dehydrogenase subunit 4L	5983-6277:1
MK919660.1	CDS	MutS	MutS-like protein	6290-9245:1
MK919660.1	rRNA		large subunit ribosomal RNA	9399-11165:1
MK919660.1	CDS	nad2	NADH dehydrogenase subunit 2	11202-12582:1
MK919660.1	CDS	nad5	NADH dehydrogenase subunit 5	12569-14387:1
MK919660.1	CDS	nad4	NADH dehydrogenase subunit 4	14413-15862:1
MK919660.1	tRNA		tRNA-Met	16158-16229:-1
MK919660.1	CDS	cox3	cytochrome oxidase subunit 3	16293-17079:-1
MK919660.1	CDS	atp6	ATP synthase F0 subunit 6	17136-17844:-1
MK919660.1	CDS	atp8	ATP synthase F0 subunit 8	17877-18093:-1
MK919660.1	CDS	cox2	cytochrome oxidase subunit 2	18121-18883:-1
MK919661.1	CDS	cox1	cytochrome oxidase subunit 1	124-1690:1
MK919661.1	rRNA		small subunit ribosomal RNA	1727-2784:1
MK919661.1	CDS	nad1	NADH dehydrogenase subunit 1	2836-3817:1
MK919661.1	CDS	cob	cytochrome b	3828-4989:1
MK919661.1	CDS	nad6	NADH dehydrogenase subunit 6	5007-5562:1
MK919661.1	CDS	nad3	NADH dehydrogenase subunit 3	5626-5980:1
MK919661.1	CDS	nad4l	NADH dehydrogenase subunit 4L	5983-6277:1
MK919661.1	CDS	MutS	MutS-like protein	6290-9245:1
MK919661.1	rRNA		large subunit ribosomal RNA	9399-11164:1
MK919661.1	CDS	nad2	NADH dehydrogenase subunit 2	11201-12581:1
MK919661.1	CDS	nad5	NADH dehydrogenase subunit 5	12568-14386:1
MK919661.1	CDS	nad4	NADH dehydrogenase subunit 4	14412-15861:1
MK919661.1	tRNA		tRNA-Met	16384-16455:-1
MK919661.1	CDS	cox3	cytochrome oxidase subunit 3	16519-17305:-1
MK919661.1	CDS	atp6	ATP synthase F0 subunit 6	17362-18070:-1
MK919661.1	CDS	atp8	ATP synthase F0 subunit 8	18103-18319:-1
MK919661.1	CDS	cox2	cytochrome oxidase subunit 2	18347-19109:-1
MK919662.1	CDS	cox1	cytochrome oxidase subunit 1	124-1690:1
MK919662.1	rRNA		small subunit ribosomal RNA	1727-2785:1
MK919662.1	CDS	nad1	NADH dehydrogenase subunit 1	2848-3829:1
MK919662.1	CDS	cob	cytochrome b	3840-5001:1
MK919662.1	CDS	nad6	NADH dehydrogenase subunit 6	5019-5574:1
MK919662.1	CDS	nad3	NADH dehydrogenase subunit 3	5638-5992:1
MK919662.1	CDS	nad4l	NADH dehydrogenase subunit 4L	5995-6289:1
MK919662.1	CDS	MutS	MutS-like protein	6302-9257:1
MK919662.1	rRNA		large subunit ribosomal RNA	9411-11194:1
MK919662.1	CDS	nad2	NADH dehydrogenase subunit 2	11231-12611:1
MK919662.1	CDS	nad5	NADH dehydrogenase subunit 5	12598-14416:1
MK919662.1	CDS	nad4	NADH dehydrogenase subunit 4	14442-15891:1
MK919662.1	tRNA		tRNA-Met	16395-16466:-1
MK919662.1	CDS	cox3	cytochrome oxidase subunit 3	16530-17316:-1
MK919662.1	CDS	atp6	ATP synthase F0 subunit 6	17373-18081:-1
MK919662.1	CDS	atp8	ATP synthase F0 subunit 8	18114-18330:-1
MK919662.1	CDS	cox2	cytochrome oxidase subunit 2	18368-19130:-1
MK919664.1	CDS	cox1	cytochrome oxidase subunit 1	124-1690:1
MK919664.1	rRNA		small subunit ribosomal RNA	1727-2784:1
MK919664.1	CDS	nad1	NADH dehydrogenase subunit 1	2835-3909:1
MK919664.1	CDS	cob	cytochrome b	3814-4975:1
MK919664.1	CDS	nad6	NADH dehydrogenase subunit 6	4993-5548:1
MK919664.1	CDS	nad3	NADH dehydrogenase subunit 3	5571-5925:1
MK919664.1	CDS	nad4l	NADH dehydrogenase subunit 4L	5928-6222:1
MK919664.1	CDS	MutS	MutS-like protein	6235-9229:1
MK919664.1	rRNA		large subunit ribosomal RNA	9383-11171:1
MK919664.1	CDS	nad2	NADH dehydrogenase subunit 2	11208-12591:1
MK919664.1	CDS	nad5	NADH dehydrogenase subunit 5	12578-14396:1
MK919664.1	CDS	nad4	NADH dehydrogenase subunit 4	14427-15876:1
MK919664.1	tRNA		tRNA-Met	15993-16064:-1
MK919664.1	CDS	cox3	cytochrome oxidase subunit 3	16128-16914:-1
MK919664.1	CDS	atp6	ATP synthase F0 subunit 6	16971-17679:-1
MK919664.1	CDS	atp8	ATP synthase F0 subunit 8	17699-17915:-1
MK919664.1	CDS	cox2	cytochrome oxidase subunit 2	17953-18715:-1
MK919666.1	CDS	cox1	cytochrome oxidase subunit 1	124-1690:1
MK919666.1	rRNA		small subunit ribosomal RNA	1727-2784:1
MK919666.1	CDS	nad1	NADH dehydrogenase subunit 1	2835-3816:1
MK919666.1	CDS	cob	cytochrome b	3827-4997:1
MK919666.1	CDS	nad6	NADH dehydrogenase subunit 6	5397-5952:1
MK919666.1	CDS	nad3	NADH dehydrogenase subunit 3	6016-6370:1
MK919666.1	CDS	nad4l	NADH dehydrogenase subunit 4L	6373-6667:1
MK919666.1	CDS	MutS	MutS-like protein	6680-9647:1
MK919666.1	rRNA		large subunit ribosomal RNA	9802-11590:1
MK919666.1	CDS	nad2	NADH dehydrogenase subunit 2	11628-13011:1
MK919666.1	CDS	nad5	NADH dehydrogenase subunit 5	12998-14816:1
MK919666.1	CDS	nad4	NADH dehydrogenase subunit 4	14847-16296:1
MK919666.1	tRNA		tRNA-Met	16419-16490:-1
MK919666.1	CDS	cox3	cytochrome oxidase subunit 3	16540-17326:-1
MK919666.1	CDS	atp6	ATP synthase F0 subunit 6	17383-18091:-1
MK919666.1	CDS	atp8	ATP synthase F0 subunit 8	18111-18327:-1
MK919666.1	CDS	cox2	cytochrome oxidase subunit 2	18365-19127:-1
MK919668.1	CDS	cox1	cytochrome oxidase subunit 1	73-1639:1
MK919668.1	rRNA		small subunit ribosomal RNA	1688-2750:1
MK919668.1	CDS	nad1	NADH dehydrogenase subunit 1	2815-3778:1
MK919668.1	CDS	cob	cytochrome b	3793-5386:1
MK919668.1	CDS	nad6	NADH dehydrogenase subunit 6	5387-5960:1
MK919668.1	CDS	nad3	NADH dehydrogenase subunit 3	5973-6327:1
MK919668.1	CDS	nad4l	NADH dehydrogenase subunit 4L	6330-6624:1
MK919668.1	CDS	MutS	MutS-like protein	6630-9555:1
MK919668.1	rRNA		large subunit ribosomal RNA	9709-11469:1
MK919668.1	CDS	nad2	NADH dehydrogenase subunit 2	11510-12884:1
MK919668.1	CDS	nad5	NADH dehydrogenase subunit 5	12871-14686:1
MK919668.1	CDS	nad4	NADH dehydrogenase subunit 4	14704-16153:1
MK919668.1	tRNA		tRNA-Met	16216-16287:-1
MK919668.1	CDS	cox3	cytochrome oxidase subunit 3	16355-17141:-1
MK919668.1	CDS	atp6	ATP synthase F0 subunit 6	17188-17896:-1
MK919668.1	CDS	atp8	ATP synthase F0 subunit 8	17913-18129:-1
MK919668.1	CDS	cox2	cytochrome oxidase subunit 2	18144-18927:-1
MK919669.1	CDS	cox1	cytochrome oxidase subunit 1	73-1642:1
MK919669.1	rRNA		small subunit ribosomal RNA	1675-2735:1
MK919669.1	CDS	nad1	NADH dehydrogenase subunit 1	2815-3778:1
MK919669.1	CDS	cob	cytochrome b	3793-5008:1
MK919669.1	CDS	nad6	NADH dehydrogenase subunit 6	5000-5579:1
MK919669.1	CDS	nad2	NADH dehydrogenase subunit 2	5562-6939:1
MK919669.1	CDS	nad5	NADH dehydrogenase subunit 5	6926-8750:1
MK919669.1	CDS	nad4	NADH dehydrogenase subunit 4	8751-10200:1
MK919669.1	CDS	MutS	MutS-like protein	10200-13251:-1
MK919669.1	CDS	nad4l	NADH dehydrogenase subunit 4L	13257-13551:-1
MK919669.1	CDS	nad3	NADH dehydrogenase subunit 3	13554-13908:-1
MK919669.1	rRNA		large subunit ribosomal RNA	13972-15735:-1
MK919669.1	tRNA		tRNA-Met	16028-16099:-1
MK919669.1	CDS	cox3	cytochrome oxidase subunit 3	16143-16929:-1
MK919669.1	CDS	atp6	ATP synthase F0 subunit 6	16981-17689:-1
MK919669.1	CDS	atp8	ATP synthase F0 subunit 8	17706-17922:-1
MK919669.1	CDS	cox2	cytochrome oxidase subunit 2	17937-18714:-1
MK919670.1	CDS	cox1	cytochrome oxidase subunit 1	101-1667:1
MK919670.1	rRNA		small subunit ribosomal RNA	1704-2763:1
MK919670.1	CDS	nad1	NADH dehydrogenase subunit 1	2814-3795:1
MK919670.1	CDS	cob	cytochrome b	3806-4967:1
MK919670.1	CDS	nad6	NADH dehydrogenase subunit 6	4985-5540:1
MK919670.1	CDS	nad3	NADH dehydrogenase subunit 3	5604-5958:1
MK919670.1	CDS	nad4l	NADH dehydrogenase subunit 4L	5961-6255:1
MK919670.1	CDS	MutS	MutS-like protein	6268-9229:1
MK919670.1	rRNA		large subunit ribosomal RNA	9386-11155:1
MK919670.1	CDS	nad2	NADH dehydrogenase subunit 2	11220-12576:1
MK919670.1	CDS	nad5	NADH dehydrogenase subunit 5	12563-14381:1
MK919670.1	CDS	nad4	NADH dehydrogenase subunit 4	14412-15861:1
MK919670.1	tRNA		tRNA-Met	16065-16136:-1
MK919670.1	CDS	cox3	cytochrome oxidase subunit 3	16186-16972:-1
MK919670.1	CDS	atp6	ATP synthase F0 subunit 6	17022-17730:-1
MK919670.1	CDS	atp8	ATP synthase F0 subunit 8	17750-17966:-1
MK919670.1	CDS	cox2	cytochrome oxidase subunit 2	18004-18766:-1
MK947129.1	CDS	ND5	NADH dehydrogenase subunit 5	0-711:1,2432-3551:1
MK947129.1	CDS	ND1	NADH dehydrogenase subunit 1	965-1946:1
MK947129.1	CDS	ND3	NADH dehydrogenase subunit 3	1979-2315:1
MK947129.1	tRNA		tRNA-Trp	3572-3642:1
MK947129.1	CDS	ND2	NADH dehydrogenase subunit 2	4008-5148:1
MK947129.1	rRNA		12S ribosomal RNA	5326-6319:1
MK947129.1	CDS	COX2	cytochrome c oxidase subunit II	6419-7115:1
MK947129.1	CDS	ND4	NADH dehydrogenase subunit 4	7424-8657:1
MK947129.1	CDS	ND6	NADH dehydrogenase subunit 6	8707-9310:1
MK947129.1	CDS	CYTB	cytochrome b	9527-10493:1
MK947129.1	tRNA		tRNA-Met	10622-10693:1
MK947129.1	rRNA		16S ribosomal RNA	11165-12867:1
MK947129.1	CDS	COX3	cytochrome c oxidase subunit III	12949-13738:1
MK947129.1	CDS	COX1	cytochrome c oxidase subunit I	13781-14578:1,15504-16354:1
MK947129.1	CDS	ND4L	NADH dehydrogenase subunit 4L	16411-16711:1
MK947129.1	CDS	ATP8	ATP synthase F0 subunit 8	16746-16959:1
MK947129.1	CDS	ATP6	ATP synthase F0 subunit 6	16999-17698:1
MN052677.1	CDS	COX1	cytochrome c oxidase subunit I	0-1626:1
MN052677.1	rRNA		12S ribosomal RNA	1757-2683:1
MN052677.1	CDS	ND1	NADH dehydrogenase subunit 1	2687-3659:1
MN052677.1	CDS	CYTB	cytochrome b	3713-4880:1
MN052677.1	CDS	ND6	NADH dehydrogenase subunit 6	4920-5478:1
MN052677.1	CDS	ND3	NADH dehydrogenase subunit 3	5521-5887:1
MN052677.1	CDS	ND4L	NADH dehydrogenase subunit 4L	5906-6200:1
MN052677.1	CDS		MutS-like protein	6213-9171:1
MN052677.1	rRNA		16S ribosomal RNA	9180-11365:1
MN052677.1	CDS	ND2	NADH dehydrogenase subunit 2	11369-12527:1
MN052677.1	CDS	ND5	NADH dehydrogenase subunit 5	12514-14332:1
MN052677.1	CDS	ND4	NADH dehydrogenase subunit 4	14940-16389:1
MN052677.1	tRNA		tRNA-Met	16444-16515:-1
MN052677.1	CDS	COX3	cytochrome c oxidase subunit III	16553-17339:-1
MN052677.1	CDS	ATP6	ATP synthase F0 subunit 6	17403-18111:-1
MN052677.1	CDS	ATP8	ATP synthase F0 subunit 8	18135-18351:-1
MN052677.1	CDS	COX2	cytochrome c oxidase subunit II	18373-19135:-1
MN795054.1	tRNA	trnM(cat)	tRNA-Met	0-71:1
MN795054.1	rRNA		16S ribosomal RNA	288-2296:1
MN795054.1	CDS	nad5	NADH dehydrogenase subunit 5	2639-3358:1,14535-15652:1
MN795054.1	CDS	nad1	NADH dehydrogenase subunit 1	3692-4676:1
MN795054.1	CDS	cob	cytochrome b	4793-5957:1
MN795054.1	CDS	nad2	NADH dehydrogenase subunit 2	6541-7639:1
MN795054.1	CDS	nad6	NADH dehydrogenase subunit 6	7672-8266:1
MN795054.1	CDS	atp6	ATP synthase F0 subunit 6	8348-9047:1
MN795054.1	CDS	nad4	NADH dehydrogenase subunit 4	9310-10786:1
MN795054.1	rRNA		12S ribosomal RNA	10829-11946:1
MN795054.1	CDS	cox3	cytochrome c oxidase subunit 3	12144-12933:1
MN795054.1	CDS	cox2	cytochrome c oxidase subunit 2	12968-13712:1
MN795054.1	CDS	nad4l	NADH dehydrogenase subunit 4L	13763-14063:1
MN795054.1	CDS	nad3	NADH dehydrogenase subunit 3	14080-14437:1
MN795054.1	tRNA	trnW(tca)	tRNA-Trp	15691-15761:1
MN795054.1	CDS	atp8	ATP synthase F0 subunit 8	15793-16009:1
MN795054.1	CDS	cox1	cytochrome c oxidase subunit 1	16133-17027:1,17991-18675:1
MN795054.1	tRNA	trnV(tac)	tRNA-Val	17464-17532:1
MN873592.1	CDS	COX1	cytochrome c oxidase subunit I	0-888:1,2281-3025:1
MN873592.1	CDS	ND4L	NADH dehydrogenase subunit 4L	3119-3419:1
MN873592.1	CDS	ATP8	ATP synthase F0 subunit 8	3496-3715:1
MN873592.1	CDS	ATP6	ATP synthase F0 subunit 6	3930-4629:1
MN873592.1	rRNA		small subunit ribosomal RNA	4932-6157:1
MN873592.1	CDS	ND2	NADH dehydrogenase subunit 2	6666-7839:1
MN873592.1	tRNA		tRNA-Met	7943-8014:1
MN873592.1	rRNA		large subunit ribosomal RNA	8058-10750:1
MN873592.1	CDS	ND5	NADH dehydrogenase subunit 5	10897-11629:1,13791-14955:1
MN873592.1	CDS	ND1	NADH dehydrogenase subunit 1	11944-12958:1
MN873592.1	CDS	ND3	NADH dehydrogenase subunit 3	13159-13516:1
MN873592.1	CDS	COX2	cytochrome c oxidase subunit II	16044-16797:1
MN873592.1	CDS	ND4	NADH dehydrogenase subunit 4	17164-18640:1
MN873592.1	CDS	ND6	NADH dehydrogenase subunit 6	18642-19329:1
MN873592.1	CDS	CYTB	cytochrome b	19454-20669:1
MN873592.1	CDS	COX3	cytochrome c oxidase subunit III	20938-21727:1
MN873599.1	CDS	COX1	cytochrome c oxidase subunit I	0-888:1,2168-2885:1
MN873599.1	CDS	ND4L	NADH dehydrogenase subunit 4L	3013-3313:1
MN873599.1	CDS	ATP8	ATP synthase F0 subunit 8	3390-3609:1
MN873599.1	CDS	ATP6	ATP synthase F0 subunit 6	3807-4506:1
MN873599.1	rRNA		small subunit ribosomal RNA	4733-5925:1
MN873599.1	CDS	ND2	NADH dehydrogenase subunit 2	6338-7499:1
MN873599.1	tRNA		tRNA-Met	7604-7675:1
MN873599.1	rRNA		large subunit ribosomal RNA	7715-10341:1
MN873599.1	CDS	ND5	NADH dehydrogenase subunit 5	10600-11332:1,13473-14604:1
MN873599.1	CDS	ND1	NADH dehydrogenase subunit 1	11647-12661:1
MN873599.1	CDS	ND3	NADH dehydrogenase subunit 3	12848-13205:1
MN873599.1	CDS	COX2	cytochrome c oxidase subunit II	15497-16250:1
MN873599.1	CDS	ND4	NADH dehydrogenase subunit 4	16610-18086:1
MN873599.1	CDS	ND6	NADH dehydrogenase subunit 6	18088-18739:1
MN873599.1	CDS	CYTB	cytochrome b	18829-20017:1
MN873599.1	CDS	COX3	cytochrome c oxidase subunit III	20273-21062:1
MN873600.1	CDS	COX1	cytochrome c oxidase subunit I	0-888:1,2168-2885:1
MN873600.1	CDS	ND4L	NADH dehydrogenase subunit 4L	3013-3313:1
MN873600.1	CDS	ATP8	ATP synthase F0 subunit 8	3390-3609:1
MN873600.1	CDS	ATP6	ATP synthase F0 subunit 6	3807-4506:1
MN873600.1	rRNA		small subunit ribosomal RNA	4733-5925:1
MN873600.1	CDS	ND2	NADH dehydrogenase subunit 2	6338-7499:1
MN873600.1	tRNA		tRNA-Met	7604-7675:1
MN873600.1	rRNA		large subunit ribosomal RNA	7715-10339:1
MN873600.1	CDS	ND5	NADH dehydrogenase subunit 5	10600-11332:1,13473-14604:1
MN873600.1	CDS	ND1	NADH dehydrogenase subunit 1	11647-12661:1
MN873600.1	CDS	ND3	NADH dehydrogenase subunit 3	12848-13205:1
MN873600.1	CDS	COX2	cytochrome c oxidase subunit II	15498-16251:1
MN873600.1	CDS	ND4	NADH dehydrogenase subunit 4	16611-18087:1
MN873600.1	CDS	ND6	NADH dehydrogenase subunit 6	18089-18740:1
MN873600.1	CDS	CYTB	cytochrome b	18830-20018:1
MN873600.1	CDS	COX3	cytochrome c oxidase subunit III	20274-21063:1
MN873602.1	CDS	COX1	cytochrome c oxidase subunit I	0-888:1,2168-2885:1
MN873602.1	CDS	ND4L	NADH dehydrogenase subunit 4L	3013-3313:1
MN873602.1	CDS	ATP8	ATP synthase F0 subunit 8	3390-3609:1
MN873602.1	CDS	ATP6	ATP synthase F0 subunit 6	3807-4506:1
MN873602.1	rRNA		small subunit ribosomal RNA	4733-5925:1
MN873602.1	CDS	ND2	NADH dehydrogenase subunit 2	6338-7499:1
MN873602.1	tRNA		tRNA-Met	7604-7675:1
MN873602.1	rRNA		large subunit ribosomal RNA	7715-10336:1
MN873602.1	CDS	ND5	NADH dehydrogenase subunit 5	10600-11332:1,13473-14604:1
MN873602.1	CDS	ND1	NADH dehydrogenase subunit 1	11647-12661:1
MN873602.1	CDS	ND3	NADH dehydrogenase subunit 3	12848-13205:1
MN873602.1	CDS	COX2	cytochrome c oxidase subunit II	15498-16251:1
MN873602.1	CDS	ND4	NADH dehydrogenase subunit 4	16611-18087:1
MN873602.1	CDS	ND6	NADH dehydrogenase subunit 6	18089-18740:1
MN873602.1	CDS	CYTB	cytochrome b	18830-20018:1
MN873602.1	CDS	COX3	cytochrome c oxidase subunit III	20274-21063:1
MT254530.1	CDS	COX1	cytochrome c oxidase subunit I	0-1597:1
MT254530.1	rRNA		small subunit ribosomal RNA	1748-2681:1
MT254530.1	CDS	ND1	NADH dehydrogenase subunit 1	2685-3657:1
MT254530.1	CDS	CYTB	cytochrome b	3722-4883:1
MT254530.1	CDS	ND6	NADH dehydrogenase subunit 6	4923-5481:1
MT254530.1	CDS	ND3	NADH dehydrogenase subunit 3	5524-5878:1
MT254530.1	CDS	ND4L	NADH dehydrogenase subunit 4L	5902-6196:1
MT254530.1	CDS		MutS-like protein	6209-9209:1
MT254530.1	rRNA		large subunit ribosomal RNA	9218-11395:1
MT254530.1	CDS	ND2	NADH dehydrogenase subunit 2	11399-12557:1
MT254530.1	CDS	ND5	NADH dehydrogenase subunit 5	12544-14362:1
MT254530.1	CDS	ND4	NADH dehydrogenase subunit 4	14447-15896:1
MT254530.1	tRNA		tRNA-Met	15953-16024:-1
MT254530.1	CDS	COX3	cytochrome c oxidase subunit III	16063-16849:-1
MT254530.1	CDS	ATP6	ATP synthase F0 subunit 6	16909-17617:-1
MT254530.1	CDS	ATP8	ATP synthase F0 subunit 8	17643-17859:-1
MT254530.1	CDS	COX2	cytochrome c oxidase subunit II	17885-18647:-1
MT318840.1	CDS	COX1	cytochrome c oxidase subunit I	36-1629:1
MT318840.1	CDS	ND4L	NADH dehydrogenase subunit 4L	1767-2067:1
MT318840.1	CDS	COX2	cytochrome c oxidase subunit II	2195-2945:1
MT318840.1	CDS	ND4	NADH dehydrogenase subunit 4	3005-4481:1
MT318840.1	CDS	ND6	NADH dehydrogenase subunit 6	4548-5181:1
MT318840.1	CDS	ATP8	ATP synthase F0 subunit 8	5242-5455:1
MT318840.1	CDS	ATP6	ATP synthase F0 subunit 6	5547-6246:1
MT318840.1	CDS	ND5	NADH dehydrogenase subunit 5	6421-7141:1,9071-10202:1
MT318840.1	CDS	ND1	NADH dehydrogenase subunit 1	7547-8531:1
MT318840.1	CDS	ND3	NADH dehydrogenase subunit 3	8579-8936:1
MT318840.1	tRNA		tRNA-Trp	10241-10311:1
MT318840.1	CDS	ND2	NADH dehydrogenase subunit 2	10330-11905:1
MT318840.1	rRNA		12S ribosomal RNA	12143-13311:1
MT318840.1	CDS	CYTB	cytochrome b	13433-14576:1
MT318840.1	tRNA		tRNA-Met	14651-14722:1
MT318840.1	rRNA		16S ribosomal RNA	14804-17392:1
MT318840.1	CDS	COX3	cytochrome c oxidase subunit III	17616-18405:1
MT318841.1	CDS	COX1	cytochrome c oxidase subunit I	0-894:1,2323-3022:1
MT318841.1	CDS		homing endonuclease	1251-2232:1
MT318841.1	CDS	ND4L	NADH dehydrogenase subunit 4L	3144-3444:1
MT318841.1	CDS	COX2	cytochrome c oxidase subunit II	3784-4534:1
MT318841.1	CDS	ND4	NADH dehydrogenase subunit 4	4632-6108:1
MT318841.1	CDS	ND6	NADH dehydrogenase subunit 6	6294-6873:1
MT318841.1	CDS	ATP8	ATP synthase F0 subunit 8	6944-7157:1
MT318841.1	CDS	ATP6	ATP synthase F0 subunit 6	7226-7925:1
MT318841.1	CDS	ND5	NADH dehydrogenase subunit 5	8022-8757:1,10687-11818:1
MT318841.1	CDS	ND1	NADH dehydrogenase subunit 1	9210-10194:1
MT318841.1	CDS	ND3	NADH dehydrogenase subunit 3	10224-10581:1
MT318841.1	tRNA		tRNA-Trp	11857-11927:1
MT318841.1	CDS	ND2	NADH dehydrogenase subunit 2	12005-13547:1
MT318841.1	rRNA		12S ribosomal RNA	13791-14931:1
MT318841.1	CDS	CYTB	cytochrome b	15001-16144:1
MT318841.1	tRNA		tRNA-Met	16219-16290:1
MT318841.1	rRNA		16S ribosomal RNA	16364-18982:1
MT318841.1	CDS	COX3	Cytochrome c oxidase subunit III	19136-19925:1
MT318842.1	CDS	COX1	cytochrome c oxidase subunit I	0-1590:1
MT318842.1	CDS	ND4L	NADH dehydrogenase subunit 4L	1682-1982:1
MT318842.1	CDS	COX2	cytochrome c oxidase subunit II	2052-2802:1
MT318842.1	CDS	ND4	NADH dehydrogenase subunit 4	2862-4338:1
MT318842.1	CDS	ND6	NADH dehydrogenase subunit 6	4442-5006:1
MT318842.1	CDS	ATP8	ATP synthase F0 subunit 8	5027-5243:1
MT318842.1	CDS	ATP6	ATP synthase F0 subunit 6	5315-6014:1
MT318842.1	CDS	ND5	NADH dehydrogenase subunit 5	6124-6832:1,8691-9822:1
MT318842.1	CDS	ND1	NADH dehydrogenase subunit 1	7187-8171:1
MT318842.1	CDS	ND3	NADH dehydrogenase subunit 3	8219-8576:1
MT318842.1	tRNA		tRNA-Trp	9849-9919:1
MT318842.1	CDS	ND2	NADH dehydrogenase subunit 2	9938-11447:1
MT318842.1	rRNA		12S ribosomal RNA	11644-12785:1
MT318842.1	CDS	CYTB	cytochrome b	12866-14009:1
MT318842.1	tRNA		tRNA-Met	14058-14129:1
MT318842.1	rRNA		16S ribosomal RNA	14193-16762:1
MT318842.1	CDS	COX3	Cytochrome c oxidase subunit III	16877-17666:1
MT318843.1	CDS	COX1	cytochrome c oxidase subunit I	0-1590:1
MT318843.1	CDS	ND4L	NADH dehydrogenase subunit 4L	1682-1982:1
MT318843.1	CDS	COX2	cytochrome c oxidase subunit II	2052-2802:1
MT318843.1	CDS	ND4	NADH dehydrogenase subunit 4	2862-4338:1
MT318843.1	CDS	ND6	NADH dehydrogenase subunit 6	4442-5006:1
MT318843.1	CDS	ATP8	ATP synthase F0 subunit 8	5027-5243:1
MT318843.1	CDS	ATP6	ATP synthase F0 subunit 6	5315-6014:1
MT318843.1	CDS	ND5	NADH dehydrogenase subunit 5	6124-6832:1,8691-9822:1
MT318843.1	CDS	ND1	NADH dehydrogenase subunit 1	7187-8171:1
MT318843.1	CDS	ND3	NADH dehydrogenase subunit 3	8219-8576:1
MT318843.1	tRNA		tRNA-Trp	9849-9919:1
MT318843.1	CDS	ND2	NADH dehydrogenase subunit 2	9938-11447:1
MT318843.1	rRNA		12S ribosomal RNA	11644-12785:1
MT318843.1	CDS	CYTB	cytochrome b	12866-14009:1
MT318843.1	tRNA		tRNA-Met	14058-14129:1
MT318843.1	rRNA		16S ribosomal RNA	14193-16762:1
MT318843.1	CDS	COX3	Cytochrome c oxidase subunit III	16877-17666:1
MT318844.1	CDS	COX1	cytochrome c oxidase subunit I	0-1590:1
MT318844.1	CDS	ND4L	NADH dehydrogenase subunit 4L	1682-1982:1
MT318844.1	CDS	COX2	cytochrome c oxidase subunit II	2052-2802:1
MT318844.1	CDS	ND4	NADH dehydrogenase subunit 4	2862-4338:1
MT318844.1	CDS	ND6	NADH dehydrogenase subunit 6	4442-5006:1
MT318844.1	CDS	ATP8	ATP synthase F0 subunit 8	5027-5243:1
MT318844.1	CDS	ATP6	ATP synthase F0 subunit 6	5315-6014:1
MT318844.1	CDS	ND5	NADH dehydrogenase subunit 5	6124-6832:1,8691-9822:1
MT318844.1	CDS	ND1	NADH dehydrogenase subunit 1	7187-8171:1
MT318844.1	CDS	ND3	NADH dehydrogenase subunit 3	8219-8576:1
MT318844.1	tRNA		tRNA-Trp	9849-9919:1
MT318844.1	CDS	ND2	NADH dehydrogenase subunit 2	9938-11447:1
MT318844.1	rRNA		12S ribosomal RNA	11644-12785:1
MT318844.1	CDS	CYTB	cytochrome b	12866-14009:1
MT318844.1	tRNA		tRNA-Met	14058-14129:1
MT318844.1	rRNA		16S ribosomal RNA	14193-16762:1
MT318844.1	CDS	COX3	Cytochrome c oxidase subunit III	16877-17666:1
MT318845.1	CDS	COX1	cytochrome c oxidase subunit I	0-1590:1
MT318845.1	CDS	ND4L	NADH dehydrogenase subunit 4L	1682-1982:1
MT318845.1	CDS	COX2	cytochrome c oxidase subunit II	2052-2802:1
MT318845.1	CDS	ND4	NADH dehydrogenase subunit 4	2863-4339:1
MT318845.1	CDS	ND6	NADH dehydrogenase subunit 6	4451-5015:1
MT318845.1	CDS	ATP8	ATP synthase F0 subunit 8	5039-5252:1
MT318845.1	CDS	ATP6	ATP synthase F0 subunit 6	5334-6033:1
MT318845.1	CDS	ND5	NADH dehydrogenase subunit 5	6098-6806:1,8659-9790:1
MT318845.1	CDS	ND1	NADH dehydrogenase subunit 1	7171-8155:1
MT318845.1	CDS	ND3	NADH dehydrogenase subunit 3	8187-8544:1
MT318845.1	tRNA		tRNA-Trp	9817-9887:1
MT318845.1	CDS	ND2	NADH dehydrogenase subunit 2	9906-11424:1
MT318845.1	rRNA		12S ribosomal RNA	11621-12762:1
MT318845.1	CDS	CYTB	cytochrome b	12872-14006:1
MT318845.1	tRNA		tRNA-Met	14055-14126:1
MT318845.1	rRNA		16S ribosomal RNA	14200-16790:1
MT318845.1	CDS	COX3	Cytochrome c oxidase subunit III	16864-17653:1
MT318846.1	CDS	COX1	cytochrome c oxidase subunit I	0-894:1,2481-3180:1
MT318846.1	CDS	HEG	homing endonuclease	1272-2268:1
MT318846.1	CDS	ND4L	NADH dehydrogenase subunit 4L	3349-3649:1
MT318846.1	CDS	COX2	cytochrome c oxidase subunit II	3806-4556:1
MT318846.1	CDS	ND4	NADH dehydrogenase subunit 4	4666-6142:1
MT318846.1	CDS	ND6	NADH dehydrogenase subunit 6	6316-6895:1
MT318846.1	CDS	ATP8	ATP synthase F0 subunit 8	6959-7172:1
MT318846.1	CDS	ATP6	ATP synthase F0 subunit 6	7405-8104:1
MT318846.1	CDS	ND5	NADH dehydrogenase subunit 5	8290-9010:1,11244-12375:1
MT318846.1	CDS	ND1	NADH dehydrogenase subunit 1	9582-10566:1
MT318846.1	CDS	ND3	NADH dehydrogenase subunit 3	10666-11023:1
MT318846.1	tRNA		tRNA-Trp	12414-12484:1
MT318846.1	CDS	ND2	NADH dehydrogenase subunit 2	13018-14602:1
MT318846.1	rRNA		12S ribosomal RNA	15033-16197:1
MT318846.1	CDS	CYTB	cytochrome b	16303-17446:1
MT318846.1	tRNA		tRNA-Met	17514-17585:1
MT318846.1	rRNA		16S ribosomal RNA	17787-20460:1
MT318846.1	CDS	COX3	Cytochrome c oxidase subunit III	20767-21556:1
MT318847.1	CDS	COX1	cytochrome c oxidase subunit I	0-894:1,2481-3180:1
MT318847.1	CDS	HEG	homing endonuclease	1272-2268:1
MT318847.1	CDS	ND4L	NADH dehydrogenase subunit 4L	3349-3649:1
MT318847.1	CDS	COX2	cytochrome c oxidase subunit II	3806-4556:1
MT318847.1	CDS	ND4	NADH dehydrogenase subunit 4	4666-6142:1
MT318847.1	CDS	ND6	NADH dehydrogenase subunit 6	6316-6895:1
MT318847.1	CDS	ATP8	ATP synthase F0 subunit 8	6959-7172:1
MT318847.1	CDS	ATP6	ATP synthase F0 subunit 6	7405-8104:1
MT318847.1	CDS	ND5	NADH dehydrogenase subunit 5	8290-9010:1,11244-12375:1
MT318847.1	CDS	ND1	NADH dehydrogenase subunit 1	9582-10566:1
MT318847.1	CDS	ND3	NADH dehydrogenase subunit 3	10666-11023:1
MT318847.1	tRNA		tRNA-Trp	12414-12484:1
MT318847.1	CDS	ND2	NADH dehydrogenase subunit 2	13002-14586:1
MT318847.1	rRNA		12S ribosomal RNA	15017-16181:1
MT318847.1	CDS	CYTB	cytochrome b	16287-17430:1
MT318847.1	tRNA		tRNA-Met	17498-17569:1
MT318847.1	rRNA		16S ribosomal RNA	17771-20444:1
MT318847.1	CDS	COX3	Cytochrome c oxidase subunit III	20751-21540:1
MT318849.1	CDS	COX1	cytochrome c oxidase subunit I	0-1590:1
MT318849.1	CDS	ND4L	NADH dehydrogenase subunit 4L	1682-1982:1
MT318849.1	CDS	COX2	cytochrome c oxidase subunit II	2064-2814:1
MT318849.1	CDS	ND4	NADH dehydrogenase subunit 4	2875-4351:1
MT318849.1	CDS	ND6	NADH dehydrogenase subunit 6	4455-5019:1
MT318849.1	CDS	ATP8	ATP synthase F0 subunit 8	5043-5256:1
MT318849.1	CDS	ATP6	ATP synthase F0 subunit 6	5338-6037:1
MT318849.1	CDS	ND5	NADH dehydrogenase subunit 5	6145-6853:1,8724-9855:1
MT318849.1	CDS	ND1	NADH dehydrogenase subunit 1	7220-8204:1
MT318849.1	CDS	ND3	NADH dehydrogenase subunit 3	8252-8609:1
MT318849.1	tRNA		tRNA-Trp	9882-9952:1
MT318849.1	CDS	ND2	NADH dehydrogenase subunit 2	9971-11489:1
MT318849.1	rRNA		12S ribosomal RNA	11686-12827:1
MT318849.1	CDS	CYTB	cytochrome b	12927-14070:1
MT318849.1	tRNA		tRNA-Met	14119-14190:1
MT318849.1	rRNA		16S ribosomal RNA	14254-16815:1
MT318849.1	CDS	COX3	Cytochrome c oxidase subunit III	16911-17700:1
MT318850.1	CDS	COX1	cytochrome c oxidase subunit I	0-1590:1
MT318850.1	CDS	ND4L	NADH dehydrogenase subunit 4L	1682-1982:1
MT318850.1	CDS	COX2	cytochrome c oxidase subunit II	2064-2814:1
MT318850.1	CDS	ND4	NADH dehydrogenase subunit 4	2875-4351:1
MT318850.1	CDS	ND6	NADH dehydrogenase subunit 6	4455-5019:1
MT318850.1	CDS	ATP8	ATP synthase F0 subunit 8	5043-5256:1
MT318850.1	CDS	ATP6	ATP synthase F0 subunit 6	5338-6037:1
MT318850.1	CDS	ND5	NADH dehydrogenase subunit 5	6145-6853:1,8724-9855:1
MT318850.1	CDS	ND1	NADH dehydrogenase subunit 1	7220-8204:1
MT318850.1	CDS	ND3	NADH dehydrogenase subunit 3	8252-8609:1
MT318850.1	tRNA		tRNA-Trp	9882-9952:1
MT318850.1	CDS	ND2	NADH dehydrogenase subunit 2	9971-11489:1
MT318850.1	rRNA		12S ribosomal RNA	11686-12827:1
MT318850.1	CDS	CYTB	cytochrome b	12927-14070:1
MT318850.1	tRNA		tRNA-Met	14119-14190:1
MT318850.1	rRNA		16S ribosomal RNA	14254-16815:1
MT318850.1	CDS	COX3	Cytochrome c oxidase subunit III	16911-17700:1
MT318851.1	CDS	COX1	cytochrome c oxidase subunit I	0-1590:1
MT318851.1	CDS	ND4L	NADH dehydrogenase subunit 4L	1682-1982:1
MT318851.1	CDS	COX2	cytochrome c oxidase subunit II	2064-2814:1
MT318851.1	CDS	ND4	NADH dehydrogenase subunit 4	2875-4351:1
MT318851.1	CDS	ND6	NADH dehydrogenase subunit 6	4455-5019:1
MT318851.1	CDS	ATP8	ATP synthase F0 subunit 8	5043-5256:1
MT318851.1	CDS	ATP6	ATP synthase F0 subunit 6	5338-6037:1
MT318851.1	CDS	ND5	NADH dehydrogenase subunit 5	6145-6853:1,8724-9855:1
MT318851.1	CDS	ND1	NADH dehydrogenase subunit 1	7220-8204:1
MT318851.1	CDS	ND3	NADH dehydrogenase subunit 3	8252-8609:1
MT318851.1	tRNA		tRNA-Trp	9882-9952:1
MT318851.1	CDS	ND2	NADH dehydrogenase subunit 2	9971-11489:1
MT318851.1	rRNA		12S ribosomal RNA	11686-12827:1
MT318851.1	CDS	CYTB	cytochrome b	12927-14070:1
MT318851.1	tRNA		tRNA-Met	14119-14190:1
MT318851.1	rRNA		16S ribosomal RNA	14254-16815:1
MT318851.1	CDS	COX3	Cytochrome c oxidase subunit III	16911-17700:1
MT318852.1	CDS	COX1	cytochrome c oxidase subunit I	0-894:1,2322-3021:1
MT318852.1	CDS		homing endonuclease	1238-2219:1
MT318852.1	CDS	ND4L	NADH dehydrogenase subunit 4L	3127-3427:1
MT318852.1	CDS	COX2	cytochrome c oxidase subunit II	3561-4311:1
MT318852.1	CDS	ND4	NADH dehydrogenase subunit 4	4393-5869:1
MT318852.1	CDS	ND6	NADH dehydrogenase subunit 6	6466-7045:1
MT318852.1	CDS	ATP8	ATP synthase F0 subunit 8	7158-7371:1
MT318852.1	CDS	ATP6	ATP synthase F0 subunit 6	7390-8089:1
MT318852.1	CDS	ND5	NADH dehydrogenase subunit 5	8205-8940:1,10937-12068:1
MT318852.1	CDS	ND1	NADH dehydrogenase subunit 1	9381-10365:1
MT318852.1	CDS	ND3	NADH dehydrogenase subunit 3	10474-10831:1
MT318852.1	tRNA		tRNA-Trp	12107-12177:1
MT318852.1	CDS	ND2	NADH dehydrogenase subunit 2	12258-13833:1
MT318852.1	rRNA		12S ribosomal RNA	14091-15262:1
MT318852.1	CDS	CYTB	cytochrome b	15323-16466:1
MT318852.1	tRNA		tRNA-Met	16505-16576:1
MT318852.1	rRNA		16S ribosomal RNA	16717-19379:1
MT318852.1	CDS	COX3	Cytochrome c oxidase subunit III	19436-20225:1
MT318853.1	CDS	COX1	cytochrome c oxidase subunit I	0-1590:1
MT318853.1	CDS	ND4L	NADH dehydrogenase subunit 4L	1682-1982:1
MT318853.1	CDS	COX2	cytochrome c oxidase subunit II	2064-2814:1
MT318853.1	CDS	ND4	NADH dehydrogenase subunit 4	2875-4351:1
MT318853.1	CDS	ND6	NADH dehydrogenase subunit 6	4455-5019:1
MT318853.1	CDS	ATP8	ATP synthase F0 subunit 8	5043-5256:1
MT318853.1	CDS	ATP6	ATP synthase F0 subunit 6	5338-6037:1
MT318853.1	CDS	ND5	NADH dehydrogenase subunit 5	6145-6853:1,8724-9855:1
MT318853.1	CDS	ND1	NADH dehydrogenase subunit 1	7220-8204:1
MT318853.1	CDS	ND3	NADH dehydrogenase subunit 3	8252-8609:1
MT318853.1	tRNA		tRNA-Trp	9882-9952:1
MT318853.1	CDS	ND2	NADH dehydrogenase subunit 2	9971-11489:1
MT318853.1	rRNA		12S ribosomal RNA	11686-12827:1
MT318853.1	CDS	CYTB	cytochrome b	12927-14070:1
MT318853.1	tRNA		tRNA-Met	14119-14190:1
MT318853.1	rRNA		16S ribosomal RNA	14254-16815:1
MT318853.1	CDS	COX3	Cytochrome c oxidase subunit III	16911-17700:1
MT318854.1	CDS	COX1	cytochrome c oxidase subunit I	0-1590:1
MT318854.1	CDS	ND4L	NADH dehydrogenase subunit 4L	1682-1982:1
MT318854.1	CDS	COX2	cytochrome c oxidase subunit II	2052-2802:1
MT318854.1	CDS	ND4	NADH dehydrogenase subunit 4	2862-4338:1
MT318854.1	CDS	ND6	NADH dehydrogenase subunit 6	4442-5006:1
MT318854.1	CDS	ATP8	ATP synthase F0 subunit 8	5027-5243:1
MT318854.1	CDS	ATP6	ATP synthase F0 subunit 6	5315-6014:1
MT318854.1	CDS	ND5	NADH dehydrogenase subunit 5	6124-6832:1,8691-9822:1
MT318854.1	CDS	ND1	NADH dehydrogenase subunit 1	7187-8171:1
MT318854.1	CDS	ND3	NADH dehydrogenase subunit 3	8219-8576:1
MT318854.1	tRNA		tRNA-Trp	9849-9919:1
MT318854.1	CDS	ND2	NADH dehydrogenase subunit 2	9938-11447:1
MT318854.1	rRNA		12S ribosomal RNA	11644-12785:1
MT318854.1	CDS	CYTB	cytochrome b	12866-14009:1
MT318854.1	tRNA		tRNA-Met	14058-14129:1
MT318854.1	rRNA		16S ribosomal RNA	14193-16762:1
MT318854.1	CDS	COX3	Cytochrome c oxidase subunit III	16877-17666:1
MT318855.1	CDS	COX1	cytochrome c oxidase subunit I	0-1590:1
MT318855.1	CDS	ND4L	NADH dehydrogenase subunit 4L	1682-1982:1
MT318855.1	CDS	COX2	cytochrome c oxidase subunit II	2052-2802:1
MT318855.1	CDS	ND4	NADH dehydrogenase subunit 4	2862-4338:1
MT318855.1	CDS	ND6	NADH dehydrogenase subunit 6	4442-5006:1
MT318855.1	CDS	ATP8	ATP synthase F0 subunit 8	5027-5243:1
MT318855.1	CDS	ATP6	ATP synthase F0 subunit 6	5315-6014:1
MT318855.1	CDS	ND5	NADH dehydrogenase subunit 5	6124-6832:1,8691-9822:1
MT318855.1	CDS	ND1	NADH dehydrogenase subunit 1	7187-8171:1
MT318855.1	CDS	ND3	NADH dehydrogenase subunit 3	8219-8576:1
MT318855.1	tRNA		tRNA-Trp	9849-9919:1
MT318855.1	CDS	ND2	NADH dehydrogenase subunit 2	9938-11447:1
MT318855.1	rRNA		12S ribosomal RNA	11644-12785:1
MT318855.1	CDS	CYTB	cytochrome b	12856-13999:1
MT318855.1	tRNA		tRNA-Met	14048-14119:1
MT318855.1	rRNA		16S ribosomal RNA	14183-16752:1
MT318855.1	CDS	COX3	Cytochrome c oxidase subunit III	16867-17656:1
MT318856.1	CDS	COX1	cytochrome c oxidase subunit I	0-894:1,2323-3022:1
MT318856.1	CDS	HEG	homing endonuclease	1251-2232:1
MT318856.1	CDS	ND4L	NADH dehydrogenase subunit 4L	3144-3444:1
MT318856.1	CDS	COX2	cytochrome c oxidase subunit II	3784-4534:1
MT318856.1	CDS	ND4	NADH dehydrogenase subunit 4	4632-6108:1
MT318856.1	CDS	ND6	NADH dehydrogenase subunit 6	6294-6873:1
MT318856.1	CDS	ATP8	ATP synthase F0 subunit 8	6944-7157:1
MT318856.1	CDS	ATP6	ATP synthase F0 subunit 6	7226-7925:1
MT318856.1	CDS	ND5	NADH dehydrogenase subunit 5	8022-8757:1,10687-11818:1
MT318856.1	CDS	ND1	NADH dehydrogenase subunit 1	9210-10194:1
MT318856.1	CDS	ND3	NADH dehydrogenase subunit 3	10224-10581:1
MT318856.1	tRNA		tRNA-Trp	11857-11927:1
MT318856.1	CDS	ND2	NADH dehydrogenase subunit 2	12005-13547:1
MT318856.1	rRNA		12S ribosomal RNA	13791-14930:1
MT318856.1	CDS	CYTB	cytochrome b	15000-16143:1
MT318856.1	tRNA		tRNA-Met	16218-16289:1
MT318856.1	rRNA		16S ribosomal RNA	16363-18981:1
MT318856.1	CDS	COX3	Cytochrome c oxidase subunit III	19135-19924:1
MT318857.1	CDS	COX1	cytochrome c oxidase subunit I	0-894:1,2360-3059:1
MT318857.1	CDS	HEG	homing endonuclease	1267-2263:1
MT318857.1	CDS	ND4L	NADH dehydrogenase subunit 4L	3094-3394:1
MT318857.1	CDS	COX2	cytochrome c oxidase subunit II	3572-4322:1
MT318857.1	CDS	ND4	NADH dehydrogenase subunit 4	4404-5880:1
MT318857.1	CDS	ND6	NADH dehydrogenase subunit 6	6045-6624:1
MT318857.1	CDS	ATP8	ATP synthase F0 subunit 8	6738-6951:1
MT318857.1	CDS	ATP6	ATP synthase F0 subunit 6	6970-7669:1
MT318857.1	CDS	ND5	NADH dehydrogenase subunit 5	7808-8528:1,10414-11545:1
MT318857.1	CDS	ND1	NADH dehydrogenase subunit 1	8954-9938:1
MT318857.1	CDS	ND3	NADH dehydrogenase subunit 3	9950-10307:1
MT318857.1	tRNA		tRNA-Trp	11583-11653:1
MT318857.1	CDS	ND2	NADH dehydrogenase subunit 2	11762-13319:1
MT318857.1	rRNA		12S ribosomal RNA	13596-14766:1
MT318857.1	CDS	CYTB	cytochrome b	14835-15978:1
MT318857.1	tRNA		tRNA-Met	16029-16100:1
MT318857.1	rRNA		16S ribosomal RNA	16166-18807:1
MT318857.1	CDS	COX3	Cytochrome c oxidase subunit III	18994-19783:1
MT318858.1	CDS	COX1	cytochrome c oxidase subunit I	0-1590:1
MT318858.1	CDS	ND4L	NADH dehydrogenase subunit 4L	1682-1982:1
MT318858.1	CDS	COX2	cytochrome c oxidase subunit II	2052-2802:1
MT318858.1	CDS	ND4	NADH dehydrogenase subunit 4	2862-4338:1
MT318858.1	CDS	ND6	NADH dehydrogenase subunit 6	4442-5006:1
MT318858.1	CDS	ATP8	ATP synthase F0 subunit 8	5027-5243:1
MT318858.1	CDS	ATP6	ATP synthase F0 subunit 6	5315-6014:1
MT318858.1	CDS	ND5	NADH dehydrogenase subunit 5	6124-6832:1,8691-9822:1
MT318858.1	CDS	ND1	NADH dehydrogenase subunit 1	7187-8171:1
MT318858.1	CDS	ND3	NADH dehydrogenase subunit 3	8219-8576:1
MT318858.1	tRNA		tRNA-Trp	9849-9919:1
MT318858.1	CDS	ND2	NADH dehydrogenase subunit 2	9938-11447:1
MT318858.1	rRNA		12S ribosomal RNA	11644-12785:1
MT318858.1	CDS	CYTB	cytochrome b	12856-13999:1
MT318858.1	tRNA		tRNA-Met	14048-14119:1
MT318858.1	rRNA		16S ribosomal RNA	14183-16743:1
MT318858.1	CDS	COX3	Cytochrome c oxidase subunit III	16858-17647:1
MT318859.1	CDS	COX1	cytochrome c oxidase subunit I	0-894:1,1796-2483:1
MT318859.1	CDS	HEG	homing endonuclease	1078-1735:1
MT318859.1	CDS	ND4L	NADH dehydrogenase subunit 4L	2566-2866:1
MT318859.1	CDS	COX2	cytochrome c oxidase subunit II	2896-3646:1
MT318859.1	CDS	ND4	NADH dehydrogenase subunit 4	3656-5132:1
MT318859.1	CDS	ND6	NADH dehydrogenase subunit 6	5209-5779:1
MT318859.1	CDS	ATP8	ATP synthase F0 subunit 8	5783-5996:1
MT318859.1	CDS	ATP6	ATP synthase F0 subunit 6	6005-6704:1
MT318859.1	CDS	ND5	NADH dehydrogenase subunit 5	6729-7449:1,9148-10279:1
MT318859.1	CDS	ND1	NADH dehydrogenase subunit 1	7702-8686:1
MT318859.1	CDS	ND3	NADH dehydrogenase subunit 3	8691-9051:1
MT318859.1	tRNA		tRNA-Trp	10312-10382:1
MT318859.1	CDS	ND2	NADH dehydrogenase subunit 2	10399-11887:1
MT318859.1	rRNA		12S ribosomal RNA	12041-13130:1
MT318859.1	CDS	CYTB	cytochrome b	13196-14333:1
MT318859.1	tRNA		tRNA-Met	14392-14463:1
MT318859.1	rRNA		16S ribosomal RNA	14505-16759:1
MT318859.1	CDS	COX3	Cytochrome c oxidase subunit III	16860-17649:1
MT576637.1	tRNA		tRNA-Met	0-72:1
MT576637.1	rRNA		16S ribosomal RNA	232-1936:1
MT576637.1	CDS	nad5	NADH dehydrogenase subunit 5	1969-2680:1,12229-13330:1
MT576637.1	CDS	nad1	NADH dehydrogenase subunit 1	2812-3760:1
MT576637.1	CDS	cytb	cytochrome b	3767-4901:1
MT576637.1	CDS	nad2	NADH dehydrogenase subunit 2	5109-6213:1
MT576637.1	CDS	nad6	NADH dehydrogenase subunit 6	6213-6774:1
MT576637.1	CDS	atp6	ATP synthase subunit 6	6773-7451:1
MT576637.1	CDS	nad4	NADH dehydrogenase subunit 4	7450-8890:1
MT576637.1	rRNA		12S ribosomal RNA	8999-9905:1
MT576637.1	CDS	cox3	cytochrome c oxidase subunit III	9905-10685:1
MT576637.1	CDS	cox2	cytochrome c oxidase subunit II	10841-11549:1
MT576637.1	CDS	nad4L	NADH dehydrogenase subunit 4L	11530-11830:1
MT576637.1	CDS	nad3	NADH dehydrogenase subunit 3	11832-12174:1
MT576637.1	tRNA		tRNA-Trp	13328-13398:1
MT576637.1	CDS	atp8	ATP synthase subunit 8	13420-13615:1
MT576637.1	CDS	cox1	cytochrome c oxidase subunit I	13668-15210:1
MT849368.1	rRNA	rrn16	16S ribosomal RNA	0-1703:1
MT849368.1	CDS	ND5	NADH dehydrogenase subunit 5	1786-2497:1,11895-12999:1
MT849368.1	CDS	ND1	NADH dehydrogenase subunit 1	2605-3553:1
MT849368.1	CDS	CYTB	cytochrome b	3561-4695:1
MT849368.1	CDS	ND2	NADH dehydrogenase subunit 2	4903-6007:1
MT849368.1	CDS	ND6	NADH dehydrogenase subunit 6	6008-6569:1
MT849368.1	CDS	ATP6	ATP synthase F0 subunit 6	6568-7246:1
MT849368.1	CDS	ND4	NADH dehydrogenase subunit 4	7245-8685:1
MT849368.1	rRNA	rrn12	12S ribosomal RNA	8821-9731:1
MT849368.1	CDS	COX3	cytochrome oxidase 3	9724-10504:1
MT849368.1	CDS	COX2	cytochrome oxidase 2	10506-11214:1
MT849368.1	CDS	ND4L	NADH dehydrogenase subunit 4L	11195-11495:1
MT849368.1	CDS	ND3	NADH dehydrogenase subunit 3	11497-11839:1
MT849368.1	tRNA	trnW	tRNA-Trp	12997-13067:1
MT849368.1	CDS	ATP8	ATP synthase F0 subunit 8	13070-13268:1
MT849368.1	CDS	COX1	cytochrome oxidase 1	13285-14833:1
MT997141.1	CDS	ND5	NADH dehydrogenase subunit 5	0-717:1,2398-3514:1
MT997141.1	CDS	ND1	NADH dehydrogenase subunit 1	940-1924:1
MT997141.1	CDS	ND3	NADH dehydrogenase subunit 3	1930-2287:1
MT997141.1	tRNA	trnW(tca)	tRNA-Trp	3534-3604:1
MT997141.1	CDS	ND2	NADH dehydrogenase subunit 2	3709-5086:1
MT997141.1	rRNA		small subunit ribosomal RNA	5135-6217:1
MT997141.1	CDS	COX2	cytochrome c oxidase subunit II	7059-7806:1
MT997141.1	CDS	ND4	NADH dehydrogenase subunit 4	7811-9287:1
MT997141.1	CDS	ND6	NADH dehydrogenase subunit 6	9291-9900:1
MT997141.1	CDS	CYTB	cytochrome b	9927-11109:1
MT997141.1	tRNA	trnM(cat)	tRNA-Met	11167-11238:1
MT997141.1	rRNA		large subunit ribosomal RNA	11238-13402:1
MT997141.1	CDS	COX3	cytochrome c oxidase subunit III	13918-14707:1
MT997141.1	CDS	COX1	cytochrome c oxidase subunit I	14827-15720:1,16573-17273:1
MT997141.1	CDS	heg	homing endonuclease	15874-16546:1
MT997141.1	CDS	ND4L	NADH dehydrogenase subunit 4L	17313-17613:1
MT997141.1	CDS	ATP8	ATP synthase F0 subunit 8	17637-17853:1
MT997141.1	CDS	ATP6	ATP synthase F0 subunit 6	17883-18573:1
MW166875.1	CDS	Cox1	cytochrome c oxidase subunit I	0-1597:1
MW166875.1	rRNA		12S ribosomal RNA	1748-2672:1
MW166875.1	CDS	Nad1	NADH dehydrogenase subunit 1	2676-3648:1
MW166875.1	CDS	Cytb	cytochrome b	3704-4871:1
MW166875.1	CDS	Nad6	NADH dehydrogenase subunit 6	4899-5457:1
MW166875.1	CDS	Nad3	NADH dehydrogenase subunit 3	5485-5839:1
MW166875.1	CDS	Nad4L	NADH dehydrogenase subunit 4L	5858-6152:1
MW166875.1	CDS	MutS	MutS-like protein	6165-9090:1
MW166875.1	rRNA		16S ribosomal RNA	9116-11307:1
MW166875.1	CDS	Nad2	NADH dehydrogenase subunit 2	11311-12469:1
MW166875.1	CDS	Nad5	NADH dehydrogenase subunit 5	12456-14274:1
MW166875.1	CDS	Nad4	NADH dehydrogenase subunit 4	14371-15820:1
MW166875.1	tRNA		tRNA-Met	15879-15950:-1
MW166875.1	CDS	Cox3	cytochrome c oxidase subunit III	15981-16767:-1
MW166875.1	CDS		ATP synthase subunit 6	16831-17539:-1
MW166875.1	CDS	Atp8	ATP synthase subunit 8	17562-17778:-1
MW166875.1	CDS	Cox2	cytochrome c oxidase subunit II	17800-18562:-1
MW166876.1	CDS	Cox1	cytochrome c oxidase subunit I	0-1597:1
MW166876.1	rRNA		12S ribosomal RNA	1748-2674:1
MW166876.1	CDS	Nad1	NADH dehydrogenase subunit 1	2678-3650:1
MW166876.1	CDS	Cytb	cytochrome b	3699-4857:1
MW166876.1	CDS	Nad6	NADH dehydrogenase subunit 6	5170-5728:1
MW166876.1	CDS	Nad3	NADH dehydrogenase subunit 3	5771-6125:1
MW166876.1	CDS	Nad4L	NADH dehydrogenase subunit 4L	6144-6438:1
MW166876.1	CDS	MutS	MutS-like protein	6451-9433:1
MW166876.1	rRNA		16S ribosomal RNA	9442-11637:1
MW166876.1	CDS	Nad2	NADH dehydrogenase subunit 2	11641-12799:1
MW166876.1	CDS	Nad5	NADH dehydrogenase subunit 5	12786-14604:1
MW166876.1	CDS	Nad4	NADH dehydrogenase subunit 4	14666-16115:1
MW166876.1	tRNA		tRNA-Met	16172-16243:-1
MW166876.1	CDS	Cox3	cytochrome c oxidase subunit III	16282-17068:-1
MW166876.1	CDS	Atp6	ATP synthase subunit 6	17132-17840:-1
MW166876.1	CDS	Atp8	ATP synthase subunit 8	17878-18094:-1
MW166876.1	CDS	Cox2	cytochrome c oxidase subunit II	18116-18878:-1
MW166878.1	CDS	Cox1	cytochrome c oxidase subunit I	0-1597:1
MW166878.1	rRNA		12S ribosomal RNA	1747-2674:1
MW166878.1	CDS	Nad1	NADH dehydrogenase subunit 1	2678-3650:1
MW166878.1	CDS	Cytb	cytochrome b	3704-4871:1
MW166878.1	CDS	Nad6	NADH dehydrogenase subunit 6	4899-5457:1
MW166878.1	CDS	Nad3	NADH dehydrogenase subunit 3	5513-5867:1
MW166878.1	CDS	Nad4L	NADH dehydrogenase subunit 4L	5885-6179:1
MW166878.1	CDS	MutS	MutS-like protein	6192-9150:1
MW166878.1	rRNA		16S ribosomal RNA	9159-11360:1
MW166878.1	CDS	Nad2	NADH dehydrogenase subunit 2	11364-12507:1
MW166878.1	CDS	Nad5	NADH dehydrogenase subunit 5	12494-14312:1
MW166878.1	CDS	Nad4	NADH dehydrogenase subunit 4	14407-15856:1
MW166878.1	tRNA		tRNA-Met	15915-15986:-1
MW166878.1	CDS	Cox3	cytochrome c oxidase subunit III	16025-16811:-1
MW166878.1	CDS	Atp6	ATP synthase subunit 6	16875-17583:-1
MW166878.1	CDS	Atp8	ATP synthase subunit 8	17615-17831:-1
MW166878.1	CDS	Cox2	cytochrome c oxidase subunit II	17853-18615:-1
MW238423.1	CDS	cox1	cytochrome c oxidase subunit 1	0-1582:1
MW238423.1	rRNA		12S ribosomal RNA	1582-2674:1
MW238423.1	CDS	nad1	NADH dehydrogenase subunit 1	2677-3649:1
MW238423.1	CDS	CYTB	cytochrome b	3706-4873:1
MW238423.1	CDS	nad6	NADH dehydrogenase subunit 6	4913-5471:1
MW238423.1	CDS	nad3	NADH dehydrogenase subunit 3	5514-5868:1
MW238423.1	CDS	nad4l	NADH dehydrogenase subunit 4L	5888-6182:1
MW238423.1	CDS	mutS	DNA mismatch repair protein MutS	6195-9153:1
MW238423.1	rRNA		16S ribosomal RNA	9162-11086:1
MW238423.1	CDS	nad2	NADH dehydrogenase subunit 2	11129-12503:1
MW238423.1	CDS	nad5	NADH dehydrogenase subunit 5	12490-14308:1
MW238423.1	CDS	nad4	NADH dehydrogenase subunit 4	14405-15854:1
MW238423.1	tRNA		tRNA-Met	15911-15982:1
MW238423.1	CDS	cox3	cytochrome c oxidase subunit 3	16021-16807:-1
MW238423.1	CDS	atp6	ATP synthase F0 subunit 6	16871-17579:-1
MW238423.1	CDS	atp8	ATP synthase F0 subunit 8	17603-17819:-1
MW238423.1	CDS	cox2	cytochrome c oxidase subunit 2	17841-18603:-1
MW246535.1	tRNA		tRNA-Met	0-71:1
MW246535.1	rRNA		large subunit ribosomal RNA	71-2241:1
MW246535.1	CDS	nad5	NADH dehydrogenase subunit 5	2433-3153:1,15003-16119:1
MW246535.1	CDS	nad1	NADH dehydrogenase subunit 1	3476-4460:1
MW246535.1	CDS	cob	cytochrome b	4570-5728:1
MW246535.1	CDS	nad2	NADH dehydrogenase subunit 2	6254-7352:1
MW246535.1	CDS	nad6	NADH dehydrogenase subunit 6	7384-7978:1
MW246535.1	CDS	atp6	ATP synthase F0 subunit 6	8046-8745:1
MW246535.1	CDS	nad4	NADH dehydrogenase subunit 4	8896-10372:1
MW246535.1	rRNA		small subunit ribosomal RNA	10634-11607:1
MW246535.1	CDS	cox3	cytochrome c oxidase subunit 3	12599-13388:1
MW246535.1	CDS	cox2	cytochrome c oxidase subunit 2	13444-14188:1
MW246535.1	CDS	nad4l	NADH dehydrogenase subunit 4L	14216-14519:1
MW246535.1	CDS	nad3	NADH dehydrogenase subunit 3	14551-14908:1
MW246535.1	tRNA		tRNA-Trp	16149-16219:1
MW246535.1	CDS	atp8	ATP synthase F0 subunit 8	16251-16470:1
MW246535.1	CDS	cox1	cytochrome c oxidase subunit 1	16451-18053:1
MW246544.1	tRNA		tRNA-Met	0-71:1
MW246544.1	rRNA		large subunit ribosomal RNA	71-2241:1
MW246544.1	CDS	nad5	NADH dehydrogenase subunit 5	2433-3153:1,15003-16119:1
MW246544.1	CDS	nad1	NADH dehydrogenase subunit 1	3476-4460:1
MW246544.1	CDS	cob	cytochrome b	4570-5728:1
MW246544.1	CDS	nad2	NADH dehydrogenase subunit 2	6251-7349:1
MW246544.1	CDS	nad6	NADH dehydrogenase subunit 6	7381-7975:1
MW246544.1	CDS	atp6	ATP synthase F0 subunit 6	8043-8742:1
MW246544.1	CDS	nad4	NADH dehydrogenase subunit 4	8893-10369:1
MW246544.1	rRNA		small subunit ribosomal RNA	10631-11604:1
MW246544.1	CDS	cox3	cytochrome c oxidase subunit 3	12599-13388:1
MW246544.1	CDS	cox2	cytochrome c oxidase subunit 2	13444-14188:1
MW246544.1	CDS	nad4l	NADH dehydrogenase subunit 4L	14216-14519:1
MW246544.1	CDS	nad3	NADH dehydrogenase subunit 3	14551-14908:1
MW246544.1	tRNA		tRNA-Trp	16149-16219:1
MW246544.1	CDS	atp8	ATP synthase F0 subunit 8	16251-16470:1
MW246544.1	CDS	cox1	cytochrome c oxidase subunit 1	16451-18053:1
MW423625.1	CDS	COX1	cytochrome c oxidase subunit I	0-1597:1
MW423625.1	rRNA		12S ribosomal RNA	1748-2671:1
MW423625.1	CDS	ND1	NADH dehydrogenase subunit 1	2675-3647:1
MW423625.1	CDS	CYTB	cytochrome b	3730-4867:1
MW423625.1	CDS	ND6	NADH dehydrogenase subunit 6	5066-5624:1
MW423625.1	CDS	ND3	NADH dehydrogenase subunit 3	5667-6021:1
MW423625.1	CDS	ND4L	NADH dehydrogenase subunit 4L	6040-6334:1
MW423625.1	CDS	MutS	MutS-like protein	6347-9287:1
MW423625.1	rRNA		16S ribosomal RNA	9296-11463:1
MW423625.1	CDS	ND2	NADH dehydrogenase subunit 2	11467-12625:1
MW423625.1	CDS	ND5	NADH dehydrogenase subunit 5	12612-14430:1
MW423625.1	CDS	ND4	NADH dehydrogenase subunit 4	14514-15963:1
MW423625.1	tRNA		tRNA-Met	16034-16108:-1
MW423625.1	CDS	COX3	cytochrome c oxidase subunit III	16147-16933:-1
MW423625.1	CDS	ATP6	ATP synthase subunit 6	16997-17705:-1
MW423625.1	CDS	ATP8	ATP synthase subunit 8	17729-17945:-1
MW423625.1	CDS	COX2	cytochrome c oxidase subunit II	17967-18729:-1
MW760873.1	CDS	ND5	NADH dehydrogenase subunit 5	0-716:1,2396-3513:1
MW760873.1	CDS	ND1	NADH dehydrogenase subunit 1	940-1924:1
MW760873.1	CDS	ND3	NADH dehydrogenase subunit 3	1930-2287:1
MW760873.1	tRNA		tRNA-Trp	3809-3879:1
MW760873.1	CDS	ND2	NADH dehydrogenase subunit 2	3993-5376:1
MW760873.1	rRNA		small subunit ribosomal RNA	5425-6483:1
MW760873.1	CDS	COX2	cytochrome c oxidase subunit 2	6535-7282:1
MW760873.1	CDS	ND4	NADH dehydrogenase subunit 4	7287-8763:1
MW760873.1	CDS	ND6	NADH dehydrogenase subunit 6	8767-9376:1
MW760873.1	CDS	CYTB	cytochrome b	9403-10555:1
MW760873.1	tRNA		tRNA-Met	11033-11104:1
MW760873.1	rRNA		large subunit ribosomal RNA	11104-13321:1
MW760873.1	CDS	COX3	cytochrome c oxidase subunit 3	13392-14181:1
MW760873.1	CDS	COX1	cytochrome c oxidase subunit 1	14349-15242:1,16107-16789:1
MW760873.1	CDS	HEG1	HEG1	14349-16095:1
MW760873.1	CDS	OrfA	OrfA	17195-17729:1
MW760873.1	CDS	ND4L	NADH dehydrogenase subunit 4L	17718-18018:1
MW760873.1	CDS	ATP8	ATP synthase F0 subunit 8	18042-18258:1
MW760873.1	CDS	ATP6	ATP synthase F0 subunit 6	18290-18980:1
MW773216.1	tRNA		tRNA-Met	0-71:1
MW773216.1	rRNA		16S ribosomal RNA	71-2333:1
MW773216.1	CDS	ND5	NADH dehydrogenase subunit 5	2435-3155:1,15080-16196:1
MW773216.1	CDS	ND1	NADH dehydrogenase subunit 1	3478-4462:1
MW773216.1	CDS	CYTB	cytochrome b	4569-5727:1
MW773216.1	CDS	ND2	NADH dehydrogenase subunit 2	6245-7343:1
MW773216.1	CDS	ND6	NADH dehydrogenase subunit 6	7375-7969:1
MW773216.1	CDS	ATP6	ATP synthase F0 subunit 6	8037-8736:1
MW773216.1	CDS	ND4	NADH dehydrogenase subunit 4	8887-10363:1
MW773216.1	rRNA		12S ribosomal RNA	10415-11591:1
MW773216.1	CDS	COX3	cytochrome c oxidase subunit III	12674-13463:1
MW773216.1	CDS	COX2	cytochrome c oxidase subunit II	13519-14263:1
MW773216.1	CDS	ND4L	NADH dehydrogenase subunit 4L	14296-14596:1
MW773216.1	CDS	ND3	NADH dehydrogenase subunit 3	14628-14985:1
MW773216.1	tRNA		tRNA-Trp	16227-16297:1
MW773216.1	CDS	ATP8	ATP synthase F0 subunit 8	16329-16548:1
MW773216.1	CDS	COX1	cytochrome c oxidase subunit I	16529-18131:1
MW773217.1	tRNA		tRNA-Met	0-71:1
MW773217.1	rRNA		16S ribosomal RNA	71-2329:1
MW773217.1	CDS	ND5	NADH dehydrogenase subunit 5	2431-3151:1,15100-16216:1
MW773217.1	CDS	ND1	NADH dehydrogenase subunit 1	3474-4458:1
MW773217.1	CDS	CYTB	cytochrome b	4568-5726:1
MW773217.1	CDS	ND2	NADH dehydrogenase subunit 2	6243-7341:1
MW773217.1	CDS	ND6	NADH dehydrogenase subunit 6	7373-7967:1
MW773217.1	CDS	ATP6	ATP synthase F0 subunit 6	8035-8734:1
MW773217.1	CDS	ND4	NADH dehydrogenase subunit 4	8885-10361:1
MW773217.1	rRNA		12S ribosomal RNA	10413-11589:1
MW773217.1	CDS	COX3	cytochrome c oxidase subunit III	12694-13483:1
MW773217.1	CDS	COX2	cytochrome c oxidase subunit II	13539-14283:1
MW773217.1	CDS	ND4L	NADH dehydrogenase subunit 4L	14316-14616:1
MW773217.1	CDS	ND3	NADH dehydrogenase subunit 3	14648-15005:1
MW773217.1	tRNA		tRNA-Trp	16247-16317:1
MW773217.1	CDS	ATP8	ATP synthase F0 subunit 8	16349-16568:1
MW773217.1	CDS	COX1	cytochrome c oxidase subunit I	16549-18151:1
MW773218.1	tRNA		tRNA-Met	0-71:1
MW773218.1	rRNA		16S ribosomal RNA	71-2330:1
MW773218.1	CDS	ND5	NADH dehydrogenase subunit 5	2432-3152:1,15329-16445:1
MW773218.1	CDS	ND1	NADH dehydrogenase subunit 1	3475-4459:1
MW773218.1	CDS	CYTB	cytochrome b	4564-5722:1
MW773218.1	CDS	ND2	NADH dehydrogenase subunit 2	6238-7336:1
MW773218.1	CDS	ND6	NADH dehydrogenase subunit 6	7368-7962:1
MW773218.1	CDS	ATP6	ATP synthase F0 subunit 6	8030-8729:1
MW773218.1	CDS	ND4	NADH dehydrogenase subunit 4	8880-10356:1
MW773218.1	rRNA		12S ribosomal RNA	10408-11587:1
MW773218.1	CDS	COX3	cytochrome c oxidase subunit III	12889-13678:1
MW773218.1	CDS	COX2	cytochrome c oxidase subunit II	13735-14479:1
MW773218.1	CDS	ND4L	NADH dehydrogenase subunit 4L	14545-14845:1
MW773218.1	CDS	ND3	NADH dehydrogenase subunit 3	14877-15234:1
MW773218.1	tRNA		tRNA-Trp	16476-16546:1
MW773218.1	CDS	ATP8	ATP synthase F0 subunit 8	16578-16797:1
MW773218.1	CDS	COX1	cytochrome c oxidase subunit I	16778-18380:1
MW773219.1	tRNA		tRNA-Met	0-71:1
MW773219.1	rRNA		16S ribosomal RNA	71-2329:1
MW773219.1	CDS	ND5	NADH dehydrogenase subunit 5	2431-3151:1,15216-16332:1
MW773219.1	CDS	ND1	NADH dehydrogenase subunit 1	3474-4458:1
MW773219.1	CDS	CYTB	cytochrome b	4565-5723:1
MW773219.1	CDS	ND2	NADH dehydrogenase subunit 2	6244-7342:1
MW773219.1	CDS	ND6	NADH dehydrogenase subunit 6	7374-7968:1
MW773219.1	CDS	ATP6	ATP synthase F0 subunit 6	8036-8735:1
MW773219.1	CDS	ND4	NADH dehydrogenase subunit 4	8887-10363:1
MW773219.1	rRNA		12S ribosomal RNA	10415-11591:1
MW773219.1	CDS	COX3	cytochrome c oxidase subunit III	12810-13599:1
MW773219.1	CDS	COX2	cytochrome c oxidase subunit II	13655-14399:1
MW773219.1	CDS	ND4L	NADH dehydrogenase subunit 4L	14432-14732:1
MW773219.1	CDS	ND3	NADH dehydrogenase subunit 3	14764-15121:1
MW773219.1	tRNA		tRNA-Trp	16363-16433:1
MW773219.1	CDS	ATP8	ATP synthase F0 subunit 8	16465-16684:1
MW773219.1	CDS	COX1	cytochrome c oxidase subunit I	16665-18267:1
MW936598.1	tRNA		tRNA-Met	0-72:1
MW936598.1	rRNA		16S ribosomal RNA	271-1969:1
MW936598.1	CDS	nad5	NADH dehydrogenase subunit 5	1999-2710:1,11996-13100:1
MW936598.1	CDS	nad1	NADH dehydrogenase subunit 1	2818-3766:1
MW936598.1	CDS	cytb	cytochrome b	3768-4908:1
MW936598.1	CDS	nad2	NADH dehydrogenase subunit 2	5124-6219:1
MW936598.1	CDS	nad6	NADH dehydrogenase subunit 6	6219-6780:1
MW936598.1	CDS	atp6	ATP synthase 6	6779-7454:1
MW936598.1	CDS	nad4	NADH dehydrogenase subunit 4	7450-8893:1
MW936598.1	rRNA		12S ribosomal RNA	8890-9797:1
MW936598.1	CDS	cox3	Cytochrome c oxidase subunit III	9794-10574:1
MW936598.1	CDS	cox2	cytochrome c oxidase subunit II	10576-11284:1
MW936598.1	CDS	nad4L	NADH dehydrogenase subunit 4L	11265-11565:1
MW936598.1	CDS	nad3	NADH dehydrogenase subunit 3	11567-11909:1
MW936598.1	tRNA		tRNA-Trp	13098-13167:1
MW936598.1	CDS	atp8	ATP synthase 8	13170-13368:1
MW936598.1	CDS	cox1	cytochrome c oxidase subunit I	13367-14120:1,15176-16004:1
MW970409.1	tRNA		tRNA-Met	0-72:1
MW970409.1	rRNA		16S ribosomal RNA	269-1967:1
MW970409.1	CDS	nad5	NADH dehydrogenase subunit 5	1997-2708:1,11995-13099:1
MW970409.1	CDS	nad1	NADH dehydrogenase subunit 1	2816-3764:1
MW970409.1	CDS	cytb	cytochrome b	3766-4906:1
MW970409.1	CDS	nad2	NADH dehydrogenase subunit 2	5123-6218:1
MW970409.1	CDS	nad6	NADH dehydrogenase subunit 6	6218-6779:1
MW970409.1	CDS	atp6	ATP synthase 6	6778-7453:1
MW970409.1	CDS	nad4	NADH dehydrogenase subunit 4	7452-8892:1
MW970409.1	rRNA		12S ribosomal RNA	8889-9800:1
MW970409.1	CDS	cox3	Cytochrome c oxidase subunit III	9793-10573:1
MW970409.1	CDS	cox2	cytochrome c oxidase subunit II	10575-11283:1
MW970409.1	CDS	nad4L	NADH dehydrogenase subunit 4L	11264-11564:1
MW970409.1	CDS	nad3	NADH dehydrogenase subunit 3	11566-11908:1
MW970409.1	tRNA		tRNA-Trp	13097-13166:1
MW970409.1	CDS	atp8	ATP synthase 8	13169-13367:1
MW970409.1	CDS	cox1	cytochrome c oxidase subunit I	13366-14095:1,15172-16057:1
MZ157399.1	CDS	COX1	cytochrome c oxidase subunit I	0-894:1,2372-3071:1
MZ157399.1	CDS	HEG	HEG	1204-2266:1
MZ157399.1	CDS	ND4L	NADH dehydrogenase subunit 4L	3219-3519:1
MZ157399.1	CDS	COX2	cytochrome c oxidase subunit II	3626-4376:1
MZ157399.1	CDS	ND4	NADH dehydrogenase subunit 4	4432-5935:1
MZ157399.1	CDS	ND6	NADH dehydrogenase subunit 6	6140-6731:1
MZ157399.1	CDS	ATP8	ATP synthase F0 subunit 8	6805-7018:1
MZ157399.1	CDS	ATP6	ATP synthase F0 subunit 6	7191-7890:1
MZ157399.1	CDS	ND5	NADH dehydrogenase subunit 5	8028-8748:1,10810-11941:1
MZ157399.1	CDS	ND1	NADH dehydrogenase subunit 1	9098-10148:1
MZ157399.1	CDS	ND3	NADH dehydrogenase subunit 3	10285-10642:1
MZ157399.1	tRNA		tRNA-Trp	11985-12055:1
MZ157399.1	CDS	ND2	NADH dehydrogenase subunit 2	12174-13692:1
MZ157399.1	rRNA		12S ribosomal RNA	13921-15070:1
MZ157399.1	CDS	CYTB	cytochrome b	15175-16318:1
MZ157399.1	tRNA		tRNA-Met	16394-16465:1
MZ157399.1	rRNA		16S ribosomal RNA	16569-19232:1
MZ157399.1	CDS	COX3	cytochrome c oxidase subunit III	19398-20187:1
MZ157400.1	CDS	COX1	cytochrome c oxidase subunit I	0-894:1,2312-3011:1
MZ157400.1	CDS	HEG	HEG	1204-2206:1
MZ157400.1	CDS	ND4L	NADH dehydrogenase subunit 4L	3140-3440:1
MZ157400.1	CDS	COX2	cytochrome c oxidase subunit II	3547-4297:1
MZ157400.1	CDS	ND4	NADH dehydrogenase subunit 4	4353-5856:1
MZ157400.1	CDS	ND6	NADH dehydrogenase subunit 6	6061-6652:1
MZ157400.1	CDS	ATP8	ATP synthase F0 subunit 8	6726-6939:1
MZ157400.1	CDS	ATP6	ATP synthase F0 subunit 6	7112-7811:1
MZ157400.1	CDS	ND5	NADH dehydrogenase subunit 5	7948-8668:1,10730-11861:1
MZ157400.1	CDS	ND1	NADH dehydrogenase subunit 1	9018-10068:1
MZ157400.1	CDS	ND3	NADH dehydrogenase subunit 3	10205-10562:1
MZ157400.1	tRNA		tRNA-Trp	11905-11975:1
MZ157400.1	CDS	ND2	NADH dehydrogenase subunit 2	12094-13612:1
MZ157400.1	rRNA		12S ribosomal RNA	13842-14991:1
MZ157400.1	CDS	CYTB	cytochrome b	15096-16239:1
MZ157400.1	tRNA		tRNA-Met	16315-16386:1
MZ157400.1	rRNA		16S ribosomal RNA	16490-19157:1
MZ157400.1	CDS	COX3	cytochrome c oxidase subunit III	19323-20112:1
MZ520327.1	CDS	ND5	NADH dehydrogenase subunit 5	0-708:1,2561-3692:1
MZ520327.1	CDS	ND1	NADH dehydrogenase subunit 1	1073-2057:1
MZ520327.1	CDS	ND3	NADH dehydrogenase subunit 3	2089-2446:1
MZ520327.1	tRNA		tRNA-Trp	3719-3789:1
MZ520327.1	CDS	ND2	NADH dehydrogenase subunit 2	4192-5326:1
MZ520327.1	rRNA		12S ribosomal RNA	5699-6671:1
MZ520327.1	CDS	CYTB	cytochrome b	6774-7908:1
MZ520327.1	tRNA		tRNA-Met	7957-8028:1
MZ520327.1	rRNA		16S ribosomal RNA	8355-10540:1
MZ520327.1	CDS	COX3	cytochrome c oxidase subunit III	10766-11555:1
MZ520327.1	CDS	COX1	cytochrome c oxidase subunit I	11589-13179:1
MZ520327.1	CDS	ND4L	NADH dehydrogenase subunit 4L	13271-13571:1
MZ520327.1	CDS	COX2	cytochrome c oxidase subunit II	13641-14391:1
MZ520327.1	CDS	ND4	NADH dehydrogenase subunit 4	14452-15928:1
MZ520327.1	CDS	ND6	NADH dehydrogenase subunit 6	16040-16604:1
MZ520327.1	CDS	ATP8	ATP synthase subunit 8	16628-16841:1
MZ520327.1	CDS	ATP6	ATP synthase subunit 6	16923-17622:1
MZ520328.1	CDS	ND5	NADH dehydrogenase subunit 5	0-708:1,2561-3692:1
MZ520328.1	CDS	ND1	NADH dehydrogenase subunit 1	1073-2057:1
MZ520328.1	CDS	ND3	NADH dehydrogenase subunit 3	2089-2446:1
MZ520328.1	tRNA		tRNA-Trp	3719-3789:1
MZ520328.1	CDS	ND2	NADH dehydrogenase subunit 2	4192-5326:1
MZ520328.1	rRNA		12S ribosomal RNA	5699-6671:1
MZ520328.1	CDS	CYTB	cytochrome b	6774-7908:1
MZ520328.1	tRNA		tRNA-Met	7957-8028:1
MZ520328.1	rRNA		16S ribosomal RNA	8355-10540:1
MZ520328.1	CDS	COX3	cytochrome c oxidase subunit III	10766-11555:1
MZ520328.1	CDS	COX1	cytochrome c oxidase subunit I	11589-13179:1
MZ520328.1	CDS	ND4L	NADH dehydrogenase subunit 4L	13271-13571:1
MZ520328.1	CDS	COX2	cytochrome c oxidase subunit II	13641-14391:1
MZ520328.1	CDS	ND4	NADH dehydrogenase subunit 4	14452-15928:1
MZ520328.1	CDS	ND6	NADH dehydrogenase subunit 6	16040-16604:1
MZ520328.1	CDS	ATP8	ATP synthase subunit 8	16628-16841:1
MZ520328.1	CDS	ATP6	ATP synthase subunit 6	16923-17622:1
NC_000933.1	tRNA		tRNA-Met	0-71:1
NC_000933.1	rRNA		l-rRNA	71-2260:1
NC_000933.1	CDS	COX3	cytochrome c oxidase subunit III	2330-3119:1
NC_000933.1	CDS	COX1	cytochrome c oxidase subunit I	3262-4155:1,5008-5708:1
NC_000933.1	CDS	ORF	homing endonuclease	4309-4981:1
NC_000933.1	CDS	ND4L	NADH dehydrogenase subunit 4L	5747-6047:1
NC_000933.1	CDS	ATP8	ATP synthase F0 subunit 8	6071-6287:1
NC_000933.1	CDS	ATP6	ATP synthase F0 subunit 6	6317-7007:1
NC_000933.1	CDS	ND5	NADH dehydrogenase subunit 5	7026-7743:1,9424-10510:1
NC_000933.1	CDS	ND1	NADH dehydrogenase subunit 1	7966-8950:1
NC_000933.1	CDS	ND3	NADH dehydrogenase subunit 3	8956-9313:1
NC_000933.1	tRNA		tRNA-Trp	10599-10669:1
NC_000933.1	CDS	ND2	NADH dehydrogenase subunit 2	10993-12151:1
NC_000933.1	rRNA		s-rRNA	12200-13282:1
NC_000933.1	CDS	COX2	cytochrome c oxidase subunit II	13335-14082:1
NC_000933.1	CDS	ND4	NADH dehydrogenase subunit 4	14087-15563:1
NC_000933.1	CDS	ND6	NADH dehydrogenase subunit 6	15567-16176:1
NC_000933.1	CDS	CYTB	cytochrome b	16239-17385:1
NC_003522.1	tRNA		tRNA-Met	0-71:1
NC_003522.1	rRNA		l-rRNA	71-2332:1
NC_003522.1	CDS	ND5	NADH dehydrogenase subunit 5	2434-3154:1,15082-16198:1
NC_003522.1	CDS	ND1	NADH dehydrogenase subunit 1	3477-4461:1
NC_003522.1	CDS	CYTB	cytochrome b	4569-5724:1
NC_003522.1	CDS	ND2	NADH dehydrogenase subunit 2	6245-7343:1
NC_003522.1	CDS	ND6	NADH dehydrogenase subunit 6	7375-7969:1
NC_003522.1	CDS	ATP6	ATP synthase F0 subunit 6	8037-8736:1
NC_003522.1	CDS	ND4	NADH dehydrogenase subunit 4	8887-10363:1
NC_003522.1	rRNA		s-rRNA	10415-11591:1
NC_003522.1	CDS	COX3	cytochrome c oxidase subunit III	12677-13466:1
NC_003522.1	CDS	COX2	cytochrome c oxidase subunit II	13522-14266:1
NC_003522.1	CDS	ND4L	NADH dehydrogenase subunit 4L	14298-14598:1
NC_003522.1	CDS	ND3	NADH dehydrogenase subunit 3	14630-14987:1
NC_003522.1	tRNA		tRNA-Trp	16228-16298:1
NC_003522.1	CDS	ATP8	ATP synthase F0 subunit 8	16330-16549:1
NC_003522.1	CDS	COX1	cytochrome c oxidase subunit I	16530-18132:1
NC_006898.1	tRNA		tRNA-Met	0-71:1
NC_006898.1	rRNA		l-rRNA	71-2332:1
NC_006898.1	CDS	ND5	NADH dehydrogenase subunit 5	2434-3154:1,14646-15762:1
NC_006898.1	CDS	ND1	NADH dehydrogenase subunit 1	3476-4460:1
NC_006898.1	CDS	CYTB	cytochrome b	4566-5724:1
NC_006898.1	CDS	ND2	NADH dehydrogenase subunit 2	6258-7356:1
NC_006898.1	CDS	ND6	NADH dehydrogenase subunit 6	7388-7982:1
NC_006898.1	CDS	ATP6	ATP synthase F0 subunit 6	8055-8754:1
NC_006898.1	CDS	ND4	NADH dehydrogenase subunit 4	8934-10410:1
NC_006898.1	rRNA		s-rRNA	10438-11612:1
NC_006898.1	CDS	COX3	cytochrome c oxidase subunit III	12239-13028:1
NC_006898.1	CDS	COX2	cytochrome c oxidase subunit II	13083-13827:1
NC_006898.1	CDS	ND4L	NADH dehydrogenase subunit 4L	13862-14162:1
NC_006898.1	CDS	ND3	NADH dehydrogenase subunit 3	14193-14550:1
NC_006898.1	tRNA		tRNA-Trp	15790-15860:1
NC_006898.1	CDS	ATP8	ATP synthase F0 subunit 8	15892-16111:1
NC_006898.1	CDS	COX1	cytochrome c oxidase subunit I	16092-17694:1
NC_006902.1	tRNA		tRNA-Met	0-71:1
NC_006902.1	rRNA		l-rRNA	71-2337:1
NC_006902.1	CDS	ND5	NADH dehydrogenase subunit 5	2439-3159:1,14644-15760:1
NC_006902.1	CDS	ND1	NADH dehydrogenase subunit 1	3480-4464:1
NC_006902.1	CDS	CYTB	cytochrome b	4570-5728:1
NC_006902.1	CDS	ND2	NADH dehydrogenase subunit 2	6262-7360:1
NC_006902.1	CDS	ND6	NADH dehydrogenase subunit 6	7392-7986:1
NC_006902.1	CDS	ATP6	ATP synthase F0 subunit 6	8056-8755:1
NC_006902.1	CDS	ND4	NADH dehydrogenase subunit 4	8934-10410:1
NC_006902.1	rRNA		s-rRNA	10438-11610:1
NC_006902.1	CDS	COX3	cytochrome c oxidase subunit III	12237-13026:1
NC_006902.1	CDS	COX2	cytochrome c oxidase subunit II	13081-13825:1
NC_006902.1	CDS	ND4L	NADH dehydrogenase subunit 4L	13860-14160:1
NC_006902.1	CDS	ND3	NADH dehydrogenase subunit 3	14191-14548:1
NC_006902.1	tRNA		tRNA-Trp	15789-15859:1
NC_006902.1	CDS	ATP8	ATP synthase F0 subunit 8	15891-16110:1
NC_006902.1	CDS	COX1	cytochrome c oxidase subunit I	16091-17693:1
NC_007224.1	tRNA		tRNA-Met	0-72:1
NC_007224.1	rRNA		16S ribosomal RNA	72-2045:1
NC_007224.1	CDS	ND5	NADH dehydrogenase subunit 5	2045-2756:1,12296-13400:1
NC_007224.1	CDS	ND1	NADH dehydrogenase subunit 1	2865-3813:1
NC_007224.1	CDS	CYTB	cytochrome b	3815-4955:1
NC_007224.1	CDS	ND2	NADH dehydrogenase subunit 2	4980-6267:1
NC_007224.1	CDS	ND6	NADH dehydrogenase subunit 6	6268-6829:1
NC_007224.1	CDS	ATP6	ATP synthase F0 subunit 6	6828-7506:1
NC_007224.1	CDS	ND4	NADH dehydrogenase subunit 4	7505-8945:1
NC_007224.1	rRNA		12S ribosomal RNA	9083-9986:1
NC_007224.1	CDS	COX3	cytochrome c oxidase subunit III	10123-10903:1
NC_007224.1	CDS	COX2	cytochrome c oxidase subunit II	10905-11613:1
NC_007224.1	CDS	ND4L	NADH dehydrogenase subunit 4L	11594-11894:1
NC_007224.1	CDS	ND3	NADH dehydrogenase subunit 3	11896-12238:1
NC_007224.1	tRNA		tRNA-Trp	13400-13469:1
NC_007224.1	CDS	ATP8	ATP synthase F0 subunit 8	13472-13670:1
NC_007224.1	CDS	COX1	cytochrome c oxidase subunit I	13669-15247:1
NC_007225.1	tRNA		tRNA-Met	0-72:1
NC_007225.1	rRNA		16S ribosomal RNA	72-2045:1
NC_007225.1	CDS	ND5	NADH dehydrogenase subunit 5	2045-2756:1,12295-13399:1
NC_007225.1	CDS	ND1	NADH dehydrogenase subunit 1	2865-3813:1
NC_007225.1	CDS	CYTB	cytochrome b	3815-4955:1
NC_007225.1	CDS	ND2	NADH dehydrogenase subunit 2	4980-6267:1
NC_007225.1	CDS	ND6	NADH dehydrogenase subunit 6	6268-6829:1
NC_007225.1	CDS	ATP6	ATP synthase F0 subunit 6	6828-7506:1
NC_007225.1	CDS	ND4	NADH dehydrogenase subunit 4	7505-8945:1
NC_007225.1	rRNA		12S ribosomal RNA	9083-9986:1
NC_007225.1	CDS	COX3	cytochrome c oxidase subunit III	10123-10903:1
NC_007225.1	CDS	COX2	cytochrome c oxidase subunit II	10905-11613:1
NC_007225.1	CDS	ND4L	NADH dehydrogenase subunit 4L	11594-11894:1
NC_007225.1	CDS	ND3	NADH dehydrogenase subunit 3	11896-12238:1
NC_007225.1	tRNA		tRNA-Trp	13399-13468:1
NC_007225.1	CDS	ATP8	ATP synthase F0 subunit 8	13471-13669:1
NC_007225.1	CDS	COX1	cytochrome c oxidase subunit I	13668-15246:1
NC_007226.1	tRNA		tRNA-Met	0-72:1
NC_007226.1	rRNA		l-rRNA	72-2045:1
NC_007226.1	CDS	ND5	NADH dehydrogenase subunit 5	2045-2756:1,12296-13400:1
NC_007226.1	CDS	ND1	NADH dehydrogenase subunit 1	2865-3813:1
NC_007226.1	CDS	CYTB	cytochrome b	3815-4955:1
NC_007226.1	CDS	ND2	NADH dehydrogenase subunit 2	4980-6267:1
NC_007226.1	CDS	ND6	NADH dehydrogenase subunit 6	6268-6829:1
NC_007226.1	CDS	ATP6	ATP synthase F0 subunit 6	6828-7506:1
NC_007226.1	CDS	ND4	NADH dehydrogenase subunit 4	7505-8945:1
NC_007226.1	rRNA	ND5	s-rRNA	9083-9986:1
NC_007226.1	CDS	COX3	cytochrome c oxidase subunit III	10123-10903:1
NC_007226.1	CDS	COX2	cytochrome c oxidase subunit II	10905-11613:1
NC_007226.1	CDS	ND4L	NADH dehydrogenase subunit 4L	11594-11894:1
NC_007226.1	CDS	ND3	NADH dehydrogenase subunit 3	11896-12238:1
NC_007226.1	tRNA		tRNA-Trp	13400-13469:1
NC_007226.1	CDS	ATP8	ATP synthase F0 subunit 8	13472-13670:1
NC_007226.1	CDS	COX1	cytochrome c oxidase subunit I	13669-15247:1
NC_008071.1	CDS	ND5	NADH dehydrogenase subunit 5	0-720:1,19523-20642:1
NC_008071.1	tRNA		tRNA-Met	1234-1305:1
NC_008071.1	rRNA		l-rRNA	1306-3646:1
NC_008071.1	CDS	ND1	NADH dehydrogenase subunit 1	3842-4826:1
NC_008071.1	CDS	CYTB	cytochrome b	5112-6273:1
NC_008071.1	CDS	ND4L	NADH dehydrogenase subunit 4L	6378-6678:1
NC_008071.1	CDS	ND3	NADH dehydrogenase subunit 3	6740-7097:1
NC_008071.1	CDS	ATP8	ATP synthase F0 subunit 8	7704-7914:1
NC_008071.1	CDS	COX1	cytochrome c oxidase subunit I	7992-8889:1,10096-10780:1
NC_008071.1	CDS	COX3	cytochrome c oxidase subunit III	10975-11764:1
NC_008071.1	CDS	COX2	cytochrome c oxidase subunit II	11815-12571:1
NC_008071.1	CDS	ND2	NADH dehydrogenase subunit 2	13113-14211:1
NC_008071.1	rRNA		s-rRNA	14275-15499:1
NC_008071.1	CDS	ND4	NADH dehydrogenase subunit 4	16260-17736:1
NC_008071.1	CDS	ND6	NADH dehydrogenase subunit 6	17776-18391:1
NC_008071.1	CDS	ATP6	ATP synthase F0 subunit 6	18621-19320:1
NC_008071.1	tRNA		tRNA-Trp	20729-20799:1
NC_008072.1	CDS	ND5	NADH dehydrogenase subunit 5	0-720:1,19527-20646:1
NC_008072.1	tRNA		tRNA-Met	1234-1305:1
NC_008072.1	rRNA		l-rRNA	1305-3647:1
NC_008072.1	CDS	ND1	NADH dehydrogenase subunit 1	3843-4827:1
NC_008072.1	CDS	CYTB	cytochrome b	5113-6274:1
NC_008072.1	CDS	ND4L	NADH dehydrogenase subunit 4L	6379-6679:1
NC_008072.1	CDS	ND3	NADH dehydrogenase subunit 3	6741-7098:1
NC_008072.1	CDS	ATP8	ATP synthase F0 subunit 8	7705-7915:1
NC_008072.1	CDS	COX1	cytochrome c oxidase subunit I	7993-8890:1,10096-10780:1
NC_008072.1	CDS	COX3	cytochrome c oxidase subunit III	10975-11764:1
NC_008072.1	CDS	COX2	cytochrome c oxidase subunit II	11815-12571:1
NC_008072.1	CDS	ND2	NADH dehydrogenase subunit 2	13113-14211:1
NC_008072.1	rRNA		s-rRNA	14436-15504:1
NC_008072.1	CDS	ND4	NADH dehydrogenase subunit 4	16264-17740:1
NC_008072.1	CDS	ND6	NADH dehydrogenase subunit 6	17780-18395:1
NC_008072.1	CDS	ATP6	ATP synthase F0 subunit 6	18625-19324:1
NC_008072.1	tRNA		tRNA-Trp	20733-20803:1
NC_008073.1	CDS	COX1	cytochrome c oxidase subunit I	0-1582:1
NC_008073.1	rRNA		s-rRNA	1784-2365:1
NC_008073.1	CDS	ND1	NADH dehydrogenase subunit 1	2372-3344:1
NC_008073.1	CDS	CYTB	cytochrome b	3427-4570:1
NC_008073.1	CDS	ND6	NADH dehydrogenase subunit 6	4644-5202:1
NC_008073.1	CDS	ND3	NADH dehydrogenase subunit 3	5256-5610:1
NC_008073.1	CDS	ND4L	NADH dehydrogenase subunit 4L	5640-5934:1
NC_008073.1	CDS	mutS	DNA mismatch repair protein mutS	5947-9013:1
NC_008073.1	rRNA		l-rRNA	9031-11255:1
NC_008073.1	CDS	ND2	NADH dehydrogenase subunit 2	11259-12423:1
NC_008073.1	CDS	ND5	NADH dehydrogenase subunit 5	12410-14228:1
NC_008073.1	CDS	ND4	NADH dehydrogenase subunit 4	14277-15726:1
NC_008073.1	tRNA		tRNA-Met	15826-15897:-1
NC_008073.1	CDS	COX3	cytochrome c oxidase subunit III	15929-16715:-1
NC_008073.1	CDS	ATP6	ATP synthase F0 subunit 6	16741-17449:-1
NC_008073.1	CDS	ATP8	ATP synthase F0 subunit 8	17475-17691:-1
NC_008073.1	CDS	COX2	cytochrome c oxidase subunit II	17717-18479:-1
NC_008157.1	CDS	COX1	cytochrome c oxidase subunit I	0-1597:1
NC_008157.1	rRNA		s-rRNA	1748-2672:1
NC_008157.1	CDS	ND1	NADH dehydrogenase subunit 1	2676-3648:1
NC_008157.1	CDS	CYTB	cytochrome b	3728-4871:1
NC_008157.1	CDS	ND6	NADH dehydrogenase subunit 6	4911-5469:1
NC_008157.1	CDS	ND3	NADH dehydrogenase subunit 3	5524-5878:1
NC_008157.1	CDS	ND4L	NADH dehydrogenase subunit 4L	5897-6191:1
NC_008157.1	CDS	mutS	DNA mismatch repair protein mutS	6204-9162:1
NC_008157.1	rRNA		l-rRNA	9171-11382:1
NC_008157.1	CDS	ND2	NADH dehydrogenase subunit 2	11424-12517:1
NC_008157.1	CDS	ND5	NADH dehydrogenase subunit 5	12506-14324:1
NC_008157.1	CDS	ND4	NADH dehydrogenase subunit 4	14421-15870:1
NC_008157.1	tRNA		tRNA-Met	15930-16001:-1
NC_008157.1	CDS	COX3	cytochrome c oxidase subunit III	16040-16826:-1
NC_008157.1	CDS	ATP6	ATP synthase F0 subunit 6	16890-17598:-1
NC_008157.1	CDS	ATP8	ATP synthase F0 subunit 8	17622-17838:-1
NC_008157.1	CDS	COX2	cytochrome c oxidase subunit II	17860-18622:-1
NC_008158.1	CDS	ND5	NADH dehydrogenase subunit 5	12555-13275:1,11183-12302:1
NC_008158.1	CDS	COX1	cytochrome c oxidase subunit I	0-897:1,2103-2787:1
NC_008158.1	CDS	COX3	cytochrome c oxidase subunit III	2869-3658:1
NC_008158.1	CDS	COX2	cytochrome c oxidase subunit II	3709-4465:1
NC_008158.1	CDS	ND2	NADH dehydrogenase subunit 2	5001-6099:1
NC_008158.1	rRNA		s-rRNA	6163-7403:1
NC_008158.1	CDS	ND4	NADH dehydrogenase subunit 4	7821-9234:1
NC_008158.1	CDS	ND6	NADH dehydrogenase subunit 6	9438-10050:1
NC_008158.1	CDS	ATP6	ATP synthase F0 subunit 6	10280-10979:1
NC_008158.1	tRNA	ND5	tRNA-Trp	12363-12433:1
NC_008158.1	tRNA		tRNA-Met	13776-13847:1
NC_008158.1	rRNA		l-rRNA	13847-16195:1
NC_008158.1	CDS	ND1	NADH dehydrogenase subunit 1	16383-17367:1
NC_008158.1	CDS	CYTB	cytochrome b	17654-18815:1
NC_008158.1	CDS	ND4L	NADH dehydrogenase subunit 4L	18944-19244:1
NC_008158.1	CDS	ND3	NADH dehydrogenase subunit 3	19306-19663:1
NC_008158.1	CDS	ATP8	ATP synthase F0 subunit 8	19806-20016:1
NC_008159.1	CDS	ND5	NADH dehydrogenase subunit 5	13464-14184:1,12055-13174:1
NC_008159.1	CDS	COX1	cytochrome c oxidase subunit I	0-891:1,2088-2802:1
NC_008159.1	CDS	COX3	cytochrome c oxidase subunit III	2894-3683:1
NC_008159.1	CDS	COX2	cytochrome c oxidase subunit II	3734-4490:1
NC_008159.1	CDS	ND2	NADH dehydrogenase subunit 2	5418-6516:1
NC_008159.1	rRNA		s-rRNA	6552-7770:1
NC_008159.1	CDS	ND4	NADH dehydrogenase subunit 4	8892-10368:1
NC_008159.1	CDS	ND6	NADH dehydrogenase subunit 6	10408-11014:1
NC_008159.1	CDS	ATP6	ATP synthase F0 subunit 6	11070-11769:1
NC_008159.1	tRNA	ND5	tRNA-Trp	13255-13325:1
NC_008159.1	tRNA		tRNA-Met	14770-14841:1
NC_008159.1	rRNA		l-rRNA	14841-17288:1
NC_008159.1	CDS	ND1	NADH dehydrogenase subunit 1	17483-18470:1
NC_008159.1	CDS	CYTB	cytochrome b	18690-19830:1
NC_008159.1	CDS	ND4L	NADH dehydrogenase subunit 4L	20074-20374:1
NC_008159.1	CDS	ND3	NADH dehydrogenase subunit 3	20425-20782:1
NC_008159.1	CDS	ATP8	ATP synthase F0 subunit 8	21123-21333:1
NC_008160.1	CDS	ND5	NADH dehydrogenase subunit 5	0-720:1,12256-13372:1
NC_008160.1	CDS	ND1	NADH dehydrogenase subunit 1	1060-2044:1
NC_008160.1	CDS	CYTB	cytochrome b	2086-3238:1
NC_008160.1	CDS	ND2	NADH dehydrogenase subunit 2	3760-4858:1
NC_008160.1	CDS	ND6	NADH dehydrogenase subunit 6	4891-5485:1
NC_008160.1	CDS	ATP6	ATP synthase F0 subunit 6	5527-6226:1
NC_008160.1	CDS	ND4	NADH dehydrogenase subunit 4	6437-7916:1
NC_008160.1	rRNA		s-rRNA	7989-9125:1
NC_008160.1	CDS	COX3	cytochrome c oxidase subunit III	9864-10653:1
NC_008160.1	CDS	COX2	cytochrome c oxidase subunit II	10681-11425:1
NC_008160.1	CDS	ND4L	NADH dehydrogenase subunit 4L	11460-11760:1
NC_008160.1	CDS	ND3	NADH dehydrogenase subunit 3	11786-12143:1
NC_008160.1	tRNA		tRNA-Trp	13399-13469:1
NC_008160.1	CDS	ATP8	ATP synthase F0 subunit 8	13501-13697:1
NC_008160.1	CDS	COX1	cytochrome c oxidase subunit I	13701-15282:1
NC_008160.1	tRNA		tRNA-Met	16246-16315:1
NC_008160.1	rRNA		l-rRNA	17023-18600:1
NC_008161.1	CDS	ND5	NADH dehydrogenase subunit 5	0-711:1,9969-11070:1
NC_008161.1	CDS	ND1	NADH dehydrogenase subunit 1	819-1767:1
NC_008161.1	CDS	CYTB	cytochrome b	1769-2909:1
NC_008161.1	CDS	ND2	NADH dehydrogenase subunit 2	3129-4221:1
NC_008161.1	CDS	ND6	NADH dehydrogenase subunit 6	4221-4782:1
NC_008161.1	CDS	ATP6	ATP synthase F0 subunit 6	4781-5459:1
NC_008161.1	CDS	ND4	NADH dehydrogenase subunit 4	5458-6898:1
NC_008161.1	rRNA		s-rRNA	7071-7603:1
NC_008161.1	CDS	COX3	cytochrome c oxidase subunit III	7797-8577:1
NC_008161.1	CDS	COX2	cytochrome c oxidase subunit II	8579-9264:1
NC_008161.1	CDS	ND4L	NADH dehydrogenase subunit 4L	9268-9568:1
NC_008161.1	CDS	ND3	NADH dehydrogenase subunit 3	9570-9912:1
NC_008161.1	tRNA		tRNA-Trp	11068-11138:1
NC_008161.1	CDS	ATP8	ATP synthase F0 subunit 8	11141-11339:1
NC_008161.1	CDS	COX1	cytochrome c oxidase subunit I	11338-12889:1
NC_008161.1	tRNA		tRNA-Met	12909-12981:1
NC_008161.1	rRNA		l-rRNA	13001-14179:1
NC_008162.1	CDS	ND5	NADH dehydrogenase subunit 5	0-711:1,11156-12260:1
NC_008162.1	CDS	ND1	NADH dehydrogenase subunit 1	820-1768:1
NC_008162.1	CDS	CYTB	cytochrome b	1770-2910:1
NC_008162.1	CDS	ND2	NADH dehydrogenase subunit 2	3118-4222:1
NC_008162.1	CDS	ND6	NADH dehydrogenase subunit 6	4223-4784:1
NC_008162.1	CDS	ATP6	ATP synthase F0 subunit 6	4783-5461:1
NC_008162.1	CDS	ND4	NADH dehydrogenase subunit 4	5460-6900:1
NC_008162.1	rRNA		s-rRNA	6904-7916:1
NC_008162.1	CDS	COX3	cytochrome c oxidase subunit III	8075-8855:1
NC_008162.1	CDS	COX2	cytochrome c oxidase subunit II	9767-10452:1
NC_008162.1	CDS	ND4L	NADH dehydrogenase subunit 4L	10456-10756:1
NC_008162.1	CDS	ND3	NADH dehydrogenase subunit 3	10758-11100:1
NC_008162.1	tRNA		tRNA-Trp	12258-12328:1
NC_008162.1	CDS	ATP8	ATP synthase F0 subunit 8	12331-12529:1
NC_008162.1	CDS	COX1	cytochrome c oxidase subunit I	12528-14094:1
NC_008162.1	tRNA		tRNA-Met	14911-14983:1
NC_008162.1	rRNA		l-rRNA	15021-16906:1
NC_008163.1	CDS	ND5	NADH dehydrogenase subunit 5	0-711:1,11347-12451:1
NC_008163.1	CDS	ND1	NADH dehydrogenase subunit 1	820-1768:1
NC_008163.1	CDS	CYTB	cytochrome b	1770-2910:1
NC_008163.1	CDS	ND2	NADH dehydrogenase subunit 2	3118-4222:1
NC_008163.1	CDS	ND6	NADH dehydrogenase subunit 6	4223-4784:1
NC_008163.1	CDS	ATP6	ATP synthase F0 subunit 6	4783-5461:1
NC_008163.1	CDS	ND4	NADH dehydrogenase subunit 4	5460-6900:1
NC_008163.1	rRNA		s-rRNA	7212-7907:1
NC_008163.1	CDS	COX3	cytochrome c oxidase subunit III	8038-8818:1
NC_008163.1	CDS	COX2	cytochrome c oxidase subunit II	9956-10641:1
NC_008163.1	CDS	ND4L	NADH dehydrogenase subunit 4L	10645-10945:1
NC_008163.1	CDS	ND3	NADH dehydrogenase subunit 3	10947-11289:1
NC_008163.1	tRNA		tRNA-Trp	12449-12519:1
NC_008163.1	CDS	ATP8	ATP synthase F0 subunit 8	12522-12720:1
NC_008163.1	CDS	COX1	cytochrome c oxidase subunit I	12719-14294:1
NC_008163.1	tRNA		tRNA-Met	15254-15326:1
NC_008163.1	rRNA		l-rRNA	16464-17014:1
NC_008164.1	CDS	ND5	NADH dehydrogenase subunit 5	0-717:1,2337-3436:1
NC_008164.1	CDS	ND1	NADH dehydrogenase subunit 1	918-1902:1
NC_008164.1	CDS	ND3	NADH dehydrogenase subunit 3	1906-2263:1
NC_008164.1	tRNA		tRNA-Trp	3482-3552:1
NC_008164.1	CDS	ND2	NADH dehydrogenase subunit 2	3943-5053:1
NC_008164.1	rRNA		s-rRNA	5344-6037:1
NC_008164.1	CDS	COX2	cytochrome c oxidase subunit II	6171-6915:1
NC_008164.1	CDS	ND4	NADH dehydrogenase subunit 4	6921-8397:1
NC_008164.1	CDS	ND6	NADH dehydrogenase subunit 6	8411-9011:1
NC_008164.1	CDS	CYTB	cytochrome b	9072-10227:1
NC_008164.1	tRNA		tRNA-Met	10269-10340:1
NC_008164.1	rRNA		l-rRNA	11596-12198:1
NC_008164.1	CDS	COX3	cytochrome c oxidase subunit III	12484-13273:1
NC_008164.1	CDS	COX1	cytochrome c oxidase subunit I	13497-15084:1
NC_008164.1	CDS	ND4L	NADH dehydrogenase subunit 4L	15126-15426:1
NC_008164.1	CDS	ATP8	ATP synthase F0 subunit 8	15435-15666:1
NC_008164.1	CDS	ATP6	ATP synthase F0 subunit 6	15677-16376:1
NC_008165.1	CDS	ND5	NADH dehydrogenase subunit 5	0-720:1,11849-12965:1
NC_008165.1	CDS	ND1	NADH dehydrogenase subunit 1	1059-2043:1
NC_008165.1	CDS	CYTB	cytochrome b	2085-3237:1
NC_008165.1	CDS	ND2	NADH dehydrogenase subunit 2	3693-4791:1
NC_008165.1	CDS	ND6	NADH dehydrogenase subunit 6	4812-5418:1
NC_008165.1	CDS	ATP6	ATP synthase F0 subunit 6	5460-6159:1
NC_008165.1	CDS	ND4	NADH dehydrogenase subunit 4	6372-7848:1
NC_008165.1	rRNA		s-rRNA	7900-9069:1
NC_008165.1	CDS	COX3	cytochrome c oxidase subunit III	9458-10247:1
NC_008165.1	CDS	COX2	cytochrome c oxidase subunit II	10275-11019:1
NC_008165.1	CDS	ND4L	NADH dehydrogenase subunit 4L	11053-11353:1
NC_008165.1	CDS	ND3	NADH dehydrogenase subunit 3	11379-11736:1
NC_008165.1	tRNA		tRNA-Trp	12993-13063:1
NC_008165.1	CDS	ATP8	ATP synthase F0 subunit 8	13095-13314:1
NC_008165.1	CDS	COX1	cytochrome c oxidase subunit I	13295-14876:1
NC_008165.1	tRNA		tRNA-Met	15827-15896:1
NC_008165.1	rRNA		l-rRNA	15900-18199:1
NC_008166.1	CDS	ND5	NADH dehydrogenase subunit 5	0-720:1,11855-12971:1
NC_008166.1	CDS	ND1	NADH dehydrogenase subunit 1	1053-2037:1
NC_008166.1	CDS	CYTB	cytochrome b	2158-3319:1
NC_008166.1	CDS	ND2	NADH dehydrogenase subunit 2	3888-4986:1
NC_008166.1	CDS	ND6	NADH dehydrogenase subunit 6	5019-5613:1
NC_008166.1	CDS	ATP6	ATP synthase F0 subunit 6	5686-6385:1
NC_008166.1	CDS	ND4	NADH dehydrogenase subunit 4	6647-8123:1
NC_008166.1	rRNA		s-rRNA	8198-9258:1
NC_008166.1	CDS	COX3	cytochrome c oxidase subunit III	9463-10252:1
NC_008166.1	CDS	COX2	cytochrome c oxidase subunit II	10287-11031:1
NC_008166.1	CDS	ND4L	NADH dehydrogenase subunit 4L	11084-11384:1
NC_008166.1	CDS	ND3	NADH dehydrogenase subunit 3	11398-11755:1
NC_008166.1	tRNA		tRNA-Trp	13010-13080:1
NC_008166.1	CDS	ATP8	ATP synthase F0 subunit 8	13113-13329:1
NC_008166.1	CDS	COX1	cytochrome c oxidase subunit I	13435-14329:1,15294-15978:1
NC_008166.1	tRNA		tRNA-Met	16072-16143:1
NC_008166.1	rRNA		l-rRNA	16180-18451:1
NC_008167.1	CDS	ND5	NADH dehydrogenase subunit 5	0-720:1,12183-13299:1
NC_008167.1	CDS	ND1	NADH dehydrogenase subunit 1	1064-2048:1
NC_008167.1	CDS	CYTB	cytochrome b	2153-3308:1
NC_008167.1	CDS	ND2	NADH dehydrogenase subunit 2	4124-5222:1
NC_008167.1	CDS	ND6	NADH dehydrogenase subunit 6	5253-5847:1
NC_008167.1	CDS	ATP6	ATP synthase F0 subunit 6	5881-6580:1
NC_008167.1	CDS	ND4	NADH dehydrogenase subunit 4	7002-8478:1
NC_008167.1	rRNA		s-rRNA	8478-9774:1
NC_008167.1	CDS	COX3	cytochrome c oxidase subunit III	9774-10563:1
NC_008167.1	CDS	COX2	cytochrome c oxidase subunit II	10599-11343:1
NC_008167.1	CDS	ND4L	NADH dehydrogenase subunit 4L	11379-11679:1
NC_008167.1	CDS	ND3	NADH dehydrogenase subunit 3	11694-12051:1
NC_008167.1	tRNA		tRNA-Trp	13340-13410:1
NC_008167.1	CDS	ATP8	ATP synthase F0 subunit 8	13442-13676:1
NC_008167.1	CDS	COX1	cytochrome c oxidase subunit I	13907-14801:1,15789-16479:1
NC_008167.1	tRNA		tRNA-Met	16669-16740:1
NC_008167.1	rRNA		l-rRNA	16840-19082:1
NC_008411.1	rRNA		l-rRNA	0-2588:1
NC_008411.1	CDS	COX3	cytochrome c oxidase subunit III	2805-3555:1
NC_008411.1	CDS	COX1	cytochrome c oxidase subunit I	3624-5217:1
NC_008411.1	CDS	ND4L	NADH dehydrogenase subunit 4L	5355-5655:1
NC_008411.1	CDS	COX2	cytochrome c oxidase subunit II	5783-6533:1
NC_008411.1	CDS	ND4	NADH dehydrogenase subunit 4	6593-8069:1
NC_008411.1	CDS	ND6	NADH dehydrogenase subunit 6	8135-8768:1
NC_008411.1	CDS	ATP8	ATP synthase F0 subunit 8	8829-9042:1
NC_008411.1	CDS	ATP6	ATP synthase F0 subunit 6	9134-9848:1
NC_008411.1	CDS	ND5	NADH dehydrogenase subunit 5	10012-10732:1,12664-13795:1
NC_008411.1	CDS	ND1	NADH dehydrogenase subunit 1	11139-12123:1
NC_008411.1	CDS	ND3	NADH dehydrogenase subunit 3	12171-12528:1
NC_008411.1	tRNA		tRNA-Trp	13834-13904:1
NC_008411.1	CDS	ND2	NADH dehydrogenase subunit 2	14352-15498:1
NC_008411.1	rRNA		s-rRNA	15736-16904:1
NC_008411.1	CDS	CYTB	cytochrome b	17026-18169:1
NC_008411.1	tRNA		tRNA-Met	18244-18315:1
NC_009797.1	tRNA		tRNA-Met	0-71:1
NC_009797.1	rRNA		l-rRNA	71-1987:1
NC_009797.1	CDS	ND5	NADH dehydrogenase subunit 5	1987-2698:1,13561-14689:1
NC_009797.1	CDS	ND1	NADH dehydrogenase subunit 1	2822-3800:1
NC_009797.1	CDS	CYTB	cytochrome b	3851-4991:1
NC_009797.1	CDS	ND2	NADH dehydrogenase subunit 2	4995-6303:1
NC_009797.1	CDS	ND6	NADH dehydrogenase subunit 6	6304-6868:1
NC_009797.1	CDS	ATP6	ATP synthase F0 subunit 6	6867-7545:1
NC_009797.1	CDS	ND4	NADH dehydrogenase subunit 4	8890-10381:1
NC_009797.1	rRNA	ND5	s-rRNA	10381-11290:1
NC_009797.1	CDS	COX3	cytochrome c oxidase subunit III	11290-12070:1
NC_009797.1	CDS	COX2	cytochrome c oxidase subunit II	12081-12882:1
NC_009797.1	CDS	ND4L	NADH dehydrogenase subunit 4L	12863-13163:1
NC_009797.1	CDS	ND3	NADH dehydrogenase subunit 3	13162-13507:1
NC_009797.1	tRNA		tRNA-Trp	14701-14771:1
NC_009797.1	CDS	ATP8	ATP synthase F0 subunit 8	14772-14985:1
NC_009797.1	CDS	COX1	cytochrome c oxidase subunit I	15828-17388:1
NC_009798.1	tRNA		tRNA-Met	0-71:1
NC_009798.1	rRNA		l-rRNA	71-1988:1
NC_009798.1	CDS	ND5	NADH dehydrogenase subunit 5	1988-2699:1,13562-14690:1
NC_009798.1	CDS	ND1	NADH dehydrogenase subunit 1	2823-3801:1
NC_009798.1	CDS	CYTB	cytochrome b	3852-4992:1
NC_009798.1	CDS	ND2	NADH dehydrogenase subunit 2	4996-6304:1
NC_009798.1	CDS	ND6	NADH dehydrogenase subunit 6	6305-6869:1
NC_009798.1	CDS	ATP6	ATP synthase F0 subunit 6	6868-7546:1
NC_009798.1	CDS	ND4	NADH dehydrogenase subunit 4	8891-10382:1
NC_009798.1	rRNA		s-rRNA	10382-11291:1
NC_009798.1	CDS	COX3	cytochrome c oxidase subunit III	11291-12071:1
NC_009798.1	CDS	COX2	cytochrome c oxidase subunit II	12082-12883:1
NC_009798.1	CDS	ND4L	NADH dehydrogenase subunit 4L	12864-13164:1
NC_009798.1	CDS	ND3	NADH dehydrogenase subunit 3	13163-13508:1
NC_009798.1	tRNA		tRNA-Trp	14702-14772:1
NC_009798.1	CDS	ATP8	ATP synthase F0 subunit 8	14773-14986:1
NC_009798.1	CDS	COX1	cytochrome c oxidase subunit I	15835-17395:1
NC_010244.2	tRNA		tRNA-Met	0-71:1
NC_010244.2	rRNA		l-rRNA	71-1975:1
NC_010244.2	CDS	ND5	NADH dehydrogenase subunit 5	1975-2686:1,13151-14279:1
NC_010244.2	CDS	ND1	NADH dehydrogenase subunit 1	2810-3788:1
NC_010244.2	CDS	CYTB	cytochrome b	3807-4947:1
NC_010244.2	CDS	ND2	NADH dehydrogenase subunit 2	5167-6259:1
NC_010244.2	CDS	ND6	NADH dehydrogenase subunit 6	6260-6824:1
NC_010244.2	CDS	ATP6	ATP synthase F0 subunit 6	6823-7501:1
NC_010244.2	CDS	ND4	NADH dehydrogenase subunit 4	8524-9970:1
NC_010244.2	rRNA		s-rRNA	9982-10898:1
NC_010244.2	CDS	COX3	cytochrome c oxidase subunit III	10898-11678:1
NC_010244.2	CDS	COX2	cytochrome c oxidase subunit II	11653-12472:1
NC_010244.2	CDS	ND4L	NADH dehydrogenase subunit 4L	12453-12753:1
NC_010244.2	CDS	ND3	NADH dehydrogenase subunit 3	12752-13097:1
NC_010244.2	tRNA		tRNA-Trp	14291-14361:1
NC_010244.2	CDS	ATP8	ATP synthase F0 subunit 8	14362-14599:1
NC_010244.2	tRNA		tRNA-Trp	14690-14760:1
NC_010244.2	CDS	COX1	cytochrome c oxidase subunit I	15473-17021:1
NC_010245.2	tRNA		tRNA-Met	0-71:1
NC_010245.2	rRNA		l-rRNA	71-1973:1
NC_010245.2	CDS	ND5	NADH dehydrogenase subunit 5	1973-2684:1,13121-14249:1
NC_010245.2	CDS	ND1	NADH dehydrogenase subunit 1	2808-3786:1
NC_010245.2	CDS	CYTB	cytochrome b	3805-4945:1
NC_010245.2	CDS	ND2	NADH dehydrogenase subunit 2	5165-6257:1
NC_010245.2	CDS	ND6	NADH dehydrogenase subunit 6	6258-6822:1
NC_010245.2	CDS	ATP6	ATP synthase F0 subunit 6	6821-7499:1
NC_010245.2	CDS	ND4	NADH dehydrogenase subunit 4	8494-9940:1
NC_010245.2	rRNA		s-rRNA	9952-10868:1
NC_010245.2	CDS	COX3	cytochrome c oxidase subunit III	10868-11648:1
NC_010245.2	CDS	COX2	cytochrome c oxidase subunit II	11623-12442:1
NC_010245.2	CDS	ND4L	NADH dehydrogenase subunit 4L	12423-12723:1
NC_010245.2	CDS	ND3	NADH dehydrogenase subunit 3	12722-13067:1
NC_010245.2	tRNA		tRNA-Trp	14261-14331:1
NC_010245.2	CDS	ATP8	ATP synthase F0 subunit 8	14332-14569:1
NC_010245.2	tRNA		tRNA-Trp	14697-14767:1
NC_010245.2	CDS	COX1	cytochrome c oxidase subunit I	15424-16972:1
NC_010764.1	CDS	COX1	cytochrome c oxidase subunit I	109-1706:1
NC_010764.1	rRNA		s-rRNA	1699-2730:1
NC_010764.1	CDS	ND1	NADH dehydrogenase subunit 1	2776-3757:1
NC_010764.1	CDS	CYTB	cytochrome b	3821-4982:1
NC_010764.1	CDS	ND6	NADH dehydrogenase subunit 6	5414-5966:1
NC_010764.1	CDS	ND3	NADH dehydrogenase subunit 3	5983-6331:1
NC_010764.1	CDS	ND4L	NADH dehydrogenase subunit 4L	6350-6644:1
NC_010764.1	CDS	ND4	NADH dehydrogenase subunit 4	6747-8196:-1
NC_010764.1	CDS	ND5	NADH dehydrogenase subunit 5	8231-10043:-1
NC_010764.1	CDS	ND2	NADH dehydrogenase subunit 2	10030-11350:-1
NC_010764.1	rRNA		l-rRNA	11350-13311:-1
NC_010764.1	CDS	msh1	MutS-like protein	13311-16293:-1
NC_010764.1	tRNA		tRNA-Met	16293-16364:-1
NC_010764.1	CDS	COX3	cytochrome c oxidase subunit III	16393-17179:-1
NC_010764.1	CDS	ATP6	ATP synthase F0 subunit 6	17212-17929:-1
NC_010764.1	CDS	ATP8	ATP synthase F0 subunit 8	17941-18157:-1
NC_010764.1	CDS	COX2	cytochrome c oxidase subunit II	18161-18923:-1
NC_011016.2	CDS	COX1	cytochrome c oxidase subunit I	110-1707:1
NC_011016.2	rRNA		s-rRNA	1700-2722:1
NC_011016.2	CDS	ND1	NADH dehydrogenase subunit 1	2768-3749:1
NC_011016.2	CDS	CYTB	cytochrome b	3850-5011:1
NC_011016.2	CDS	ND6	NADH dehydrogenase subunit 6	5053-5605:1
NC_011016.2	CDS	ND3	NADH dehydrogenase subunit 3	5621-5969:1
NC_011016.2	CDS	ND4L	NADH dehydrogenase subunit 4L	5989-6283:1
NC_011016.2	CDS	ND4	NADH dehydrogenase subunit 4	6395-7844:-1
NC_011016.2	CDS	ND5	NADH dehydrogenase subunit 5	7891-9703:-1
NC_011016.2	CDS	ND2	NADH dehydrogenase subunit 2	9691-11013:-1
NC_011016.2	rRNA		l-rRNA	11040-13001:-1
NC_011016.2	CDS	msh1	MutS-like protein	13001-15965:-1
NC_011016.2	tRNA		tRNA-Met	15976-16047:-1
NC_011016.2	CDS	COX3	cytochrome c oxidase subunit III	16081-16867:-1
NC_011016.2	CDS	ATP6	ATP synthase F0 subunit 6	16900-17614:-1
NC_011016.2	CDS	ATP8	ATP synthase F0 subunit 8	17634-17850:-1
NC_011016.2	CDS	COX2	cytochrome c oxidase subunit II	17854-18616:-1
NC_011160.1	tRNA		tRNA-Met	0-71:1
NC_011160.1	rRNA		l-rRNA	71-2008:1
NC_011160.1	CDS	ND5	NADH dehydrogenase subunit 5	2008-2719:1,13134-14238:1
NC_011160.1	CDS	ND1	NADH dehydrogenase subunit 1	2843-3821:1
NC_011160.1	CDS	CYTB	cytochrome b	3853-4993:1
NC_011160.1	CDS	ND2	NADH dehydrogenase subunit 2	5215-6307:1
NC_011160.1	CDS	ND6	NADH dehydrogenase subunit 6	6308-6872:1
NC_011160.1	CDS	ATP6	ATP synthase F0 subunit 6	6871-7549:1
NC_011160.1	CDS	ND4	NADH dehydrogenase subunit 4	8406-9852:1
NC_011160.1	rRNA		s-rRNA	9851-10761:1
NC_011160.1	CDS	COX3	cytochrome c oxidase subunit III	10761-11541:1
NC_011160.1	CDS	COX2	cytochrome c oxidase subunit II	11516-12455:1
NC_011160.1	CDS	ND4L	NADH dehydrogenase subunit 4L	12436-12736:1
NC_011160.1	CDS	ND3	NADH dehydrogenase subunit 3	12735-13080:1
NC_011160.1	tRNA		tRNA-Trp	14250-14320:1
NC_011160.1	CDS	ATP8	ATP synthase F0 subunit 8	14321-14546:1
NC_011160.1	CDS	COX1	cytochrome c oxidase subunit I	15214-16801:1
NC_011162.1	tRNA		tRNA-Met	0-71:1
NC_011162.1	rRNA		l-rRNA	71-2007:1
NC_011162.1	CDS	ND5	NADH dehydrogenase subunit 5	2007-2718:1,13301-14429:1
NC_011162.1	CDS	ND1	NADH dehydrogenase subunit 1	2842-3820:1
NC_011162.1	CDS	CYTB	cytochrome b	3871-5011:1
NC_011162.1	CDS	ND2	NADH dehydrogenase subunit 2	5231-6323:1
NC_011162.1	CDS	ND6	NADH dehydrogenase subunit 6	6324-6888:1
NC_011162.1	CDS	ATP6	ATP synthase F0 subunit 6	6887-7565:1
NC_011162.1	CDS	ND4	NADH dehydrogenase subunit 4	8670-10116:1
NC_011162.1	rRNA	ND5	s-rRNA	10116-11030:1
NC_011162.1	CDS	COX3	cytochrome c oxidase subunit III	11030-11810:1
NC_011162.1	CDS	COX2	cytochrome c oxidase subunit II	11785-12622:1
NC_011162.1	CDS	ND4L	NADH dehydrogenase subunit 4L	12603-12903:1
NC_011162.1	CDS	ND3	NADH dehydrogenase subunit 3	12902-13247:1
NC_011162.1	tRNA		tRNA-Trp	14441-14511:1
NC_011162.1	CDS	ATP8	ATP synthase F0 subunit 8	14512-14761:1
NC_011162.1	tRNA		tRNA-Trp	14741-14803:1
NC_011162.1	CDS	COX1	cytochrome c oxidase subunit I	15591-17139:1
NC_013573.1	CDS	COX1	cytochrome c oxidase subunit I	0-1597:1
NC_013573.1	rRNA		12S ribosomal RNA	1748-2671:1
NC_013573.1	CDS	ND1	NADH dehydrogenase subunit 1	2675-3647:1
NC_013573.1	CDS	CYTB	cytochrome b	3729-4866:1
NC_013573.1	CDS	ND6	NADH dehydrogenase subunit 6	5065-5623:1
NC_013573.1	CDS	ND3	NADH dehydrogenase subunit 3	5666-6020:1
NC_013573.1	CDS	ND4L	NADH dehydrogenase subunit 4L	6039-6333:1
NC_013573.1	CDS	mutS	DNA mismatch repair protein	6346-9286:1
NC_013573.1	rRNA		16S ribosomal RNA	9295-11492:1
NC_013573.1	CDS	ND2	NADH dehydrogenase subunit 2	11587-12626:1
NC_013573.1	CDS	ND5	NADH dehydrogenase subunit 5	12615-14433:1
NC_013573.1	CDS	ND4	NADH dehydrogenase subunit 4	14517-15966:1
NC_013573.1	tRNA		tRNA-Met	16038-16109:-1
NC_013573.1	CDS	COX3	cytochrome c oxidase subunit III	16148-16934:-1
NC_013573.1	CDS	ATP6	ATP synthase F0 subunit 6	16998-17706:-1
NC_013573.1	CDS	ATP8	ATP synthase F0 subunit 8	17730-17946:-1
NC_013573.1	CDS	COX2	cytochrome c oxidase subunit II	17968-18730:-1
NC_015406.1	CDS	COX1	cytochrome c oxidase subunit I	0-1597:1
NC_015406.1	rRNA		12S ribosomal RNA	1590-2686:1
NC_015406.1	CDS	ND1	NADH dehydrogenase subunit 1	2686-3658:1
NC_015406.1	CDS	CYTB	cytochrome b	3664-4825:1
NC_015406.1	CDS	msh1	putative mismatch repair protein	4905-7896:1
NC_015406.1	rRNA		16S ribosomal RNA	7896-10132:1
NC_015406.1	CDS	ND2	NADH dehydrogenase subunit 2	10110-11250:1
NC_015406.1	CDS	ND5	NADH dehydrogenase subunit 5	11237-13055:1
NC_015406.1	CDS	ND4	NADH dehydrogenase subunit 4	13079-14528:1
NC_015406.1	tRNA	trnM	tRNA-Met	14590-14661:-1
NC_015406.1	CDS	COX3	cytochrome c oxidase subunit III	14697-15483:-1
NC_015406.1	CDS	ATP6	ATP synthase F0 subunit 6	15510-16218:-1
NC_015406.1	CDS	ATP8	ATP synthase F0 subunit 8	16238-16454:-1
NC_015406.1	CDS	COX2	cytochrome c oxidase subunit II	16471-17233:-1
NC_015406.1	CDS	ND4L	NADH dehydrogenase subunit 4L	17298-17592:-1
NC_015406.1	CDS	ND3	NADH dehydrogenase subunit 3	17626-17980:-1
NC_015406.1	CDS	ND6	NADH dehydrogenase subunit 6	18009-18564:-1
NC_015640.1	tRNA		tRNA-Met	0-71:1
NC_015640.1	rRNA		l-rRNA	106-2472:1
NC_015640.1	CDS	ND5	NADH dehydrogenase subunit 5	2952-3671:1,14603-15723:1
NC_015640.1	CDS	ND1	NADH dehydrogenase subunit 1	4004-4988:1
NC_015640.1	CDS	CYTB	cytochrome b	5092-6253:1
NC_015640.1	CDS	ND2	NADH dehydrogenase subunit 2	6789-7887:1
NC_015640.1	CDS	ND6	NADH dehydrogenase subunit 6	7921-8515:1
NC_015640.1	CDS	ATP6	ATP synthase F0 subunit 6	8579-9278:1
NC_015640.1	CDS	ND4	NADH dehydrogenase subunit 4	9518-10994:1
NC_015640.1	rRNA		s-rRNA	11057-12171:1
NC_015640.1	CDS	COX3	cytochrome c oxidase subunit III	12211-13000:1
NC_015640.1	CDS	COX2	cytochrome c oxidase subunit II	13035-13779:1
NC_015640.1	CDS	ND4L	NADH dehydrogenase subunit 4L	13832-14132:1
NC_015640.1	CDS	ND3	NADH dehydrogenase subunit 3	14148-14505:1
NC_015640.1	tRNA		tRNA-Trp	15761-15831:1
NC_015640.1	CDS	ATP8	ATP synthase F0 subunit 8	15863-16094:1
NC_015640.1	CDS	COX1	cytochrome c oxidase subunit I	16200-17095:1,18056-18790:1
NC_015641.1	tRNA		tRNA-Met	0-71:1
NC_015641.1	rRNA		16S ribosomal RNA	71-2379:1
NC_015641.1	CDS	ND5	NADH dehydrogenase subunit 5	2457-3176:1,15042-16159:1
NC_015641.1	CDS	ND1	NADH dehydrogenase subunit 1	3559-4543:1
NC_015641.1	CDS	CYTB	cytochrome b	4641-5796:1
NC_015641.1	CDS	ND2	NADH dehydrogenase subunit 2	6609-7707:1
NC_015641.1	CDS	ND6	NADH dehydrogenase subunit 6	7730-8324:1
NC_015641.1	CDS	ATP6	ATP synthase F0 subunit 6	8373-9072:1
NC_015641.1	CDS	ND4	NADH dehydrogenase subunit 4	9332-10808:1
NC_015641.1	rRNA	ND5	12S ribosomal RNA	10860-12037:1
NC_015641.1	CDS	COX3	cytochrome c oxidase subunit III	12697-13486:1
NC_015641.1	CDS	COX2	cytochrome c oxidase subunit II	13505-14249:1
NC_015641.1	CDS	ND4L	NADH dehydrogenase subunit 4L	14248-14548:1
NC_015641.1	CDS	ND3	NADH dehydrogenase subunit 3	14564-14921:1
NC_015641.1	tRNA		tRNA-Trp	16171-16241:1
NC_015641.1	CDS	ATP8	ATP synthase F0 subunit 8	16273-16492:1
NC_015641.1	CDS	COX1	cytochrome c oxidase subunit I	16473-18774:1
NC_015642.1	tRNA		tRNA-Met	0-72:1
NC_015642.1	rRNA		l-rRNA	75-1968:1
NC_015642.1	CDS	ND5	NADH dehydrogenase subunit 5	1947-2657:1,12095-13197:1
NC_015642.1	CDS	ND1	NADH dehydrogenase subunit 1	2790-3738:1
NC_015642.1	CDS	CYTB	cytochrome b	3739-4879:1
NC_015642.1	CDS	ND2	NADH dehydrogenase subunit 2	5099-6191:1
NC_015642.1	CDS	ND6	NADH dehydrogenase subunit 6	6191-6752:1
NC_015642.1	CDS	ATP6	ATP synthase F0 subunit 6	6751-7429:1
NC_015642.1	CDS	ND4	NADH dehydrogenase subunit 4	7428-8868:1
NC_015642.1	rRNA		s-rRNA	8868-9773:1
NC_015642.1	CDS	COX3	cytochrome c oxidase subunit III	9773-10553:1
NC_015642.1	CDS	COX2	cytochrome c oxidase subunit II	10708-11416:1
NC_015642.1	CDS	ND4L	NADH dehydrogenase subunit 4L	11397-11697:1
NC_015642.1	CDS	ND3	NADH dehydrogenase subunit 3	11699-12041:1
NC_015642.1	CDS	ATP8	ATP synthase F0 subunit 8	13268-13466:1
NC_015642.1	CDS	COX1	cytochrome c oxidase subunit I	13465-15040:1
NC_015643.1	tRNA		tRNA-Met	0-69:1
NC_015643.1	rRNA		16S ribosomal RNA	118-2345:1
NC_015643.1	CDS	ND5	NADH dehydrogenase subunit 5	2636-3355:1,14530-15647:1
NC_015643.1	CDS	ND1	NADH dehydrogenase subunit 1	3687-4671:1
NC_015643.1	CDS	CYTB	cytochrome b	4788-5952:1
NC_015643.1	CDS	ND2	NADH dehydrogenase subunit 2	6536-7634:1
NC_015643.1	CDS	ND6	NADH dehydrogenase subunit 6	7667-8261:1
NC_015643.1	CDS	ATP6	ATP synthase F0 subunit 6	8343-9042:1
NC_015643.1	CDS	ND4	NADH dehydrogenase subunit 4	9306-10782:1
NC_015643.1	rRNA		12S ribosomal RNA	10875-11904:1
NC_015643.1	CDS	COX3	cytochrome c oxidase subunit III	12139-12928:1
NC_015643.1	CDS	COX2	cytochrome c oxidase subunit II	12963-13707:1
NC_015643.1	CDS	ND4L	NADH dehydrogenase subunit 4L	13758-14058:1
NC_015643.1	CDS	ND3	NADH dehydrogenase subunit 3	14075-14432:1
NC_015643.1	tRNA		tRNA-Trp	15686-15756:1
NC_015643.1	CDS	ATP8	ATP synthase F0 subunit 8	15788-16004:1
NC_015643.1	CDS	COX1	cytochrome c oxidase subunit I	16127-17021:1,17985-18669:1
NC_015644.1	tRNA		tRNA-Met	0-71:1
NC_015644.1	rRNA		l-rRNA	115-2416:1
NC_015644.1	CDS	ND5	NADH dehydrogenase subunit 5	2561-3280:1,14413-15530:1
NC_015644.1	CDS	ND1	NADH dehydrogenase subunit 1	3614-4598:1
NC_015644.1	CDS	CYTB	cytochrome b	4719-5880:1
NC_015644.1	CDS	ND2	NADH dehydrogenase subunit 2	6449-7547:1
NC_015644.1	CDS	ND6	NADH dehydrogenase subunit 6	7580-8174:1
NC_015644.1	CDS	ATP6	ATP synthase F0 subunit 6	8247-8946:1
NC_015644.1	CDS	ND4	NADH dehydrogenase subunit 4	9208-10684:1
NC_015644.1	rRNA		s-rRNA	10759-11788:1
NC_015644.1	CDS	COX3	cytochrome c oxidase subunit III	12022-12811:1
NC_015644.1	CDS	COX2	cytochrome c oxidase subunit II	12846-13590:1
NC_015644.1	CDS	ND4L	NADH dehydrogenase subunit 4L	13643-13943:1
NC_015644.1	CDS	ND3	NADH dehydrogenase subunit 3	13957-14314:1
NC_015644.1	CDS	ATP8	ATP synthase F0 subunit 8	15671-15887:1
NC_015644.1	CDS	COX1	cytochrome c oxidase subunit I	16009-16903:1,17868-18552:1
NC_018364.1	CDS	ND5	NADH dehydrogenase subunit 5	0-710:1,10850-11955:1
NC_018364.1	CDS	ND1	NADH dehydrogenase subunit 1	822-1770:1
NC_018364.1	CDS	CYTB	cytochrome b	1794-2934:1
NC_018364.1	CDS	ND2	NADH dehydrogenase subunit 2	3154-4246:1
NC_018364.1	CDS	ND6	NADH dehydrogenase subunit 6	4246-4813:1
NC_018364.1	CDS	ATP6	ATP synthase F0 subunit 6	4850-5531:1
NC_018364.1	CDS	ND4	NADH dehydrogenase subunit 4	5530-6976:1
NC_018364.1	rRNA		s-rRNA	6976-8139:1
NC_018364.1	CDS	COX2	cytochrome c oxidase subunit II	8139-8931:1
NC_018364.1	CDS	COX3	cytochrome c oxidase subunit III	9096-9876:1
NC_018364.1	CDS	ND4L	NADH dehydrogenase subunit 4L	10052-10352:1
NC_018364.1	CDS	ND3	NADH dehydrogenase subunit 3	10351-10696:1
NC_018364.1	tRNA		tRNA-Trp	11954-12025:1
NC_018364.1	CDS	ATP8	ATP synthase F0 subunit 8	12025-12223:1
NC_018364.1	CDS	COX1	cytochrome c oxidase subunit I	12222-13782:1
NC_018364.1	tRNA		tRNA-Met	13771-13843:1
NC_018364.1	rRNA		l-rRNA	13843-15841:1
NC_018377.1	CDS	CYTB	cytochrome b	0-1143:1
NC_018377.1	tRNA		tRNA-Met	1219-1290:1
NC_018377.1	rRNA		16S ribosomal RNA	1394-4057:1
NC_018377.1	CDS	COX3	cytochrome c oxidase subunit III	4223-5012:1
NC_018377.1	CDS	COX1	cytochrome c oxidase subunit I	5308-6202:1,7641-8340:1
NC_018377.1	CDS	HEG	HEG	6474-7536:1
NC_018377.1	CDS	ND4L	NADH dehydrogenase subunit 4L	8488-8788:1
NC_018377.1	CDS	COX2	cytochrome c oxidase subunit II	8895-9645:1
NC_018377.1	CDS	ND4	NADH dehydrogenase subunit 4	9701-11204:1
NC_018377.1	CDS	ND6	NADH dehydrogenase subunit 6	11409-12000:1
NC_018377.1	CDS	ATP8	ATP synthase F0 subunit 8	12074-12287:1
NC_018377.1	CDS	ATP6	ATP synthase F0 subunit 6	12527-13163:1
NC_018377.1	CDS	ND5	NADH dehydrogenase subunit 5	13301-14021:1,16083-17214:1
NC_018377.1	CDS	ND1	NADH dehydrogenase subunit 1	14371-15421:1
NC_018377.1	CDS	ND3	NADH dehydrogenase subunit 3	15558-15915:1
NC_018377.1	tRNA		tRNA-Trp	17258-17328:1
NC_018377.1	CDS	ND2	NADH dehydrogenase subunit 2	17447-18965:1
NC_018377.1	rRNA		12S ribosomal RNA	19194-20343:1
NC_018378.1	CDS	ND2	NADH dehydrogenase subunit 2	0-1356:1
NC_018378.1	CDS	ND5	NADH dehydrogenase subunit 5	1343-3161:1
NC_018378.1	CDS	ND4	NADH dehydrogenase subunit 4	3187-4636:1
NC_018378.1	tRNA		tRNA-Met	4743-4814:-1
NC_018378.1	CDS	COX3	cytochrome c oxidase subunit III	4878-5664:-1
NC_018378.1	CDS	ATP6	ATP synthase F0 subunit 6	5721-6429:-1
NC_018378.1	CDS	ATP8	ATP synthase F0 subunit 8	6449-6665:-1
NC_018378.1	CDS	COX2	cytochrome c oxidase subunit II	6703-7465:-1
NC_018378.1	CDS	COX1	cytochrome c oxidase subunit I	7561-9127:1
NC_018378.1	rRNA		s-rRNA	9158-10219:1
NC_018378.1	CDS	ND1	NADH dehydrogenase subunit 1	10270-11251:1
NC_018378.1	CDS	CYTB	cytochrome b	11262-12423:1
NC_018378.1	CDS	ND6	NADH dehydrogenase subunit 6	12441-12996:1
NC_018378.1	CDS	ND3	NADH dehydrogenase subunit 3	13019-13373:1
NC_018378.1	CDS	ND4L	NADH dehydrogenase subunit 4L	13376-13670:1
NC_018378.1	CDS	mutS	mutS	13683-16638:1
NC_018378.1	rRNA		l-rRNA	16647-18614:1
NC_018379.1	CDS	COX1	cytochrome c oxidase subunit I	0-1582:1
NC_018379.1	rRNA		s-rRNA	1582-2633:1
NC_018379.1	CDS	ND1	NADH dehydrogenase subunit 1	2677-3649:1
NC_018379.1	CDS	CYTB	cytochrome b	3676-4843:1
NC_018379.1	CDS	ND6	NADH dehydrogenase subunit 6	4883-5441:1
NC_018379.1	CDS	ND3	NADH dehydrogenase subunit 3	5496-5850:1
NC_018379.1	CDS	ND4L	NADH dehydrogenase subunit 4L	5869-6163:1
NC_018379.1	CDS	mutS	mutS	6176-9149:1
NC_018379.1	rRNA		l-rRNA	9158-11126:1
NC_018379.1	CDS	ND2	NADH dehydrogenase subunit 2	11157-12531:1
NC_018379.1	CDS	ND5	NADH dehydrogenase subunit 5	12518-14336:1
NC_018379.1	CDS	ND4	NADH dehydrogenase subunit 4	14432-15881:1
NC_018379.1	tRNA		tRNA-Met	15938-16009:-1
NC_018379.1	CDS	COX3	cytochrome c oxidase subunit III	16048-16834:-1
NC_018379.1	CDS	ATP6	ATP synthase F0 subunit 6	16898-17606:-1
NC_018379.1	CDS	ATP8	ATP synthase F0 subunit 8	17630-17846:-1
NC_018379.1	CDS	COX2	cytochrome c oxidase subunit II	17868-18630:-1
NC_018380.1	CDS	COX1	cytochrome c oxidase subunit I	123-1689:1
NC_018380.1	rRNA		s-rRNA	1720-2783:1
NC_018380.1	CDS	ND1	NADH dehydrogenase subunit 1	2834-3815:1
NC_018380.1	CDS	CYTB	cytochrome b	3826-4987:1
NC_018380.1	CDS	ND6	NADH dehydrogenase subunit 6	5005-5560:1
NC_018380.1	CDS	ND3	NADH dehydrogenase subunit 3	5624-5978:1
NC_018380.1	CDS	ND4L	NADH dehydrogenase subunit 4L	5981-6275:1
NC_018380.1	CDS	mutS	mutS	6288-9243:1
NC_018380.1	rRNA		l-rRNA	9252-11220:1
NC_018380.1	CDS	ND2	NADH dehydrogenase subunit 2	11222-12605:1
NC_018380.1	CDS	ND5	NADH dehydrogenase subunit 5	12592-14410:1
NC_018380.1	CDS	ND4	NADH dehydrogenase subunit 4	14441-15890:1
NC_018380.1	tRNA		tRNA-Met	16011-16082:-1
NC_018380.1	CDS	COX3	cytochrome c oxidase subunit III	16146-16932:-1
NC_018380.1	CDS	ATP6	ATP synthase F0 subunit 6	16989-17697:-1
NC_018380.1	CDS	ATP8	ATP synthase F0 subunit 8	17717-17933:-1
NC_018380.1	CDS	COX2	cytochrome c oxidase subunit II	17971-18733:-1
NC_018790.1	CDS		cytochrome c oxidase subunit I	0-1596:1
NC_018790.1	rRNA		s-rRNA	1636-2680:1
NC_018790.1	CDS		NADH dehydrogenase subunit 1	2735-3707:1
NC_018790.1	CDS		cytochrome b	3764-4931:1
NC_018790.1	CDS		MutS-like protein	5365-8359:1
NC_018790.1	rRNA		l-rRNA	8359-10581:1
NC_018790.1	CDS		NADH dehydrogenase subunit 2	10581-11721:1
NC_018790.1	CDS		NADH dehydrogenase subunit 5	11708-13526:1
NC_018790.1	CDS		NADH dehydrogenase subunit 4	14088-15537:1
NC_018790.1	CDS		NADH dehydrogenase subunit 4L	15643-15937:-1
NC_018790.1	CDS		NADH dehydrogenase subunit 3	15972-16326:-1
NC_018790.1	CDS		NADH dehydrogenase subunit 6	16359-16908:-1
NC_018790.1	tRNA	trnM	tRNA-Met	17069-17140:-1
NC_018790.1	CDS		cytochrome c oxidase subunit III	17179-17965:-1
NC_018790.1	CDS		ATP synthase F0 subunit 6	17991-18699:-1
NC_018790.1	CDS		ATP synthase F0 subunit 8	18719-18935:-1
NC_018790.1	CDS		cytochrome c oxidase subunit II	18957-19719:-1
NC_020049.1	tRNA		tRNA-Met	0-72:1
NC_020049.1	rRNA		large subunit ribosomal RNA	72-2021:1
NC_020049.1	CDS	ND5	NADH dehydrogenase subunit 5	2021-2732:1,12896-14000:1
NC_020049.1	CDS	ND1	NADH dehydrogenase subunit 1	2841-3789:1
NC_020049.1	CDS	CYTB	cytochrome b	3791-4931:1
NC_020049.1	CDS	ND2	NADH dehydrogenase subunit 2	4956-6243:1
NC_020049.1	CDS	ND6	NADH dehydrogenase subunit 6	6244-6805:1
NC_020049.1	CDS	ATP6	ATP synthase F0 subunit 6	6804-7482:1
NC_020049.1	CDS	ND4	NADH dehydrogenase subunit 4	7481-8921:1
NC_020049.1	rRNA	ND5	small subunit ribosomal RNA	9545-10447:1
NC_020049.1	CDS	COX3	cytochrome c oxidase subunit III	10514-11294:1
NC_020049.1	CDS	COX2	cytochrome c oxidase subunit II	11507-12215:1
NC_020049.1	CDS	ND4L	NADH dehydrogenase subunit 4L	12196-12496:1
NC_020049.1	CDS	ND3	NADH dehydrogenase subunit 3	12498-12840:1
NC_020049.1	tRNA		tRNA-Trp	14000-14068:-1
NC_020049.1	CDS	ATP8	ATP synthase F0 subunit 8	14071-14269:1
NC_020049.1	CDS	COX1	cytochrome c oxidase subunit I	14268-15858:1
NC_020375.1	CDS	CYTB	cytochrome b	0-1161:1
NC_020375.1	CDS	ND6	NADH dehydrogenase subunit 6	1196-1754:1
NC_020375.1	CDS	ND3	NADH dehydrogenase subunit 3	1796-2150:1
NC_020375.1	CDS	ND4L	NADH dehydrogenase subunit 4L	2175-2469:1
NC_020375.1	CDS	msh1	msh1	2497-5473:1
NC_020375.1	rRNA		l-rRNA	5482-7457:1
NC_020375.1	CDS	ND2	NADH dehydrogenase subunit 2	7459-8815:1
NC_020375.1	CDS	ND5	NADH dehydrogenase subunit 5	8802-10620:1
NC_020375.1	CDS	ND4	NADH dehydrogenase subunit 4	10672-12133:1
NC_020375.1	tRNA		tRNA-Met	12205-12276:-1
NC_020375.1	CDS	COX3	cytochrome c oxidase subunit III	12310-13129:-1
NC_020375.1	CDS	ATP6	ATP synthase F0 subunit 6	13143-13851:-1
NC_020375.1	CDS	ATP8	ATP synthase F0 subunit 8	13889-14105:-1
NC_020375.1	CDS	COX2	cytochrome c oxidase subunit II	14126-14888:-1
NC_020375.1	CDS	COX1	cytochrome c oxidase subunit I	15074-16727:1
NC_020375.1	rRNA		s-rRNA	16656-17710:1
NC_020375.1	CDS	ND1	NADH dehydrogenase subunit 1	17818-18799:1
NC_020456.1	CDS	COX1	cytochrome c oxidase subunit I	0-1597:1
NC_020456.1	rRNA		12S ribosomal RNA	1748-2671:1
NC_020456.1	CDS	ND1	NADH dehydrogenase subunit 1	2675-3647:1
NC_020456.1	CDS	CYTB	cytochrome b	3729-4866:1
NC_020456.1	CDS	ND6	NADH dehydrogenase subunit 6	5065-5623:1
NC_020456.1	CDS	ND3	NADH dehydrogenase subunit 3	5666-6020:1
NC_020456.1	CDS	ND4L	NADH dehydrogenase subunit 4L	6039-6333:1
NC_020456.1	CDS	msh1	MutS-like protein	6346-9286:1
NC_020456.1	rRNA		16S ribosomal RNA	9295-11466:1
NC_020456.1	CDS	ND2	NADH dehydrogenase subunit 2	11470-12628:1
NC_020456.1	CDS	ND5	NADH dehydrogenase subunit 5	12615-14433:1
NC_020456.1	CDS	ND4	NADH dehydrogenase subunit 4	14517-15966:1
NC_020456.1	tRNA		tRNA-Met	16040-16111:-1
NC_020456.1	CDS	COX3	cytochrome c oxidase subunit III	16150-16936:-1
NC_020456.1	CDS	ATP6	ATP synthase F0 subunit 6	17000-17708:-1
NC_020456.1	CDS	ATP8	ATP synthase F0 subunit 8	17732-17948:-1
NC_020456.1	CDS	COX2	cytochrome c oxidase subunit II	17970-18732:-1
NC_020457.1	CDS	COX1	cytochrome c oxidase subunit I	0-1597:1
NC_020457.1	rRNA		12S ribosomal RNA	1748-2674:1
NC_020457.1	CDS	ND1	NADH dehydrogenase subunit 1	2676-3648:1
NC_020457.1	CDS	CYTB	cytochrome b	3699-4836:1
NC_020457.1	CDS	ND6	NADH dehydrogenase subunit 6	5260-5818:1
NC_020457.1	CDS	ND3	NADH dehydrogenase subunit 3	5861-6215:1
NC_020457.1	CDS	ND4L	NADH dehydrogenase subunit 4L	6234-6528:1
NC_020457.1	CDS	msh1	MutS-like protein	6541-9499:1
NC_020457.1	rRNA		16S ribosomal RNA	9508-11662:1
NC_020457.1	CDS	ND2	NADH dehydrogenase subunit 2	11666-12818:1
NC_020457.1	CDS	ND5	NADH dehydrogenase subunit 5	12805-14623:1
NC_020457.1	CDS	ND4	NADH dehydrogenase subunit 4	15137-16586:1
NC_020457.1	tRNA		tRNA-Met	16642-16713:-1
NC_020457.1	CDS	COX3	cytochrome c oxidase subunit III	16752-17538:-1
NC_020457.1	CDS	ATP6	ATP synthase F0 subunit 6	17602-18310:-1
NC_020457.1	CDS	ATP8	ATP synthase F0 subunit 8	18333-18549:-1
NC_020457.1	CDS	COX2	cytochrome c oxidase subunit II	18571-19333:-1
NC_020458.1	CDS	COX1	cytochrome c oxidase subunit I	0-1597:1
NC_020458.1	rRNA		12S ribosomal RNA	1748-2674:1
NC_020458.1	CDS	ND1	NADH dehydrogenase subunit 1	2676-3648:1
NC_020458.1	CDS	CYTB	cytochrome b	3729-4872:1
NC_020458.1	CDS	ND6	NADH dehydrogenase subunit 6	4911-5469:1
NC_020458.1	CDS	ND3	NADH dehydrogenase subunit 3	5510-5864:1
NC_020458.1	CDS	ND4L	NADH dehydrogenase subunit 4L	5883-6177:1
NC_020458.1	CDS	msh1	MutS-like protein	6190-9136:1
NC_020458.1	rRNA		16S ribosomal RNA	9145-11308:1
NC_020458.1	CDS	ND2	NADH dehydrogenase subunit 2	11312-12470:1
NC_020458.1	CDS	ND5	NADH dehydrogenase subunit 5	12457-14275:1
NC_020458.1	CDS	ND4	NADH dehydrogenase subunit 4	14365-15814:1
NC_020458.1	tRNA		tRNA-Met	15870-15941:-1
NC_020458.1	CDS	COX3	cytochrome c oxidase subunit III	15980-16766:-1
NC_020458.1	CDS	ATP6	ATP synthase F0 subunit 6	16830-17538:-1
NC_020458.1	CDS	ATP8	ATP synthase F0 subunit 8	17562-17778:-1
NC_020458.1	CDS	COX2	cytochrome c oxidase subunit II	17800-18562:-1
NC_022470.1	CDS	ND5	NADH dehydrogenase subunit 5	0-717:1,2772-3888:1
NC_022470.1	CDS	ND1	NADH dehydrogenase subunit 1	940-1924:1
NC_022470.1	CDS	ND3	NADH dehydrogenase subunit 3	1968-2325:1
NC_022470.1	tRNA	trnW	tRNA-Trp	4194-4264:1
NC_022470.1	CDS	ND2	NADH dehydrogenase subunit 2	4379-5762:1
NC_022470.1	rRNA	ssu rRNA	s-rRNA	5811-6893:1
NC_022470.1	CDS	COX2	cytochrome c oxidase subunit II	6946-7693:1
NC_022470.1	CDS	ND4	NADH dehydrogenase subunit 4	7698-9174:1
NC_022470.1	CDS	ND6	NADH dehydrogenase subunit 6	9178-9787:1
NC_022470.1	CDS	CYTB	cytochrome b	9814-10966:1
NC_022470.1	tRNA	trnM	tRNA-Met	11226-11297:1
NC_022470.1	rRNA	lsu rRNA	l-rRNA	11297-13506:1
NC_022470.1	CDS	COX3	cytochrome c oxidase subunit III	13575-14364:1
NC_022470.1	CDS	COX1	cytochrome c oxidase subunit I	15022-15912:1,16765-17447:1
NC_022470.1	CDS	heg	homing endonuclease	15022-16756:1
NC_022470.1	CDS	ND4L	NADH dehydrogenase subunit 4L	17861-18161:1
NC_022470.1	CDS	ATP8	ATP synthase F0 subunit 8	18185-18401:1
NC_022470.1	CDS	ATP6	ATP synthase F0 subunit 6	18434-19124:1
NC_022804.1	CDS	COX1	cytochrome c oxidase subunit I	0-1597:1
NC_022804.1	rRNA		s-rRNA	1590-2686:1
NC_022804.1	CDS	ND1	NADH dehydrogenase subunit 1	2686-3658:1
NC_022804.1	CDS	CYTB	cytochrome b	3664-4825:1
NC_022804.1	CDS	msh1	putative mismatch repair protein	4905-7896:1
NC_022804.1	rRNA		l-rRNA	7896-10132:1
NC_022804.1	CDS	ND2	NADH dehydrogenase subunit 2	10110-11250:1
NC_022804.1	CDS	ND5	NADH dehydrogenase subunit 5	11237-13055:1
NC_022804.1	CDS	ND4	NADH dehydrogenase subunit 4	13079-14528:1
NC_022804.1	tRNA	trnM	tRNA-Met	14590-14661:-1
NC_022804.1	CDS	COX3	cytochrome c oxidase subunit III	14697-15483:-1
NC_022804.1	CDS	ATP6	ATP synthase F0 subunit 6	15510-16218:-1
NC_022804.1	CDS	ATP8	ATP synthase F0 subunit 8	16238-16454:-1
NC_022804.1	CDS	COX2	cytochrome c oxidase subunit II	16471-17233:-1
NC_022804.1	CDS	ND4L	NADH dehydrogenase subunit 4L	17298-17592:-1
NC_022804.1	CDS	ND3	NADH dehydrogenase subunit 3	17626-17980:-1
NC_022804.1	CDS	ND6	NADH dehydrogenase subunit 6	18009-18564:-1
NC_022809.1	CDS	COX1	cytochrome c oxidase subunit I	0-1597:1
NC_022809.1	rRNA		s-rRNA	1590-2671:1
NC_022809.1	CDS	ND1	NADH dehydrogenase subunit 1	2675-3647:1
NC_022809.1	CDS	CYTB	cytochrome b	3712-4867:1
NC_022809.1	CDS	ND6	NADH dehydrogenase subunit 6	5066-5624:1
NC_022809.1	CDS	ND3	NADH dehydrogenase subunit 3	5667-6021:1
NC_022809.1	CDS	ND4L	NADH dehydrogenase subunit 4L	6040-6334:1
NC_022809.1	CDS	mutS	DNA mismatch repair protein	6347-9287:1
NC_022809.1	rRNA		l-rRNA	9296-11465:1
NC_022809.1	CDS	ND2	NADH dehydrogenase subunit 2	11469-12627:1
NC_022809.1	CDS	ND5	NADH dehydrogenase subunit 5	12614-14432:1
NC_022809.1	CDS	ND4	NADH dehydrogenase subunit 4	14516-15965:1
NC_022809.1	tRNA		tRNA-Met	16047-16118:1
NC_022809.1	CDS	COX3	cytochrome c oxidase subunit III	16157-16943:-1
NC_022809.1	CDS	ATP6	ATP synthase F0 subunit 6	17007-17715:-1
NC_022809.1	CDS	ATP8	ATP synthase F0 subunit 8	17739-17955:-1
NC_022809.1	CDS	COX2	cytochrome c oxidase subunit II	17977-18739:-1
NC_022823.1	tRNA		tRNA-Met	0-71:1
NC_022823.1	rRNA		l-rRNA	71-2331:1
NC_022823.1	CDS	ND5	NADH dehydrogenase subunit 5	2433-3153:1,15223-16339:1
NC_022823.1	CDS	ND1	NADH dehydrogenase subunit 1	3476-4460:1
NC_022823.1	CDS	CYTB	cytochrome b	4570-5728:1
NC_022823.1	CDS	ND2	NADH dehydrogenase subunit 2	6252-7350:1
NC_022823.1	CDS	ND6	NADH dehydrogenase subunit 6	7382-7976:1
NC_022823.1	CDS	ATP6	ATP synthase F0 subunit 6	8044-8743:1
NC_022823.1	CDS	ND4	NADH dehydrogenase subunit 4	8894-10370:1
NC_022823.1	rRNA		s-rRNA	10422-11598:1
NC_022823.1	CDS	COX3	cytochrome c oxidase subunit III	12818-13607:1
NC_022823.1	CDS	COX2	cytochrome c oxidase subunit II	13663-14407:1
NC_022823.1	CDS	ND4L	NADH dehydrogenase subunit 4L	14439-14739:1
NC_022823.1	CDS	ND3	NADH dehydrogenase subunit 3	14771-15128:1
NC_022823.1	tRNA		tRNA-Trp	16369-16439:1
NC_022823.1	CDS	ATP8	ATP synthase F0 subunit 8	16471-16690:1
NC_022823.1	CDS	COX1	cytochrome c oxidase subunit I	16671-18273:1
NC_022824.1	tRNA		tRNA-Met	0-71:1
NC_022824.1	rRNA		l-rRNA	71-2331:1
NC_022824.1	CDS	ND5	NADH dehydrogenase subunit 5	2433-3153:1,15225-16341:1
NC_022824.1	CDS	ND1	NADH dehydrogenase subunit 1	3476-4460:1
NC_022824.1	CDS	CYTB	cytochrome b	4570-5728:1
NC_022824.1	CDS	ND2	NADH dehydrogenase subunit 2	6252-7350:1
NC_022824.1	CDS	ND6	NADH dehydrogenase subunit 6	7382-7976:1
NC_022824.1	CDS	ATP6	ATP synthase F0 subunit 6	8044-8743:1
NC_022824.1	CDS	ND4	NADH dehydrogenase subunit 4	8894-10370:1
NC_022824.1	rRNA		s-rRNA	10422-11598:1
NC_022824.1	CDS	COX3	cytochrome c oxidase subunit III	12820-13609:1
NC_022824.1	CDS	COX2	cytochrome c oxidase subunit II	13665-14409:1
NC_022824.1	CDS	ND4L	NADH dehydrogenase subunit 4L	14441-14741:1
NC_022824.1	CDS	ND3	NADH dehydrogenase subunit 3	14773-15130:1
NC_022824.1	tRNA		tRNA-Trp	16371-16441:1
NC_022824.1	CDS	ATP8	ATP synthase F0 subunit 8	16473-16692:1
NC_022824.1	CDS	COX1	cytochrome c oxidase subunit I	16673-18275:1
NC_022825.1	tRNA		tRNA-Met	0-71:1
NC_022825.1	rRNA		l-rRNA	71-2331:1
NC_022825.1	CDS	ND5	NADH dehydrogenase subunit 5	2433-3153:1,15224-16340:1
NC_022825.1	CDS	ND1	NADH dehydrogenase subunit 1	3476-4460:1
NC_022825.1	CDS	CYTB	cytochrome b	4570-5728:1
NC_022825.1	CDS	ND2	NADH dehydrogenase subunit 2	6252-7350:1
NC_022825.1	CDS	ND6	NADH dehydrogenase subunit 6	7382-7976:1
NC_022825.1	CDS	ATP6	ATP synthase F0 subunit 6	8044-8743:1
NC_022825.1	CDS	ND4	NADH dehydrogenase subunit 4	8894-10370:1
NC_022825.1	rRNA		s-rRNA	10422-11598:1
NC_022825.1	CDS	COX3	cytochrome c oxidase subunit III	12819-13608:1
NC_022825.1	CDS	COX2	cytochrome c oxidase subunit II	13664-14408:1
NC_022825.1	CDS	ND4L	NADH dehydrogenase subunit 4L	14440-14740:1
NC_022825.1	CDS	ND3	NADH dehydrogenase subunit 3	14772-15129:1
NC_022825.1	tRNA		tRNA-Trp	16370-16440:1
NC_022825.1	CDS	ATP8	ATP synthase F0 subunit 8	16472-16691:1
NC_022825.1	CDS	COX1	cytochrome c oxidase subunit I	16672-18274:1
NC_022826.1	tRNA		tRNA-Met	0-71:1
NC_022826.1	rRNA		l-rRNA	71-2331:1
NC_022826.1	CDS	ND5	NADH dehydrogenase subunit 5	2433-3153:1,15310-16426:1
NC_022826.1	CDS	ND1	NADH dehydrogenase subunit 1	3476-4460:1
NC_022826.1	CDS	CYTB	cytochrome b	4570-5728:1
NC_022826.1	CDS	ND2	NADH dehydrogenase subunit 2	6252-7350:1
NC_022826.1	CDS	ND6	NADH dehydrogenase subunit 6	7382-7976:1
NC_022826.1	CDS	ATP6	ATP synthase F0 subunit 6	8044-8743:1
NC_022826.1	CDS	ND4	NADH dehydrogenase subunit 4	8894-10370:1
NC_022826.1	rRNA		s-rRNA	10422-11598:1
NC_022826.1	CDS	COX3	cytochrome c oxidase subunit III	12905-13694:1
NC_022826.1	CDS	COX2	cytochrome c oxidase subunit II	13750-14494:1
NC_022826.1	CDS	ND4L	NADH dehydrogenase subunit 4L	14526-14826:1
NC_022826.1	CDS	ND3	NADH dehydrogenase subunit 3	14858-15215:1
NC_022826.1	tRNA		tRNA-Trp	16456-16526:1
NC_022826.1	CDS	ATP8	ATP synthase F0 subunit 8	16558-16777:1
NC_022826.1	CDS	COX1	cytochrome c oxidase subunit I	16758-18360:1
NC_022827.1	tRNA		tRNA-Met	0-71:1
NC_022827.1	rRNA		l-rRNA	71-2332:1
NC_022827.1	CDS	ND5	NADH dehydrogenase subunit 5	2433-3153:1,15223-16339:1
NC_022827.1	CDS	ND1	NADH dehydrogenase subunit 1	3476-4460:1
NC_022827.1	CDS	CYTB	cytochrome b	4570-5728:1
NC_022827.1	CDS	ND2	NADH dehydrogenase subunit 2	6252-7350:1
NC_022827.1	CDS	ND6	NADH dehydrogenase subunit 6	7382-7976:1
NC_022827.1	CDS	ATP6	ATP synthase F0 subunit 6	8044-8743:1
NC_022827.1	CDS	ND4	NADH dehydrogenase subunit 4	8894-10370:1
NC_022827.1	rRNA		s-rRNA	10422-11598:1
NC_022827.1	CDS	COX3	cytochrome c oxidase subunit III	12818-13607:1
NC_022827.1	CDS	COX2	cytochrome c oxidase subunit II	13663-14407:1
NC_022827.1	CDS	ND4L	NADH dehydrogenase subunit 4L	14439-14739:1
NC_022827.1	CDS	ND3	NADH dehydrogenase subunit 3	14771-15128:1
NC_022827.1	tRNA		tRNA-Trp	16369-16439:1
NC_022827.1	CDS	ATP8	ATP synthase F0 subunit 8	16471-16690:1
NC_022827.1	CDS	COX1	cytochrome c oxidase subunit I	16671-18273:1
NC_022828.1	tRNA		tRNA-Met	0-71:1
NC_022828.1	rRNA		l-rRNA	71-2331:1
NC_022828.1	CDS	ND5	NADH dehydrogenase subunit 5	2433-3153:1,15109-16225:1
NC_022828.1	CDS	ND1	NADH dehydrogenase subunit 1	3476-4460:1
NC_022828.1	CDS	CYTB	cytochrome b	4570-5728:1
NC_022828.1	CDS	ND2	NADH dehydrogenase subunit 2	6252-7350:1
NC_022828.1	CDS	ND6	NADH dehydrogenase subunit 6	7382-7976:1
NC_022828.1	CDS	ATP6	ATP synthase F0 subunit 6	8044-8743:1
NC_022828.1	CDS	ND4	NADH dehydrogenase subunit 4	8894-10370:1
NC_022828.1	rRNA		s-rRNA	10422-11598:1
NC_022828.1	CDS	COX3	cytochrome c oxidase subunit III	12704-13493:1
NC_022828.1	CDS	COX2	cytochrome c oxidase subunit II	13549-14293:1
NC_022828.1	CDS	ND4L	NADH dehydrogenase subunit 4L	14325-14625:1
NC_022828.1	CDS	ND3	NADH dehydrogenase subunit 3	14657-15014:1
NC_022828.1	tRNA		tRNA-Trp	16255-16325:1
NC_022828.1	CDS	ATP8	ATP synthase F0 subunit 8	16357-16576:1
NC_022828.1	CDS	COX1	cytochrome c oxidase subunit I	16557-18159:1
NC_022829.1	tRNA		tRNA-Met	0-71:1
NC_022829.1	rRNA		l-rRNA	71-2331:1
NC_022829.1	CDS	ND5	NADH dehydrogenase subunit 5	2433-3153:1,15086-16202:1
NC_022829.1	CDS	ND1	NADH dehydrogenase subunit 1	3476-4460:1
NC_022829.1	CDS	CYTB	cytochrome b	4568-5726:1
NC_022829.1	CDS	ND2	NADH dehydrogenase subunit 2	6249-7347:1
NC_022829.1	CDS	ND6	NADH dehydrogenase subunit 6	7379-7973:1
NC_022829.1	CDS	ATP6	ATP synthase F0 subunit 6	8041-8740:1
NC_022829.1	CDS	ND4	NADH dehydrogenase subunit 4	8891-10367:1
NC_022829.1	rRNA		s-rRNA	10419-11595:1
NC_022829.1	CDS	COX3	cytochrome c oxidase subunit III	12681-13470:1
NC_022829.1	CDS	COX2	cytochrome c oxidase subunit II	13526-14270:1
NC_022829.1	CDS	ND4L	NADH dehydrogenase subunit 4L	14302-14602:1
NC_022829.1	CDS	ND3	NADH dehydrogenase subunit 3	14634-14991:1
NC_022829.1	tRNA		tRNA-Trp	16232-16302:1
NC_022829.1	CDS	ATP8	ATP synthase F0 subunit 8	16334-16553:1
NC_022829.1	CDS	COX1	cytochrome c oxidase subunit I	16534-18136:1
NC_022830.1	tRNA		tRNA-Met	0-71:1
NC_022830.1	rRNA		l-rRNA	71-2331:1
NC_022830.1	CDS	ND5	NADH dehydrogenase subunit 5	2433-3153:1,15223-16339:1
NC_022830.1	CDS	ND1	NADH dehydrogenase subunit 1	3476-4460:1
NC_022830.1	CDS	CYTB	cytochrome b	4570-5728:1
NC_022830.1	CDS	ND2	NADH dehydrogenase subunit 2	6252-7350:1
NC_022830.1	CDS	ND6	NADH dehydrogenase subunit 6	7382-7976:1
NC_022830.1	CDS	ATP6	ATP synthase F0 subunit 6	8044-8743:1
NC_022830.1	CDS	ND4	NADH dehydrogenase subunit 4	8894-10370:1
NC_022830.1	rRNA		s-rRNA	10422-11598:1
NC_022830.1	CDS	COX3	cytochrome c oxidase subunit III	12818-13607:1
NC_022830.1	CDS	COX2	cytochrome c oxidase subunit II	13663-14407:1
NC_022830.1	CDS	ND4L	NADH dehydrogenase subunit 4L	14439-14739:1
NC_022830.1	CDS	ND3	NADH dehydrogenase subunit 3	14771-15128:1
NC_022830.1	tRNA		tRNA-Trp	16369-16439:1
NC_022830.1	CDS	ATP8	ATP synthase F0 subunit 8	16471-16690:1
NC_022830.1	CDS	COX1	cytochrome c oxidase subunit I	16671-18273:1
NC_022831.1	tRNA		tRNA-Met	0-71:1
NC_022831.1	rRNA		l-rRNA	71-2331:1
NC_022831.1	CDS	ND5	NADH dehydrogenase subunit 5	2433-3153:1,15225-16341:1
NC_022831.1	CDS	ND1	NADH dehydrogenase subunit 1	3476-4460:1
NC_022831.1	CDS	CYTB	cytochrome b	4570-5728:1
NC_022831.1	CDS	ND2	NADH dehydrogenase subunit 2	6252-7350:1
NC_022831.1	CDS	ND6	NADH dehydrogenase subunit 6	7382-7976:1
NC_022831.1	CDS	ATP6	ATP synthase F0 subunit 6	8044-8743:1
NC_022831.1	CDS	ND4	NADH dehydrogenase subunit 4	8894-10370:1
NC_022831.1	rRNA		s-rRNA	10422-11598:1
NC_022831.1	CDS	COX3	cytochrome c oxidase subunit III	12820-13609:1
NC_022831.1	CDS	COX2	cytochrome c oxidase subunit II	13665-14409:1
NC_022831.1	CDS	ND4L	NADH dehydrogenase subunit 4L	14441-14741:1
NC_022831.1	CDS	ND3	NADH dehydrogenase subunit 3	14773-15130:1
NC_022831.1	tRNA		tRNA-Trp	16371-16441:1
NC_022831.1	CDS	ATP8	ATP synthase F0 subunit 8	16473-16692:1
NC_022831.1	CDS	COX1	cytochrome c oxidase subunit I	16673-18275:1
NC_022832.1	tRNA		tRNA-Met	0-71:1
NC_022832.1	rRNA		l-rRNA	71-2331:1
NC_022832.1	CDS	ND5	NADH dehydrogenase subunit 5	2433-3153:1,15225-16341:1
NC_022832.1	CDS	ND1	NADH dehydrogenase subunit 1	3476-4460:1
NC_022832.1	CDS	CYTB	cytochrome b	4570-5728:1
NC_022832.1	CDS	ND2	NADH dehydrogenase subunit 2	6253-7351:1
NC_022832.1	CDS	ND6	NADH dehydrogenase subunit 6	7383-7977:1
NC_022832.1	CDS	ATP6	ATP synthase F0 subunit 6	8045-8744:1
NC_022832.1	CDS	ND4	NADH dehydrogenase subunit 4	8895-10371:1
NC_022832.1	rRNA		s-rRNA	10423-11599:1
NC_022832.1	CDS	COX3	cytochrome c oxidase subunit III	12820-13609:1
NC_022832.1	CDS	COX2	cytochrome c oxidase subunit II	13665-14409:1
NC_022832.1	CDS	ND4L	NADH dehydrogenase subunit 4L	14441-14741:1
NC_022832.1	CDS	ND3	NADH dehydrogenase subunit 3	14773-15130:1
NC_022832.1	tRNA		tRNA-Trp	16371-16441:1
NC_022832.1	CDS	ATP8	ATP synthase F0 subunit 8	16473-16692:1
NC_022832.1	CDS	COX1	cytochrome c oxidase subunit I	16673-18275:1
NC_022833.1	tRNA		tRNA-Met	0-71:1
NC_022833.1	rRNA		l-rRNA	71-2331:1
NC_022833.1	CDS	ND5	NADH dehydrogenase subunit 5	2433-3153:1,15224-16340:1
NC_022833.1	CDS	ND1	NADH dehydrogenase subunit 1	3476-4460:1
NC_022833.1	CDS	CYTB	cytochrome b	4570-5728:1
NC_022833.1	CDS	ND2	NADH dehydrogenase subunit 2	6252-7350:1
NC_022833.1	CDS	ND6	NADH dehydrogenase subunit 6	7382-7976:1
NC_022833.1	CDS	ATP6	ATP synthase F0 subunit 6	8044-8743:1
NC_022833.1	CDS	ND4	NADH dehydrogenase subunit 4	8894-10370:1
NC_022833.1	rRNA		s-rRNA	10422-11598:1
NC_022833.1	CDS	COX3	cytochrome c oxidase subunit III	12819-13608:1
NC_022833.1	CDS	COX2	cytochrome c oxidase subunit II	13664-14408:1
NC_022833.1	CDS	ND4L	NADH dehydrogenase subunit 4L	14440-14740:1
NC_022833.1	CDS	ND3	NADH dehydrogenase subunit 3	14772-15129:1
NC_022833.1	tRNA		tRNA-Trp	16370-16440:1
NC_022833.1	CDS	ATP8	ATP synthase F0 subunit 8	16472-16691:1
NC_022833.1	CDS	COX1	cytochrome c oxidase subunit I	16672-18274:1
NC_022864.1	CDS	COX1	cytochrome c oxidase subunit I	0-1597:1
NC_022864.1	rRNA		s-rRNA	1590-2686:1
NC_022864.1	CDS	ND1	NADH dehydrogenase subunit 1	2686-3658:1
NC_022864.1	CDS	CYTB	cytochrome b	3701-4895:1
NC_022864.1	CDS	COX2	cytochrome c oxidase subunit II	4991-5753:1
NC_022864.1	CDS	ATP8	ATP synthase F0 subunit 8	5773-5989:1
NC_022864.1	CDS	ATP6	ATP synthase F0 subunit 6	6009-6717:1
NC_022864.1	CDS	COX3	cytochrome c oxidase subunit III	6744-7530:1
NC_022864.1	tRNA	trnM	tRNA-Met	7569-7640:1
NC_022864.1	CDS	ND4	NADH dehydrogenase subunit 4	7699-9148:-1
NC_022864.1	CDS	ND5	NADH dehydrogenase subunit 5	9172-10990:-1
NC_022864.1	CDS	ND2	NADH dehydrogenase subunit 2	10977-12117:-1
NC_022864.1	rRNA		l-rRNA	12095-14344:-1
NC_022864.1	CDS	msh1	putative mismatch repair protein	14344-17335:-1
NC_022864.1	CDS	ND4L	NADH dehydrogenase subunit 4L	17349-17643:-1
NC_022864.1	CDS	ND3	NADH dehydrogenase subunit 3	17681-18035:-1
NC_022864.1	CDS	ND6	NADH dehydrogenase subunit 6	18070-18625:-1
NC_023343.1	CDS	COX1	cytochrome c oxidase subunit I	0-1597:1
NC_023343.1	rRNA		s-rRNA	1748-2671:1
NC_023343.1	CDS	ND1	NADH dehydrogenase subunit 1	2675-3647:1
NC_023343.1	CDS	CYTB	cytochrome b	3711-4866:1
NC_023343.1	CDS	ND6	NADH dehydrogenase subunit 6	5065-5623:1
NC_023343.1	CDS	ND3	NADH dehydrogenase subunit 3	5666-6020:1
NC_023343.1	CDS	ND4L	NADH dehydrogenase subunit 4L	6039-6333:1
NC_023343.1	CDS	mutS	DNA mismatch repair protein	6346-9286:1
NC_023343.1	rRNA		l-rRNA	9295-11531:1
NC_023343.1	CDS	ND2	NADH dehydrogenase subunit 2	11535-12693:1
NC_023343.1	CDS	ND5	NADH dehydrogenase subunit 5	12680-14498:1
NC_023343.1	CDS	ND4	NADH dehydrogenase subunit 4	14582-16031:1
NC_023343.1	tRNA		tRNA-Met	16103-16174:-1
NC_023343.1	CDS	COX3	cytochrome c oxidase subunit III	16213-16999:-1
NC_023343.1	CDS	ATP6	ATP synthase F0 subunit 6	17063-17771:-1
NC_023343.1	CDS	ATP8	ATP synthase F0 subunit 8	17795-18011:-1
NC_023343.1	CDS	COX2	cytochrome c oxidase subunit II	18033-18795:-1
NC_023344.1	CDS	COX1	cytochrome c oxidase subunit I	0-1597:1
NC_023344.1	rRNA		s-rRNA	1748-2671:1
NC_023344.1	CDS	ND1	NADH dehydrogenase subunit 1	2675-3647:1
NC_023344.1	CDS	CYTB	cytochrome b	3710-4865:1
NC_023344.1	CDS	ND6	NADH dehydrogenase subunit 6	5182-5740:1
NC_023344.1	CDS	ND3	NADH dehydrogenase subunit 3	5783-6137:1
NC_023344.1	CDS	ND4L	NADH dehydrogenase subunit 4L	6156-6450:1
NC_023344.1	CDS	MutS	DNA mismatch repair protein	6463-9412:1
NC_023344.1	rRNA		l-rRNA	9421-11584:1
NC_023344.1	CDS	ND2	NADH dehydrogenase subunit 2	11591-12749:1
NC_023344.1	CDS	ND5	NADH dehydrogenase subunit 5	12736-14554:1
NC_023344.1	CDS	ND4	NADH dehydrogenase subunit 4	14638-16087:1
NC_023344.1	tRNA		tRNA-Met	16145-16216:-1
NC_023344.1	CDS	COX3	cytochrome c oxidase subunit III	16255-17041:-1
NC_023344.1	CDS	ATP6	ATP synthase F0 subunit 6	17106-17814:-1
NC_023344.1	CDS	ATP8	ATP synthase F0 subunit 8	17838-18054:-1
NC_023344.1	CDS	COX2	cytochrome c oxidase subunit II	18076-18838:-1
NC_023345.1	CDS	COX1	cytochrome c oxidase subunit I	0-1597:1
NC_023345.1	rRNA		s-rRNA	1748-2646:1
NC_023345.1	CDS	ND1	NADH dehydrogenase subunit 1	2649-3621:1
NC_023345.1	CDS	CYTB	cytochrome b	3655-4792:1
NC_023345.1	CDS	ND6	NADH dehydrogenase subunit 6	4802-5321:1
NC_023345.1	CDS	ND3	NADH dehydrogenase subunit 3	6207-6561:1
NC_023345.1	CDS	ND4L	NADH dehydrogenase subunit 4L	6575-6869:1
NC_023345.1	CDS	MutS	DNA mismatch repair protein	6878-9827:1
NC_023345.1	rRNA		l-rRNA	9836-12024:1
NC_023345.1	CDS	ND2	NADH dehydrogenase subunit 2	12028-13186:1
NC_023345.1	CDS	ND5	NADH dehydrogenase subunit 5	13173-14991:1
NC_023345.1	CDS	ND4	NADH dehydrogenase subunit 4	15083-16532:1
NC_023345.1	tRNA		tRNA-Met	16566-16636:-1
NC_023345.1	CDS	COX3	cytochrome c oxidase subunit III	16669-17455:-1
NC_023345.1	CDS	ATP6	ATP synthase F0 subunit 6	18307-19015:-1
NC_023345.1	CDS	ATP8	ATP synthase F0 subunit 8	19034-19250:-1
NC_023345.1	CDS	COX2	cytochrome c oxidase subunit II	19375-20137:-1
NC_024089.1	tRNA		tRNA-Met	0-71:1
NC_024089.1	rRNA		16S ribosomal RNA	71-2330:1
NC_024089.1	CDS	ND5	NADH dehydrogenase subunit 5	2432-3152:1,15383-16499:1
NC_024089.1	CDS	ND1	NADH dehydrogenase subunit 1	3475-4459:1
NC_024089.1	CDS	CYTB	cytochrome b	4570-5728:1
NC_024089.1	CDS	ND2	NADH dehydrogenase subunit 2	6248-7346:1
NC_024089.1	CDS	ND6	NADH dehydrogenase subunit 6	7378-7972:1
NC_024089.1	CDS	ATP6	ATP synthase F0 subunit 6	8041-8740:1
NC_024089.1	CDS	ND4	NADH dehydrogenase subunit 4	8916-10392:1
NC_024089.1	rRNA		12S ribosomal RNA	10444-11621:1
NC_024089.1	CDS	COX3	cytochrome c oxidase subunit III	12976-13765:1
NC_024089.1	CDS	COX2	cytochrome c oxidase subunit II	13821-14565:1
NC_024089.1	CDS	ND4L	NADH dehydrogenase subunit 4L	14599-14899:1
NC_024089.1	CDS	ND3	NADH dehydrogenase subunit 3	14931-15288:1
NC_024089.1	tRNA		tRNA-Trp	16529-16599:1
NC_024089.1	CDS	ATP8	ATP synthase F0 subunit 8	16630-16849:1
NC_024089.1	CDS	COX1	cytochrome c oxidase subunit I	16830-18432:1
NC_024090.1	tRNA		tRNA-Met	0-71:1
NC_024090.1	rRNA		16S ribosomal RNA	71-2314:1
NC_024090.1	CDS	ND5	NADH dehydrogenase subunit 5	2383-3103:1,14898-16014:1
NC_024090.1	CDS	ND1	NADH dehydrogenase subunit 1	3350-4334:1
NC_024090.1	CDS	CYTB	cytochrome b	4432-5578:1
NC_024090.1	CDS	ND2	NADH dehydrogenase subunit 2	6225-7323:1
NC_024090.1	CDS	ND6	NADH dehydrogenase subunit 6	7355-7949:1
NC_024090.1	CDS	ATP6	ATP synthase F0 subunit 6	8004-8703:1
NC_024090.1	CDS	ND4	NADH dehydrogenase subunit 4	8864-10340:1
NC_024090.1	rRNA		12S ribosomal RNA	10394-11568:1
NC_024090.1	CDS	COX3	cytochrome c oxidase subunit III	12514-13303:1
NC_024090.1	CDS	COX2	cytochrome c oxidase subunit II	13342-14086:1
NC_024090.1	CDS	ND4L	NADH dehydrogenase subunit 4L	14120-14420:1
NC_024090.1	CDS	ND3	NADH dehydrogenase subunit 3	14444-14801:1
NC_024090.1	tRNA		tRNA-Trp	16035-16105:1
NC_024090.1	CDS	ATP8	ATP synthase F0 subunit 8	16137-16356:1
NC_024090.1	CDS	COX1	cytochrome c oxidase subunit I	16337-17924:1
NC_024091.1	tRNA		tRNA-Met	0-71:1
NC_024091.1	rRNA		16S ribosomal RNA	71-2330:1
NC_024091.1	CDS	ND5	NADH dehydrogenase subunit 5	2432-3152:1,15469-16585:1
NC_024091.1	CDS	ND1	NADH dehydrogenase subunit 1	3475-4459:1
NC_024091.1	CDS	CYTB	cytochrome b	4569-5727:1
NC_024091.1	CDS	ND2	NADH dehydrogenase subunit 2	6247-7345:1
NC_024091.1	CDS	ND6	NADH dehydrogenase subunit 6	7377-7971:1
NC_024091.1	CDS	ATP6	ATP synthase F0 subunit 6	8040-8739:1
NC_024091.1	CDS	ND4	NADH dehydrogenase subunit 4	8915-10391:1
NC_024091.1	rRNA		12S ribosomal RNA	10443-11618:1
NC_024091.1	CDS	COX3	cytochrome c oxidase subunit III	13062-13851:1
NC_024091.1	CDS	COX2	cytochrome c oxidase subunit II	13907-14651:1
NC_024091.1	CDS	ND4L	NADH dehydrogenase subunit 4L	14685-14985:1
NC_024091.1	CDS	ND3	NADH dehydrogenase subunit 3	15017-15374:1
NC_024091.1	tRNA		tRNA-Trp	16615-16685:1
NC_024091.1	CDS	ATP8	ATP synthase F0 subunit 8	16717-16936:1
NC_024091.1	CDS	COX1	cytochrome c oxidase subunit I	16917-18519:1
NC_024092.1	tRNA		tRNA-Met	0-71:1
NC_024092.1	rRNA		16S ribosomal RNA	71-2315:1
NC_024092.1	CDS	ND5	NADH dehydrogenase subunit 5	2384-3104:1,14899-16015:1
NC_024092.1	CDS	ND1	NADH dehydrogenase subunit 1	3351-4335:1
NC_024092.1	CDS	CYTB	cytochrome b	4433-5579:1
NC_024092.1	CDS	ND2	NADH dehydrogenase subunit 2	6226-7324:1
NC_024092.1	CDS	ND6	NADH dehydrogenase subunit 6	7356-7950:1
NC_024092.1	CDS	ATP6	ATP synthase F0 subunit 6	8006-8705:1
NC_024092.1	CDS	ND4	NADH dehydrogenase subunit 4	8866-10342:1
NC_024092.1	rRNA		12S ribosomal RNA	10394-11570:1
NC_024092.1	CDS	COX3	cytochrome c oxidase subunit III	12515-13304:1
NC_024092.1	CDS	COX2	cytochrome c oxidase subunit II	13343-14087:1
NC_024092.1	CDS	ND4L	NADH dehydrogenase subunit 4L	14121-14421:1
NC_024092.1	CDS	ND3	NADH dehydrogenase subunit 3	14445-14802:1
NC_024092.1	tRNA		tRNA-Trp	16035-16105:1
NC_024092.1	CDS	ATP8	ATP synthase F0 subunit 8	16137-16356:1
NC_024092.1	CDS	COX1	cytochrome c oxidase subunit I	16337-17924:1
NC_024181.1	rRNA		l-rRNA	0-2173:1
NC_024181.1	CDS	ND2	NADH dehydrogenase subunit 2	2187-3309:1
NC_024181.1	CDS	ND5	NADH dehydrogenase subunit 5	3296-5114:1
NC_024181.1	CDS	ND4	NADH dehydrogenase subunit 4	5144-6593:1
NC_024181.1	tRNA		tRNA-Met	6709-6780:-1
NC_024181.1	CDS	COX3	cytochrome c oxidase subunit III	6835-7621:-1
NC_024181.1	CDS	ATP6	ATP synthase F0 subunit 6	7677-8385:-1
NC_024181.1	CDS	ATP8	ATP synthase F0 subunit 8	8421-8637:-1
NC_024181.1	CDS	COX2	cytochrome c oxidase subunit II	8677-9439:-1
NC_024181.1	CDS	COX1	cytochrome c oxidase subunit I	9572-11141:1
NC_024181.1	rRNA		s-rRNA	11345-12272:1
NC_024181.1	CDS	ND1	NADH dehydrogenase subunit 1	12296-13277:1
NC_024181.1	CDS	CYTB	cytochrome b	13308-14451:1
NC_024181.1	CDS	ND6	NADH dehydrogenase subunit 6	14469-15024:1
NC_024181.1	CDS	ND3	NADH dehydrogenase subunit 3	15087-15441:1
NC_024181.1	CDS	ND4L	NADH dehydrogenase subunit 4L	15444-15738:1
NC_024181.1	CDS	MutS	mismatch repair protein	15751-18715:1
NC_024182.1	tRNA		tRNA-Met	0-71:1
NC_024182.1	rRNA		l-rRNA	115-2416:1
NC_024182.1	CDS	ND5	NADH dehydrogenase subunit 5	2558-3277:1,14394-15511:1
NC_024182.1	CDS	ND1	NADH dehydrogenase subunit 1	3595-4579:1
NC_024182.1	CDS	CYTB	cytochrome b	4700-5861:1
NC_024182.1	CDS	ND2	NADH dehydrogenase subunit 2	6430-7528:1
NC_024182.1	CDS	ND6	NADH dehydrogenase subunit 6	7561-8155:1
NC_024182.1	CDS	ATP6	ATP synthase F0 subunit 6	8228-8927:1
NC_024182.1	CDS	ND4	NADH dehydrogenase subunit 4	9189-10665:1
NC_024182.1	rRNA		s-rRNA	10740-11769:1
NC_024182.1	CDS	COX3	cytochrome c oxidase subunit III	12003-12792:1
NC_024182.1	CDS	COX2	cytochrome c oxidase subunit II	12827-13571:1
NC_024182.1	CDS	ND4L	NADH dehydrogenase subunit 4L	13624-13924:1
NC_024182.1	CDS	ND3	NADH dehydrogenase subunit 3	13938-14295:1
NC_024182.1	CDS	ATP8	ATP synthase F0 subunit 8	15653-15869:1
NC_024182.1	CDS	COX1	cytochrome c oxidase subunit I	15990-16884:1,17849-18533:1
NC_024671.1	tRNA		tRNA-Met	0-71:1
NC_024671.1	rRNA		16S ribosomal RNA	106-2379:1
NC_024671.1	CDS	ND5	NADH dehydrogenase subunit 5	2666-3385:1,14717-15834:1
NC_024671.1	CDS	ND1	NADH dehydrogenase subunit 1	3714-4698:1
NC_024671.1	CDS	CYTB	cytochrome b	4809-5973:1
NC_024671.1	CDS	ND2	NADH dehydrogenase subunit 2	6601-7699:1
NC_024671.1	CDS	ND6	NADH dehydrogenase subunit 6	7732-8326:1
NC_024671.1	CDS	ATP6	ATP synthase F0 subunit 6	8408-9107:1
NC_024671.1	CDS	ND4	NADH dehydrogenase subunit 4	9436-10912:1
NC_024671.1	rRNA		12S ribosomal RNA	11025-12090:1
NC_024671.1	CDS	COX3	cytochrome c oxidase subunit III	12326-13115:1
NC_024671.1	CDS	COX2	cytochrome c oxidase subunit II	13150-13894:1
NC_024671.1	CDS	ND4L	NADH dehydrogenase subunit 4L	13947-14247:1
NC_024671.1	CDS	ND3	NADH dehydrogenase subunit 3	14262-14619:1
NC_024671.1	tRNA		tRNA-Trp	15874-15944:1
NC_024671.1	CDS	ATP8	ATP synthase F0 subunit 8	15976-16192:1
NC_024671.1	CDS	COX1	cytochrome c oxidase subunit I	16314-17208:1,18172-18856:1
NC_025472.1	CDS	ND5	NADH dehydrogenase subunit 5	0-714:1,7173-8295:1
NC_025472.1	CDS	ND1	NADH dehydrogenase subunit 1	823-1771:1
NC_025472.1	CDS	ATP6	ATP synthase F0 subunit 6	1823-2522:1
NC_025472.1	CDS	ND4	NADH dehydrogenase subunit 4	2521-3967:1
NC_025472.1	rRNA	ND5	12S ribosomal RNA	3968-4991:1
NC_025472.1	CDS	COX3	cytochrome c oxidase subunit III	4991-5771:1
NC_025472.1	CDS	COX2	cytochrome c oxidase subunit II	5758-6484:1
NC_025472.1	CDS	ND4L	NADH dehydrogenase subunit 4L	6473-6773:1
NC_025472.1	CDS	ND3	NADH dehydrogenase subunit 3	6774-7119:1
NC_025472.1	CDS	CYTB	cytochrome b	8818-9979:1
NC_025472.1	CDS	ND2	NADH dehydrogenase subunit 2	9974-11291:1
NC_025472.1	CDS	ND6	NADH dehydrogenase subunit 6	11292-11847:1
NC_025472.1	tRNA		tRNA-Trp	12249-12319:1
NC_025472.1	CDS	ATP8	ATP synthase F0 subunit 8	12322-12490:1
NC_025472.1	CDS	COX1	cytochrome c oxidase subunit I	12479-14045:1
NC_025472.1	tRNA		tRNA-Met	14040-14111:1
NC_025472.1	rRNA		16S ribosomal RNA	14111-15968:1
NC_026025.1	CDS	ND5	NADH dehydrogenase subunit 5	0-720:1,12020-13136:1
NC_026025.1	CDS	ND1	NADH dehydrogenase subunit 1	1052-2036:1
NC_026025.1	CDS	CYTB	cytochrome b	2163-3327:1
NC_026025.1	CDS	ND2	NADH dehydrogenase subunit 2	3965-5063:1
NC_026025.1	CDS	ND6	NADH dehydrogenase subunit 6	5096-5690:1
NC_026025.1	CDS	ATP6	ATP synthase F0 subunit 6	5772-6471:1
NC_026025.1	CDS	ND4	NADH dehydrogenase subunit 4	6773-8249:1
NC_026025.1	rRNA	ND5	12S ribosomal RNA	8374-9404:1
NC_026025.1	CDS	COX3	cytochrome c oxidase subunit III	9623-10412:1
NC_026025.1	CDS	COX2	cytochrome c oxidase subunit II	10449-11193:1
NC_026025.1	CDS	ND4L	NADH dehydrogenase subunit 4L	11246-11546:1
NC_026025.1	CDS	ND3	NADH dehydrogenase subunit 3	11564-11921:1
NC_026025.1	tRNA		tRNA-Trp	13176-13246:1
NC_026025.1	CDS	ATP8	ATP synthase F0 subunit 8	13278-13494:1
NC_026025.1	CDS	COX1	cytochrome c oxidase subunit I	13617-14511:1,15475-16159:1
NC_026025.1	tRNA		tRNA-Met	16281-16352:1
NC_026025.1	rRNA		16S ribosomal RNA	17710-18315:1
NC_026026.1	CDS	ND5	NADH dehydrogenase subunit 5	0-720:1,12002-13118:1
NC_026026.1	CDS	ND1	NADH dehydrogenase subunit 1	1052-2036:1
NC_026026.1	CDS	CYTB	cytochrome b	2129-3293:1
NC_026026.1	CDS	ND2	NADH dehydrogenase subunit 2	3931-5029:1
NC_026026.1	CDS	ND6	NADH dehydrogenase subunit 6	5062-5656:1
NC_026026.1	CDS	ATP6	ATP synthase F0 subunit 6	5738-6437:1
NC_026026.1	CDS	ND4	NADH dehydrogenase subunit 4	6745-8221:1
NC_026026.1	rRNA	ND5	12S ribosomal RNA	8334-9370:1
NC_026026.1	CDS	COX3	cytochrome c oxidase subunit III	9607-10396:1
NC_026026.1	CDS	COX2	cytochrome c oxidase subunit II	10433-11177:1
NC_026026.1	CDS	ND4L	NADH dehydrogenase subunit 4L	11230-11530:1
NC_026026.1	CDS	ND3	NADH dehydrogenase subunit 3	11547-11904:1
NC_026026.1	tRNA		tRNA-Trp	13158-13228:1
NC_026026.1	CDS	ATP8	ATP synthase F0 subunit 8	13260-13476:1
NC_026026.1	CDS	COX1	cytochrome c oxidase subunit I	13599-14493:1,15457-16141:1
NC_026026.1	tRNA		tRNA-Met	16263-16334:1
NC_026026.1	rRNA		16S ribosomal RNA	17710-18315:1
NC_026192.1	CDS	COX1	cytochrome c oxidase subunit I	0-1597:1
NC_026192.1	rRNA		12S ribosomal RNA	1591-2717:1
NC_026192.1	CDS	ND1	NADH dehydrogenase subunit 1	2716-3697:1
NC_026192.1	CDS	CYTB	cytochrome b	3841-5002:1
NC_026192.1	CDS	ND6	NADH dehydrogenase subunit 6	5022-5586:1
NC_026192.1	CDS	ND3	NADH dehydrogenase subunit 3	5629-5983:1
NC_026192.1	CDS	ND4L	NADH dehydrogenase subunit 4L	6011-6305:1
NC_026192.1	CDS	mutS	DNA mismatch repair protein MutS	6333-9270:1
NC_026192.1	rRNA		16S ribosomal RNA	9287-11498:1
NC_026192.1	CDS	ND2	NADH dehydrogenase subunit 2	11498-12638:1
NC_026192.1	CDS	ND5	NADH dehydrogenase subunit 5	12625-14497:1
NC_026192.1	CDS	ND4	NADH dehydrogenase subunit 4	14540-15989:1
NC_026192.1	tRNA		tRNA-Met	16051-16122:-1
NC_026192.1	CDS	COX3	cytochrome c oxidase subunit III	16166-16952:-1
NC_026192.1	CDS	ATP6	ATP synthase F0 subunit 6	16999-17707:-1
NC_026192.1	CDS	ATP8	ATP synthase F0 subunit 8	17727-17943:-1
NC_026192.1	CDS	COX2	cytochrome c oxidase subunit II	17965-18727:-1
NC_026193.1	CDS	COX1	cytochrome c oxidase subunit I	0-1597:1
NC_026193.1	rRNA		12S ribosomal RNA	1593-2689:1
NC_026193.1	CDS	ND1	NADH dehydrogenase subunit 1	2686-3682:1
NC_026193.1	CDS	CYTB	cytochrome b	3703-4864:1
NC_026193.1	CDS	ND6	NADH dehydrogenase subunit 6	5260-5815:1
NC_026193.1	CDS	ND3	NADH dehydrogenase subunit 3	5850-6204:1
NC_026193.1	CDS	ND4L	NADH dehydrogenase subunit 4L	6242-6536:1
NC_026193.1	CDS	mutS	DNA mismatch repair protein MutS	6550-9541:1
NC_026193.1	rRNA		16S ribosomal RNA	9545-11780:1
NC_026193.1	CDS	ND2	NADH dehydrogenase subunit 2	11754-12894:1
NC_026193.1	CDS	ND5	NADH dehydrogenase subunit 5	12881-14723:1
NC_026193.1	CDS	ND4	NADH dehydrogenase subunit 4	14747-16196:1
NC_026193.1	tRNA		tRNA-Met	16258-16329:-1
NC_026193.1	CDS	COX3	cytochrome c oxidase subunit III	16365-17151:-1
NC_026193.1	CDS	ATP6	ATP synthase F0 subunit 6	17178-17886:-1
NC_026193.1	CDS	ATP8	ATP synthase F0 subunit 8	17906-18122:-1
NC_026193.1	CDS	COX2	cytochrome c oxidase subunit II	18144-18906:-1
NC_026527.1	CDS	ND5	NADH dehydrogenase subunit 5	0-720:1,11849-12965:1
NC_026527.1	CDS	ND1	NADH dehydrogenase subunit 1	1059-2043:1
NC_026527.1	CDS	CYTB	cytochrome b	2085-3237:1
NC_026527.1	CDS	ND2	NADH dehydrogenase subunit 2	3693-4791:1
NC_026527.1	CDS	ND6	NADH dehydrogenase subunit 6	4812-5418:1
NC_026527.1	CDS	ATP6	ATP synthase F0 subunit 6	5460-6159:1
NC_026527.1	CDS	ND4	NADH dehydrogenase subunit 4	6369-7848:1
NC_026527.1	rRNA	ND5	small subunit ribosomal RNA	7900-9069:1
NC_026527.1	CDS	COX3	cytochrome c oxidase subunit III	9458-10247:1
NC_026527.1	CDS	COX2	cytochrome c oxidase subunit II	10275-11019:1
NC_026527.1	CDS	ND4L	NADH dehydrogenase subunit 4L	11053-11353:1
NC_026527.1	CDS	ND3	NADH dehydrogenase subunit 3	11379-11736:1
NC_026527.1	tRNA		tRNA-Trp	12992-13062:1
NC_026527.1	CDS	ATP8	ATP synthase F0 subunit 8	13094-13313:1
NC_026527.1	CDS	COX1	cytochrome c oxidase subunit I	13294-14905:1
NC_026527.1	tRNA		tRNA-Met	15889-15960:1
NC_026527.1	rRNA		large subunit ribosomal RNA	15961-18262:1
NC_026530.1	tRNA		tRNA-Met	0-71:1
NC_026530.1	rRNA		large subunit ribosomal RNA	71-2413:1
NC_026530.1	CDS	ND5	NADH dehydrogenase subunit 5	2900-3620:1,15144-16260:1
NC_026530.1	CDS	ND1	NADH dehydrogenase subunit 1	3965-4949:1
NC_026530.1	CDS	CYTB	cytochrome b	5054-6209:1
NC_026530.1	CDS	ND2	NADH dehydrogenase subunit 2	6929-8027:1
NC_026530.1	CDS	ND6	NADH dehydrogenase subunit 6	8058-8652:1
NC_026530.1	CDS	ATP6	ATP synthase F0 subunit 6	8710-9409:1
NC_026530.1	CDS	ND4	NADH dehydrogenase subunit 4	9835-11311:1
NC_026530.1	rRNA	ND5	small subunit ribosomal RNA	11352-12466:1
NC_026530.1	CDS	COX3	cytochrome c oxidase subunit III	12736-13525:1
NC_026530.1	CDS	COX2	cytochrome c oxidase subunit II	13561-14305:1
NC_026530.1	CDS	ND4L	NADH dehydrogenase subunit 4L	14341-14641:1
NC_026530.1	CDS	ND3	NADH dehydrogenase subunit 3	14655-15012:1
NC_026530.1	tRNA		tRNA-Trp	16301-16371:1
NC_026530.1	CDS	ATP8	ATP synthase F0 subunit 8	16403-16631:1
NC_026530.1	CDS	COX1	cytochrome c oxidase subunit I	16733-17628:1,18598-19281:1
NC_026531.1	tRNA		tRNA-Met	0-71:1
NC_026531.1	rRNA		large subunit ribosomal RNA	71-2413:1
NC_026531.1	CDS	ND5	NADH dehydrogenase subunit 5	2900-3620:1,15144-16260:1
NC_026531.1	CDS	ND1	NADH dehydrogenase subunit 1	3965-4949:1
NC_026531.1	CDS	CYTB	cytochrome b	5054-6209:1
NC_026531.1	CDS	ND2	NADH dehydrogenase subunit 2	6929-8027:1
NC_026531.1	CDS	ND6	NADH dehydrogenase subunit 6	8058-8652:1
NC_026531.1	CDS	ATP6	ATP synthase F0 subunit 6	8710-9409:1
NC_026531.1	CDS	ND4	NADH dehydrogenase subunit 4	9835-11311:1
NC_026531.1	rRNA	ND5	small subunit ribosomal RNA	11352-12466:1
NC_026531.1	CDS	COX3	cytochrome c oxidase subunit III	12736-13525:1
NC_026531.1	CDS	COX2	cytochrome c oxidase subunit II	13561-14305:1
NC_026531.1	CDS	ND4L	NADH dehydrogenase subunit 4L	14341-14641:1
NC_026531.1	CDS	ND3	NADH dehydrogenase subunit 3	14655-15012:1
NC_026531.1	tRNA		tRNA-Trp	16301-16371:1
NC_026531.1	CDS	ATP8	ATP synthase F0 subunit 8	16403-16631:1
NC_026531.1	CDS	COX1	cytochrome c oxidase subunit I	16733-17628:1,18598-19281:1
NC_027100.1	CDS	ND5	NADH dehydrogenase subunit 5	0-720:1,19511-20630:1
NC_027100.1	tRNA		tRNA-Met	1236-1307:1
NC_027100.1	rRNA		large subunit ribosomal RNA	1307-3659:1
NC_027100.1	CDS	ND1	NADH dehydrogenase subunit 1	3844-4828:1
NC_027100.1	CDS	CYTB	cytochrome b	5114-6275:1
NC_027100.1	CDS	ND4L	NADH dehydrogenase subunit 4L	6403-6703:1
NC_027100.1	CDS	ND3	NADH dehydrogenase subunit 3	6765-7122:1
NC_027100.1	CDS	ATP8	ATP synthase F0 subunit 8	7747-7957:1
NC_027100.1	CDS	COX1	cytochrome c oxidase subunit I	8035-8932:1,10140-10824:1
NC_027100.1	CDS	COX3	cytochrome c oxidase subunit III	11019-11808:1
NC_027100.1	CDS	COX2	cytochrome c oxidase subunit II	11859-12615:1
NC_027100.1	CDS	ND2	NADH dehydrogenase subunit 2	13012-14110:1
NC_027100.1	rRNA		small subunit ribosomal RNA	14110-15414:1
NC_027100.1	CDS	ND4	NADH dehydrogenase subunit 4	16251-17727:1
NC_027100.1	CDS	ND6	NADH dehydrogenase subunit 6	17767-18379:1
NC_027100.1	CDS	ATP6	ATP synthase F0 subunit 6	18609-19308:1
NC_027100.1	tRNA		tRNA-Trp	20717-20787:1
NC_027101.1	CDS	ND5	NADH dehydrogenase subunit 5	0-720:1,18814-19933:1
NC_027101.1	tRNA		tRNA-Met	1233-1304:1
NC_027101.1	rRNA		large subunit ribosomal RNA	1304-3653:1
NC_027101.1	CDS	ND1	NADH dehydrogenase subunit 1	3838-4822:1
NC_027101.1	CDS	CYTB	cytochrome b	5106-6267:1
NC_027101.1	CDS	ND4L	NADH dehydrogenase subunit 4L	6396-6696:1
NC_027101.1	CDS	ND3	NADH dehydrogenase subunit 3	6758-7115:1
NC_027101.1	CDS	ATP8	ATP synthase F0 subunit 8	7258-7468:1
NC_027101.1	CDS	COX1	cytochrome c oxidase subunit I	7545-8442:1,9648-10332:1
NC_027101.1	CDS	COX3	cytochrome c oxidase subunit III	10527-11316:1
NC_027101.1	CDS	COX2	cytochrome c oxidase subunit II	11367-12123:1
NC_027101.1	CDS	ND2	NADH dehydrogenase subunit 2	12664-13762:1
NC_027101.1	rRNA		small subunit ribosomal RNA	13762-15066:1
NC_027101.1	CDS	ND4	NADH dehydrogenase subunit 4	15497-16973:1
NC_027101.1	CDS	ND6	NADH dehydrogenase subunit 6	17069-17681:1
NC_027101.1	CDS	ATP6	ATP synthase F0 subunit 6	17911-18610:1
NC_027101.1	tRNA		tRNA-Trp	19994-20064:1
NC_027102.1	tRNA		tRNA-Met	0-71:1
NC_027102.1	rRNA		large subunit ribosomal RNA	71-2786:1
NC_027102.1	CDS	ND5	NADH dehydrogenase subunit 5	2786-3506:1,14037-15156:1
NC_027102.1	CDS	ND1	NADH dehydrogenase subunit 1	4219-5203:1
NC_027102.1	CDS	CYTB	cytochrome b	5436-6615:1
NC_027102.1	CDS	ND4L	NADH dehydrogenase subunit 4L	6596-6896:1
NC_027102.1	CDS	ND3	NADH dehydrogenase subunit 3	6958-7315:1
NC_027102.1	CDS	ATP8	ATP synthase F0 subunit 8	7506-7725:1
NC_027102.1	CDS	COX1	cytochrome c oxidase subunit I	7784-8681:1,9946-10651:1
NC_027102.1	CDS	ND4	NADH dehydrogenase subunit 4	10710-12189:1
NC_027102.1	CDS	ND6	NADH dehydrogenase subunit 6	12220-12832:1
NC_027102.1	CDS	ATP6	ATP synthase F0 subunit 6	13042-13741:1
NC_027102.1	tRNA		tRNA-Trp	15200-15269:1
NC_027102.1	CDS	COX3	cytochrome c oxidase subunit III	15639-16428:1
NC_027102.1	CDS	COX2	cytochrome c oxidase subunit II	16472-17240:1
NC_027102.1	CDS	ND2	NADH dehydrogenase subunit 2	17934-19032:1
NC_027102.1	rRNA		small subunit ribosomal RNA	19032-20288:1
NC_027103.1	CDS	ND5	NADH dehydrogenase subunit 5	0-720:1,18733-19852:1
NC_027103.1	tRNA		tRNA-Met	1222-1293:1
NC_027103.1	rRNA		large subunit ribosomal RNA	1293-3643:1
NC_027103.1	CDS	ND1	NADH dehydrogenase subunit 1	3830-4814:1
NC_027103.1	CDS	CYTB	cytochrome b	5103-6264:1
NC_027103.1	CDS	ND4L	NADH dehydrogenase subunit 4L	6393-6693:1
NC_027103.1	CDS	ND3	NADH dehydrogenase subunit 3	6755-7112:1
NC_027103.1	CDS	ATP8	ATP synthase F0 subunit 8	7255-7465:1
NC_027103.1	CDS	COX1	cytochrome c oxidase subunit I	7542-8439:1,9643-10327:1
NC_027103.1	CDS	COX3	cytochrome c oxidase subunit III	10409-11198:1
NC_027103.1	CDS	COX2	cytochrome c oxidase subunit II	11249-12005:1
NC_027103.1	CDS	ND2	NADH dehydrogenase subunit 2	12541-13639:1
NC_027103.1	rRNA		small subunit ribosomal RNA	13639-14942:1
NC_027103.1	CDS	ND4	NADH dehydrogenase subunit 4	15361-16837:1
NC_027103.1	CDS	ND6	NADH dehydrogenase subunit 6	16988-17600:1
NC_027103.1	CDS	ATP6	ATP synthase F0 subunit 6	17830-18529:1
NC_027103.1	tRNA		tRNA-Trp	19912-19983:1
NC_027104.1	CDS	ND5	NADH dehydrogenase subunit 5	0-720:1,19441-20560:1
NC_027104.1	tRNA		tRNA-Met	1226-1297:1
NC_027104.1	rRNA		large subunit ribosomal RNA	1297-3652:1
NC_027104.1	CDS	ND1	NADH dehydrogenase subunit 1	3837-4821:1
NC_027104.1	CDS	CYTB	cytochrome b	5106-6267:1
NC_027104.1	CDS	ND4L	NADH dehydrogenase subunit 4L	6372-6672:1
NC_027104.1	CDS	ND3	NADH dehydrogenase subunit 3	6734-7091:1
NC_027104.1	CDS	ATP8	ATP synthase F0 subunit 8	7697-7907:1
NC_027104.1	CDS	COX1	cytochrome c oxidase subunit I	7985-8882:1,10088-10772:1
NC_027104.1	CDS	COX3	cytochrome c oxidase subunit III	10967-11756:1
NC_027104.1	CDS	COX2	cytochrome c oxidase subunit II	11807-12563:1
NC_027104.1	CDS	ND2	NADH dehydrogenase subunit 2	13086-14184:1
NC_027104.1	rRNA		small subunit ribosomal RNA	14184-15488:1
NC_027104.1	CDS	ND4	NADH dehydrogenase subunit 4	16250-17726:1
NC_027104.1	CDS	ND6	NADH dehydrogenase subunit 6	17766-18381:1
NC_027104.1	CDS	ATP6	ATP synthase F0 subunit 6	18539-19238:1
NC_027104.1	tRNA		tRNA-Trp	20647-20717:1
NC_027106.1	CDS	ND5	NADH dehydrogenase subunit 5	14171-14891:1,12763-13882:1
NC_027106.1	CDS	COX1	cytochrome c oxidase subunit I	0-897:1,2095-2797:1
NC_027106.1	CDS	COX3	cytochrome c oxidase subunit III	2955-3744:1
NC_027106.1	CDS	COX2	cytochrome c oxidase subunit II	3795-4551:1
NC_027106.1	CDS	ND2	NADH dehydrogenase subunit 2	5479-6577:1
NC_027106.1	rRNA		small subunit ribosomal RNA	6577-7803:1
NC_027106.1	CDS	ND4	NADH dehydrogenase subunit 4	9600-11076:1
NC_027106.1	CDS	ND6	NADH dehydrogenase subunit 6	11116-11722:1
NC_027106.1	CDS	ATP6	ATP synthase F0 subunit 6	11778-12477:1
NC_027106.1	tRNA		tRNA-Trp	13964-14034:1
NC_027106.1	tRNA		tRNA-Met	15393-15464:1
NC_027106.1	rRNA		large subunit ribosomal RNA	15464-17908:1
NC_027106.1	CDS	ND1	NADH dehydrogenase subunit 1	18107-19091:1
NC_027106.1	CDS	CYTB	cytochrome b	19311-20451:1
NC_027106.1	CDS	ND4L	NADH dehydrogenase subunit 4L	20695-20995:1
NC_027106.1	CDS	ND3	NADH dehydrogenase subunit 3	21046-21403:1
NC_027106.1	CDS	ATP8	ATP synthase F0 subunit 8	21744-21957:1
NC_027526.1	CDS	COX1	cytochrome c oxidase subunit I	0-894:1,1859-2543:1
NC_027526.1	tRNA		tRNA-Ile	1334-1402:1
NC_027526.1	tRNA		tRNA-Pro	1631-1700:1
NC_027526.1	tRNA		tRNA-Met	2638-2709:1
NC_027526.1	tRNA		tRNA-Tyr	3265-3341:1
NC_027526.1	tRNA		tRNA-Tyr	3401-3464:1
NC_027526.1	rRNA		large subunit ribosomal RNA	3520-4957:1
NC_027526.1	tRNA		tRNA-Ser	3602-3674:1
NC_027526.1	CDS	ND5	NADH dehydrogenase subunit 5	5200-5923:1,17056-18169:1
NC_027526.1	CDS	ND1	NADH dehydrogenase subunit 1	6259-7237:1
NC_027526.1	CDS	CYTB	cytochrome b	7358-8519:1
NC_027526.1	tRNA		tRNA-Met	8656-8727:1
NC_027526.1	CDS	ND2	NADH dehydrogenase subunit 2	9088-10186:1
NC_027526.1	CDS	ND6	NADH dehydrogenase subunit 6	10198-10813:1
NC_027526.1	CDS	ATP6	ATP synthase F0 subunit 6	10886-11585:1
NC_027526.1	CDS	ND4	NADH dehydrogenase subunit 4	11847-13323:1
NC_027526.1	rRNA		small subunit ribosomal RNA	13349-14456:1
NC_027526.1	CDS	COX3	cytochrome c oxidase subunit III	14661-15450:1
NC_027526.1	CDS	COX2	cytochrome c oxidase subunit II	15485-16229:1
NC_027526.1	CDS	ND4L	NADH dehydrogenase subunit 4L	16282-16582:1
NC_027526.1	CDS	ND3	NADH dehydrogenase subunit 3	16596-16953:1
NC_027526.1	tRNA		tRNA-Trp	18208-18278:1
NC_027526.1	CDS	ATP8	ATP synthase F0 subunit 8	18310-18526:1
NC_027590.1	CDS	ND5	NADH dehydrogenase subunit 5	0-719:1,12018-13135:1
NC_027590.1	CDS	ND1	NADH dehydrogenase subunit 1	1052-2036:1
NC_027590.1	CDS	CYTB	cytochrome b	2163-3327:1
NC_027590.1	CDS	ND2	NADH dehydrogenase subunit 2	3965-5063:1
NC_027590.1	CDS	ND6	NADH dehydrogenase subunit 6	5096-5690:1
NC_027590.1	CDS	ATP6	ATP synthase F0 subunit 6	5772-6471:1
NC_027590.1	CDS	ND4	NADH dehydrogenase subunit 4	6772-8248:1
NC_027590.1	rRNA	rns	12S ribosomal RNA	8338-9403:1
NC_027590.1	CDS	COX3	cytochrome c oxidase subunit III	9622-10411:1
NC_027590.1	CDS	COX2	cytochrome c oxidase subunit II	10448-11192:1
NC_027590.1	CDS	ND4L	NADH dehydrogenase subunit 4L	11245-11545:1
NC_027590.1	CDS	ND3	NADH dehydrogenase subunit 3	11563-11920:1
NC_027590.1	tRNA	trnW	tRNA-Trp	13175-13245:1
NC_027590.1	CDS	ATP8	ATP synthase F0 subunit 8	13277-13493:1
NC_027590.1	CDS	COX1	cytochrome c oxidase subunit I	13616-14510:1,15474-16158:1
NC_027590.1	tRNA	trnM	tRNA-Met	16280-16351:1
NC_027590.1	rRNA	rnl	16S ribosomal RNA	16386-18639:1
NC_027610.1	rRNA		16S ribosomal RNA	0-2200:1
NC_027610.1	CDS	COX3	cytochrome c oxidase subunit III	2724-3420:1
NC_027610.1	CDS		ORFC	3426-4671:1
NC_027610.1	CDS	COX1	cytochrome c oxidase subunit I	4810-6394:1
NC_027610.1	CDS	ND4L	NADH dehydrogenase subunit 4L	6607-6907:1
NC_027610.1	CDS	COX2	cytochrome c oxidase subunit II	6938-7676:1
NC_027610.1	CDS	ND4	NADH dehydrogenase subunit 4	7694-9161:1
NC_027610.1	CDS	ND6	NADH dehydrogenase subunit 6	9174-9768:1
NC_027610.1	CDS	CYTB	cytochrome b	9798-10947:1
NC_027610.1	CDS	ATP8	ATP synthase F0 subunit 8	11577-11796:1
NC_027610.1	CDS	ATP6	ATP synthase F0 subunit 6	11797-12487:1
NC_027610.1	CDS	ND5	NADH dehydrogenase subunit 5	12506-13223:1,15381-16494:1
NC_027610.1	CDS	ND1	NADH dehydrogenase subunit 1	13447-14431:1
NC_027610.1	CDS	ND3	NADH dehydrogenase subunit 3	14437-14794:1
NC_027610.1	tRNA		tRNA-Trp	16541-16611:1
NC_027610.1	CDS	ND2	NADH dehydrogenase subunit 2	16916-18026:1
NC_027610.1	rRNA		12S ribosomal RNA	18076-19150:1
NC_027610.1	tRNA		tRNA-Met	19504-19575:1
NC_027611.1	rRNA		16S ribosomal RNA	0-2084:1
NC_027611.1	CDS	COX3	cytochrome c oxidase subunit III	2156-2942:1
NC_027611.1	CDS	COX1	cytochrome c oxidase subunit I	3096-3989:1,4842-5542:1
NC_027611.1	CDS		homing endonuclease	4143-4818:1
NC_027611.1	CDS	ND4L	NADH dehydrogenase subunit 4L	5582-5882:1
NC_027611.1	CDS	ATP8	ATP synthase F0 subunit 8	5906-6122:1
NC_027611.1	CDS	ATP6	ATP synthase F0 subunit 6	6153-6843:1
NC_027611.1	CDS	ND5	NADH dehydrogenase subunit 5	6861-7577:1,9461-10578:1
NC_027611.1	CDS	ND1	NADH dehydrogenase subunit 1	7801-8785:1
NC_027611.1	CDS	ND3	NADH dehydrogenase subunit 3	8791-9148:1
NC_027611.1	tRNA		tRNA-Trp	10728-10798:1
NC_027611.1	CDS	ND2	NADH dehydrogenase subunit 2	11141-12251:1
NC_027611.1	rRNA		12S ribosomal RNA	12299-13355:1
NC_027611.1	CDS	COX2	cytochrome c oxidase subunit II	13408-14413:1
NC_027611.1	CDS		ORFA	14200-14413:1
NC_027611.1	CDS	ND4	NADH dehydrogenase subunit 4	14428-15895:1
NC_027611.1	CDS	ND6	NADH dehydrogenase subunit 6	15908-16508:1
NC_027611.1	CDS	CYTB	cytochrome b	16517-17684:1
NC_027611.1	tRNA		tRNA-Met	17745-17816:1
NC_027612.1	rRNA		16S ribosomal RNA	0-2192:1
NC_027612.1	CDS	COX3	cytochrome c oxidase subunit III	2262-3051:1
NC_027612.1	CDS	COX1	cytochrome c oxidase subunit I	3177-4070:1,4926-5626:1
NC_027612.1	CDS		homing endonuclease	4224-4926:1
NC_027612.1	CDS	ND4L	NADH dehydrogenase subunit 4L	5666-5966:1
NC_027612.1	CDS	ATP8	ATP synthase F0 subunit 8	5990-6221:1
NC_027612.1	CDS	ATP6	ATP synthase F0 subunit 6	6228-6918:1
NC_027612.1	CDS	ND5	NADH dehydrogenase subunit 5	6937-7654:1,9302-10403:1
NC_027612.1	CDS	ND1	NADH dehydrogenase subunit 1	7878-8862:1
NC_027612.1	CDS	ND3	NADH dehydrogenase subunit 3	8868-9225:1
NC_027612.1	CDS		ORFA	10420-10720:1
NC_027612.1	tRNA		tRNA-Trp	11055-11125:1
NC_027612.1	CDS	ND2	NADH dehydrogenase subunit 2	11497-12607:1
NC_027612.1	rRNA		12S ribosomal RNA	12656-13738:1
NC_027612.1	CDS	COX2	cytochrome c oxidase subunit II	13768-14515:1
NC_027612.1	CDS	ND4	NADH dehydrogenase subunit 4	14562-16032:1
NC_027612.1	CDS	ND6	NADH dehydrogenase subunit 6	16045-16645:1
NC_027612.1	CDS	CYTB	cytochrome b	16759-17908:1
NC_027612.1	tRNA		tRNA-Met	17967-18038:1
NC_027614.1	rRNA		16S ribosomal RNA	0-2191:1
NC_027614.1	CDS	COX3	cytochrome c oxidase subunit III	2261-3050:1
NC_027614.1	CDS	COX1	cytochrome c oxidase subunit I	3275-4165:1,5030-5712:1
NC_027614.1	CDS		homing endonuclease	4319-5018:1
NC_027614.1	CDS	ND4L	NADH dehydrogenase subunit 4L	5864-6164:1
NC_027614.1	CDS	ATP8	ATP synthase F0 subunit 8	6189-6405:1
NC_027614.1	CDS	ATP6	ATP synthase F0 subunit 6	6438-7128:1
NC_027614.1	CDS	ND5	NADH dehydrogenase subunit 5	7186-7903:1,9814-10930:1
NC_027614.1	CDS	ND1	NADH dehydrogenase subunit 1	8126-9110:1
NC_027614.1	CDS	ND3	NADH dehydrogenase subunit 3	9116-9473:1
NC_027614.1	tRNA		tRNA-Trp	11177-11247:1
NC_027614.1	rRNA		12S ribosomal RNA	12725-13807:1
NC_027614.1	CDS	COX2	cytochrome c oxidase subunit II	13860-14601:1
NC_027614.1	CDS		ORFA	14610-15945:1
NC_027614.1	CDS	ND4	NADH dehydrogenase subunit 4	15987-17454:1
NC_027614.1	CDS	ND6	NADH dehydrogenase subunit 6	17467-18067:1
NC_027614.1	CDS	CYTB	cytochrome b	18094-19246:1
NC_027614.1	tRNA		tRNA-Met	19656-19727:1
NC_027615.1	rRNA		16S ribosomal RNA	0-2201:1
NC_027615.1	CDS	COX3	cytochrome c oxidase subunit III	2270-3059:1
NC_027615.1	CDS	COX1	cytochrome c oxidase subunit I	3175-4068:1,4921-5621:1
NC_027615.1	CDS		homing endonuclease	4222-4894:1
NC_027615.1	CDS	ND4L	NADH dehydrogenase subunit 4L	5661-5961:1
NC_027615.1	CDS	ATP8	ATP synthase F0 subunit 8	5985-6201:1
NC_027615.1	CDS	ATP6	ATP synthase F0 subunit 6	6231-6921:1
NC_027615.1	CDS	ND5	NADH dehydrogenase subunit 5	6940-7666:1,9337-10525:1
NC_027615.1	CDS	ND1	NADH dehydrogenase subunit 1	7879-8863:1
NC_027615.1	CDS	ND3	NADH dehydrogenase subunit 3	8869-9226:1
NC_027615.1	tRNA		tRNA-Trp	10531-10601:1
NC_027615.1	CDS	ND2	NADH dehydrogenase subunit 2	10973-12083:1
NC_027615.1	rRNA		12S ribosomal RNA	12132-13214:1
NC_027615.1	CDS	COX2	cytochrome c oxidase subunit II	13267-14014:1
NC_027615.1	CDS	ND4	NADH dehydrogenase subunit 4	14019-15495:1
NC_027615.1	CDS	ND6	NADH dehydrogenase subunit 6	15508-16108:1
NC_027615.1	CDS	CYTB	cytochrome b	16168-17317:1
NC_027615.1	tRNA		tRNA-Met	17375-17446:1
NC_027667.1	rRNA		16S ribosomal RNA	0-2255:1
NC_027667.1	CDS	COX3	cytochrome c oxidase subunit III	2356-3145:1
NC_027667.1	CDS	COX1	cytochrome c oxidase subunit I	3175-4069:1,4993-5680:1
NC_027667.1	CDS	ND4L	NADH dehydrogenase subunit 4L	5763-6063:1
NC_027667.1	CDS	COX2	cytochrome c oxidase subunit II	6093-6843:1
NC_027667.1	CDS	ND4	NADH dehydrogenase subunit 4	6853-8329:1
NC_027667.1	CDS	ND6	NADH dehydrogenase subunit 6	8352-8976:1
NC_027667.1	CDS	ATP8	ATP synthase F0 subunit 8	8980-9193:1
NC_027667.1	CDS	ATP6	ATP synthase F0 subunit 6	9202-9901:1
NC_027667.1	CDS	ND5	NADH dehydrogenase subunit 5	9926-10646:1,12345-13476:1
NC_027667.1	CDS	ND1	NADH dehydrogenase subunit 1	10899-11883:1
NC_027667.1	CDS	ND3	NADH dehydrogenase subunit 3	11891-12248:1
NC_027667.1	tRNA		tRNA-Trp	13509-13579:1
NC_027667.1	CDS	ND2	NADH dehydrogenase subunit 2	13968-15084:1
NC_027667.1	rRNA		12S ribosomal RNA	15204-16352:1
NC_027667.1	CDS	CYTB	cytochrome b	16418-17555:1
NC_027667.1	tRNA		tRNA-Met	17614-17685:1
NC_029695.1	CDS	COX1	cytochrome c oxidase subunit I	0-894:1,1865-2543:1
NC_029695.1	tRNA		tRNA-Ile	1334-1402:1
NC_029695.1	tRNA		tRNA-Pro	1631-1700:1
NC_029695.1	tRNA		tRNA-Met	2638-2709:1
NC_029695.1	tRNA		tRNA-Tyr	3265-3341:1
NC_029695.1	tRNA		tRNA-Phe	3383-3446:1
NC_029695.1	rRNA		16S ribosomal RNA	3520-4957:1
NC_029695.1	CDS	ND5	NADH dehydrogenase subunit 5	5198-5921:1,17051-18167:1
NC_029695.1	tRNA		tRNA-Glu	6114-6173:1
NC_029695.1	CDS	ND1	NADH dehydrogenase subunit 1	6257-7235:1
NC_029695.1	CDS	CYTB	cytochrome b	7356-8517:1
NC_029695.1	tRNA		tRNA-Met	8654-8725:1
NC_029695.1	CDS	ND2	NADH dehydrogenase subunit 2	9086-10184:1
NC_029695.1	CDS	ND6	NADH dehydrogenase subunit 6	10196-10811:1
NC_029695.1	CDS	ATP6	ATP synthase F0 subunit 6	10884-11583:1
NC_029695.1	CDS	ND4	NADH dehydrogenase subunit 4	11845-13321:1
NC_029695.1	rRNA		12S ribosomal RNA	13347-14454:1
NC_029695.1	CDS	COX3	cytochrome c oxidase subunit III	14659-15448:1
NC_029695.1	CDS	COX2	cytochrome c oxidase subunit II	15483-16227:1
NC_029695.1	CDS	ND4L	NADH dehydrogenase subunit 4L	16280-16580:1
NC_029695.1	CDS	ND3	NADH dehydrogenase subunit 3	16594-16951:1
NC_029695.1	tRNA		tRNA-Trp	18206-18276:1
NC_029695.1	CDS	ATP8	ATP synthase F0 subunit 8	18308-18524:1
NC_029696.1	tRNA		tRNA-Met	0-71:1
NC_029696.1	rRNA		16S ribosomal RNA	71-2379:1
NC_029696.1	CDS	ND5	NADH dehydrogenase subunit 5	2457-3177:1,15199-16315:1
NC_029696.1	tRNA		tRNA-Leu	3393-3462:1
NC_029696.1	CDS	ND1	NADH dehydrogenase subunit 1	3559-4543:1
NC_029696.1	CDS	CYTB	cytochrome b	4641-5805:1
NC_029696.1	CDS	ND2	NADH dehydrogenase subunit 2	6628-7726:1
NC_029696.1	CDS	ND6	NADH dehydrogenase subunit 6	7758-8352:1
NC_029696.1	CDS	ATP6	ATP synthase F0 subunit 6	8428-9127:1
NC_029696.1	CDS	ND4	NADH dehydrogenase subunit 4	9387-10863:1
NC_029696.1	rRNA		12S ribosomal RNA	10915-12101:1
NC_029696.1	CDS	COX3	cytochrome c oxidase subunit III	12854-13643:1
NC_029696.1	CDS	COX2	cytochrome c oxidase subunit II	13661-14405:1
NC_029696.1	CDS	ND4L	NADH dehydrogenase subunit 4L	14404-14704:1
NC_029696.1	CDS	ND3	NADH dehydrogenase subunit 3	14720-15077:1
NC_029696.1	tRNA		tRNA-Trp	16327-16397:1
NC_029696.1	CDS	ATP8	ATP synthase F0 subunit 8	16428-16647:1
NC_029696.1	CDS	COX1	cytochrome c oxidase subunit I	16628-18203:1
NC_029697.1	CDS	COX1	cytochrome c oxidase subunit I	0-1597:1
NC_029697.1	rRNA		small subunit ribosomal RNA	1748-2674:1
NC_029697.1	CDS	ND1	NADH dehydrogenase subunit 1	2678-3650:1
NC_029697.1	CDS	CYTB	cytochrome b	3677-4841:1
NC_029697.1	CDS	ND6	NADH dehydrogenase subunit 6	5261-5819:1
NC_029697.1	CDS	ND3	NADH dehydrogenase subunit 3	5874-6228:1
NC_029697.1	CDS	ND4L	NADH dehydrogenase subunit 4L	6247-6541:1
NC_029697.1	CDS	mutS	MutS-like protein	6554-9512:1
NC_029697.1	rRNA		large subunit ribosomal RNA	9521-11709:1
NC_029697.1	CDS	ND2	NADH dehydrogenase subunit 2	11713-12871:1
NC_029697.1	CDS	ND5	NADH dehydrogenase subunit 5	12858-14676:1
NC_029697.1	CDS	ND4	NADH dehydrogenase subunit 4	15239-16688:1
NC_029697.1	tRNA	trnM	tRNA-Met	16782-16853:-1
NC_029697.1	CDS	COX3	cytochrome c oxidase subunit III	16892-17678:-1
NC_029697.1	CDS	ATP6	ATP synthase F0 subunit 6	17742-18450:-1
NC_029697.1	CDS	ATP8	ATP synthase F0 subunit 8	18474-18690:-1
NC_029697.1	CDS	COX2	cytochrome c oxidase subunit II	18712-19474:-1
NC_030186.1	tRNA		tRNA-Met	0-71:1
NC_030186.1	rRNA		16S ribosomal RNA	115-2416:1
NC_030186.1	CDS	ND5	NADH dehydrogenase subunit 5	2561-3280:1,14413-15530:1
NC_030186.1	CDS	ND1	NADH dehydrogenase subunit 1	3614-4598:1
NC_030186.1	CDS	CYTB	cytochrome b	4719-5880:1
NC_030186.1	CDS	ND2	NADH dehydrogenase subunit 2	6449-7547:1
NC_030186.1	CDS	ND6	NADH dehydrogenase subunit 6	7580-8174:1
NC_030186.1	CDS	ATP6	ATP synthase F0 subunit 6	8247-8946:1
NC_030186.1	CDS	ND4	NADH dehydrogenase subunit 4	9208-10684:1
NC_030186.1	rRNA		12S ribosomal RNA	10759-11788:1
NC_030186.1	CDS	COX3	cytochrome c oxidase subunit III	12022-12811:1
NC_030186.1	CDS	COX2	cytochrome c oxidase subunit II	12846-13590:1
NC_030186.1	CDS	ND4L	NADH dehydrogenase subunit 4L	13643-13943:1
NC_030186.1	CDS	ND3	NADH dehydrogenase subunit 3	13957-14314:1
NC_030186.1	tRNA		tRNA-Trp	15569-15639:1
NC_030186.1	CDS	ATP8	ATP synthase F0 subunit 8	15671-15887:1
NC_030186.1	CDS	COX1	cytochrome c oxidase subunit I	16009-16903:1,17868-18552:1
NC_030274.1	CDS	ND5	NADH dehydrogenase subunit 5	0-716:1,2430-3547:1
NC_030274.1	CDS	ND1	NADH dehydrogenase subunit 1	919-1924:1
NC_030274.1	CDS	ND3	NADH dehydrogenase subunit 3	1930-2287:1
NC_030274.1	tRNA		tRNA-Trp	3661-3732:1
NC_030274.1	CDS	ND2	NADH dehydrogenase subunit 2	4001-5159:1
NC_030274.1	rRNA		small subunit ribosomal RNA	5208-6290:1
NC_030274.1	CDS	COX2	cytochrome c oxidase subunit II	6343-7084:1
NC_030274.1	CDS	ND4	NADH dehydrogenase subunit 4	9077-10544:1
NC_030274.1	CDS	ND6	NADH dehydrogenase subunit 6	10548-11157:1
NC_030274.1	CDS	CYTB	cytochrome b	11187-12336:1
NC_030274.1	tRNA		tRNA-Met	12750-12821:1
NC_030274.1	rRNA		large subunit ribosomal RNA	12823-15070:1
NC_030274.1	CDS	COX3	cytochrome c oxidase subunit III	15140-15929:1
NC_030274.1	CDS	COX1	cytochrome c oxidase subunit I	16112-17002:1,17856-18538:1
NC_030274.1	CDS	ND4L	NADH dehydrogenase subunit 4L	18757-19057:1
NC_030274.1	CDS	ATP8	ATP synthase F0 subunit 8	19081-19297:1
NC_030274.1	CDS	ATP6	ATP synthase F0 subunit 6	19330-20020:1
NC_030352.1	CDS	ND5	NADH dehydrogenase subunit 5	167-887:1,12211-13327:1
NC_030352.1	CDS	ND1	NADH dehydrogenase subunit 1	1219-2203:1
NC_030352.1	CDS	CYTB	cytochrome b	2330-3494:1
NC_030352.1	CDS	ND2	NADH dehydrogenase subunit 2	4132-5230:1
NC_030352.1	CDS	ND6	NADH dehydrogenase subunit 6	5263-5857:1
NC_030352.1	CDS	ATP6	ATP synthase F0 subunit 6	5939-6638:1
NC_030352.1	CDS	ND4	NADH dehydrogenase subunit 4	6939-8415:1
NC_030352.1	rRNA	rns	12S ribosomal RNA	8528-9594:1
NC_030352.1	CDS	COX3	cytochrome c oxidase subunit III	9813-10602:1
NC_030352.1	CDS	COX2	cytochrome c oxidase subunit II	10639-11383:1
NC_030352.1	CDS	ND4L	NADH dehydrogenase subunit 4L	11436-11736:1
NC_030352.1	CDS	ND3	NADH dehydrogenase subunit 3	11755-12112:1
NC_030352.1	tRNA	trnW	tRNA-Trp	13366-13436:1
NC_030352.1	CDS	ATP8	ATP synthase F0 subunit 8	13469-13685:1
NC_030352.1	CDS	COX1	cytochrome c oxidase subunit I	13808-14702:1,15666-16350:1
NC_030352.1	tRNA	trnM	tRNA-Met	16471-16542:1
NC_030352.1	rRNA	rnl	16S ribosomal RNA	16578-18831:1
NC_034318.1	CDS	COX1	cytochrome c oxidase subunit I	0-1582:1
NC_034318.1	rRNA		12S ribosomal RNA	1582-2673:1
NC_034318.1	CDS	ND1	NADH dehydrogenase subunit 1	2677-3649:1
NC_034318.1	CDS	CYTB	cytochrome b	3682-4843:1
NC_034318.1	CDS	ND6	NADH dehydrogenase subunit 6	4873-5431:1
NC_034318.1	CDS	ND3	NADH dehydrogenase subunit 3	5475-5829:1
NC_034318.1	CDS	ND4L	NADH dehydrogenase subunit 4L	5848-6142:1
NC_034318.1	rRNA		16S ribosomal RNA	6146-11114:1
NC_034318.1	CDS	MutS	mutS-like protein	6155-9137:1
NC_034318.1	CDS	ND2	NADH dehydrogenase subunit 2	11145-12519:1
NC_034318.1	CDS	ND5	NADH dehydrogenase subunit 5	12506-14324:1
NC_034318.1	CDS	ND4	NADH dehydrogenase subunit 4	14421-15870:1
NC_034318.1	tRNA		tRNA-Met	15926-15997:1
NC_034318.1	CDS	COX3	cytochrome c oxidase subunit III	16036-16822:-1
NC_034318.1	CDS	ATP6	ATP synthase F0 subunit 6	16886-17594:-1
NC_034318.1	CDS	ATP8	ATP synthase F0 subunit 8	17618-17834:-1
NC_034318.1	CDS	COX2	cytochrome c oxidase subunit II	17856-18618:-1
NC_034749.1	CDS	COX1	cytochrome c oxidase subunit I	0-1597:1
NC_034749.1	rRNA		small subunit ribosomal RNA	1747-2672:1
NC_034749.1	CDS	ND1	NADH dehydrogenase subunit 1	2676-3648:1
NC_034749.1	CDS	CYTB	cytochrome b	3681-4836:1
NC_034749.1	CDS	ND6	NADH dehydrogenase subunit 6	4849-5407:1
NC_034749.1	CDS	ND3	NADH dehydrogenase subunit 3	5450-5810:1
NC_034749.1	CDS	ND4L	NADH dehydrogenase subunit 4L	5822-6116:1
NC_034749.1	CDS	MUTS	MutS-like protein	6129-9093:1
NC_034749.1	rRNA		large subunit ribosomal RNA	9119-11298:1
NC_034749.1	CDS	ND2	NADH dehydrogenase subunit 2	11302-12460:1
NC_034749.1	CDS	ND5	NADH dehydrogenase subunit 5	12447-14265:1
NC_034749.1	CDS	ND4	NADH dehydrogenase subunit 4	14364-15813:1
NC_034749.1	tRNA	trnM	tRNA-Met	15867-15938:-1
NC_034749.1	CDS	COX3	cytochrome c oxidase subunit III	15976-16762:-1
NC_034749.1	CDS	ATP6	ATP synthase F0 subunit 6	16826-17534:-1
NC_034749.1	CDS	ATP8	ATP synthase F0 subunit 8	17558-17774:-1
NC_034749.1	CDS	COX2	cytochrome c oxidase subunit II	17795-18557:-1
NC_034916.1	tRNA		tRNA-Met	0-72:1
NC_034916.1	rRNA	rrnL	16S ribosomal RNA	265-1963:1
NC_034916.1	CDS	ND5	NADH dehydrogenase subunit 5	2012-2723:1,12870-13974:1
NC_034916.1	CDS	ND1	NADH dehydrogenase subunit 1	2832-3780:1
NC_034916.1	CDS	CYTB	cytochrome b	3782-4922:1
NC_034916.1	CDS	ND2	NADH dehydrogenase subunit 2	5139-6234:1
NC_034916.1	CDS	ND6	NADH dehydrogenase subunit 6	6235-6796:1
NC_034916.1	CDS	ATP6	ATP synthase F0 subunit 6	6795-7473:1
NC_034916.1	CDS	ND4	NADH dehydrogenase subunit 4	7472-8912:1
NC_034916.1	rRNA		12S ribosomal RNA	9039-9950:1
NC_034916.1	CDS	COX3	cytochrome c oxidase subunit III	10075-10855:1
NC_034916.1	CDS	COX2	cytochrome c oxidase subunit II	11481-12189:1
NC_034916.1	CDS	ND4L	NADH dehydrogenase subunit 4L	12170-12470:1
NC_034916.1	CDS	ND3	NADH dehydrogenase subunit 3	12472-12814:1
NC_034916.1	tRNA		tRNA-Trp	13972-14043:1
NC_034916.1	CDS	ATP8	ATP synthase F0 subunit 8	14046-14244:1
NC_034916.1	tRNA		tRNA-Leu	14606-14674:1
NC_034916.1	CDS	COX1	cytochrome c oxidase subunit I	14986-16558:1
NC_034916.1	tRNA		tRNA-Phe	16814-16874:-1
NC_034916.1	tRNA		tRNA-Gly	17928-17988:1
NC_035578.1	CDS	ND5	NADH dehydrogenase subunit 5	153-885:1,2981-4112:1
NC_035578.1	CDS	ND1	NADH dehydrogenase subunit 1	1202-2213:1
NC_035578.1	CDS	ND3	NADH dehydrogenase subunit 3	2446-2803:1
NC_035578.1	CDS	COX2	cytochrome c oxidase subunit II	4991-5744:1
NC_035578.1	CDS	ND4	NADH dehydrogenase subunit 4	6060-7533:1
NC_035578.1	CDS	ND6	NADH dehydrogenase subunit 6	7621-8287:1
NC_035578.1	CDS	CYTB	cytochrome b	8419-9607:1
NC_035578.1	CDS	COX3	cytochrome c oxidase subunit III	9679-10468:1
NC_035578.1	CDS	COX1	cytochrome c oxidase subunit I	10545-11433:1,12760-13471:1
NC_035578.1	CDS	ND4L	NADH dehydrogenase subunit 4L	13530-13830:1
NC_035578.1	CDS	ATP8	ATP synthase F0 subunit 8	13936-14155:1
NC_035578.1	CDS	ATP6	ATP synthase F0 subunit 6	14358-15057:1
NC_035578.1	rRNA		small subunit ribosomal RNA	15181-16390:1
NC_035578.1	CDS	ND2	NADH dehydrogenase subunit 2	16912-18070:1
NC_035578.1	tRNA	trnM	tRNA-Met	18118-18189:1
NC_035578.1	rRNA		large subunit ribosomal RNA	18215-20928:1
NC_035579.1	CDS	ND5	NADH dehydrogenase subunit 5	153-885:1,2962-4093:1
NC_035579.1	CDS	ND1	NADH dehydrogenase subunit 1	1193-2204:1
NC_035579.1	CDS	ND3	NADH dehydrogenase subunit 3	2430-2787:1
NC_035579.1	CDS	COX2	cytochrome c oxidase subunit II	4972-5725:1
NC_035579.1	CDS	ND4	NADH dehydrogenase subunit 4	6041-7514:1
NC_035579.1	CDS	ND6	NADH dehydrogenase subunit 6	7602-8268:1
NC_035579.1	CDS	CYTB	cytochrome b	8395-9583:1
NC_035579.1	CDS	COX3	cytochrome c oxidase subunit III	9655-10444:1
NC_035579.1	CDS	COX1	cytochrome c oxidase subunit I	10521-11409:1,12685-13396:1
NC_035579.1	CDS	ND4L	NADH dehydrogenase subunit 4L	13455-13755:1
NC_035579.1	CDS	ATP8	ATP synthase F0 subunit 8	13861-14080:1
NC_035579.1	CDS	ATP6	ATP synthase F0 subunit 6	14283-14985:1
NC_035579.1	rRNA		small subunit ribosomal RNA	15112-16321:1
NC_035579.1	CDS	ND2	NADH dehydrogenase subunit 2	16843-18001:1
NC_035579.1	tRNA	trnM	tRNA-Met	18051-18122:1
NC_035579.1	rRNA		large subunit ribosomal RNA	18148-20797:1
NC_035663.1	CDS	COX1	cytochrome c oxidase subunit I	0-1597:1
NC_035663.1	rRNA		12S ribosomal RNA	1747-2673:1
NC_035663.1	CDS	ND1	NADH dehydrogenase subunit 1	2677-3649:1
NC_035663.1	CDS	CYTB	cytochrome b	3704-4871:1
NC_035663.1	CDS	ND6	NADH dehydrogenase subunit 6	4911-5469:1
NC_035663.1	CDS	ND3	NADH dehydrogenase subunit 3	5512-5878:1
NC_035663.1	CDS	ND4L	NADH dehydrogenase subunit 4L	5897-6191:1
NC_035663.1	CDS	MutS	MutS-like protein	6204-9162:1
NC_035663.1	rRNA		16S ribosomal RNA	9171-11354:1
NC_035663.1	CDS	ND2	NADH dehydrogenase subunit 2	11358-12516:1
NC_035663.1	CDS	ND5	NADH dehydrogenase subunit 5	12503-14321:1
NC_035663.1	CDS	ND4	NADH dehydrogenase subunit 4	14415-15864:1
NC_035663.1	tRNA		tRNA-Met	15917-15988:-1
NC_035663.1	CDS	COX3	cytochrome c oxidase subunit III	16027-16813:-1
NC_035663.1	CDS	ATP6	ATP synthase F0 subunit 6	16877-17585:-1
NC_035663.1	CDS	ATP8	ATP synthase F0 subunit 8	17609-17825:-1
NC_035663.1	CDS	COX2	cytochrome c oxidase subunit II	17847-18609:-1
NC_035665.1	CDS	COX1	cytochrome c oxidase subunit I	0-1626:1
NC_035665.1	rRNA		12S ribosomal RNA	1758-2684:1
NC_035665.1	CDS	ND1	NADH dehydrogenase subunit 1	2688-3660:1
NC_035665.1	CDS	CYTB	cytochrome b	3715-4882:1
NC_035665.1	CDS	ND6	NADH dehydrogenase subunit 6	4921-5479:1
NC_035665.1	CDS	ND3	NADH dehydrogenase subunit 3	5520-5874:1
NC_035665.1	CDS	ND4L	NADH dehydrogenase subunit 4L	5893-6187:1
NC_035665.1	CDS	MutS	MutS-like protein	6200-9146:1
NC_035665.1	rRNA		16S ribosomal RNA	9155-11340:1
NC_035665.1	CDS	ND2	NADH dehydrogenase subunit 2	11344-12502:1
NC_035665.1	CDS	ND5	NADH dehydrogenase subunit 5	12489-14307:1
NC_035665.1	CDS	ND4	NADH dehydrogenase subunit 4	14851-16300:1
NC_035665.1	tRNA		tRNA-Met	16354-16425:-1
NC_035665.1	CDS	COX3	cytochrome c oxidase subunit III	16463-17249:-1
NC_035665.1	CDS	ATP6	ATP synthase F0 subunit 6	17313-18021:-1
NC_035665.1	CDS	ATP8	ATP synthase F0 subunit 8	18045-18261:-1
NC_035665.1	CDS	COX2	cytochrome c oxidase subunit II	18283-19045:-1
NC_035666.1	CDS	COX1	cytochrome c oxidase subunit I	0-1597:1
NC_035666.1	rRNA		12S ribosomal RNA	1748-2675:1
NC_035666.1	CDS	ND1	NADH dehydrogenase subunit 1	2679-3651:1
NC_035666.1	CDS	CYTB	cytochrome b	3711-4872:1
NC_035666.1	CDS	ND6	NADH dehydrogenase subunit 6	4912-5470:1
NC_035666.1	CDS	ND3	NADH dehydrogenase subunit 3	5513-5873:1
NC_035666.1	CDS	ND4L	NADH dehydrogenase subunit 4L	5885-6179:1
NC_035666.1	CDS	MutS	MutS-like protein	6194-9152:1
NC_035666.1	rRNA		16S ribosomal RNA	9161-11344:1
NC_035666.1	CDS	ND2	NADH dehydrogenase subunit 2	11348-12506:1
NC_035666.1	CDS	ND5	NADH dehydrogenase subunit 5	12493-14311:1
NC_035666.1	CDS	ND4	NADH dehydrogenase subunit 4	14864-16313:1
NC_035666.1	tRNA		tRNA-Met	16371-16442:-1
NC_035666.1	CDS	COX3	cytochrome c oxidase subunit III	16481-17267:-1
NC_035666.1	CDS	ATP6	ATP synthase F0 subunit 6	17331-18039:-1
NC_035666.1	CDS	ATP8	ATP synthase F0 subunit 8	18063-18279:-1
NC_035666.1	CDS	COX2	cytochrome c oxidase subunit II	18301-19063:-1
NC_035667.1	CDS	COX1	cytochrome c oxidase subunit I	0-1597:1
NC_035667.1	rRNA		12S ribosomal RNA	1748-2674:1
NC_035667.1	CDS	ND1	NADH dehydrogenase subunit 1	2678-3650:1
NC_035667.1	CDS	CYTB	cytochrome b	3711-4872:1
NC_035667.1	CDS	ND6	NADH dehydrogenase subunit 6	4912-5470:1
NC_035667.1	CDS	ND3	NADH dehydrogenase subunit 3	5513-5873:1
NC_035667.1	CDS	ND4L	NADH dehydrogenase subunit 4L	5885-6179:1
NC_035667.1	CDS	MutS	MutS-like protein	6192-9150:1
NC_035667.1	rRNA		16S ribosomal RNA	9159-11342:1
NC_035667.1	CDS	ND2	NADH dehydrogenase subunit 2	11346-12504:1
NC_035667.1	CDS	ND5	NADH dehydrogenase subunit 5	12491-14309:1
NC_035667.1	CDS	ND4	NADH dehydrogenase subunit 4	15008-16457:1
NC_035667.1	tRNA		tRNA-Met	16514-16581:-1
NC_035667.1	CDS	COX3	cytochrome c oxidase subunit III	16624-17410:-1
NC_035667.1	CDS	ATP6	ATP synthase F0 subunit 6	17474-18182:-1
NC_035667.1	CDS	ATP8	ATP synthase F0 subunit 8	18204-18420:-1
NC_035667.1	CDS	COX2	cytochrome c oxidase subunit II	18442-19204:-1
NC_035668.1	CDS	COX1	cytochrome c oxidase subunit I	0-1626:1
NC_035668.1	rRNA		12S ribosomal RNA	1758-2684:1
NC_035668.1	CDS	ND1	NADH dehydrogenase subunit 1	2688-3660:1
NC_035668.1	CDS	CYTB	cytochrome b	3714-4878:1
NC_035668.1	CDS	ND6	NADH dehydrogenase subunit 6	4913-5471:1
NC_035668.1	CDS	ND3	NADH dehydrogenase subunit 3	5512-5866:1
NC_035668.1	CDS	ND4L	NADH dehydrogenase subunit 4L	5885-6179:1
NC_035668.1	CDS	MutS	MutS-like protein	6192-9150:1
NC_035668.1	rRNA		16S ribosomal RNA	9159-11343:1
NC_035668.1	CDS	ND2	NADH dehydrogenase subunit 2	11347-12505:1
NC_035668.1	CDS	ND5	NADH dehydrogenase subunit 5	12492-14316:1
NC_035668.1	CDS	ND4	NADH dehydrogenase subunit 4	14831-16280:1
NC_035668.1	tRNA		tRNA-Met	16335-16406:-1
NC_035668.1	CDS	COX3	cytochrome c oxidase subunit III	16445-17231:-1
NC_035668.1	CDS	ATP6	ATP synthase F0 subunit 6	17295-18003:-1
NC_035668.1	CDS	ATP8	ATP synthase F0 subunit 8	18042-18258:-1
NC_035668.1	CDS	COX2	cytochrome c oxidase subunit II	18280-19042:-1
NC_035669.1	CDS	COX1	cytochrome c oxidase subunit I	0-1626:1
NC_035669.1	rRNA		12S ribosomal RNA	1758-2684:1
NC_035669.1	CDS	ND1	NADH dehydrogenase subunit 1	2688-3660:1
NC_035669.1	CDS	CYTB	cytochrome b	3715-4882:1
NC_035669.1	CDS	ND6	NADH dehydrogenase subunit 6	4922-5480:1
NC_035669.1	CDS	ND3	NADH dehydrogenase subunit 3	5523-5889:1
NC_035669.1	CDS	ND4L	NADH dehydrogenase subunit 4L	5908-6202:1
NC_035669.1	CDS	MutS	MutS-like protein	6215-9173:1
NC_035669.1	rRNA		16S ribosomal RNA	9182-11367:1
NC_035669.1	CDS	ND2	NADH dehydrogenase subunit 2	11371-12529:1
NC_035669.1	CDS	ND5	NADH dehydrogenase subunit 5	12516-14340:1
NC_035669.1	CDS	ND4	NADH dehydrogenase subunit 4	14544-15993:1
NC_035669.1	tRNA		tRNA-Met	16045-16116:-1
NC_035669.1	CDS	COX3	cytochrome c oxidase subunit III	16154-16940:-1
NC_035669.1	CDS	ATP6	ATP synthase F0 subunit 6	17004-17712:-1
NC_035669.1	CDS	ATP8	ATP synthase F0 subunit 8	17736-17952:-1
NC_035669.1	CDS	COX2	cytochrome c oxidase subunit II	17974-18736:-1
NC_035670.1	CDS	COX1	cytochrome c oxidase subunit I	0-1597:1
NC_035670.1	rRNA		12S ribosomal RNA	1747-2673:1
NC_035670.1	CDS	ND1	NADH dehydrogenase subunit 1	2677-3649:1
NC_035670.1	CDS	CYTB	cytochrome b	3704-4871:1
NC_035670.1	CDS	ND6	NADH dehydrogenase subunit 6	4911-5469:1
NC_035670.1	CDS	ND3	NADH dehydrogenase subunit 3	5512-5878:1
NC_035670.1	CDS	ND4L	NADH dehydrogenase subunit 4L	5897-6191:1
NC_035670.1	CDS	MutS	MutS-like protein	6204-9162:1
NC_035670.1	rRNA		16S ribosomal RNA	9171-11354:1
NC_035670.1	CDS	ND2	NADH dehydrogenase subunit 2	11358-12516:1
NC_035670.1	CDS	ND5	NADH dehydrogenase subunit 5	12503-14321:1
NC_035670.1	CDS	ND4	NADH dehydrogenase subunit 4	14415-15864:1
NC_035670.1	tRNA		tRNA-Met	15917-15988:-1
NC_035670.1	CDS	COX3	cytochrome c oxidase subunit III	16027-16813:-1
NC_035670.1	CDS	ATP6	ATP synthase F0 subunit 6	16877-17585:-1
NC_035670.1	CDS	ATP8	ATP synthase F0 subunit 8	17609-17825:-1
NC_035670.1	CDS	COX2	cytochrome c oxidase subunit II	17847-18609:-1
NC_035879.1	tRNA		tRNA-Met	0-72:1
NC_035879.1	rRNA		16S ribosomal RNA	299-1996:1
NC_035879.1	CDS	ND5	NADH dehydrogenase subunit 5	2048-2759:1,13761-14865:1
NC_035879.1	CDS	ND1	NADH dehydrogenase subunit 1	2868-3816:1
NC_035879.1	CDS	CYTB	cytochrome b	3824-4958:1
NC_035879.1	CDS	ND2	NADH dehydrogenase subunit 2	5166-6270:1
NC_035879.1	CDS	ND6	NADH dehydrogenase subunit 6	6271-6832:1
NC_035879.1	CDS	ATP6	ATP synthase F0 subunit 6	6831-7509:1
NC_035879.1	CDS	ND4	NADH dehydrogenase subunit 4	7508-8948:1
NC_035879.1	rRNA	rrnS	12S ribosomal RNA	9084-9995:1
NC_035879.1	CDS	COX3	cytochrome c oxidase subunit III	10113-10893:1
NC_035879.1	CDS	COX2	cytochrome c oxidase subunit II	12371-13079:1
NC_035879.1	CDS	ND4L	NADH dehydrogenase subunit 4L	13060-13360:1
NC_035879.1	CDS	ND3	NADH dehydrogenase subunit 3	13362-13704:1
NC_035879.1	tRNA		tRNA-Trp	14863-14933:1
NC_035879.1	CDS	ATP8	ATP synthase F0 subunit 8	14936-15134:1
NC_035879.1	CDS	COX1	cytochrome c oxidase subunit I	15151-16693:1
NC_035879.1	rRNA		12S ribosomal RNA	16987-17769:-1
NC_036022.1	CDS	COX1	cytochrome c oxidase subunit I	0-1597:1
NC_036022.1	rRNA		12S ribosomal RNA	1748-2671:1
NC_036022.1	CDS	ND1	NADH dehydrogenase subunit 1	2675-3647:1
NC_036022.1	CDS	CYTB	cytochrome b	3730-4867:1
NC_036022.1	CDS	ND6	NADH dehydrogenase subunit 6	5066-5624:1
NC_036022.1	CDS	ND3	NADH dehydrogenase subunit 3	5667-6021:1
NC_036022.1	CDS	ND4L	NADH dehydrogenase subunit 4L	6040-6334:1
NC_036022.1	CDS	msh1	MutS-like protein	6347-9287:1
NC_036022.1	rRNA		16S ribosomal RNA	9296-11465:1
NC_036022.1	CDS	ND2	NADH dehydrogenase subunit 2	11469-12627:1
NC_036022.1	CDS	ND5	NADH dehydrogenase subunit 5	12614-14432:1
NC_036022.1	CDS	ND4	NADH dehydrogenase subunit 4	14516-15965:1
NC_036022.1	tRNA		tRNA-Met	16050-16121:-1
NC_036022.1	CDS	COX3	cytochrome c oxidase subunit III	16159-16945:-1
NC_036022.1	CDS	ATP6	ATP synthase F0 subunit 6	17009-17717:-1
NC_036022.1	CDS	ATP8	ATP synthase F0 subunit 8	17741-17957:-1
NC_036022.1	CDS	COX2	cytochrome c oxidase subunit II	17979-18741:-1
NC_037177.1	CDS	ND5	NADH dehydrogenase subunit 5	0-717:1,2443-3559:1
NC_037177.1	CDS	ND1	NADH dehydrogenase subunit 1	845-1925:1
NC_037177.1	CDS	ND3	NADH dehydrogenase subunit 3	1931-2288:1
NC_037177.1	tRNA	trnW	tRNA-Trp	3674-3744:1
NC_037177.1	CDS	ND2	NADH dehydrogenase subunit 2	3795-5172:1
NC_037177.1	rRNA		small subunit ribosomal RNA	5221-6302:1
NC_037177.1	CDS	coii	cytochrome c oxidase subunit II	6355-7096:1
NC_037177.1	CDS		hypothetical protein	7109-8666:1
NC_037177.1	CDS	ND4	NADH dehydrogenase subunit 4	9084-10551:1
NC_037177.1	CDS	ND6	NADH dehydrogenase subunit 6	10555-11164:1
NC_037177.1	CDS	CYTB	cytochrome b	11191-12343:1
NC_037177.1	tRNA	trnM	tRNA-Met	12761-12832:1
NC_037177.1	rRNA		large subunit ribosomal RNA	12832-15079:1
NC_037177.1	CDS	coiii	cytochrome c oxidase subunit III	15151-15940:1
NC_037177.1	CDS	coi	cytochrome c oxidase subunit I	16116-17006:1,17859-18541:1
NC_037177.1	CDS		truncated homing endonuclease	16116-17136:1
NC_037177.1	CDS	ND4L	NADH dehydrogenase subunit 4L	18826-19126:1
NC_037177.1	CDS	ATP8	ATP synthase F0 subunit 8	19150-19366:1
NC_037177.1	CDS	ATP6	ATP synthase F0 subunit 6	19399-20089:1
NC_037178.1	CDS	ND5	NADH dehydrogenase subunit 5	0-717:1,2396-3512:1
NC_037178.1	CDS	ND1	NADH dehydrogenase subunit 1	845-1925:1
NC_037178.1	CDS	ND3	NADH dehydrogenase subunit 3	1931-2282:1
NC_037178.1	tRNA		tRNA-Trp	3760-3830:1
NC_037178.1	CDS	ND2	NADH dehydrogenase subunit 2	3881-5258:1
NC_037178.1	rRNA		small subunit ribosomal RNA	5307-6389:1
NC_037178.1	CDS	coii	cytochrome c oxidase subunit II	6442-7183:1
NC_037178.1	CDS		hypothetical protein	7196-8342:1
NC_037178.1	CDS	ND4	NADH dehydrogenase subunit 4	8681-10148:1
NC_037178.1	CDS	ND6	NADH dehydrogenase subunit 6	10152-10761:1
NC_037178.1	CDS	CYTB	cytochrome b	10788-11940:1
NC_037178.1	tRNA	trnM	tRNA-Met	12351-12422:1
NC_037178.1	rRNA		large subunit ribosomal RNA	12422-14619:1
NC_037178.1	CDS	coiii	cytochrome c oxidase subunit III	14690-15479:1
NC_037178.1	CDS	coi	cytochrome c oxidase subunit I	15550-16440:1,17293-17975:1
NC_037178.1	CDS	heg	truncated homing endonuclease	15550-16570:1
NC_037178.1	CDS	ND4L	NADH dehydrogenase subunit 4L	18263-18563:1
NC_037178.1	CDS	ATP8	ATP synthase F0 subunit 8	18587-18803:1
NC_037178.1	CDS	ATP6	ATP synthase F0 subunit 6	18836-19526:1
NC_037359.1	rRNA		16S ribosomal RNA	0-2262:1
NC_037359.1	CDS	ND5	NADH dehydrogenase subunit 5	2364-3084:1,14572-15688:1
NC_037359.1	CDS	ND1	NADH dehydrogenase subunit 1	3406-4390:1
NC_037359.1	CDS	CYTB	cytochrome b	4496-5654:1
NC_037359.1	CDS	ND2	NADH dehydrogenase subunit 2	6188-7286:1
NC_037359.1	CDS	ND6	NADH dehydrogenase subunit 6	7318-7912:1
NC_037359.1	CDS	ATP6	ATP synthase F0 subunit 6	7981-8680:1
NC_037359.1	CDS	ND4	NADH dehydrogenase subunit 4	8859-10335:1
NC_037359.1	rRNA		12S ribosomal RNA	10363-11538:1
NC_037359.1	CDS	COX3	cytochrome c oxidase subunit III	12165-12954:1
NC_037359.1	CDS	COX2	cytochrome c oxidase subunit II	13009-13753:1
NC_037359.1	CDS	ND4L	NADH dehydrogenase subunit 4L	13788-14088:1
NC_037359.1	CDS	ND3	NADH dehydrogenase subunit 3	14119-14476:1
NC_037359.1	tRNA		tRNA-Trp	15717-15787:1
NC_037359.1	CDS	ATP8	ATP synthase F0 subunit 8	15819-16038:1
NC_037359.1	CDS	COX1	cytochrome c oxidase subunit I	16019-17621:1
NC_037359.1	tRNA		tRNA-Met	17815-17886:1
NC_037434.1	tRNA		tRNA-Met	0-71:1
NC_037434.1	rRNA		16S ribosomal RNA	114-2415:1
NC_037434.1	CDS	ND5	NADH dehydrogenase subunit 5	2573-3292:1,14423-15540:1
NC_037434.1	CDS	ND1	NADH dehydrogenase subunit 1	3625-4609:1
NC_037434.1	CDS	CYTB	cytochrome b	4729-5890:1
NC_037434.1	CDS	ND2	NADH dehydrogenase subunit 2	6459-7557:1
NC_037434.1	CDS	ND6	NADH dehydrogenase subunit 6	7590-8184:1
NC_037434.1	CDS	ATP6	ATP synthase F0 subunit 6	8257-8956:1
NC_037434.1	CDS	ND4	NADH dehydrogenase subunit 4	9219-10695:1
NC_037434.1	rRNA		12S ribosomal RNA	10769-11800:1
NC_037434.1	CDS	COX3	cytochrome c oxidase subunit III	12032-12821:1
NC_037434.1	CDS	COX2	cytochrome c oxidase subunit II	12856-13600:1
NC_037434.1	CDS	ND4L	NADH dehydrogenase subunit 4L	13653-13953:1
NC_037434.1	CDS	ND3	NADH dehydrogenase subunit 3	13967-14324:1
NC_037434.1	tRNA		tRNA-Trp	15579-15649:1
NC_037434.1	CDS	ATP8	ATP synthase F0 subunit 8	15681-15897:1
NC_037434.1	CDS	COX1	cytochrome c oxidase subunit I	16020-16914:1,17879-18563:1
NC_037435.1	tRNA		tRNA-Met	0-71:1
NC_037435.1	rRNA		16S ribosomal RNA	115-2417:1
NC_037435.1	CDS	ND5	NADH dehydrogenase subunit 5	2562-3281:1,14414-15531:1
NC_037435.1	CDS	ND1	NADH dehydrogenase subunit 1	3615-4599:1
NC_037435.1	CDS	CYTB	cytochrome b	4720-5881:1
NC_037435.1	CDS	ND2	NADH dehydrogenase subunit 2	6450-7548:1
NC_037435.1	CDS	ND6	NADH dehydrogenase subunit 6	7581-8175:1
NC_037435.1	CDS	ATP6	ATP synthase F0 subunit 6	8248-8947:1
NC_037435.1	CDS	ND4	NADH dehydrogenase subunit 4	9209-10685:1
NC_037435.1	rRNA		12S ribosomal RNA	10760-11791:1
NC_037435.1	CDS	COX3	cytochrome c oxidase subunit III	12023-12812:1
NC_037435.1	CDS	COX2	cytochrome c oxidase subunit II	12847-13591:1
NC_037435.1	CDS	ND4L	NADH dehydrogenase subunit 4L	13644-13944:1
NC_037435.1	CDS	ND3	NADH dehydrogenase subunit 3	13958-14315:1
NC_037435.1	tRNA		tRNA-Trp	15570-15640:1
NC_037435.1	CDS	ATP8	ATP synthase F0 subunit 8	15672-15888:1
NC_037435.1	CDS	COX1	cytochrome c oxidase subunit I	15992-16886:1,17851-18535:1
NC_039929.1	CDS	ND5	NADH dehydrogenase subunit 5	0-717:1,2887-4003:1
NC_039929.1	CDS	ND1	NADH dehydrogenase subunit 1	862-1924:1
NC_039929.1	CDS	ND3	NADH dehydrogenase subunit 3	1930-2287:1
NC_039929.1	tRNA		tRNA-Trp	4251-4321:1
NC_039929.1	CDS	ND2	NADH dehydrogenase subunit 2	4373-5750:1
NC_039929.1	rRNA		small subunit ribosomal RNA	5799-6881:1
NC_039929.1	CDS	COX2	cytochrome c oxidase subunit II	6934-7675:1
NC_039929.1	CDS	ORFA	hypothetical protein	7683-9621:1
NC_039929.1	CDS	ND4	NADH dehydrogenase subunit 4	9663-11130:1
NC_039929.1	CDS	ND6	NADH dehydrogenase subunit 6	11134-11743:1
NC_039929.1	CDS	CYTB	cytochrome b	11769-12921:1
NC_039929.1	tRNA		tRNA-Met	13326-13397:1
NC_039929.1	rRNA		large subunit ribosomal RNA	13397-15591:1
NC_039929.1	CDS	COX3	cytochrome c oxidase subunit III	15663-16452:1
NC_039929.1	CDS	COX1	cytochrome c oxidase subunit I	16686-17576:1,18430-19112:1
NC_039929.1	CDS	ND4L	NADH dehydrogenase subunit 4L	19408-19708:1
NC_039929.1	CDS	ATP8	ATP synthase F0 subunit 8	19732-19948:1
NC_039929.1	CDS	ATP6	ATP synthase F0 subunit 6	19981-20671:1
NC_040136.1	tRNA		tRNA-Met	0-71:1
NC_040136.1	rRNA		16S ribosomal RNA	71-2332:1
NC_040136.1	CDS	ND5	NADH dehydrogenase subunit 5	2435-3155:1,14776-15892:1
NC_040136.1	CDS	ND1	NADH dehydrogenase subunit 1	3455-4439:1
NC_040136.1	CDS	CYTB	cytochrome b	4545-5703:1
NC_040136.1	CDS	ND2	NADH dehydrogenase subunit 2	6233-7331:1
NC_040136.1	CDS	ND6	NADH dehydrogenase subunit 6	7363-7957:1
NC_040136.1	CDS	ATP6	ATP synthase F0 subunit 6	8016-8715:1
NC_040136.1	CDS	ND4	NADH dehydrogenase subunit 4	8867-10343:1
NC_040136.1	rRNA		12S ribosomal RNA	10382-11507:1
NC_040136.1	CDS	COX3	cytochrome c oxidase subunit III	12376-13165:1
NC_040136.1	CDS	COX2	cytochrome c oxidase subunit II	13220-13964:1
NC_040136.1	CDS	ND4L	NADH dehydrogenase subunit 4L	13999-14299:1
NC_040136.1	CDS	ND3	NADH dehydrogenase subunit 3	14331-14688:1
NC_040136.1	tRNA		tRNA-Trp	15919-15989:1
NC_040136.1	CDS	ATP8	ATP synthase F0 subunit 8	16021-16240:1
NC_040136.1	CDS	COX1	cytochrome c oxidase subunit I	16221-17823:1
NC_040137.1	tRNA		tRNA-Met	0-71:1
NC_040137.1	rRNA		16S ribosomal RNA	71-2330:1
NC_040137.1	CDS	ND5	NADH dehydrogenase subunit 5	2432-3152:1,14643-15759:1
NC_040137.1	CDS	ND1	NADH dehydrogenase subunit 1	3474-4458:1
NC_040137.1	CDS	CYTB	cytochrome b	4565-5723:1
NC_040137.1	CDS	ND2	NADH dehydrogenase subunit 2	6257-7355:1
NC_040137.1	CDS	ND6	NADH dehydrogenase subunit 6	7387-7981:1
NC_040137.1	CDS	ATP6	ATP synthase F0 subunit 6	8051-8750:1
NC_040137.1	CDS	ND4	NADH dehydrogenase subunit 4	8929-10405:1
NC_040137.1	rRNA		12S ribosomal RNA	10433-11608:1
NC_040137.1	CDS	COX3	cytochrome c oxidase subunit III	12235-13024:1
NC_040137.1	CDS	COX2	cytochrome c oxidase subunit II	13079-13823:1
NC_040137.1	CDS	ND4L	NADH dehydrogenase subunit 4L	13858-14158:1
NC_040137.1	CDS	ND3	NADH dehydrogenase subunit 3	14189-14546:1
NC_040137.1	tRNA		tRNA-Trp	15788-15858:1
NC_040137.1	CDS	ATP8	ATP synthase F0 subunit 8	15890-16109:1
NC_040137.1	CDS	COX1	cytochrome c oxidase subunit I	16090-17692:1
NC_040169.1	tRNA		tRNA-Met	0-72:1
NC_040169.1	rRNA		16S ribosomal RNA	209-1905:1
NC_040169.1	CDS	ND5	NADH dehydrogenase subunit 5	1990-2701:1,12837-13941:1
NC_040169.1	CDS	ND1	NADH dehydrogenase subunit 1	2812-3760:1
NC_040169.1	CDS	CYTB	cytochrome b	3762-4902:1
NC_040169.1	CDS	ND2	NADH dehydrogenase subunit 2	5110-6214:1
NC_040169.1	CDS	ND6	NADH dehydrogenase subunit 6	6215-6776:1
NC_040169.1	CDS	ATP6	ATP synthase F0 subunit 6	6775-7453:1
NC_040169.1	CDS	ND4	NADH dehydrogenase subunit 4	7452-8892:1
NC_040169.1	rRNA		12S ribosomal RNA	9084-9996:1
NC_040169.1	CDS	COX3	cytochrome c oxidase subunit III	10126-10906:1
NC_040169.1	CDS	COX2	cytochrome c oxidase subunit II	11447-12155:1
NC_040169.1	CDS	ND4L	NADH dehydrogenase subunit 4L	12136-12436:1
NC_040169.1	CDS	ND3	NADH dehydrogenase subunit 3	12438-12780:1
NC_040169.1	tRNA		tRNA-Trp	13939-14010:1
NC_040169.1	CDS	ATP8	ATP synthase F0 subunit 8	14013-14211:1
NC_040169.1	CDS	COX1	cytochrome c oxidase subunit I	14919-15650:1,16727-17556:1
NC_040169.1	tRNA	COX1	tRNA-Ser	16311-16374:1
NC_042481.1	tRNA		tRNA-Met	0-72:1
NC_042481.1	rRNA		16S ribosomal RNA	255-1957:1
NC_042481.1	CDS	ND5	NADH dehydrogenase subunit 5	2040-2751:1,12149-13253:1
NC_042481.1	CDS	ND1	NADH dehydrogenase subunit 1	2859-3807:1
NC_042481.1	CDS	CYTB	cytochrome b	3815-4949:1
NC_042481.1	CDS	ND2	NADH dehydrogenase subunit 2	5157-6261:1
NC_042481.1	CDS	ND6	NADH dehydrogenase subunit 6	6262-6823:1
NC_042481.1	CDS	ATP6	ATP synthase F0 subunit 6	6822-7500:1
NC_042481.1	CDS	ND4	NADH dehydrogenase subunit 4	7499-8939:1
NC_042481.1	rRNA		12S ribosomal RNA	9075-9985:1
NC_042481.1	CDS	COX3	cytochrome c oxidase subunit III	9978-10758:1
NC_042481.1	CDS	COX2	cytochrome c oxidase subunit II	10760-11468:1
NC_042481.1	CDS	ND4L	NADH dehydrogenase subunit 4L	11449-11749:1
NC_042481.1	CDS	ND3	NADH dehydrogenase subunit 3	11751-12093:1
NC_042481.1	tRNA		tRNA-Trp	13251-13321:1
NC_042481.1	CDS	ATP8	ATP synthase F0 subunit 8	13324-13522:1
NC_042481.1	CDS	COX1	cytochrome c oxidase subunit I	13539-15087:1
NC_042742.1	tRNA		tRNA-Met	0-71:1
NC_042742.1	rRNA		16S ribosomal RNA	71-2331:1
NC_042742.1	CDS	ND5	NADH dehydrogenase subunit 5	2433-3153:1,15129-16245:1
NC_042742.1	CDS	ND1	NADH dehydrogenase subunit 1	3476-4460:1
NC_042742.1	CDS	CYTB	cytochrome b	4570-5728:1
NC_042742.1	CDS	ND2	NADH dehydrogenase subunit 2	6251-7349:1
NC_042742.1	CDS	ND6	NADH dehydrogenase subunit 6	7381-7975:1
NC_042742.1	CDS	ATP6	ATP synthase F0 subunit 6	8043-8742:1
NC_042742.1	CDS	ND4	NADH dehydrogenase subunit 4	8893-10369:1
NC_042742.1	rRNA		12S ribosomal RNA	10421-11597:1
NC_042742.1	CDS	COX3	cytochrome c oxidase subunit III	12724-13513:1
NC_042742.1	CDS	COX2	cytochrome c oxidase subunit II	13569-14313:1
NC_042742.1	CDS	ND4L	NADH dehydrogenase subunit 4L	14345-14645:1
NC_042742.1	CDS	ND3	NADH dehydrogenase subunit 3	14677-15034:1
NC_042742.1	tRNA		tRNA-Trp	16275-16345:1
NC_042742.1	CDS	ATP8	ATP synthase F0 subunit 8	16377-16596:1
NC_042742.1	CDS	COX1	cytochrome c oxidase subunit I	16577-18179:1
NC_042795.1	tRNA		tRNA-Met	0-72:1
NC_042795.1	rRNA		16S ribosomal RNA	300-1998:1
NC_042795.1	CDS	ND5	NADH dehydrogenase subunit 5	2048-2759:1,13002-14106:1
NC_042795.1	CDS	ND1	NADH dehydrogenase subunit 1	2869-3817:1
NC_042795.1	CDS	CYTB	cytochrome b	3819-4959:1
NC_042795.1	CDS	ND2	NADH dehydrogenase subunit 2	5176-6271:1
NC_042795.1	CDS	ND6	NADH dehydrogenase subunit 6	6272-6833:1
NC_042795.1	CDS	ATP6	ATP synthase F0 subunit 6	6832-7510:1
NC_042795.1	CDS	ND4	NADH dehydrogenase subunit 4	7509-8949:1
NC_042795.1	rRNA		12S ribosomal RNA	9055-9965:1
NC_042795.1	CDS	COX3	cytochrome c oxidase subunit III	10083-10863:1
NC_042795.1	CDS	COX2	cytochrome c oxidase subunit II	11576-12284:1
NC_042795.1	CDS	ND4L	NADH dehydrogenase subunit 4L	12302-12602:1
NC_042795.1	CDS	ND3	NADH dehydrogenase subunit 3	12604-12946:1
NC_042795.1	tRNA		tRNA-Trp	14104-14175:1
NC_042795.1	CDS	ATP8	ATP synthase F0 subunit 8	14178-14376:1
NC_042795.1	CDS	COX1	cytochrome c oxidase subunit I	15118-16660:1
NC_044074.1	tRNA		tRNA-Met	0-72:1
NC_044074.1	rRNA		16S ribosomal RNA	221-1920:1
NC_044074.1	CDS	ND5	NADH dehydrogenase subunit 5	1970-2681:1,12830-13934:1
NC_044074.1	CDS	ND1	NADH dehydrogenase subunit 1	2790-3738:1
NC_044074.1	CDS	CYTB	cytochrome b	3746-4880:1
NC_044074.1	CDS	ND2	NADH dehydrogenase subunit 2	5088-6192:1
NC_044074.1	CDS	ND6	NADH dehydrogenase subunit 6	6193-6754:1
NC_044074.1	CDS	ATP6	ATP synthase F0 subunit 6	6753-7431:1
NC_044074.1	CDS	ND4	NADH dehydrogenase subunit 4	7430-8870:1
NC_044074.1	rRNA		12S ribosomal RNA	9006-9916:1
NC_044074.1	CDS	COX3	cytochrome c oxidase subunit III	9976-10756:1
NC_044074.1	CDS	COX2	cytochrome c oxidase subunit II	11441-12149:1
NC_044074.1	CDS	ND4L	NADH dehydrogenase subunit 4L	12130-12430:1
NC_044074.1	CDS	ND3	NADH dehydrogenase subunit 3	12432-12774:1
NC_044074.1	tRNA		tRNA-Trp	13932-14002:1
NC_044074.1	CDS	ATP8	ATP synthase F0 subunit 8	14005-14203:1
NC_044074.1	CDS	COX1	cytochrome c oxidase subunit I	14220-15792:1
NC_044077.1	CDS	COX1	cytochrome c oxidase subunit I	124-1690:1
NC_044077.1	rRNA		small subunit ribosomal RNA	1727-2784:1
NC_044077.1	CDS	ND1	NADH dehydrogenase subunit 1	2835-3816:1
NC_044077.1	CDS	CYTB	cytochrome b	3827-4988:1
NC_044077.1	CDS	ND6	NADH dehydrogenase subunit 6	5006-5561:1
NC_044077.1	CDS	ND3	NADH dehydrogenase subunit 3	5625-5979:1
NC_044077.1	CDS	ND4L	NADH dehydrogenase subunit 4L	5982-6276:1
NC_044077.1	CDS	MutS	MutS-like protein	6289-9250:1
NC_044077.1	rRNA		large subunit ribosomal RNA	9404-11192:1
NC_044077.1	CDS	ND2	NADH dehydrogenase subunit 2	11229-12612:1
NC_044077.1	CDS	ND5	NADH dehydrogenase subunit 5	12599-14417:1
NC_044077.1	CDS	ND4	NADH dehydrogenase subunit 4	14448-15897:1
NC_044077.1	tRNA		tRNA-Met	16463-16534:-1
NC_044077.1	CDS	COX3	cytochrome c oxidase subunit III	16584-17370:-1
NC_044077.1	CDS	ATP6	ATP synthase F0 subunit 6	17427-18135:-1
NC_044077.1	CDS	ATP8	ATP synthase F0 subunit 8	18155-18371:-1
NC_044077.1	CDS	COX2	cytochrome c oxidase subunit II	18409-19171:-1
NC_044078.1	CDS	COX1	cytochrome c oxidase subunit I	100-1666:1
NC_044078.1	rRNA		small subunit ribosomal RNA	1703-2760:1
NC_044078.1	CDS	ND1	NADH dehydrogenase subunit 1	2811-3792:1
NC_044078.1	CDS	CYTB	cytochrome b	3803-4964:1
NC_044078.1	CDS	ND6	NADH dehydrogenase subunit 6	4982-5537:1
NC_044078.1	CDS	ND3	NADH dehydrogenase subunit 3	5601-5955:1
NC_044078.1	CDS	ND4L	NADH dehydrogenase subunit 4L	5958-6252:1
NC_044078.1	CDS	MutS	MutS-like protein	6265-9220:1
NC_044078.1	rRNA		large subunit ribosomal RNA	9374-11162:1
NC_044078.1	CDS	ND2	NADH dehydrogenase subunit 2	11199-12579:1
NC_044078.1	CDS	ND5	NADH dehydrogenase subunit 5	12566-14384:1
NC_044078.1	CDS	ND4	NADH dehydrogenase subunit 4	14415-15864:1
NC_044078.1	tRNA		tRNA-Met	16209-16280:-1
NC_044078.1	CDS	COX3	cytochrome c oxidase subunit III	16344-17130:-1
NC_044078.1	CDS	ATP6	ATP synthase F0 subunit 6	17175-17883:-1
NC_044078.1	CDS	ATP8	ATP synthase F0 subunit 8	17900-18116:-1
NC_044078.1	CDS	COX2	cytochrome c oxidase subunit II	18144-18906:-1
NC_044086.1	CDS	COX1	cytochrome c oxidase subunit I	61-1627:1
NC_044086.1	rRNA		small subunit ribosomal RNA	1664-2728:1
NC_044086.1	CDS	ND1	NADH dehydrogenase subunit 1	2781-3762:1
NC_044086.1	CDS	CYTB	cytochrome b	3773-4934:1
NC_044086.1	CDS	ND6	NADH dehydrogenase subunit 6	4952-5507:1
NC_044086.1	CDS	ND3	NADH dehydrogenase subunit 3	5570-5924:1
NC_044086.1	CDS	ND4L	NADH dehydrogenase subunit 4L	5927-6221:1
NC_044086.1	CDS	ND4	NADH dehydrogenase subunit 4	6343-7792:-1
NC_044086.1	CDS	ND5	NADH dehydrogenase subunit 5	7818-9636:-1
NC_044086.1	CDS	ND2	NADH dehydrogenase subunit 2	9623-10973:-1
NC_044086.1	rRNA		large subunit ribosomal RNA	11046-12845:-1
NC_044086.1	CDS	MutS	MutS-like protein	12999-15945:-1
NC_044086.1	tRNA		tRNA-Met	16132-16203:-1
NC_044086.1	CDS	COX3	cytochrome c oxidase subunit III	16258-17044:-1
NC_044086.1	CDS	ATP6	ATP synthase F0 subunit 6	17101-17809:-1
NC_044086.1	CDS	ATP8	ATP synthase F0 subunit 8	17833-18049:-1
NC_044086.1	CDS	COX2	cytochrome c oxidase subunit II	18091-18853:-1
NC_044087.1	CDS	COX1	cytochrome c oxidase subunit I	124-1690:1
NC_044087.1	rRNA		small subunit ribosomal RNA	1727-2784:1
NC_044087.1	CDS	ND1	NADH dehydrogenase subunit 1	2835-3909:1
NC_044087.1	CDS	CYTB	cytochrome b	3814-4975:1
NC_044087.1	CDS	ND6	NADH dehydrogenase subunit 6	4993-5548:1
NC_044087.1	CDS	ND3	NADH dehydrogenase subunit 3	5571-5925:1
NC_044087.1	CDS	ND4L	NADH dehydrogenase subunit 4L	5928-6222:1
NC_044087.1	CDS	MutS	MutS-like protein	6235-9229:1
NC_044087.1	rRNA		large subunit ribosomal RNA	9383-11171:1
NC_044087.1	CDS	ND2	NADH dehydrogenase subunit 2	11208-12591:1
NC_044087.1	CDS	ND5	NADH dehydrogenase subunit 5	12578-14396:1
NC_044087.1	CDS	ND4	NADH dehydrogenase subunit 4	14427-15876:1
NC_044087.1	tRNA		tRNA-Met	15993-16064:-1
NC_044087.1	CDS	COX3	cytochrome c oxidase subunit III	16128-16914:-1
NC_044087.1	CDS	ATP6	ATP synthase F0 subunit 6	16971-17679:-1
NC_044087.1	CDS	ATP8	ATP synthase F0 subunit 8	17699-17915:-1
NC_044087.1	CDS	COX2	cytochrome c oxidase subunit II	17953-18715:-1
NC_044088.1	CDS	COX1	cytochrome c oxidase subunit I	124-1690:1
NC_044088.1	rRNA		small subunit ribosomal RNA	1727-2784:1
NC_044088.1	CDS	ND1	NADH dehydrogenase subunit 1	2835-3816:1
NC_044088.1	CDS	CYTB	cytochrome b	3827-4997:1
NC_044088.1	CDS	ND6	NADH dehydrogenase subunit 6	5243-5798:1
NC_044088.1	CDS	ND3	NADH dehydrogenase subunit 3	5862-6216:1
NC_044088.1	CDS	ND4L	NADH dehydrogenase subunit 4L	6219-6513:1
NC_044088.1	CDS	MutS	MutS-like protein	6526-9493:1
NC_044088.1	rRNA		large subunit ribosomal RNA	9648-11436:1
NC_044088.1	CDS	ND2	NADH dehydrogenase subunit 2	11474-12857:1
NC_044088.1	CDS	ND5	NADH dehydrogenase subunit 5	12844-14662:1
NC_044088.1	CDS	ND4	NADH dehydrogenase subunit 4	14693-16142:1
NC_044088.1	tRNA		tRNA-Met	16265-16336:-1
NC_044088.1	CDS	COX3	cytochrome c oxidase subunit III	16386-17172:-1
NC_044088.1	CDS	ATP6	ATP synthase F0 subunit 6	17229-17937:-1
NC_044088.1	CDS	ATP8	ATP synthase F0 subunit 8	17957-18173:-1
NC_044088.1	CDS	COX2	cytochrome c oxidase subunit II	18211-18973:-1
NC_044089.1	CDS	COX1	cytochrome c oxidase subunit I	124-1690:1
NC_044089.1	rRNA		small subunit ribosomal RNA	1727-2784:1
NC_044089.1	CDS	ND1	NADH dehydrogenase subunit 1	2835-3816:1
NC_044089.1	CDS	CYTB	cytochrome b	3827-4988:1
NC_044089.1	CDS	ND6	NADH dehydrogenase subunit 6	5006-5561:1
NC_044089.1	CDS	ND3	NADH dehydrogenase subunit 3	5625-5979:1
NC_044089.1	CDS	ND4L	NADH dehydrogenase subunit 4L	5982-6276:1
NC_044089.1	CDS	MutS	MutS-like protein	6289-9259:1
NC_044089.1	rRNA		large subunit ribosomal RNA	9413-11179:1
NC_044089.1	CDS	ND2	NADH dehydrogenase subunit 2	11216-12599:1
NC_044089.1	CDS	ND5	NADH dehydrogenase subunit 5	12586-14404:1
NC_044089.1	CDS	ND4	NADH dehydrogenase subunit 4	14435-15884:1
NC_044089.1	tRNA		tRNA-Met	16007-16078:-1
NC_044089.1	CDS	COX3	cytochrome c oxidase subunit III	16142-16928:-1
NC_044089.1	CDS	ATP6	ATP synthase F0 subunit 6	16985-17693:-1
NC_044089.1	CDS	ATP8	ATP synthase F0 subunit 8	17713-17929:-1
NC_044089.1	CDS	COX2	cytochrome c oxidase subunit II	17967-18729:-1
NC_044091.1	CDS	COX1	cytochrome c oxidase subunit I	102-1668:1
NC_044091.1	rRNA		small subunit ribosomal RNA	1705-2761:1
NC_044091.1	CDS	ND1	NADH dehydrogenase subunit 1	2812-3793:1
NC_044091.1	CDS	CYTB	cytochrome b	3804-4965:1
NC_044091.1	CDS	ND6	NADH dehydrogenase subunit 6	4983-5538:1
NC_044091.1	CDS	ND3	NADH dehydrogenase subunit 3	5602-5956:1
NC_044091.1	CDS	ND4L	NADH dehydrogenase subunit 4L	5959-6253:1
NC_044091.1	CDS	MutS	MutS-like protein	6266-9257:1
NC_044091.1	rRNA		large subunit ribosomal RNA	9411-11210:1
NC_044091.1	CDS	ND2	NADH dehydrogenase subunit 2	11269-12646:1
NC_044091.1	CDS	ND5	NADH dehydrogenase subunit 5	12633-14448:1
NC_044091.1	CDS	ND4	NADH dehydrogenase subunit 4	14474-15923:1
NC_044091.1	tRNA		tRNA-Met	16041-16112:-1
NC_044091.1	CDS	COX3	cytochrome c oxidase subunit III	16176-16962:-1
NC_044091.1	CDS	ATP6	ATP synthase F0 subunit 6	17019-17727:-1
NC_044091.1	CDS	ATP8	ATP synthase F0 subunit 8	17750-17966:-1
NC_044091.1	CDS	COX2	cytochrome c oxidase subunit II	18008-18770:-1
NC_044122.1	CDS	COX1	cytochrome c oxidase subunit I	0-1582:1
NC_044122.1	rRNA		12S ribosomal RNA	1582-2633:1
NC_044122.1	CDS	ND1	NADH dehydrogenase subunit 1	2677-3649:1
NC_044122.1	CDS	CYTB	cytochrome b	3676-4843:1
NC_044122.1	CDS	ND6	NADH dehydrogenase subunit 6	4883-5441:1
NC_044122.1	CDS	ND3	NADH dehydrogenase subunit 3	5496-5850:1
NC_044122.1	CDS	ND4L	NADH dehydrogenase subunit 4L	5869-6163:1
NC_044122.1	CDS	mutS	mutS	6176-9149:1
NC_044122.1	rRNA		16S ribosomal RNA	9156-11124:1
NC_044122.1	CDS	ND2	NADH dehydrogenase subunit 2	11155-12529:1
NC_044122.1	CDS	ND5	NADH dehydrogenase subunit 5	12516-14334:1
NC_044122.1	CDS	ND4	NADH dehydrogenase subunit 4	14430-15879:1
NC_044122.1	tRNA		tRNA-Met	15937-16006:-1
NC_044122.1	CDS	COX3	cytochrome c oxidase subunit III	16046-16832:-1
NC_044122.1	CDS	ATP6	ATP synthase F0 subunit 6	16896-17604:-1
NC_044122.1	CDS	ATP8	ATP synthase F0 subunit 8	17628-17844:-1
NC_044122.1	CDS	COX2	cytochrome c oxidase subunit II	17866-18628:-1
NC_044902.1	CDS	ND5	NADH dehydrogenase subunit 5	0-717:1,2887-4003:1
NC_044902.1	CDS	ND1	NADH dehydrogenase subunit 1	862-1924:1
NC_044902.1	CDS	ND3	NADH dehydrogenase subunit 3	1930-2287:1
NC_044902.1	tRNA		tRNA-Trp	4251-4321:1
NC_044902.1	CDS	ND2	NADH dehydrogenase subunit 2	4373-5750:1
NC_044902.1	rRNA		small subunit ribosomal RNA	5799-6881:1
NC_044902.1	CDS	COX2	cytochrome c oxidase subunit II	6934-7675:1
NC_044902.1	CDS	ND4	NADH dehydrogenase subunit 4	9663-11130:1
NC_044902.1	CDS	ND6	NADH dehydrogenase subunit 6	11134-11743:1
NC_044902.1	CDS	CYTB	cytochrome b	11770-12922:1
NC_044902.1	tRNA		tRNA-Met	13327-13398:1
NC_044902.1	rRNA		large subunit ribosomal RNA	13398-15592:1
NC_044902.1	CDS	COX3	cytochrome c oxidase subunit III	15664-16453:1
NC_044902.1	CDS	COX1	cytochrome c oxidase subunit I	16687-17577:1,18431-19113:1
NC_044902.1	CDS	ND4L	NADH dehydrogenase subunit 4L	19409-19709:1
NC_044902.1	CDS	ATP8	ATP synthase F0 subunit 8	19733-19949:1
NC_044902.1	CDS	ATP6	ATP synthase F0 subunit 6	19982-20672:1
NC_045515.1	CDS	ND5	NADH dehydrogenase subunit 5	0-717:1,2374-3514:1
NC_045515.1	CDS	ND1	NADH dehydrogenase subunit 1	919-1924:1
NC_045515.1	CDS	ND3	NADH dehydrogenase subunit 3	1930-2287:1
NC_045515.1	tRNA	tRNA	tRNA-Trp	3574-3644:1
NC_045515.1	CDS	ND2	NADH dehydrogenase subunit 2	3968-5126:1
NC_045515.1	rRNA		12S ribosomal RNA	5175-6257:1
NC_045515.1	CDS	COX2	cytochrome c oxidase subunit II	6310-7051:1
NC_045515.1	CDS	ND4	NADH dehydrogenase subunit 4	7212-8691:1
NC_045515.1	CDS	ND6	NADH dehydrogenase subunit 6	8695-9289:1
NC_045515.1	CDS	CYTB	cytochrome b	9347-10514:1
NC_045515.1	tRNA	tRNA	tRNA-Met	10572-10643:1
NC_045515.1	rRNA		16S ribosomal RNA	10643-12830:1
NC_045515.1	CDS	COX3	cytochrome c oxidase subunit III	12901-13690:1
NC_045515.1	CDS	COX1	cytochrome c oxidase subunit I	13788-14703:1,15537-16233:1
NC_045515.1	CDS		heg	14834-15506:1
NC_045515.1	CDS	ND4L	NADH dehydrogenase subunit 4L	16273-16573:1
NC_045515.1	CDS	ATP8	ATP synthase F0 subunit 8	16597-16813:1
NC_045515.1	CDS	ATP6	ATP synthase F0 subunit 6	16843-17533:1
NC_045931.1	CDS	ND5	NADH dehydrogenase subunit 5	0-718:1,11892-13010:1
NC_045931.1	CDS	ND1	NADH dehydrogenase subunit 1	1051-2035:1
NC_045931.1	CDS	CYTB	cytochrome b	2152-3316:1
NC_045931.1	CDS	ND2	NADH dehydrogenase subunit 2	3900-4998:1
NC_045931.1	CDS	ND6	NADH dehydrogenase subunit 6	5013-5625:1
NC_045931.1	CDS	ATP6	ATP synthase F0 subunit 6	5707-6406:1
NC_045931.1	CDS	ND4	NADH dehydrogenase subunit 4	6667-8146:1
NC_045931.1	rRNA	rrnS	12S ribosomal RNA	8189-9297:1
NC_045931.1	CDS	COX3	cytochrome c oxidase subunit III	9503-10292:1
NC_045931.1	CDS	COX2	cytochrome c oxidase subunit II	10327-11071:1
NC_045931.1	CDS	ND4L	NADH dehydrogenase subunit 4L	11121-11421:1
NC_045931.1	CDS	ND3	NADH dehydrogenase subunit 3	11438-11795:1
NC_045931.1	tRNA	trnW(tca)	tRNA-Trp	13049-13119:1
NC_045931.1	CDS	ATP8	ATP synthase F0 subunit 8	13151-13367:1
NC_045931.1	CDS	COX1	cytochrome c oxidase subunit I	13490-14380:1,15350-16032:1
NC_045931.1	tRNA	trnM(cat)	tRNA-Met	16128-16199:1
NC_045931.1	rRNA	rrnL	16S ribosomal RNA	16200-18522:1
NC_046400.1	CDS	COX1	cytochrome c oxidase subunit I	0-888:1,2013-2730:1
NC_046400.1	CDS	ND4L	NADH dehydrogenase subunit 4L	2841-3141:1
NC_046400.1	CDS	ATP8	ATP synthase F0 subunit 8	3214-3433:1
NC_046400.1	CDS	ATP6	ATP synthase F0 subunit 6	3532-4231:1
NC_046400.1	rRNA		small subunit ribosomal RNA	4498-5683:1
NC_046400.1	CDS	ND2	NADH dehydrogenase subunit 2	6131-7313:1
NC_046400.1	tRNA		tRNA-Met	7511-7582:1
NC_046400.1	rRNA		large subunit ribosomal RNA	7622-10305:1
NC_046400.1	CDS	ND5	NADH dehydrogenase subunit 5	10597-11329:1,13516-14647:1
NC_046400.1	CDS	ND1	NADH dehydrogenase subunit 1	11626-12640:1
NC_046400.1	CDS	ND3	NADH dehydrogenase subunit 3	12886-13243:1
NC_046400.1	CDS	COX2	cytochrome c oxidase subunit II	14942-15695:1
NC_046400.1	CDS	ND4	NADH dehydrogenase subunit 4	16098-17574:1
NC_046400.1	CDS	ND6	NADH dehydrogenase subunit 6	17576-18227:1
NC_046400.1	CDS	CYTB	cytochrome b	18386-19574:1
NC_046400.1	CDS	COX3	cytochrome c oxidase subunit III	19826-20615:1
NC_046401.1	CDS	COX1	cytochrome c oxidase subunit I	0-1566:1
NC_046401.1	CDS	ND4L	NADH dehydrogenase subunit 4L	1981-2281:1
NC_046401.1	CDS	ATP8	ATP synthase F0 subunit 8	2756-2984:1
NC_046401.1	CDS	ATP6	ATP synthase F0 subunit 6	3110-3806:1
NC_046401.1	rRNA		small subunit ribosomal RNA	4215-5490:1
NC_046401.1	CDS	ND2	NADH dehydrogenase subunit 2	5928-7098:1
NC_046401.1	tRNA		tRNA-Met	7373-7444:1
NC_046401.1	rRNA		large subunit ribosomal RNA	7495-10530:1
NC_046401.1	CDS	ND5	NADH dehydrogenase subunit 5	11012-11732:1,14049-15183:1
NC_046401.1	CDS	ND1	NADH dehydrogenase subunit 1	12226-13204:1
NC_046401.1	CDS	ND3	NADH dehydrogenase subunit 3	13301-13658:1
NC_046401.1	CDS	COX2	cytochrome c oxidase subunit II	15246-16014:1
NC_046401.1	CDS	ND4	NADH dehydrogenase subunit 4	16224-17724:1
NC_046401.1	CDS	ND6	NADH dehydrogenase subunit 6	17897-18530:1
NC_046401.1	CDS	CYTB	cytochrome b	18790-19936:1
NC_046401.1	CDS	COX3	cytochrome c oxidase subunit III	20429-21218:1
NC_046402.1	CDS	COX1	cytochrome c oxidase subunit I	0-1581:1
NC_046402.1	CDS	ND4L	NADH dehydrogenase subunit 4L	1629-1929:1
NC_046402.1	CDS	ATP8	ATP synthase F0 subunit 8	1982-2201:1
NC_046402.1	CDS	ATP6	ATP synthase F0 subunit 6	2290-2986:1
NC_046402.1	rRNA		small subunit ribosomal RNA	3131-4420:1
NC_046402.1	CDS	ND2	NADH dehydrogenase subunit 2	4728-5901:1
NC_046402.1	tRNA		tRNA-Met	5926-5997:1
NC_046402.1	rRNA		large subunit ribosomal RNA	6042-8656:1
NC_046402.1	CDS	ND5	NADH dehydrogenase subunit 5	9000-9720:1,11767-12901:1
NC_046402.1	CDS	ND1	NADH dehydrogenase subunit 1	10128-11106:1
NC_046402.1	CDS	ND3	NADH dehydrogenase subunit 3	11160-11517:1
NC_046402.1	CDS	COX2	cytochrome c oxidase subunit II	13207-13954:1
NC_046402.1	CDS	ND4	NADH dehydrogenase subunit 4	14013-15513:1
NC_046402.1	CDS	ND6	NADH dehydrogenase subunit 6	15625-16255:1
NC_046402.1	CDS	CYTB	cytochrome b	16386-17547:1
NC_046402.1	CDS	COX3	cytochrome c oxidase subunit III	17636-18425:1
NC_046403.1	CDS	COX1	cytochrome c oxidase subunit I	0-888:1,2207-2924:1
NC_046403.1	CDS	ND4L	NADH dehydrogenase subunit 4L	3064-3364:1
NC_046403.1	CDS	ATP8	ATP synthase F0 subunit 8	3409-3628:1
NC_046403.1	CDS	ATP6	ATP synthase F0 subunit 6	3843-4542:1
NC_046403.1	rRNA		small subunit ribosomal RNA	4780-5976:1
NC_046403.1	CDS	ND2	NADH dehydrogenase subunit 2	6424-7582:1
NC_046403.1	tRNA		tRNA-Met	7797-7868:1
NC_046403.1	rRNA		large subunit ribosomal RNA	7907-10579:1
NC_046403.1	CDS	ND5	NADH dehydrogenase subunit 5	10745-11477:1,13602-14733:1
NC_046403.1	CDS	ND1	NADH dehydrogenase subunit 1	11772-12786:1
NC_046403.1	CDS	ND3	NADH dehydrogenase subunit 3	12982-13339:1
NC_046403.1	CDS	COX2	cytochrome c oxidase subunit II	15369-16122:1
NC_046403.1	CDS	ND4	NADH dehydrogenase subunit 4	16544-18020:1
NC_046403.1	CDS	ND6	NADH dehydrogenase subunit 6	18022-18673:1
NC_046403.1	CDS	CYTB	cytochrome b	18762-19914:1
NC_046403.1	CDS	COX3	cytochrome c oxidase subunit III	20238-21027:1
NC_046404.1	CDS	COX1	cytochrome c oxidase subunit I	0-888:1,2195-2912:1
NC_046404.1	CDS	ND4L	NADH dehydrogenase subunit 4L	3049-3349:1
NC_046404.1	CDS	ATP8	ATP synthase F0 subunit 8	3394-3613:1
NC_046404.1	CDS	ATP6	ATP synthase F0 subunit 6	3866-4565:1
NC_046404.1	rRNA		small subunit ribosomal RNA	4788-5985:1
NC_046404.1	CDS	ND2	NADH dehydrogenase subunit 2	6457-7615:1
NC_046404.1	tRNA		tRNA-Met	7830-7901:1
NC_046404.1	rRNA		large subunit ribosomal RNA	7949-10644:1
NC_046404.1	CDS	ND5	NADH dehydrogenase subunit 5	10858-11590:1,13800-14931:1
NC_046404.1	CDS	ND1	NADH dehydrogenase subunit 1	11885-12899:1
NC_046404.1	CDS	ND3	NADH dehydrogenase subunit 3	13180-13537:1
NC_046404.1	CDS	COX2	cytochrome c oxidase subunit II	15511-16264:1
NC_046404.1	CDS	ND4	NADH dehydrogenase subunit 4	16686-18162:1
NC_046404.1	CDS	ND6	NADH dehydrogenase subunit 6	18164-18815:1
NC_046404.1	CDS	CYTB	cytochrome b	18921-20109:1
NC_046404.1	CDS	COX3	cytochrome c oxidase subunit III	20373-21162:1
NC_046405.1	CDS	COX1	cytochrome c oxidase subunit I	0-888:1,2263-2980:1
NC_046405.1	CDS	ND4L	NADH dehydrogenase subunit 4L	3032-3332:1
NC_046405.1	CDS	ATP8	ATP synthase F0 subunit 8	3418-3637:1
NC_046405.1	CDS	ATP6	ATP synthase F0 subunit 6	3828-4527:1
NC_046405.1	rRNA		small subunit ribosomal RNA	4659-5856:1
NC_046405.1	CDS	ND2	NADH dehydrogenase subunit 2	6291-7437:1
NC_046405.1	tRNA		tRNA-Met	7600-7671:1
NC_046405.1	rRNA		large subunit ribosomal RNA	7717-10461:1
NC_046405.1	CDS	ND5	NADH dehydrogenase subunit 5	10750-11467:1,13830-14961:1
NC_046405.1	CDS	ND1	NADH dehydrogenase subunit 1	12071-13061:1
NC_046405.1	CDS	ND3	NADH dehydrogenase subunit 3	13255-13612:1
NC_046405.1	CDS	COX2	cytochrome c oxidase subunit II	15133-15886:1
NC_046405.1	CDS	ND4	NADH dehydrogenase subunit 4	16151-17627:1
NC_046405.1	CDS	ND6	NADH dehydrogenase subunit 6	17769-18420:1
NC_046405.1	CDS	CYTB	cytochrome b	18603-19797:1
NC_046405.1	CDS	COX3	cytochrome c oxidase subunit III	20194-20983:1
NC_046406.1	CDS	COX1	cytochrome c oxidase subunit I	0-888:1,2206-2923:1
NC_046406.1	CDS	ND4L	NADH dehydrogenase subunit 4L	3063-3363:1
NC_046406.1	CDS	ATP8	ATP synthase F0 subunit 8	3408-3627:1
NC_046406.1	CDS	ATP6	ATP synthase F0 subunit 6	3842-4541:1
NC_046406.1	rRNA		small subunit ribosomal RNA	4778-5974:1
NC_046406.1	CDS	ND2	NADH dehydrogenase subunit 2	6422-7580:1
NC_046406.1	tRNA		tRNA-Met	7795-7866:1
NC_046406.1	rRNA		large subunit ribosomal RNA	7905-10543:1
NC_046406.1	CDS	ND5	NADH dehydrogenase subunit 5	10690-11422:1,13739-14870:1
NC_046406.1	CDS	ND1	NADH dehydrogenase subunit 1	11755-12769:1
NC_046406.1	CDS	ND3	NADH dehydrogenase subunit 3	13034-13391:1
NC_046406.1	CDS	COX2	cytochrome c oxidase subunit II	15490-16243:1
NC_046406.1	CDS	ND4	NADH dehydrogenase subunit 4	16638-18114:1
NC_046406.1	CDS	ND6	NADH dehydrogenase subunit 6	18116-18767:1
NC_046406.1	CDS	CYTB	cytochrome b	18856-20044:1
NC_046406.1	CDS	COX3	cytochrome c oxidase subunit III	20333-21122:1
NC_046465.1	CDS	COX1	cytochrome c oxidase subunit I	0-1597:1
NC_046465.1	rRNA		12S ribosomal RNA	1597-2709:1
NC_046465.1	CDS	ND1	NADH dehydrogenase subunit 1	2709-3690:1
NC_046465.1	CDS	CYTB	cytochrome b	3814-4975:1
NC_046465.1	CDS	ND6	NADH dehydrogenase subunit 6	4995-5559:1
NC_046465.1	CDS	ND3	NADH dehydrogenase subunit 3	5602-5956:1
NC_046465.1	CDS	ND4L	NADH dehydrogenase subunit 4L	5984-6278:1
NC_046465.1	CDS	mutS	DNA mismatch repair protein MutS	6306-9258:1
NC_046465.1	rRNA		16S ribosomal RNA	9258-11504:1
NC_046465.1	CDS	ND2	NADH dehydrogenase subunit 2	11504-12644:1
NC_046465.1	CDS	ND5	NADH dehydrogenase subunit 5	12631-14449:1
NC_046465.1	CDS	ND4	NADH dehydrogenase subunit 4	14492-15941:1
NC_046465.1	tRNA		tRNA-Met	16239-16310:-1
NC_046465.1	CDS	COX3	cytochrome c oxidase subunit III	16339-17125:-1
NC_046465.1	CDS	ATP6	ATP synthase F0 subunit 6	17166-17874:-1
NC_046465.1	CDS	ATP8	ATP synthase F0 subunit 8	17894-18110:-1
NC_046465.1	CDS	COX2	cytochrome c oxidase subunit II	18131-18893:-1
NC_046474.1	CDS	COX1	cytochrome c oxidase subunit I	0-888:1,2574-3291:1
NC_046474.1	CDS	ND4L	NADH dehydrogenase subunit 4L	3337-3637:1
NC_046474.1	CDS	ATP8	ATP synthase F0 subunit 8	3679-3898:1
NC_046474.1	CDS	ATP6	ATP synthase F0 subunit 6	3969-4668:1
NC_046474.1	rRNA		small subunit ribosomal RNA	4848-6073:1
NC_046474.1	CDS	ND2	NADH dehydrogenase subunit 2	6543-7737:1
NC_046474.1	tRNA		tRNA-Met	7807-7878:1
NC_046474.1	rRNA		large subunit ribosomal RNA	7905-10561:1
NC_046474.1	CDS	ND5	NADH dehydrogenase subunit 5	10689-11421:1,13640-14771:1
NC_046474.1	CDS	ND1	NADH dehydrogenase subunit 1	11959-12949:1
NC_046474.1	CDS	ND3	NADH dehydrogenase subunit 3	13038-13395:1
NC_046474.1	CDS	COX2	cytochrome c oxidase subunit II	15022-15772:1
NC_046474.1	CDS	ND4	NADH dehydrogenase subunit 4	15825-17301:1
NC_046474.1	CDS	ND6	NADH dehydrogenase subunit 6	17427-18057:1
NC_046474.1	CDS	CYTB	cytochrome b	18259-19420:1
NC_046474.1	CDS	COX3	cytochrome c oxidase subunit III	19511-20300:1
NC_046475.1	CDS	COX1	cytochrome c oxidase subunit I	0-888:1,2294-3011:1
NC_046475.1	CDS	ND4L	NADH dehydrogenase subunit 4L	3073-3373:1
NC_046475.1	CDS	ATP8	ATP synthase F0 subunit 8	3493-3712:1
NC_046475.1	CDS	ATP6	ATP synthase F0 subunit 6	3885-4584:1
NC_046475.1	rRNA		small subunit ribosomal RNA	4716-5922:1
NC_046475.1	CDS	ND2	NADH dehydrogenase subunit 2	6363-7509:1
NC_046475.1	tRNA		tRNA-Met	7672-7743:1
NC_046475.1	rRNA		large subunit ribosomal RNA	7769-10474:1
NC_046475.1	CDS	ND5	NADH dehydrogenase subunit 5	10829-11546:1,13968-15099:1
NC_046475.1	CDS	ND1	NADH dehydrogenase subunit 1	12135-13125:1
NC_046475.1	CDS	ND3	NADH dehydrogenase subunit 3	13319-13676:1
NC_046475.1	CDS	COX2	cytochrome c oxidase subunit II	15271-16024:1
NC_046475.1	CDS	ND4	NADH dehydrogenase subunit 4	16359-17835:1
NC_046475.1	CDS	ND6	NADH dehydrogenase subunit 6	17987-18638:1
NC_046475.1	CDS	CYTB	cytochrome b	18928-20122:1
NC_046475.1	CDS	COX3	cytochrome c oxidase subunit III	20545-21334:1
NC_046476.1	CDS	COX1	cytochrome c oxidase subunit I	0-888:1,2168-2885:1
NC_046476.1	CDS	ND4L	NADH dehydrogenase subunit 4L	3013-3313:1
NC_046476.1	CDS	ATP8	ATP synthase F0 subunit 8	3390-3609:1
NC_046476.1	CDS	ATP6	ATP synthase F0 subunit 6	3807-4506:1
NC_046476.1	rRNA		small subunit ribosomal RNA	4734-5926:1
NC_046476.1	CDS	ND2	NADH dehydrogenase subunit 2	6339-7500:1
NC_046476.1	tRNA		tRNA-Met	7605-7676:1
NC_046476.1	rRNA		large subunit ribosomal RNA	7715-10162:1
NC_046476.1	CDS	ND5	NADH dehydrogenase subunit 5	10585-11317:1,13535-14666:1
NC_046476.1	CDS	ND1	NADH dehydrogenase subunit 1	11632-12646:1
NC_046476.1	CDS	ND3	NADH dehydrogenase subunit 3	12833-13190:1
NC_046476.1	CDS	COX2	cytochrome c oxidase subunit II	15560-16313:1
NC_046476.1	CDS	ND4	NADH dehydrogenase subunit 4	16673-18149:1
NC_046476.1	CDS	ND6	NADH dehydrogenase subunit 6	18151-18802:1
NC_046476.1	CDS	CYTB	cytochrome b	18892-20080:1
NC_046476.1	CDS	COX3	cytochrome c oxidase subunit III	20336-21125:1
NC_046480.1	CDS	cox1	cytochrome c oxidase subunit I	0-1597:1
NC_046480.1	rRNA		12S ribosomal RNA	1597-2709:1
NC_046480.1	CDS	nad1	NADH dehydrogenase subunit 1	2709-3690:1
NC_046480.1	CDS	cob	cytochrome b	3814-4975:1
NC_046480.1	CDS	nad6	NADH dehydrogenase subunit 6	4995-5559:1
NC_046480.1	CDS	nad3	NADH dehydrogenase subunit 3	5602-5956:1
NC_046480.1	CDS	nad4l	NADH dehydrogenase subunit 4L	5984-6278:1
NC_046480.1	CDS	mutS	MutS-like protein	6306-9258:1
NC_046480.1	rRNA		16S ribosomal RNA	9258-11504:1
NC_046480.1	CDS	nad2	NADH dehydrogenase subunit 2	11504-12644:1
NC_046480.1	CDS	nad5	NADH dehydrogenase subunit 5	12631-14449:1
NC_046480.1	CDS	nad4	NADH dehydrogenase subunit 4	14492-15941:1
NC_046480.1	tRNA		tRNA-Met	16239-16310:-1
NC_046480.1	CDS	cox3	cytochrome c oxidase subunit III	16338-17124:-1
NC_046480.1	CDS	atp6	ATP synthase F0 subunit 6	17165-17873:-1
NC_046480.1	CDS	atp8	ATP synthase F0 subunit 8	17893-18109:-1
NC_046480.1	CDS	cox2	cytochrome c oxidase subunit II	18130-18892:-1
NC_046690.1	tRNA	trnM	tRNA-Met	0-72:1
NC_046690.1	rRNA	rrnL	16S ribosomal RNA	298-1995:1
NC_046690.1	CDS	ND5	NADH dehydrogenase subunit 5	2045-2756:1,12998-14102:1
NC_046690.1	CDS	ND1	NADH dehydrogenase subunit 1	2865-3813:1
NC_046690.1	CDS	CYTB	cytochrome b	3821-4955:1
NC_046690.1	CDS	ND2	NADH dehydrogenase subunit 2	5163-6267:1
NC_046690.1	CDS	ND6	NADH dehydrogenase subunit 6	6268-6829:1
NC_046690.1	CDS	ATP6	ATP synthase F0 subunit 6	6828-7506:1
NC_046690.1	CDS	ND4	NADH dehydrogenase subunit 4	7505-8945:1
NC_046690.1	rRNA	rrnS	12S ribosomal RNA	9081-9991:1
NC_046690.1	CDS	COX3	cytochrome c oxidase subunit III	10144-10924:1
NC_046690.1	CDS	COX2	cytochrome c oxidase subunit II	11608-12316:1
NC_046690.1	CDS	ND4L	NADH dehydrogenase subunit 4L	12297-12597:1
NC_046690.1	CDS	ND3	NADH dehydrogenase subunit 3	12599-12941:1
NC_046690.1	tRNA	trnW	tRNA-Trp	14100-14170:1
NC_046690.1	CDS	ATP8	ATP synthase F0 subunit 8	14173-14371:1
NC_046690.1	CDS	COX1	cytochrome c oxidase subunit I	14388-15930:1
NC_046843.1	CDS	COX1	cytochrome c oxidase subunit I	0-894:1,1796-2483:1
NC_046843.1	CDS	ND4L	NADH dehydrogenase subunit 4L	2566-2866:1
NC_046843.1	CDS	COX2	cytochrome c oxidase subunit II	2896-3646:1
NC_046843.1	CDS	ND4	NADH dehydrogenase subunit 4	3656-5132:1
NC_046843.1	CDS	ND6	NADH dehydrogenase subunit 6	5155-5779:1
NC_046843.1	CDS	ATP8	ATP synthase F0 subunit 8	5783-5996:1
NC_046843.1	CDS	ATP6	ATP synthase F0 subunit 6	6005-6704:1
NC_046843.1	CDS	ND5	NADH dehydrogenase subunit 5	6729-7449:1,9148-10279:1
NC_046843.1	CDS	ND1	NADH dehydrogenase subunit 1	7702-8686:1
NC_046843.1	CDS	ND3	NADH dehydrogenase subunit 3	8694-9051:1
NC_046843.1	tRNA		tRNA-Trp	10312-10382:1
NC_046843.1	CDS	ND2	NADH dehydrogenase subunit 2	10771-11887:1
NC_046843.1	rRNA		12S ribosomal RNA	12007-13155:1
NC_046843.1	CDS	CYTB	cytochrome b	13221-14358:1
NC_046843.1	tRNA		tRNA-Met	14417-14488:1
NC_046843.1	rRNA		16S ribosomal RNA	14536-16792:1
NC_046843.1	CDS	COX3	cytochrome c oxidase subunit III	16893-17682:1
NC_048963.1	CDS	COX1	cytochrome c oxidase subunit I	0-1582:1
NC_048963.1	rRNA		12S ribosomal RNA	1582-2674:1
NC_048963.1	CDS	ND1	NADH dehydrogenase subunit 1	2678-3650:1
NC_048963.1	CDS	CYTB	cytochrome b	3677-4844:1
NC_048963.1	CDS	ND6	NADH dehydrogenase subunit 6	4884-5442:1
NC_048963.1	CDS	ND3	NADH dehydrogenase subunit 3	5497-5851:1
NC_048963.1	CDS	ND4L	NADH dehydrogenase subunit 4L	5870-6164:1
NC_048963.1	CDS	mutS	DNA mismatch repair protein MutS	6177-9156:1
NC_048963.1	rRNA		16S ribosomal RNA	9165-11079:1
NC_048963.1	CDS	ND2	NADH dehydrogenase subunit 2	11142-12516:1
NC_048963.1	CDS	ND5	NADH dehydrogenase subunit 5	12503-14321:1
NC_048963.1	CDS	ND4	NADH dehydrogenase subunit 4	14394-15843:1
NC_048963.1	tRNA		tRNA-Met	15906-15977:-1
NC_048963.1	CDS	COX3	cytochrome c oxidase subunit III	16016-16802:-1
NC_048963.1	CDS	ATP6	ATP synthase F0 subunit 6	16866-17574:-1
NC_048963.1	CDS	ATP8	ATP synthase F0 subunit 8	17598-17814:-1
NC_048963.1	CDS	COX2	cytochrome c oxidase subunit II	17836-18598:-1
NC_056275.1	CDS	ND5	NADH dehydrogenase subunit 5	0-672:1,10636-11698:1
NC_056275.1	CDS	ND1	NADH dehydrogenase subunit 1	824-1799:1
NC_056275.1	CDS	CYTB	cytochrome b	1801-2947:1
NC_056275.1	CDS	ND2	NADH dehydrogenase subunit 2	3161-4280:1
NC_056275.1	CDS	ND6	NADH dehydrogenase subunit 6	4281-4881:1
NC_056275.1	CDS	ATP6	ATP synthase F0 subunit 6	4946-5576:1
NC_056275.1	CDS	ND4	NADH dehydrogenase subunit 4	5623-7048:1
NC_056275.1	tRNA		tRNA-Met	7210-7281:1
NC_056275.1	rRNA		small subunit ribosomal RNA	7280-8264:1
NC_056275.1	CDS	COX3	cytochrome c oxidase subunit III	8263-9043:1
NC_056275.1	CDS	COX2	cytochrome c oxidase subunit II	9057-9843:1
NC_056275.1	CDS	ND4L	NADH dehydrogenase subunit 4L	9832-10132:1
NC_056275.1	CDS	ND3	NADH dehydrogenase subunit 3	10132-10489:1
NC_056275.1	tRNA		tRNA-Tyr	11707-11767:1
NC_056275.1	CDS	ATP8	ATP synthase F0 subunit 8	11781-11991:1
NC_056275.1	CDS	COX1	cytochrome c oxidase subunit I	11996-13562:1
NC_056275.1	rRNA		large subunit ribosomal RNA	15749-17440:1
NC_056290.1	CDS	ND5	NADH dehydrogenase subunit 5	0-720:1,11845-12961:1
NC_056290.1	CDS	ND1	NADH dehydrogenase subunit 1	1002-1983:1
NC_056290.1	CDS	CYTB	cytochrome b	2054-3251:1
NC_056290.1	CDS	ND2	NADH dehydrogenase subunit 2	3623-4721:1
NC_056290.1	CDS	ND6	NADH dehydrogenase subunit 6	4788-5403:1
NC_056290.1	CDS	ATP6	ATP synthase F0 subunit 6	5426-6125:1
NC_056290.1	CDS	ND4	NADH dehydrogenase subunit 4	6203-7655:1
NC_056290.1	rRNA		12S ribosomal RNA	7653-9217:1
NC_056290.1	CDS	COX3	cytochrome c oxidase subunit III	9343-10132:1
NC_056290.1	CDS	COX2	cytochrome c oxidase subunit II	10173-10911:1
NC_056290.1	CDS	ND4L	NADH dehydrogenase subunit 4L	11073-11373:1
NC_056290.1	CDS	ND3	NADH dehydrogenase subunit 3	11390-11747:1
NC_056290.1	tRNA		tRNA-Trp	13065-13135:1
NC_056290.1	CDS	ATP8	ATP synthase F0 subunit 8	13171-13435:1
NC_056290.1	CDS	COX1	cytochrome c oxidase subunit I	13416-14310:1,15451-16141:1
NC_056290.1	tRNA		tRNA-Met	16859-16943:1
NC_056290.1	rRNA		16S ribosomal RNA	16945-19345:1
NC_056771.1	CDS	ND5	NADH dehydrogenase subunit 5	0-717:1,2447-3902:1
NC_056771.1	CDS	ND1	NADH dehydrogenase subunit 1	939-1923:1
NC_056771.1	CDS	ND3	NADH dehydrogenase subunit 3	1929-2286:1
NC_056771.1	tRNA	trnW	tRNA-Trp	4025-4095:1
NC_056771.1	CDS	ND2	NADH dehydrogenase subunit 2	4389-5547:1
NC_056771.1	rRNA	ssurRNA	small subunit ribosomal RNA	5596-6661:1
NC_056771.1	CDS	COX2	cytochrome c oxidase subunit II	7274-8021:1
NC_056771.1	CDS	ND4	NADH dehydrogenase subunit 4	8829-10299:1
NC_056771.1	CDS	ND6	NADH dehydrogenase subunit 6	10303-10912:1
NC_056771.1	CDS	CYTB	cytochrome b	10939-12130:1
NC_056771.1	tRNA	trnM	tRNA-Met	12204-12275:1
NC_056771.1	rRNA	lsurRNA	large subunit ribosomal RNA	12275-14453:1
NC_056771.1	CDS	COX3	cytochrome c oxidase subunit III	14521-15310:1
NC_056771.1	CDS	COX1	cytochrome c oxidase subunit I	15386-16279:1,17126-17859:1
NC_056771.1	CDS	heg	homing endonuclease	16430-17126:1
NC_056771.1	CDS	ND4L	NADH dehydrogenase subunit 4L	18515-18815:1
NC_056771.1	CDS	ATP8	ATP synthase F0 subunit 8	18838-19054:1
NC_056771.1	CDS	ATP6	ATP synthase F0 subunit 6	19084-19774:1
NC_056883.1	tRNA		tRNA-Met	0-71:1
NC_056883.1	rRNA		16S ribosomal RNA	107-2360:1
NC_056883.1	CDS	ND5	NADH dehydrogenase subunit 5	2790-3510:1,14825-15941:1
NC_056883.1	CDS	ND1	NADH dehydrogenase subunit 1	3842-4826:1
NC_056883.1	CDS	CYTB	cytochrome b	4953-6117:1
NC_056883.1	CDS	ND2	NADH dehydrogenase subunit 2	6755-7853:1
NC_056883.1	CDS	ND6	NADH dehydrogenase subunit 6	7886-8480:1
NC_056883.1	CDS	ATP6	ATP synthase F0 subunit 6	8562-9261:1
NC_056883.1	CDS	ND4	NADH dehydrogenase subunit 4	9562-11038:1
NC_056883.1	rRNA		12S ribosomal RNA	11151-12216:1
NC_056883.1	CDS	COX3	cytochrome c oxidase subunit III	12429-13218:1
NC_056883.1	CDS	COX2	cytochrome c oxidase subunit II	13255-13999:1
NC_056883.1	CDS	ND4L	NADH dehydrogenase subunit 4L	14052-14352:1
NC_056883.1	CDS	ND3	NADH dehydrogenase subunit 3	14369-14726:1
NC_056883.1	tRNA		tRNA-Trp	15980-16050:1
NC_056883.1	CDS	ATP8	ATP synthase F0 subunit 8	16083-16299:1
NC_056883.1	CDS	COX1	cytochrome c oxidase subunit I	16422-17316:1,18280-18964:1
NC_056884.1	tRNA		tRNA-Met	0-71:1
NC_056884.1	rRNA		16S ribosomal RNA	107-2360:1
NC_056884.1	CDS	ND5	NADH dehydrogenase subunit 5	2790-3510:1,14833-15949:1
NC_056884.1	CDS	ND1	NADH dehydrogenase subunit 1	3842-4826:1
NC_056884.1	CDS	CYTB	cytochrome b	4953-6117:1
NC_056884.1	CDS	ND2	NADH dehydrogenase subunit 2	6755-7853:1
NC_056884.1	CDS	ND6	NADH dehydrogenase subunit 6	7886-8480:1
NC_056884.1	CDS	ATP6	ATP synthase F0 subunit 6	8562-9261:1
NC_056884.1	CDS	ND4	NADH dehydrogenase subunit 4	9562-11038:1
NC_056884.1	rRNA		12S ribosomal RNA	11151-12216:1
NC_056884.1	CDS	COX3	cytochrome c oxidase subunit III	12435-13224:1
NC_056884.1	CDS	COX2	cytochrome c oxidase subunit II	13261-14005:1
NC_056884.1	CDS	ND4L	NADH dehydrogenase subunit 4L	14058-14358:1
NC_056884.1	CDS	ND3	NADH dehydrogenase subunit 3	14377-14734:1
NC_056884.1	tRNA		tRNA-Trp	15988-16058:1
NC_056884.1	CDS	ATP8	ATP synthase F0 subunit 8	16091-16307:1
NC_056884.1	CDS	COX1	cytochrome c oxidase subunit I	16430-17324:1,18288-18972:1
NC_057590.1	CDS	COX1	cytochrome c oxidase subunit I	0-1582:1
NC_057590.1	rRNA	rrnS	12S ribosomal RNA	1588-2634:1
NC_057590.1	CDS	ND1	NADH dehydrogenase subunit 1	2677-3649:1
NC_057590.1	CDS	CYTB	cytochrome b	3682-4843:1
NC_057590.1	CDS	ND6	NADH dehydrogenase subunit 6	4873-5431:1
NC_057590.1	CDS	ND3	NADH dehydrogenase subunit 3	5475-5829:1
NC_057590.1	CDS	ND4L	NADH dehydrogenase subunit 4L	5848-6142:1
NC_057590.1	CDS	mutS	MutS-like protein	6155-9137:1
NC_057590.1	rRNA	rrnL	16S ribosomal RNA	9146-11358:1
NC_057590.1	CDS	ND2	NADH dehydrogenase subunit 2	11362-12520:1
NC_057590.1	CDS	ND5	NADH dehydrogenase subunit 5	12507-14325:1
NC_057590.1	CDS	ND4	NADH dehydrogenase subunit 4	14421-15870:1
NC_057590.1	tRNA	trnM	tRNA-Met	15926-15997:-1
NC_057590.1	CDS	COX3	cytochrome c oxidase subunit III	16036-16822:-1
NC_057590.1	CDS	ATP6	ATP synthase F0 subunit 6	16886-17594:-1
NC_057590.1	CDS	ATP8	ATP synthase F0 subunit 8	17618-17834:-1
NC_057590.1	CDS	COX2	cytochrome c oxidase subunit II	17856-18618:-1
NC_059855.1	rRNA	rrnL	16S ribosomal RNA	0-2180:1
NC_059855.1	CDS	ND2	NADH dehydrogenase subunit 2	2180-3338:1
NC_059855.1	CDS	ND5	NADH dehydrogenase subunit 5	3325-5143:1
NC_059855.1	CDS	ND4	NADH dehydrogenase subunit 4	5173-6622:1
NC_059855.1	tRNA	trnM	tRNA-Met	6741-6812:1
NC_059855.1	CDS	COX3	cytochrome c oxidase subunit III	6876-7662:-1
NC_059855.1	CDS	ATP6	ATP synthase F0 subunit 6	7719-8427:-1
NC_059855.1	CDS	ATP8	ATP synthase F0 subunit 8	8460-8676:-1
NC_059855.1	CDS	COX2	cytochrome c oxidase subunit II	8717-9479:-1
NC_059855.1	CDS	COX1	cytochrome c oxidase subunit I	9623-11192:1
NC_059855.1	rRNA	rrnS	12S ribosomal RNA	11397-12325:1
NC_059855.1	CDS	ND1	NADH dehydrogenase subunit 1	12349-13330:1
NC_059855.1	CDS	CYTB	cytochrome b	13343-14504:1
NC_059855.1	CDS	ND6	NADH dehydrogenase subunit 6	14522-15077:1
NC_059855.1	CDS	ND3	NADH dehydrogenase subunit 3	15141-15495:1
NC_059855.1	CDS	ND4L	NADH dehydrogenase subunit 4L	15498-15792:1
NC_059855.1	CDS	msh1	MutS-like protein	15805-18805:1
NC_059856.1	rRNA	rrnL	16S ribosomal RNA	0-2154:1
NC_059856.1	CDS	ND2	NADH dehydrogenase subunit 2	2158-3310:1
NC_059856.1	CDS	ND5	NADH dehydrogenase subunit 5	3297-5115:1
NC_059856.1	CDS	ND4	NADH dehydrogenase subunit 4	5629-7078:1
NC_059856.1	tRNA	trnM	tRNA-Met	7134-7205:1
NC_059856.1	CDS	COX3	cytochrome c oxidase subunit III	7244-8030:-1
NC_059856.1	CDS	ATP6	ATP synthase F0 subunit 6	8094-8802:-1
NC_059856.1	CDS	ATP8	ATP synthase F0 subunit 8	8825-9041:-1
NC_059856.1	CDS	COX2	cytochrome c oxidase subunit II	9063-9825:-1
NC_059856.1	CDS	COX1	cytochrome c oxidase subunit I	9937-11641:1
NC_059856.1	rRNA	rrnS	12S ribosomal RNA	11685-12611:1
NC_059856.1	CDS	ND1	NADH dehydrogenase subunit 1	12613-13585:1
NC_059856.1	CDS	CYTB	cytochrome b	13636-14773:1
NC_059856.1	CDS	ND6	NADH dehydrogenase subunit 6	15197-15755:1
NC_059856.1	CDS	ND3	NADH dehydrogenase subunit 3	15798-16152:1
NC_059856.1	CDS	ND4L	NADH dehydrogenase subunit 4L	16171-16465:1
NC_059856.1	CDS	msh1	MutS-like protein	16478-19436:1
NC_060606.1	CDS	ND5	NADH dehydrogenase subunit 5	0-719:1,12002-13119:1
NC_060606.1	CDS	ND1	NADH dehydrogenase subunit 1	1052-2036:1
NC_060606.1	CDS	CYTB	cytochrome b	2163-3327:1
NC_060606.1	CDS	ND2	NADH dehydrogenase subunit 2	3965-5063:1
NC_060606.1	CDS	ND6	NADH dehydrogenase subunit 6	5096-5690:1
NC_060606.1	CDS	ATP6	ATP synthase F0 subunit 6	5772-6471:1
NC_060606.1	CDS	ND4	NADH dehydrogenase subunit 4	6757-8233:1
NC_060606.1	rRNA		12S ribosomal RNA	8323-9391:1
NC_060606.1	CDS	COX3	cytochrome c oxidase subunit III	9607-10396:1
NC_060606.1	CDS	COX2	cytochrome c oxidase subunit II	10433-11177:1
NC_060606.1	CDS	ND4L	NADH dehydrogenase subunit 4L	11229-11529:1
NC_060606.1	CDS	ND3	NADH dehydrogenase subunit 3	11547-11904:1
NC_060606.1	tRNA		tRNA-Trp	13159-13229:1
NC_060606.1	CDS		ATP synthase F0 subunit 8	13261-13477:1
NC_060606.1	CDS	COX1	cytochrome c oxidase subunit I	13601-14494:1,15458-16143:1
NC_060606.1	tRNA		tRNA-Met	16264-16336:1
NC_060606.1	rRNA		16S ribosomal RNA	16371-18624:1
NC_060802.1	tRNA		tRNA-Met	0-72:1
NC_060802.1	rRNA		16S ribosomal RNA	110-2155:1
NC_060802.1	CDS	ND5	NADH dehydrogenase subunit 5	2155-2866:1,13384-14488:1
NC_060802.1	CDS	ND1	NADH dehydrogenase subunit 1	2974-3922:1
NC_060802.1	CDS	CYTB	cytochrome b	3924-5064:1
NC_060802.1	CDS	ND2	NADH dehydrogenase subunit 2	5089-6376:1
NC_060802.1	CDS	ND6	NADH dehydrogenase subunit 6	6377-6938:1
NC_060802.1	CDS	ATP6	ATP synthase F0 subunit 6	6937-7615:1
NC_060802.1	CDS	ND4	NADH dehydrogenase subunit 4	7614-9054:1
NC_060802.1	rRNA		12S ribosomal RNA	9185-10086:1
NC_060802.1	CDS	COX3	cytochrome c oxidase subunit III	10245-11025:1
NC_060802.1	CDS	COX2	cytochrome c oxidase subunit II	11995-12703:1
NC_060802.1	CDS	ND4L	NADH dehydrogenase subunit 4L	12684-12984:1
NC_060802.1	CDS	ND3	NADH dehydrogenase subunit 3	12986-13328:1
NC_060802.1	tRNA		tRNA-Trp	14486-14556:1
NC_060802.1	CDS	ATP8	ATP synthase F0 subunit 8	14559-14757:1
NC_060802.1	CDS	COX1	cytochrome c oxidase subunit I	14756-15485:1,16561-17386:1
NC_061273.1	rRNA	rnl	large subunit ribosomal RNA	0-2214:1
NC_061273.1	CDS	ND2	NADH dehydrogenase subunit 2	2003-3350:1
NC_061273.1	CDS	ND5	NADH dehydrogenase subunit 5	3337-5155:1
NC_061273.1	CDS	ND4	NADH dehydrogenase subunit 4	5252-6701:1
NC_061273.1	tRNA	trnM(cau)	tRNA-Met	6760-6831:-1
NC_061273.1	CDS	COX3	cytochrome c oxidase subunit III	6867-7653:-1
NC_061273.1	CDS	ATP6	ATP synthase F0 subunit 6	7717-8425:-1
NC_061273.1	CDS	ATP8	ATP synthase F0 subunit 8	8448-8664:-1
NC_061273.1	CDS	COX2	cytochrome c oxidase subunit II	8685-9447:-1
NC_061273.1	CDS	COX1	cytochrome c oxidase subunit I	9558-11268:1
NC_061273.1	rRNA	rns	small subunit ribosomal RNA	11148-12186:1
NC_061273.1	CDS	ND1	NADH dehydrogenase subunit 1	12233-13205:1
NC_061273.1	CDS	CYTB	cytochrome b	13283-14426:1
NC_061273.1	CDS	ND6	NADH dehydrogenase subunit 6	14466-15024:1
NC_061273.1	CDS	ND3	NADH dehydrogenase subunit 3	15067-15421:1
NC_061273.1	CDS	ND4L	NADH dehydrogenase subunit 4L	15440-15734:1
NC_061273.1	CDS	mutS	MutS-like protein	15747-18717:1
NC_061274.1	rRNA	rnl	large subunit ribosomal RNA	0-2201:1
NC_061274.1	CDS	ND2	NADH dehydrogenase subunit 2	1990-3325:1
NC_061274.1	CDS	ND5	NADH dehydrogenase subunit 5	3312-5130:1
NC_061274.1	CDS	ND4	NADH dehydrogenase subunit 4	5712-7161:1
NC_061274.1	tRNA	trnM(cau)	tRNA-Met	7217-7288:-1
NC_061274.1	CDS	COX3	cytochrome c oxidase subunit III	7325-8111:-1
NC_061274.1	CDS	ATP6	ATP synthase F0 subunit 6	8173-8881:-1
NC_061274.1	CDS	ATP8	ATP synthase F0 subunit 8	8904-9120:-1
NC_061274.1	CDS	COX2	cytochrome c oxidase subunit II	9141-9903:-1
NC_061274.1	CDS	COX1	cytochrome c oxidase subunit I	10009-11710:1
NC_061274.1	rRNA	rns	small subunit ribosomal RNA	11599-12627:1
NC_061274.1	CDS	ND1	NADH dehydrogenase subunit 1	12675-13644:1
NC_061274.1	CDS	CYTB	cytochrome b	13719-14862:1
NC_061274.1	CDS	ND6	NADH dehydrogenase subunit 6	14889-15447:1
NC_061274.1	CDS	ND3	NADH dehydrogenase subunit 3	15502-15856:1
NC_061274.1	CDS	ND4L	NADH dehydrogenase subunit 4L	15874-16168:1
NC_061274.1	CDS	mutS	MutS-like protein	16181-19124:1
NC_061275.1	rRNA	rnl	large subunit ribosomal RNA	26-2239:1
NC_061275.1	CDS	ND2	NADH dehydrogenase subunit 2	2028-3375:1
NC_061275.1	CDS	ND5	NADH dehydrogenase subunit 5	3362-5180:1
NC_061275.1	CDS	ND4	NADH dehydrogenase subunit 4	5271-6720:1
NC_061275.1	tRNA	trnM(cau)	tRNA-Met	6778-6849:-1
NC_061275.1	CDS	COX3	cytochrome c oxidase subunit III	6872-7658:-1
NC_061275.1	CDS	CYTB	cytochrome b	7754-8918:-1
NC_061275.1	CDS	ND1	NADH dehydrogenase subunit 1	8978-9950:-1
NC_061275.1	rRNA	rns	small subunit ribosomal RNA	9954-10879:-1
NC_061275.1	CDS	COX1	cytochrome c oxidase subunit I	10917-12624:-1
NC_061275.1	CDS	COX2	cytochrome c oxidase subunit II	12732-13494:1
NC_061275.1	CDS	ATP8	ATP synthase F0 subunit 8	13515-13731:1
NC_061275.1	CDS	ATP6	ATP synthase F0 subunit 6	13755-14463:1
NC_061275.1	CDS	ND6	NADH dehydrogenase subunit 6	14669-15248:1
NC_061275.1	CDS	ND3	NADH dehydrogenase subunit 3	15269-15623:1
NC_061275.1	CDS	ND4L	NADH dehydrogenase subunit 4L	15643-15937:1
NC_061275.1	CDS	mutS	MutS-like protein	15950-18869:1
NC_061276.1	rRNA	rnl	large subunit ribosomal RNA	9-2220:1
NC_061276.1	CDS	ND2	NADH dehydrogenase subunit 2	2009-3356:1
NC_061276.1	CDS	ND5	NADH dehydrogenase subunit 5	3343-5161:1
NC_061276.1	CDS	ND4	NADH dehydrogenase subunit 4	5260-6709:1
NC_061276.1	tRNA	trnM(cau)	tRNA-Met	6766-6837:-1
NC_061276.1	CDS	COX3	cytochrome c oxidase subunit III	6876-7662:-1
NC_061276.1	CDS	ATP6	ATP synthase F0 subunit 6	7726-8434:-1
NC_061276.1	CDS	ATP8	ATP synthase F0 subunit 8	8458-8710:-1
NC_061276.1	CDS	COX2	cytochrome c oxidase subunit II	8696-9458:-1
NC_061276.1	CDS	COX1	cytochrome c oxidase subunit I	9570-11280:1
NC_061276.1	rRNA	rns	small subunit ribosomal RNA	11318-12244:1
NC_061276.1	CDS	ND1	NADH dehydrogenase subunit 1	12248-13220:1
NC_061276.1	CDS	CYTB	cytochrome b	13301-14444:1
NC_061276.1	CDS	ND6	NADH dehydrogenase subunit 6	14484-15042:1
NC_061276.1	CDS	ND3	NADH dehydrogenase subunit 3	15085-15439:1
NC_061276.1	CDS	ND4L	NADH dehydrogenase subunit 4L	15458-15752:1
NC_061276.1	CDS	mutS	MutS-like protein	15765-18723:1
NC_061277.1	rRNA	rnl	large subunit ribosomal RNA	9-2003:1
NC_061277.1	CDS	ND2	NADH dehydrogenase subunit 2	2033-3359:1
NC_061277.1	CDS	ND5	NADH dehydrogenase subunit 5	3346-5149:1
NC_061277.1	CDS	ND4	NADH dehydrogenase subunit 4	5275-6724:1
NC_061277.1	tRNA	trnM(cau)	tRNA-Met	6842-6913:-1
NC_061277.1	CDS	COX3	cytochrome c oxidase subunit III	6953-7739:-1
NC_061277.1	CDS	ATP6	ATP synthase F0 subunit 6	8385-9093:-1
NC_061277.1	CDS	ATP8	ATP synthase F0 subunit 8	9125-9341:-1
NC_061277.1	CDS	COX2	cytochrome c oxidase subunit II	9365-10121:-1
NC_061277.1	CDS	COX1	cytochrome c oxidase subunit I	10164-11727:1
NC_061277.1	rRNA	rns	small subunit ribosomal RNA	11761-12797:1
NC_061277.1	CDS	ND1	NADH dehydrogenase subunit 1	12868-13834:1
NC_061277.1	CDS	CYTB	cytochrome b	13884-15051:1
NC_061277.1	CDS	ND6	NADH dehydrogenase subunit 6	15132-15705:1
NC_061277.1	CDS	ND3	NADH dehydrogenase subunit 3	15740-16094:1
NC_061277.1	CDS	ND4L	NADH dehydrogenase subunit 4L	16130-16424:1
NC_061277.1	CDS	mutS	MutS-like protein	16436-19424:1
NC_061278.1	rRNA	rnl	large subunit ribosomal RNA	9-2210:1
NC_061278.1	CDS	ND2	NADH dehydrogenase subunit 2	2011-3358:1
NC_061278.1	CDS	ND5	NADH dehydrogenase subunit 5	3345-5163:1
NC_061278.1	CDS	ND4	NADH dehydrogenase subunit 4	5258-6707:1
NC_061278.1	tRNA	trnM(cau)	tRNA-Met	6764-6835:-1
NC_061278.1	CDS	COX3	cytochrome c oxidase subunit III	6874-7660:-1
NC_061278.1	CDS	ATP6	ATP synthase F0 subunit 6	7724-8432:-1
NC_061278.1	CDS	ATP8	ATP synthase F0 subunit 8	8456-8708:-1
NC_061278.1	CDS	COX2	cytochrome c oxidase subunit II	8694-9456:-1
NC_061278.1	CDS	COX1	cytochrome c oxidase subunit I	9568-11278:1
NC_061278.1	rRNA	rns	small subunit ribosomal RNA	11316-12240:1
NC_061278.1	CDS	ND1	NADH dehydrogenase subunit 1	12245-13217:1
NC_061278.1	CDS	CYTB	cytochrome b	13281-14442:1
NC_061278.1	CDS	ND6	NADH dehydrogenase subunit 6	14482-15040:1
NC_061278.1	CDS	ND3	NADH dehydrogenase subunit 3	15095-15449:1
NC_061278.1	CDS	ND4L	NADH dehydrogenase subunit 4L	15468-15762:1
NC_061278.1	CDS	mutS	MutS-like protein	15775-18733:1
NC_061279.1	rRNA	rnl	large subunit ribosomal RNA	9-2222:1
NC_061279.1	CDS	ND2	NADH dehydrogenase subunit 2	2011-3358:1
NC_061279.1	CDS	ND5	NADH dehydrogenase subunit 5	3345-5163:1
NC_061279.1	CDS	ND4	NADH dehydrogenase subunit 4	5257-6706:1
NC_061279.1	tRNA	trnM(cau)	tRNA-Met	6763-6834:-1
NC_061279.1	CDS	COX3	cytochrome c oxidase subunit III	6873-7659:-1
NC_061279.1	CDS	ATP6	ATP synthase F0 subunit 6	7723-8431:-1
NC_061279.1	CDS	ATP8	ATP synthase F0 subunit 8	8455-8707:-1
NC_061279.1	CDS	COX2	cytochrome c oxidase subunit II	8693-9455:-1
NC_061279.1	CDS	COX1	cytochrome c oxidase subunit I	9567-11271:1
NC_061279.1	rRNA	rns	small subunit ribosomal RNA	11314-12238:1
NC_061279.1	CDS	ND1	NADH dehydrogenase subunit 1	12242-13214:1
NC_061279.1	CDS	CYTB	cytochrome b	13296-14439:1
NC_061279.1	CDS	ND6	NADH dehydrogenase subunit 6	14479-15037:1
NC_061279.1	CDS	ND3	NADH dehydrogenase subunit 3	15092-15446:1
NC_061279.1	CDS	ND4L	NADH dehydrogenase subunit 4L	15465-15759:1
NC_061279.1	CDS	mutS	MutS-like protein	15772-18730:1
NC_061280.1	rRNA	rnl	large subunit ribosomal RNA	9-2220:1
NC_061280.1	CDS	ND2	NADH dehydrogenase subunit 2	2009-3356:1
NC_061280.1	CDS	ND5	NADH dehydrogenase subunit 5	3343-5161:1
NC_061280.1	CDS	ND4	NADH dehydrogenase subunit 4	5227-6676:1
NC_061280.1	tRNA	trnM(cau)	tRNA-Met	6733-6804:-1
NC_061280.1	CDS	COX3	cytochrome c oxidase subunit III	6843-7629:-1
NC_061280.1	CDS	ATP6	ATP synthase F0 subunit 6	7677-8385:-1
NC_061280.1	CDS	ATP8	ATP synthase F0 subunit 8	8409-8661:-1
NC_061280.1	CDS	COX2	cytochrome c oxidase subunit II	8647-9409:-1
NC_061280.1	CDS	COX1	cytochrome c oxidase subunit I	9521-11174:1
NC_061280.1	rRNA	rns	small subunit ribosomal RNA	11268-12194:1
NC_061280.1	CDS	ND1	NADH dehydrogenase subunit 1	12198-13170:1
NC_061280.1	CDS	CYTB	cytochrome b	13247-14390:1
NC_061280.1	CDS	ND6	NADH dehydrogenase subunit 6	14430-14988:1
NC_061280.1	CDS	ND3	NADH dehydrogenase subunit 3	15043-15397:1
NC_061280.1	CDS	ND4L	NADH dehydrogenase subunit 4L	15416-15710:1
NC_061280.1	CDS	mutS	MutS-like protein	15723-18681:1
NC_061281.1	rRNA	rnl	large subunit ribosomal RNA	9-1942:1
NC_061281.1	CDS	ND2	NADH dehydrogenase subunit 2	1968-3315:1
NC_061281.1	CDS	ND5	NADH dehydrogenase subunit 5	3302-5120:1
NC_061281.1	CDS	ND4	NADH dehydrogenase subunit 4	5142-6591:1
NC_061281.1	tRNA	trnM(cau)	tRNA-Met	6642-6713:-1
NC_061281.1	CDS	COX3	cytochrome c oxidase subunit III	6752-7538:-1
NC_061281.1	CDS	ATP6	ATP synthase F0 subunit 6	7602-8310:-1
NC_061281.1	CDS	ATP8	ATP synthase F0 subunit 8	8334-8586:-1
NC_061281.1	CDS	COX2	cytochrome c oxidase subunit II	8572-9334:-1
NC_061281.1	CDS	COX1	cytochrome c oxidase subunit I	9446-11156:1
NC_061281.1	rRNA	rns	small subunit ribosomal RNA	11036-12062:1
NC_061281.1	CDS	ND1	NADH dehydrogenase subunit 1	12112-13084:1
NC_061281.1	CDS	CYTB	cytochrome b	13135-14278:1
NC_061281.1	CDS	ND6	NADH dehydrogenase subunit 6	14294-14852:1
NC_061281.1	CDS	ND3	NADH dehydrogenase subunit 3	14895-15249:1
NC_061281.1	CDS	ND4L	NADH dehydrogenase subunit 4L	15252-15546:1
NC_061281.1	CDS	mutS	MutS-like protein	15559-18508:1
NC_061282.1	rRNA	rnl	large subunit ribosomal RNA	9-2246:1
NC_061282.1	CDS	ND2	NADH dehydrogenase subunit 2	2035-3382:1
NC_061282.1	CDS	ND5	NADH dehydrogenase subunit 5	3369-5187:1
NC_061282.1	CDS	ND4	NADH dehydrogenase subunit 4	5284-6733:1
NC_061282.1	tRNA	trnM(cau)	tRNA-Met	6790-6861:-1
NC_061282.1	CDS	COX3	cytochrome c oxidase subunit III	6900-7686:-1
NC_061282.1	CDS	ATP6	ATP synthase F0 subunit 6	7750-8458:-1
NC_061282.1	CDS	ATP8	ATP synthase F0 subunit 8	8482-8734:-1
NC_061282.1	CDS	COX2	cytochrome c oxidase subunit II	8720-9482:-1
NC_061282.1	CDS	COX1	cytochrome c oxidase subunit I	9594-11304:1
NC_061282.1	rRNA	rns	small subunit ribosomal RNA	11342-12267:1
NC_061282.1	CDS	ND1	NADH dehydrogenase subunit 1	12271-13243:1
NC_061282.1	CDS	CYTB	cytochrome b	13294-14437:1
NC_061282.1	CDS	ND6	NADH dehydrogenase subunit 6	14477-15035:1
NC_061282.1	CDS	ND3	NADH dehydrogenase subunit 3	15090-15444:1
NC_061282.1	CDS	ND4L	NADH dehydrogenase subunit 4L	15463-15757:1
NC_061282.1	CDS	mutS	MutS-like protein	15770-18743:1
NC_061283.1	rRNA	rnl	large subunit ribosomal RNA	9-2221:1
NC_061283.1	CDS	ND2	NADH dehydrogenase subunit 2	2010-3357:1
NC_061283.1	CDS	ND5	NADH dehydrogenase subunit 5	3344-5162:1
NC_061283.1	CDS	ND4	NADH dehydrogenase subunit 4	5257-6706:1
NC_061283.1	tRNA	trnM(cau)	tRNA-Met	6758-6829:-1
NC_061283.1	CDS	COX3	cytochrome c oxidase subunit III	7625-8411:-1
NC_061283.1	CDS	ATP6	ATP synthase F0 subunit 6	8463-9171:-1
NC_061283.1	CDS	ATP8	ATP synthase F0 subunit 8	9195-9411:-1
NC_061283.1	CDS	COX2	cytochrome c oxidase subunit II	9432-10194:-1
NC_061283.1	CDS	COX1	cytochrome c oxidase subunit I	10306-11962:1
NC_061283.1	rRNA	rns	small subunit ribosomal RNA	12054-12979:1
NC_061283.1	CDS	ND1	NADH dehydrogenase subunit 1	12983-13955:1
NC_061283.1	CDS	CYTB	cytochrome b	14024-15167:1
NC_061283.1	CDS	ND6	NADH dehydrogenase subunit 6	15195-15753:1
NC_061283.1	CDS	ND3	NADH dehydrogenase subunit 3	15796-16150:1
NC_061283.1	CDS	ND4L	NADH dehydrogenase subunit 4L	16169-16463:1
NC_061283.1	CDS	mutS	MutS-like protein	16476-19434:1
NC_061284.1	rRNA	rnl	large subunit ribosomal RNA	108-2024:1
NC_061284.1	CDS	ND2	NADH dehydrogenase subunit 2	2062-3409:1
NC_061284.1	CDS	ND5	NADH dehydrogenase subunit 5	3396-5214:1
NC_061284.1	CDS	ND4	NADH dehydrogenase subunit 4	5299-6748:1
NC_061284.1	tRNA	trnM(cau)	tRNA-Met	6798-6869:-1
NC_061284.1	CDS	ND1	NADH dehydrogenase subunit 1	7058-8027:-1
NC_061284.1	rRNA	rns	small subunit ribosomal RNA	8075-9104:-1
NC_061284.1	CDS	COX1	cytochrome c oxidase subunit I	9078-10704:-1
NC_061284.1	CDS	COX2	cytochrome c oxidase subunit II	10812-11574:1
NC_061284.1	CDS	ATP8	ATP synthase F0 subunit 8	11596-11812:1
NC_061284.1	CDS	ATP6	ATP synthase F0 subunit 6	11836-12544:1
NC_061284.1	CDS	COX3	cytochrome c oxidase subunit III	12627-13413:1
NC_061284.1	CDS	CYTB	cytochrome b	13516-14659:1
NC_061284.1	CDS	ND6	NADH dehydrogenase subunit 6	14693-15251:1
NC_061284.1	CDS	ND3	NADH dehydrogenase subunit 3	15299-15653:1
NC_061284.1	CDS	ND4L	NADH dehydrogenase subunit 4L	15672-15966:1
NC_061284.1	CDS	mutS	MutS-like protein	15979-18940:1
NC_061988.1	rRNA	rnl	large subunit ribosomal RNA	9-2226:1
NC_061988.1	CDS	ND2	NADH dehydrogenase subunit 2	2015-3362:1
NC_061988.1	CDS	ND5	NADH dehydrogenase subunit 5	3349-5167:1
NC_061988.1	CDS	ND4	NADH dehydrogenase subunit 4	5225-6674:1
NC_061988.1	tRNA	trnM(cau)	tRNA-Met	6739-6810:-1
NC_061988.1	CDS	COX3	cytochrome c oxidase subunit III	6849-7635:-1
NC_061988.1	CDS	ATP6	ATP synthase F0 subunit 6	7699-8407:-1
NC_061988.1	CDS	ATP8	ATP synthase F0 subunit 8	8431-8647:-1
NC_061988.1	CDS	COX2	cytochrome c oxidase subunit II	8669-9431:-1
NC_061988.1	CDS	COX1	cytochrome c oxidase subunit I	9547-11257:1
NC_061988.1	rRNA	rns	small subunit ribosomal RNA	11137-12174:1
NC_061988.1	CDS	ND1	NADH dehydrogenase subunit 1	12224-13196:1
NC_061988.1	CDS	CYTB	cytochrome b	13229-15353:1
NC_061988.1	CDS	ND6	NADH dehydrogenase subunit 6	15370-15928:1
NC_061988.1	CDS	ND3	NADH dehydrogenase subunit 3	15983-16337:1
NC_061988.1	CDS	ND4L	NADH dehydrogenase subunit 4L	16356-16650:1
NC_061988.1	CDS	mutS	MutS-like protein	16663-19648:1
NC_061989.1	rRNA	rnl	large subunit ribosomal RNA	9-2198:1
NC_061989.1	CDS	ND2	NADH dehydrogenase subunit 2	1987-3334:1
NC_061989.1	CDS	ND5	NADH dehydrogenase subunit 5	3321-5139:1
NC_061989.1	CDS	ND4	NADH dehydrogenase subunit 4	5286-6735:1
NC_061989.1	tRNA	trnM(cau)	tRNA-Met	6791-6862:-1
NC_061989.1	CDS	COX3	cytochrome c oxidase subunit III	6901-7687:-1
NC_061989.1	CDS	ATP6	ATP synthase F0 subunit 6	7751-8459:-1
NC_061989.1	CDS	ATP8	ATP synthase F0 subunit 8	8483-8699:-1
NC_061989.1	CDS	COX2	cytochrome c oxidase subunit II	8721-9483:-1
NC_061989.1	CDS	COX1	cytochrome c oxidase subunit I	9595-11302:1
NC_061989.1	rRNA	rns	small subunit ribosomal RNA	11345-12270:1
NC_061989.1	CDS	ND1	NADH dehydrogenase subunit 1	12274-13246:1
NC_061989.1	CDS	CYTB	cytochrome b	13307-14450:1
NC_061989.1	CDS	ND6	NADH dehydrogenase subunit 6	14489-15047:1
NC_061989.1	CDS	ND3	NADH dehydrogenase subunit 3	15088-15442:1
NC_061989.1	CDS	ND4L	NADH dehydrogenase subunit 4L	15461-15755:1
NC_061989.1	CDS	mutS	MutS-like protein	15768-18714:1
NC_061990.1	rRNA	rnl	large subunit ribosomal RNA	9-2220:1
NC_061990.1	CDS	ND2	NADH dehydrogenase subunit 2	2009-3356:1
NC_061990.1	CDS	ND5	NADH dehydrogenase subunit 5	3343-5161:1
NC_061990.1	CDS	ND4	NADH dehydrogenase subunit 4	5255-6704:1
NC_061990.1	tRNA	trnM(cau)	tRNA-Met	6761-6832:-1
NC_061990.1	CDS	COX3	cytochrome c oxidase subunit III	6871-7657:-1
NC_061990.1	CDS	ATP6	ATP synthase F0 subunit 6	7721-8429:-1
NC_061990.1	CDS	ATP8	ATP synthase F0 subunit 8	8475-8691:-1
NC_061990.1	CDS	COX2	cytochrome c oxidase subunit II	8713-9475:-1
NC_061990.1	CDS	COX1	cytochrome c oxidase subunit I	9587-11297:1
NC_061990.1	rRNA	rns	small subunit ribosomal RNA	11335-12257:1
NC_061990.1	CDS	ND1	NADH dehydrogenase subunit 1	12265-13237:1
NC_061990.1	CDS	CYTB	cytochrome b	13318-14455:1
NC_061990.1	CDS	ND6	NADH dehydrogenase subunit 6	14774-15332:1
NC_061990.1	CDS	ND3	NADH dehydrogenase subunit 3	15375-15729:1
NC_061990.1	CDS	ND4L	NADH dehydrogenase subunit 4L	15748-16042:1
NC_061990.1	CDS	mutS	MutS-like protein	16055-19010:1
NC_061991.1	rRNA	rnl	large subunit ribosomal RNA	0-1903:1
NC_061991.1	CDS	ND2	NADH dehydrogenase subunit 2	1944-3270:1
NC_061991.1	CDS	ND5	NADH dehydrogenase subunit 5	3257-5072:1
NC_061991.1	CDS	ND4	NADH dehydrogenase subunit 4	5079-6528:1
NC_061991.1	tRNA	trnM(cau)	tRNA-Met	6609-6680:-1
NC_061991.1	CDS	ND1	NADH dehydrogenase subunit 1	6798-7764:-1
NC_061991.1	rRNA	rns	small subunit ribosomal RNA	7810-8842:-1
NC_061991.1	CDS	COX1	cytochrome c oxidase subunit I	8722-10432:-1
NC_061991.1	CDS	COX2	cytochrome c oxidase subunit II	10528-11281:1
NC_061991.1	CDS	ATP8	ATP synthase F0 subunit 8	11312-11528:1
NC_061991.1	CDS	ATP6	ATP synthase F0 subunit 6	11553-12261:1
NC_061991.1	CDS	COX3	cytochrome c oxidase subunit III	12336-13122:1
NC_061991.1	CDS	CYTB	cytochrome b	13178-14351:1
NC_061991.1	CDS	ND6	NADH dehydrogenase subunit 6	15284-15821:1
NC_061991.1	CDS	ND3	NADH dehydrogenase subunit 3	15839-16193:1
NC_061991.1	CDS	ND4L	NADH dehydrogenase subunit 4L	16214-16508:1
NC_061991.1	CDS	mutS	MutS-like protein	16530-19506:1
NC_061992.1	rRNA	rnl	large subunit ribosomal RNA	0-1959:1
NC_061992.1	CDS	ND2	NADH dehydrogenase subunit 2	1988-3344:1
NC_061992.1	CDS	ND5	NADH dehydrogenase subunit 5	3331-5149:1
NC_061992.1	CDS	ND4	NADH dehydrogenase subunit 4	5180-6629:1
NC_061992.1	tRNA	trnM(cau)	tRNA-Met	6751-6822:-1
NC_061992.1	CDS	COX3	cytochrome c oxidase subunit III	6886-7672:-1
NC_061992.1	CDS	ATP6	ATP synthase F0 subunit 6	7729-8437:-1
NC_061992.1	CDS	ATP8	ATP synthase F0 subunit 8	8457-8673:-1
NC_061992.1	CDS	COX2	cytochrome c oxidase subunit II	8711-9473:-1
NC_061992.1	CDS	COX1	cytochrome c oxidase subunit I	9596-11162:1
NC_061992.1	rRNA	rns	small subunit ribosomal RNA	11201-12249:1
NC_061992.1	CDS	ND1	NADH dehydrogenase subunit 1	12307-13288:1
NC_061992.1	CDS	CYTB	cytochrome b	13317-14460:1
NC_061992.1	CDS	ND6	NADH dehydrogenase subunit 6	14478-15033:1
NC_061992.1	CDS	ND3	NADH dehydrogenase subunit 3	15097-15451:1
NC_061992.1	CDS	ND4L	NADH dehydrogenase subunit 4L	15454-15748:1
NC_061992.1	CDS	mutS	MutS-like protein	15761-18737:1
NC_061993.1	rRNA	rnl	large subunit ribosomal RNA	9-2228:1
NC_061993.1	CDS	ND2	NADH dehydrogenase subunit 2	2017-3364:1
NC_061993.1	CDS	ND5	NADH dehydrogenase subunit 5	3351-5169:1
NC_061993.1	CDS	ND4	NADH dehydrogenase subunit 4	5266-6715:1
NC_061993.1	tRNA	trnM(cau)	tRNA-Met	6774-6845:-1
NC_061993.1	CDS	COX3	cytochrome c oxidase subunit III	6883-7669:-1
NC_061993.1	CDS	ATP6	ATP synthase F0 subunit 6	7733-8441:-1
NC_061993.1	CDS	ATP8	ATP synthase F0 subunit 8	8464-8680:-1
NC_061993.1	CDS	COX2	cytochrome c oxidase subunit II	8702-9464:-1
NC_061993.1	CDS	COX1	cytochrome c oxidase subunit I	9576-11286:1
NC_061993.1	rRNA	rns	small subunit ribosomal RNA	11324-12248:1
NC_061993.1	CDS	ND1	NADH dehydrogenase subunit 1	12253-13225:1
NC_061993.1	CDS	CYTB	cytochrome b	13306-14449:1
NC_061993.1	CDS	ND6	NADH dehydrogenase subunit 6	14489-15047:1
NC_061993.1	CDS	ND3	NADH dehydrogenase subunit 3	15102-15456:1
NC_061993.1	CDS	ND4L	NADH dehydrogenase subunit 4L	15475-15769:1
NC_061993.1	CDS	mutS	MutS-like protein	15782-18752:1
NC_061994.1	rRNA	rnl	large subunit ribosomal RNA	0-2213:1
NC_061994.1	CDS	ND2	NADH dehydrogenase subunit 2	2002-3349:1
NC_061994.1	CDS	ND5	NADH dehydrogenase subunit 5	3336-5154:1
NC_061994.1	CDS	ND4	NADH dehydrogenase subunit 4	5249-6698:1
NC_061994.1	tRNA	trnM(cau)	tRNA-Met	6755-6826:-1
NC_061994.1	CDS	COX3	cytochrome c oxidase subunit III	6865-7651:-1
NC_061994.1	CDS	ATP6	ATP synthase F0 subunit 6	7715-8423:-1
NC_061994.1	CDS	ATP8	ATP synthase F0 subunit 8	8447-8663:-1
NC_061994.1	CDS	COX2	cytochrome c oxidase subunit II	8684-9446:-1
NC_061994.1	CDS	COX1	cytochrome c oxidase subunit I	9558-11268:1
NC_061994.1	rRNA	rns	small subunit ribosomal RNA	11148-12185:1
NC_061994.1	CDS	ND1	NADH dehydrogenase subunit 1	12235-13207:1
NC_061994.1	CDS	CYTB	cytochrome b	13258-14401:1
NC_061994.1	CDS	ND6	NADH dehydrogenase subunit 6	14440-14998:1
NC_061994.1	CDS	ND3	NADH dehydrogenase subunit 3	15041-15395:1
NC_061994.1	CDS	ND4L	NADH dehydrogenase subunit 4L	15414-15708:1
NC_061994.1	CDS	mutS	MutS-like protein	15721-18691:1
NC_061995.1	rRNA	rnl	large subunit ribosomal RNA	0-2209:1
NC_061995.1	CDS	ND2	NADH dehydrogenase subunit 2	1998-3345:1
NC_061995.1	CDS	ND5	NADH dehydrogenase subunit 5	3332-5150:1
NC_061995.1	CDS	ND4	NADH dehydrogenase subunit 4	5246-6695:1
NC_061995.1	tRNA	trnM(cau)	tRNA-Met	6753-6824:-1
NC_061995.1	CDS	COX3	cytochrome c oxidase subunit III	6863-7649:-1
NC_061995.1	CDS	ATP6	ATP synthase F0 subunit 6	7713-8421:-1
NC_061995.1	CDS	ATP8	ATP synthase F0 subunit 8	8445-8661:-1
NC_061995.1	CDS	COX2	cytochrome c oxidase subunit II	8683-9445:-1
NC_061995.1	CDS	COX1	cytochrome c oxidase subunit I	9557-11261:1
NC_061995.1	rRNA	rns	small subunit ribosomal RNA	11304-12229:1
NC_061995.1	CDS	ND1	NADH dehydrogenase subunit 1	12233-13205:1
NC_061995.1	CDS	CYTB	cytochrome b	13286-14429:1
NC_061995.1	CDS	ND6	NADH dehydrogenase subunit 6	14470-15028:1
NC_061995.1	CDS	ND3	NADH dehydrogenase subunit 3	15083-15437:1
NC_061995.1	CDS	ND4L	NADH dehydrogenase subunit 4L	15456-15750:1
NC_061995.1	CDS	mutS	MutS-like protein	15763-18721:1
NC_061996.1	rRNA	rnl	large subunit ribosomal RNA	0-2214:1
NC_061996.1	CDS	ND2	NADH dehydrogenase subunit 2	2003-3350:1
NC_061996.1	CDS	ND5	NADH dehydrogenase subunit 5	3337-5155:1
NC_061996.1	CDS	ND4	NADH dehydrogenase subunit 4	5245-6694:1
NC_061996.1	tRNA	trnM(cau)	tRNA-Met	6762-6833:-1
NC_061996.1	CDS	COX3	cytochrome c oxidase subunit III	6856-7642:-1
NC_061996.1	CDS	CYTB	cytochrome b	7708-8866:-1
NC_061996.1	CDS	ND1	NADH dehydrogenase subunit 1	8946-9918:-1
NC_061996.1	rRNA	rns	small subunit ribosomal RNA	9922-10850:-1
NC_061996.1	CDS	COX1	cytochrome c oxidase subunit I	10888-12595:-1
NC_061996.1	CDS	COX2	cytochrome c oxidase subunit II	12703-13465:1
NC_061996.1	CDS	ATP8	ATP synthase F0 subunit 8	13486-13702:1
NC_061996.1	CDS	ATP6	ATP synthase F0 subunit 6	13726-14437:1
NC_061996.1	CDS	ND6	NADH dehydrogenase subunit 6	14648-15227:1
NC_061996.1	CDS	ND3	NADH dehydrogenase subunit 3	15248-15602:1
NC_061996.1	CDS	ND4L	NADH dehydrogenase subunit 4L	15623-15917:1
NC_061996.1	CDS	mutS	MutS-like protein	15929-18854:1
NC_061997.1	rRNA	rnl	large subunit ribosomal RNA	26-2243:1
NC_061997.1	CDS	ND2	NADH dehydrogenase subunit 2	2032-3379:1
NC_061997.1	CDS	ND5	NADH dehydrogenase subunit 5	3366-5184:1
NC_061997.1	CDS	ND4	NADH dehydrogenase subunit 4	5279-6728:1
NC_061997.1	tRNA	trnM(cau)	tRNA-Met	6786-6857:-1
NC_061997.1	CDS	COX3	cytochrome c oxidase subunit III	6888-7674:-1
NC_061997.1	CDS	ATP6	ATP synthase F0 subunit 6	7738-8446:-1
NC_061997.1	CDS	ATP8	ATP synthase F0 subunit 8	8469-8685:-1
NC_061997.1	CDS	COX2	cytochrome c oxidase subunit II	8707-9469:-1
NC_061997.1	CDS	COX1	cytochrome c oxidase subunit I	9581-11291:1
NC_061997.1	rRNA	rns	small subunit ribosomal RNA	11171-12207:1
NC_061997.1	CDS	ND1	NADH dehydrogenase subunit 1	12257-13229:1
NC_061997.1	CDS	CYTB	cytochrome b	13308-14451:1
NC_061997.1	CDS	ND6	NADH dehydrogenase subunit 6	14479-15037:1
NC_061997.1	CDS	ND3	NADH dehydrogenase subunit 3	15065-15419:1
NC_061997.1	CDS	ND4L	NADH dehydrogenase subunit 4L	15438-15732:1
NC_061997.1	CDS	mutS	MutS-like protein	15745-18694:1
NC_061998.1	rRNA	rnl	large subunit ribosomal RNA	119-2024:1
NC_061998.1	CDS	ND2	NADH dehydrogenase subunit 2	2073-3420:1
NC_061998.1	CDS	ND5	NADH dehydrogenase subunit 5	3407-5225:1
NC_061998.1	CDS	ND4	NADH dehydrogenase subunit 4	5268-6717:1
NC_061998.1	tRNA	trnM(cau)	tRNA-Met	6739-6810:-1
NC_061998.1	CDS	ND1	NADH dehydrogenase subunit 1	6958-7927:-1
NC_061998.1	rRNA	rns	small subunit ribosomal RNA	7975-9006:-1
NC_061998.1	CDS	COX1	cytochrome c oxidase subunit I	9043-10600:-1
NC_061998.1	CDS	COX2	cytochrome c oxidase subunit II	10713-11457:1
NC_061998.1	CDS	ATP8	ATP synthase F0 subunit 8	11479-11695:1
NC_061998.1	CDS	ATP6	ATP synthase F0 subunit 6	11717-12425:1
NC_061998.1	CDS	COX3	cytochrome c oxidase subunit III	12464-13250:1
NC_061998.1	CDS	CYTB	cytochrome b	13300-14473:1
NC_061998.1	CDS	ND6	NADH dehydrogenase subunit 6	14565-15117:1
NC_061998.1	CDS	ND3	NADH dehydrogenase subunit 3	15126-15483:1
NC_061998.1	CDS	ND4L	NADH dehydrogenase subunit 4L	15498-15792:1
NC_061998.1	CDS	mutS	MutS-like protein	15804-18753:1
NC_061999.1	rRNA	rnl	large subunit ribosomal RNA	9-2221:1
NC_061999.1	CDS	ND2	NADH dehydrogenase subunit 2	2010-3357:1
NC_061999.1	CDS	ND5	NADH dehydrogenase subunit 5	3344-5162:1
NC_061999.1	CDS	ND4	NADH dehydrogenase subunit 4	5257-6706:1
NC_061999.1	tRNA	trnM(cau)	tRNA-Met	6763-6834:-1
NC_061999.1	CDS	COX3	cytochrome c oxidase subunit III	6873-7659:-1
NC_061999.1	CDS	ATP6	ATP synthase F0 subunit 6	7723-8431:-1
NC_061999.1	CDS	ATP8	ATP synthase F0 subunit 8	8454-8670:-1
NC_061999.1	CDS	COX2	cytochrome c oxidase subunit II	8691-9453:-1
NC_061999.1	CDS	COX1	cytochrome c oxidase subunit I	9565-11275:1
NC_061999.1	rRNA	rns	small subunit ribosomal RNA	11155-12193:1
NC_061999.1	CDS	ND1	NADH dehydrogenase subunit 1	12243-13215:1
NC_061999.1	CDS	CYTB	cytochrome b	13266-14409:1
NC_061999.1	CDS	ND6	NADH dehydrogenase subunit 6	14449-15007:1
NC_061999.1	CDS	ND3	NADH dehydrogenase subunit 3	15062-15416:1
NC_061999.1	CDS	ND4L	NADH dehydrogenase subunit 4L	15435-15729:1
NC_061999.1	CDS	mutS	MutS-like protein	15742-18712:1
NC_062000.1	rRNA	rnl	large subunit ribosomal RNA	18-2234:1
NC_062000.1	CDS	ND2	NADH dehydrogenase subunit 2	2040-3402:1
NC_062000.1	CDS	ND5	NADH dehydrogenase subunit 5	3389-5207:1
NC_062000.1	CDS	ND4	NADH dehydrogenase subunit 4	5256-6705:1
NC_062000.1	tRNA	trnM(cau)	tRNA-Met	6817-6888:-1
NC_062000.1	CDS	COX3	cytochrome c oxidase subunit III	6920-7706:-1
NC_062000.1	CDS	ATP6	ATP synthase F0 subunit 6	7732-8440:-1
NC_062000.1	CDS	ATP8	ATP synthase F0 subunit 8	8466-8724:-1
NC_062000.1	CDS	COX2	cytochrome c oxidase subunit II	8708-9470:-1
NC_062000.1	CDS	COX1	cytochrome c oxidase subunit I	9623-11294:1
NC_062000.1	rRNA	rns	small subunit ribosomal RNA	11358-12301:1
NC_062000.1	CDS	ND1	NADH dehydrogenase subunit 1	12366-13338:1
NC_062000.1	CDS	CYTB	cytochrome b	13421-14564:1
NC_062000.1	CDS	ND6	NADH dehydrogenase subunit 6	14618-15176:1
NC_062000.1	CDS	ND3	NADH dehydrogenase subunit 3	15230-15584:1
NC_062000.1	CDS	ND4L	NADH dehydrogenase subunit 4L	15614-15908:1
NC_062000.1	CDS	mutS	MutS-like protein	15921-18993:1
NC_062001.1	rRNA	rnl	large subunit ribosomal RNA	26-2237:1
NC_062001.1	CDS	ND2	NADH dehydrogenase subunit 2	2026-3373:1
NC_062001.1	CDS	ND5	NADH dehydrogenase subunit 5	3360-5178:1
NC_062001.1	CDS	ND4	NADH dehydrogenase subunit 4	5270-6719:1
NC_062001.1	tRNA	trnM(cau)	tRNA-Met	6784-6855:-1
NC_062001.1	CDS	COX3	cytochrome c oxidase subunit III	6878-7664:-1
NC_062001.1	CDS	CYTB	cytochrome b	7732-8947:-1
NC_062001.1	CDS	ND1	NADH dehydrogenase subunit 1	8968-9940:-1
NC_062001.1	rRNA	rns	small subunit ribosomal RNA	9945-10869:-1
NC_062001.1	CDS	COX1	cytochrome c oxidase subunit I	10907-12614:-1
NC_062001.1	CDS	COX2	cytochrome c oxidase subunit II	12722-13484:1
NC_062001.1	CDS	ATP8	ATP synthase F0 subunit 8	13505-13721:1
NC_062001.1	CDS	ATP6	ATP synthase F0 subunit 6	13745-14456:1
NC_062001.1	CDS	ND6	NADH dehydrogenase subunit 6	14685-15252:1
NC_062001.1	CDS	ND3	NADH dehydrogenase subunit 3	15296-15650:1
NC_062001.1	CDS	ND4L	NADH dehydrogenase subunit 4L	15670-15964:1
NC_062001.1	CDS	mutS	MutS-like protein	15976-18895:1
NC_062002.1	rRNA	rnl	large subunit ribosomal RNA	9-1573:1
NC_062002.1	CDS	ND2	NADH dehydrogenase subunit 2	2050-3394:1
NC_062002.1	CDS	ND5	NADH dehydrogenase subunit 5	3381-5199:1
NC_062002.1	CDS	ND4	NADH dehydrogenase subunit 4	5242-6691:1
NC_062002.1	tRNA	trnM(cau)	tRNA-Met	6753-6824:-1
NC_062002.1	CDS	COX3	cytochrome c oxidase subunit III	6868-7654:-1
NC_062002.1	CDS	ATP6	ATP synthase F0 subunit 6	7701-8409:-1
NC_062002.1	CDS	ATP8	ATP synthase F0 subunit 8	8429-8645:-1
NC_062002.1	CDS	COX2	cytochrome c oxidase subunit II	8667-9429:-1
NC_062002.1	CDS	COX1	cytochrome c oxidase subunit I	9584-11258:1
NC_062002.1	rRNA	rns	small subunit ribosomal RNA	11276-12253:1
NC_062002.1	CDS	ND1	NADH dehydrogenase subunit 1	12299-13280:1
NC_062002.1	CDS	CYTB	cytochrome b	13424-14585:1
NC_062002.1	CDS	ND6	NADH dehydrogenase subunit 6	14605-15169:1
NC_062002.1	CDS	ND3	NADH dehydrogenase subunit 3	15212-15566:1
NC_062002.1	CDS	ND4L	NADH dehydrogenase subunit 4L	15594-15888:1
NC_062002.1	CDS	mutS	MutS-like protein	15901-18871:1
NC_062003.1	rRNA	rnl	large subunit ribosomal RNA	9-2216:1
NC_062003.1	CDS	ND2	NADH dehydrogenase subunit 2	2005-3352:1
NC_062003.1	CDS	ND5	NADH dehydrogenase subunit 5	3339-5157:1
NC_062003.1	CDS	ND4	NADH dehydrogenase subunit 4	5254-6703:1
NC_062003.1	tRNA	trnM(cau)	tRNA-Met	6761-6832:-1
NC_062003.1	CDS	COX3	cytochrome c oxidase subunit III	6871-7657:-1
NC_062003.1	CDS	ATP6	ATP synthase F0 subunit 6	7721-8429:-1
NC_062003.1	CDS	ATP8	ATP synthase F0 subunit 8	8475-8691:-1
NC_062003.1	CDS	COX2	cytochrome c oxidase subunit II	8713-9475:-1
NC_062003.1	CDS	COX1	cytochrome c oxidase subunit I	9585-11295:1
NC_062003.1	rRNA	rns	small subunit ribosomal RNA	11175-12213:1
NC_062003.1	CDS	ND1	NADH dehydrogenase subunit 1	12263-13235:1
NC_062003.1	CDS	CYTB	cytochrome b	13317-14454:1
NC_062003.1	CDS	ND6	NADH dehydrogenase subunit 6	14740-15298:1
NC_062003.1	CDS	ND3	NADH dehydrogenase subunit 3	15341-15695:1
NC_062003.1	CDS	ND4L	NADH dehydrogenase subunit 4L	15714-16008:1
NC_062003.1	CDS	mutS	MutS-like protein	16021-18973:1
NC_062004.1	rRNA	rnl	large subunit ribosomal RNA	0-1547:1
NC_062004.1	CDS	ND2	NADH dehydrogenase subunit 2	2014-3346:1
NC_062004.1	CDS	ND5	NADH dehydrogenase subunit 5	3333-5151:1
NC_062004.1	CDS	ND4	NADH dehydrogenase subunit 4	5194-6643:1
NC_062004.1	tRNA	trnM(cau)	tRNA-Met	6905-6976:-1
NC_062004.1	CDS	COX3	cytochrome c oxidase subunit III	7015-7801:-1
NC_062004.1	CDS	ATP6	ATP synthase F0 subunit 6	7848-8556:-1
NC_062004.1	CDS	ATP8	ATP synthase F0 subunit 8	8582-8798:-1
NC_062004.1	CDS	COX2	cytochrome c oxidase subunit II	8820-9582:-1
NC_062004.1	CDS	COX1	cytochrome c oxidase subunit I	9710-11384:1
NC_062004.1	rRNA	rns	small subunit ribosomal RNA	11402-12376:1
NC_062004.1	CDS	ND1	NADH dehydrogenase subunit 1	12422-13403:1
NC_062004.1	CDS	CYTB	cytochrome b	13527-14688:1
NC_062004.1	CDS	ND6	NADH dehydrogenase subunit 6	14724-15279:1
NC_062004.1	CDS	ND3	NADH dehydrogenase subunit 3	15322-15676:1
NC_062004.1	CDS	ND4L	NADH dehydrogenase subunit 4L	15704-15998:1
NC_062004.1	CDS	mutS	MutS-like protein	16011-18969:1
NC_062005.1	rRNA	rnl	large subunit ribosomal RNA	9-2208:1
NC_062005.1	CDS	ND2	NADH dehydrogenase subunit 2	1997-3329:1
NC_062005.1	CDS	ND5	NADH dehydrogenase subunit 5	3316-5128:1
NC_062005.1	CDS	ND4	NADH dehydrogenase subunit 4	5693-7142:1
NC_062005.1	tRNA	trnM(cau)	tRNA-Met	7206-7277:-1
NC_062005.1	CDS	COX3	cytochrome c oxidase subunit III	7321-8107:-1
NC_062005.1	CDS	ATP6	ATP synthase F0 subunit 6	8165-8873:-1
NC_062005.1	CDS	ATP8	ATP synthase F0 subunit 8	8897-9113:-1
NC_062005.1	CDS	COX2	cytochrome c oxidase subunit II	9135-9897:-1
NC_062005.1	CDS	COX1	cytochrome c oxidase subunit I	10008-11718:1
NC_062005.1	rRNA	rns	small subunit ribosomal RNA	11598-12634:1
NC_062005.1	CDS	ND1	NADH dehydrogenase subunit 1	12684-13656:1
NC_062005.1	CDS	CYTB	cytochrome b	13697-14837:1
NC_062005.1	CDS	ND6	NADH dehydrogenase subunit 6	14866-15424:1
NC_062005.1	CDS	ND3	NADH dehydrogenase subunit 3	15459-15813:1
NC_062005.1	CDS	ND4L	NADH dehydrogenase subunit 4L	15832-16126:1
NC_062005.1	CDS	mutS	MutS-like protein	16138-19066:1
NC_062006.1	rRNA	rnl	large subunit ribosomal RNA	9-1968:1
NC_062006.1	CDS	ND2	NADH dehydrogenase subunit 2	1996-3328:1
NC_062006.1	CDS	ND5	NADH dehydrogenase subunit 5	3315-5133:1
NC_062006.1	CDS	ND4	NADH dehydrogenase subunit 4	5212-6661:1
NC_062006.1	tRNA	trnM(cau)	tRNA-Met	6719-6790:-1
NC_062006.1	CDS	COX3	cytochrome c oxidase subunit III	6829-7615:-1
NC_062006.1	CDS	ATP6	ATP synthase F0 subunit 6	7679-8387:-1
NC_062006.1	CDS	ATP8	ATP synthase F0 subunit 8	8419-8671:-1
NC_062006.1	CDS	COX2	cytochrome c oxidase subunit II	8657-9419:-1
NC_062006.1	CDS	COX1	cytochrome c oxidase subunit I	9531-11235:1
NC_062006.1	rRNA	rns	small subunit ribosomal RNA	11121-12159:1
NC_062006.1	CDS	ND1	NADH dehydrogenase subunit 1	12209-13181:1
NC_062006.1	CDS	CYTB	cytochrome b	13259-14402:1
NC_062006.1	CDS	ND6	NADH dehydrogenase subunit 6	14430-14988:1
NC_062006.1	CDS	ND3	NADH dehydrogenase subunit 3	15044-15398:1
NC_062006.1	CDS	ND4L	NADH dehydrogenase subunit 4L	15416-15710:1
NC_062006.1	CDS	mutS	MutS-like protein	15723-18693:1
NC_062007.1	rRNA	rnl	large subunit ribosomal RNA	1016-1911:1
NC_062007.1	CDS	ND2	NADH dehydrogenase subunit 2	1909-3232:1
NC_062007.1	CDS	ND5	NADH dehydrogenase subunit 5	3219-5058:1
NC_062007.1	CDS	ND4	NADH dehydrogenase subunit 4	5063-6512:1
NC_062007.1	tRNA	trnM(cau)	tRNA-Met	6558-6629:-1
NC_062007.1	CDS	COX3	cytochrome c oxidase subunit III	6685-7471:-1
NC_062007.1	CDS	ATP6	ATP synthase F0 subunit 6	7474-8185:-1
NC_062007.1	CDS	ATP8	ATP synthase F0 subunit 8	8194-8407:-1
NC_062007.1	CDS	COX2	cytochrome c oxidase subunit II	8418-9216:-1
NC_062007.1	CDS	COX1	cytochrome c oxidase subunit I	9204-10821:1
NC_062007.1	rRNA	rns	small subunit ribosomal RNA	10893-11810:1
NC_062007.1	CDS	ND1	NADH dehydrogenase subunit 1	11853-12813:1
NC_062007.1	CDS	CYTB	cytochrome b	12832-13984:1
NC_062007.1	CDS	ND6	NADH dehydrogenase subunit 6	13986-14490:1
NC_062007.1	CDS	ND3	NADH dehydrogenase subunit 3	14468-14822:1
NC_062007.1	CDS	ND4L	NADH dehydrogenase subunit 4L	14827-15121:1
NC_062007.1	CDS	mutS	MutS-like protein	15166-18052:1
NC_062008.1	rRNA	rnl	large subunit ribosomal RNA	9-2192:1
NC_062008.1	CDS	ND2	NADH dehydrogenase subunit 2	1990-3328:1
NC_062008.1	CDS	ND5	NADH dehydrogenase subunit 5	3315-5133:1
NC_062008.1	CDS	ND4	NADH dehydrogenase subunit 4	5647-7096:1
NC_062008.1	tRNA	trnM(cau)	tRNA-Met	7171-7242:-1
NC_062008.1	CDS	COX3	cytochrome c oxidase subunit III	7281-8067:-1
NC_062008.1	CDS	ATP6	ATP synthase F0 subunit 6	8131-8839:-1
NC_062008.1	CDS	ATP8	ATP synthase F0 subunit 8	8863-9115:-1
NC_062008.1	CDS	COX2	cytochrome c oxidase subunit II	9101-9863:-1
NC_062008.1	CDS	COX1	cytochrome c oxidase subunit I	9975-11685:1
NC_062008.1	rRNA	rns	small subunit ribosomal RNA	11565-12600:1
NC_062008.1	CDS	ND1	NADH dehydrogenase subunit 1	12650-13622:1
NC_062008.1	CDS	CYTB	cytochrome b	13703-14855:1
NC_062008.1	CDS	ND6	NADH dehydrogenase subunit 6	15837-16395:1
NC_062008.1	CDS	ND3	NADH dehydrogenase subunit 3	16438-16792:1
NC_062008.1	CDS	ND4L	NADH dehydrogenase subunit 4L	16811-17105:1
NC_062008.1	CDS	mutS	MutS-like protein	17118-20076:1
NC_062009.1	rRNA	rnl	large subunit ribosomal RNA	18-1946:1
NC_062009.1	CDS	ND2	NADH dehydrogenase subunit 2	1975-3331:1
NC_062009.1	CDS	ND5	NADH dehydrogenase subunit 5	3318-5136:1
NC_062009.1	CDS	ND4	NADH dehydrogenase subunit 4	5166-6615:1
NC_062009.1	tRNA	trnM(cau)	tRNA-Met	6730-6801:-1
NC_062009.1	CDS	COX3	cytochrome c oxidase subunit III	6865-7651:-1
NC_062009.1	CDS	ATP6	ATP synthase F0 subunit 6	7707-8415:-1
NC_062009.1	CDS	ATP8	ATP synthase F0 subunit 8	8451-8667:-1
NC_062009.1	CDS	COX2	cytochrome c oxidase subunit II	8708-9470:-1
NC_062009.1	CDS	COX1	cytochrome c oxidase subunit I	9614-11183:1
NC_062009.1	rRNA	rns	small subunit ribosomal RNA	11222-12272:1
NC_062009.1	CDS	ND1	NADH dehydrogenase subunit 1	12339-13320:1
NC_062009.1	CDS	CYTB	cytochrome b	13351-14494:1
NC_062009.1	CDS	ND6	NADH dehydrogenase subunit 6	14512-15067:1
NC_062009.1	CDS	ND3	NADH dehydrogenase subunit 3	15129-15483:1
NC_062009.1	CDS	ND4L	NADH dehydrogenase subunit 4L	15486-15780:1
NC_062009.1	CDS	mutS	MutS-like protein	15793-18769:1
NC_062010.1	rRNA	rnl	large subunit ribosomal RNA	9-2215:1
NC_062010.1	CDS	ND2	NADH dehydrogenase subunit 2	2004-3351:1
NC_062010.1	CDS	ND5	NADH dehydrogenase subunit 5	3338-5156:1
NC_062010.1	CDS	ND4	NADH dehydrogenase subunit 4	5227-6676:1
NC_062010.1	tRNA	trnM(cau)	tRNA-Met	6732-6803:-1
NC_062010.1	CDS	COX3	cytochrome c oxidase subunit III	6842-7628:-1
NC_062010.1	CDS	ATP6	ATP synthase F0 subunit 6	7690-8398:-1
NC_062010.1	CDS	ATP8	ATP synthase F0 subunit 8	8421-8673:-1
NC_062010.1	CDS	COX2	cytochrome c oxidase subunit II	8659-9421:-1
NC_062010.1	CDS	COX1	cytochrome c oxidase subunit I	9533-11243:1
NC_062010.1	rRNA	rns	small subunit ribosomal RNA	11123-12161:1
NC_062010.1	CDS	ND1	NADH dehydrogenase subunit 1	12211-13183:1
NC_062010.1	CDS	CYTB	cytochrome b	13253-14390:1
NC_062010.1	CDS	ND6	NADH dehydrogenase subunit 6	14661-15219:1
NC_062010.1	CDS	ND3	NADH dehydrogenase subunit 3	15262-15616:1
NC_062010.1	CDS	ND4L	NADH dehydrogenase subunit 4L	15635-15929:1
NC_062010.1	CDS	mutS	MutS-like protein	15942-18900:1
NC_062011.1	rRNA	rnl	large subunit ribosomal RNA	9-2222:1
NC_062011.1	CDS	ND2	NADH dehydrogenase subunit 2	2011-3358:1
NC_062011.1	CDS	ND5	NADH dehydrogenase subunit 5	3345-5163:1
NC_062011.1	CDS	ND4	NADH dehydrogenase subunit 4	5257-6706:1
NC_062011.1	tRNA	trnM(cau)	tRNA-Met	6763-6834:-1
NC_062011.1	CDS	COX3	cytochrome c oxidase subunit III	6873-7659:-1
NC_062011.1	CDS	ATP6	ATP synthase F0 subunit 6	7723-8431:-1
NC_062011.1	CDS	ATP8	ATP synthase F0 subunit 8	8455-8707:-1
NC_062011.1	CDS	COX2	cytochrome c oxidase subunit II	8693-9455:-1
NC_062011.1	CDS	COX1	cytochrome c oxidase subunit I	9567-11271:1
NC_062011.1	rRNA	rns	small subunit ribosomal RNA	11314-12239:1
NC_062011.1	CDS	ND1	NADH dehydrogenase subunit 1	12243-13215:1
NC_062011.1	CDS	CYTB	cytochrome b	13297-14440:1
NC_062011.1	CDS	ND6	NADH dehydrogenase subunit 6	14480-15038:1
NC_062011.1	CDS	ND3	NADH dehydrogenase subunit 3	15093-15447:1
NC_062011.1	CDS	ND4L	NADH dehydrogenase subunit 4L	15466-15760:1
NC_062011.1	CDS	mutS	MutS-like protein	15773-18731:1
NC_062012.1	rRNA	rnl	large subunit ribosomal RNA	9-2218:1
NC_062012.1	CDS	ND2	NADH dehydrogenase subunit 2	2007-3354:1
NC_062012.1	CDS	ND5	NADH dehydrogenase subunit 5	3341-5159:1
NC_062012.1	CDS	ND4	NADH dehydrogenase subunit 4	5723-7172:1
NC_062012.1	tRNA	trnM(cau)	tRNA-Met	7230-7301:-1
NC_062012.1	CDS	COX3	cytochrome c oxidase subunit III	7340-8126:-1
NC_062012.1	CDS	ATP6	ATP synthase F0 subunit 6	8190-8898:-1
NC_062012.1	CDS	ATP8	ATP synthase F0 subunit 8	8922-9174:-1
NC_062012.1	CDS	COX2	cytochrome c oxidase subunit II	9160-9922:-1
NC_062012.1	CDS	COX1	cytochrome c oxidase subunit I	10034-11744:1
NC_062012.1	rRNA	rns	small subunit ribosomal RNA	11783-12708:1
NC_062012.1	CDS	ND1	NADH dehydrogenase subunit 1	12712-13684:1
NC_062012.1	CDS	CYTB	cytochrome b	13762-14905:1
NC_062012.1	CDS	ND6	NADH dehydrogenase subunit 6	14945-15503:1
NC_062012.1	CDS	ND3	NADH dehydrogenase subunit 3	15546-15906:1
NC_062012.1	CDS	ND4L	NADH dehydrogenase subunit 4L	15918-16212:1
NC_062012.1	CDS	mutS	MutS-like protein	16226-19184:1
NC_062013.1	rRNA	rnl	large subunit ribosomal RNA	1032-2269:1
NC_062013.1	CDS	ND2	NADH dehydrogenase subunit 2	2063-3449:1
NC_062013.1	CDS	ND5	NADH dehydrogenase subunit 5	3436-5254:1
NC_062013.1	CDS	ND4	NADH dehydrogenase subunit 4	5310-6759:1
NC_062013.1	tRNA	trnM(cau)	tRNA-Met	6849-6920:-1
NC_062013.1	CDS	COX3	cytochrome c oxidase subunit III	6959-7745:-1
NC_062013.1	CDS	ATP6	ATP synthase F0 subunit 6	7804-8512:-1
NC_062013.1	CDS	ATP8	ATP synthase F0 subunit 8	8545-8761:-1
NC_062013.1	CDS	COX2	cytochrome c oxidase subunit II	8815-9577:-1
NC_062013.1	CDS	COX1	cytochrome c oxidase subunit I	9747-11451:1
NC_062013.1	rRNA	rns	small subunit ribosomal RNA	11814-12425:1
NC_062013.1	CDS	ND1	NADH dehydrogenase subunit 1	12532-13504:1
NC_062013.1	CDS	CYTB	cytochrome b	13636-14779:1
NC_062013.1	CDS	ND6	NADH dehydrogenase subunit 6	14845-15412:1
NC_062013.1	CDS	ND3	NADH dehydrogenase subunit 3	15455-15809:1
NC_062013.1	CDS	ND4L	NADH dehydrogenase subunit 4L	15847-16141:1
NC_062013.1	CDS	mutS	MutS-like protein	16155-19263:1
NC_062014.1	rRNA	rnl	large subunit ribosomal RNA	18-1604:1
NC_062014.1	CDS	ND2	NADH dehydrogenase subunit 2	2086-3424:1
NC_062014.1	CDS	ND5	NADH dehydrogenase subunit 5	3411-5229:1
NC_062014.1	CDS	ND4	NADH dehydrogenase subunit 4	5324-6773:1
NC_062014.1	tRNA	trnM(cau)	tRNA-Met	6844-6915:-1
NC_062014.1	CDS	COX3	cytochrome c oxidase subunit III	6959-7745:-1
NC_062014.1	CDS	ATP6	ATP synthase F0 subunit 6	7782-8490:-1
NC_062014.1	CDS	ATP8	ATP synthase F0 subunit 8	8510-8726:-1
NC_062014.1	CDS	COX2	cytochrome c oxidase subunit II	8754-9516:-1
NC_062014.1	CDS	COX1	cytochrome c oxidase subunit I	9680-11390:1
NC_062014.1	rRNA	rns	small subunit ribosomal RNA	11270-12314:1
NC_062014.1	CDS	ND1	NADH dehydrogenase subunit 1	12396-13368:1
NC_062014.1	CDS	CYTB	cytochrome b	13498-14641:1
NC_062014.1	CDS	ND6	NADH dehydrogenase subunit 6	14686-15253:1
NC_062014.1	CDS	ND3	NADH dehydrogenase subunit 3	15296-15650:1
NC_062014.1	CDS	ND4L	NADH dehydrogenase subunit 4L	15670-15964:1
NC_062014.1	CDS	mutS	MutS-like protein	15977-19004:1
NC_062015.1	rRNA	rnl	large subunit ribosomal RNA	26-1592:1
NC_062015.1	CDS	ND2	NADH dehydrogenase subunit 2	1824-3369:1
NC_062015.1	CDS	ND5	NADH dehydrogenase subunit 5	3356-5177:1
NC_062015.1	CDS	ND4	NADH dehydrogenase subunit 4	5220-6669:1
NC_062015.1	CDS	ND1	NADH dehydrogenase subunit 1	6636-7677:-1
NC_062015.1	rRNA	rns	small subunit ribosomal RNA	7723-8761:-1
NC_062015.1	CDS	COX1	cytochrome c oxidase subunit I	8695-10351:-1
NC_062015.1	CDS	COX2	cytochrome c oxidase subunit II	10469-11231:1
NC_062015.1	CDS	ATP8	ATP synthase F0 subunit 8	11250-11466:1
NC_062015.1	CDS	ATP6	ATP synthase F0 subunit 6	11486-12194:1
NC_062015.1	CDS	COX3	cytochrome c oxidase subunit III	12224-13010:1
NC_062015.1	tRNA	trnM(cau)	tRNA-Met	13068-13137:1
NC_062015.1	CDS	CYTB	cytochrome b	13513-14653:1
NC_062015.1	CDS	ND6	NADH dehydrogenase subunit 6	14665-15214:1
NC_062015.1	CDS	ND3	NADH dehydrogenase subunit 3	15257-15611:1
NC_062015.1	CDS	ND4L	NADH dehydrogenase subunit 4L	15639-15933:1
NC_062015.1	CDS	mutS	MutS-like protein	15946-18874:1
NC_062016.1	rRNA	rnl	large subunit ribosomal RNA	10-2219:1
NC_062016.1	CDS	ND2	NADH dehydrogenase subunit 2	2008-3355:1
NC_062016.1	CDS	ND5	NADH dehydrogenase subunit 5	3342-5160:1
NC_062016.1	CDS	ND4	NADH dehydrogenase subunit 4	5253-6702:1
NC_062016.1	tRNA	trnM(cau)	tRNA-Met	6759-6830:-1
NC_062016.1	CDS	COX3	cytochrome c oxidase subunit III	6869-7655:-1
NC_062016.1	CDS	ATP6	ATP synthase F0 subunit 6	7718-8426:-1
NC_062016.1	CDS	ATP8	ATP synthase F0 subunit 8	8450-8702:-1
NC_062016.1	CDS	COX2	cytochrome c oxidase subunit II	8688-9450:-1
NC_062016.1	CDS	COX1	cytochrome c oxidase subunit I	9562-11272:1
NC_062016.1	rRNA	rns	small subunit ribosomal RNA	11312-12223:1
NC_062016.1	CDS	ND1	NADH dehydrogenase subunit 1	12239-13211:1
NC_062016.1	CDS	CYTB	cytochrome b	13292-14435:1
NC_062016.1	CDS	ND6	NADH dehydrogenase subunit 6	14464-15022:1
NC_062016.1	CDS	ND3	NADH dehydrogenase subunit 3	15077-15431:1
NC_062016.1	CDS	ND4L	NADH dehydrogenase subunit 4L	15450-15744:1
NC_062016.1	CDS	mutS	MutS-like protein	15757-18715:1
NC_062017.1	rRNA	rnl	large subunit ribosomal RNA	0-1792:1
NC_062017.1	CDS	ND2	NADH dehydrogenase subunit 2	1815-3138:1
NC_062017.1	CDS	ND5	NADH dehydrogenase subunit 5	3125-4937:1
NC_062017.1	CDS	ND4	NADH dehydrogenase subunit 4	5033-6482:1
NC_062017.1	CDS	ND4L	NADH dehydrogenase subunit 4L	6624-6918:-1
NC_062017.1	CDS	ND3	NADH dehydrogenase subunit 3	6967-7315:-1
NC_062017.1	CDS	ND6	NADH dehydrogenase subunit 6	7293-7902:-1
NC_062017.1	CDS	CYTB	cytochrome b	8499-9660:-1
NC_062017.1	CDS	ND1	NADH dehydrogenase subunit 1	9629-10619:-1
NC_062017.1	rRNA	rns	small subunit ribosomal RNA	10665-11692:-1
NC_062017.1	CDS	COX1	cytochrome c oxidase subunit I	11629-13282:-1
NC_062017.1	CDS	COX2	cytochrome c oxidase subunit II	13388-14150:1
NC_062017.1	CDS	ATP8	ATP synthase F0 subunit 8	14154-14370:1
NC_062017.1	CDS	ATP6	ATP synthase F0 subunit 6	14391-15099:1
NC_062017.1	CDS	COX3	cytochrome c oxidase subunit III	15131-15917:1
NC_062017.1	tRNA	trnM(cau)	tRNA-Met	15946-16017:1
NC_062017.1	CDS	mutS	MutS-like protein	16028-19088:1
NC_062018.1	rRNA	rnl	large subunit ribosomal RNA	9-2223:1
NC_062018.1	CDS	ND2	NADH dehydrogenase subunit 2	2012-3359:1
NC_062018.1	CDS	ND5	NADH dehydrogenase subunit 5	3346-5164:1
NC_062018.1	CDS	ND4	NADH dehydrogenase subunit 4	5258-6707:1
NC_062018.1	tRNA	trnM(cau)	tRNA-Met	6754-6825:-1
NC_062018.1	CDS	COX3	cytochrome c oxidase subunit III	6837-7623:-1
NC_062018.1	CDS	ATP6	ATP synthase F0 subunit 6	7687-8395:-1
NC_062018.1	CDS	ATP8	ATP synthase F0 subunit 8	8440-8656:-1
NC_062018.1	CDS	COX2	cytochrome c oxidase subunit II	8677-9421:-1
NC_062018.1	CDS	COX1	cytochrome c oxidase subunit I	9532-11236:1
NC_062018.1	rRNA	rns	small subunit ribosomal RNA	11279-12198:1
NC_062018.1	CDS	ND1	NADH dehydrogenase subunit 1	12205-13174:1
NC_062018.1	CDS	CYTB	cytochrome b	13255-14419:1
NC_062018.1	CDS	ND6	NADH dehydrogenase subunit 6	14498-15071:1
NC_062018.1	CDS	ND3	NADH dehydrogenase subunit 3	15114-15468:1
NC_062018.1	CDS	ND4L	NADH dehydrogenase subunit 4L	15480-15774:1
NC_062018.1	CDS	mutS	MutS-like protein	15787-18727:1
NC_062019.1	rRNA	rnl	large subunit ribosomal RNA	14-2157:1
NC_062019.1	CDS	ND2	NADH dehydrogenase subunit 2	1966-3313:1
NC_062019.1	CDS	ND5	NADH dehydrogenase subunit 5	3300-5112:1
NC_062019.1	CDS	ND4	NADH dehydrogenase subunit 4	5679-7122:1
NC_062019.1	tRNA	trnM(cau)	tRNA-Met	7174-7245:-1
NC_062019.1	CDS	COX3	cytochrome c oxidase subunit III	7276-8062:-1
NC_062019.1	CDS	ATP6	ATP synthase F0 subunit 6	8171-8879:-1
NC_062019.1	CDS	ATP8	ATP synthase F0 subunit 8	8891-9131:-1
NC_062019.1	CDS	COX2	cytochrome c oxidase subunit II	9117-9879:-1
NC_062019.1	CDS	COX1	cytochrome c oxidase subunit I	9961-11515:1
NC_062019.1	rRNA	rns	small subunit ribosomal RNA	11531-12561:1
NC_062019.1	CDS	ND1	NADH dehydrogenase subunit 1	12607-13576:1
NC_062019.1	CDS	CYTB	cytochrome b	13649-14792:1
NC_062019.1	CDS	ND6	NADH dehydrogenase subunit 6	14818-15373:1
NC_062019.1	CDS	ND3	NADH dehydrogenase subunit 3	15391-15751:1
NC_062019.1	CDS	ND4L	NADH dehydrogenase subunit 4L	15763-16057:1
NC_062019.1	CDS	mutS	MutS-like protein	16065-18975:1
NC_062020.1	rRNA	rnl	large subunit ribosomal RNA	10-2213:1
NC_062020.1	CDS	ND2	NADH dehydrogenase subunit 2	2016-3363:1
NC_062020.1	CDS	ND5	NADH dehydrogenase subunit 5	3350-5168:1
NC_062020.1	CDS	ND4	NADH dehydrogenase subunit 4	5262-6711:1
NC_062020.1	tRNA	trnM(cau)	tRNA-Met	6770-6841:-1
NC_062020.1	CDS	COX3	cytochrome c oxidase subunit III	6880-7666:-1
NC_062020.1	CDS	ATP6	ATP synthase F0 subunit 6	8218-8926:-1
NC_062020.1	CDS	ATP8	ATP synthase F0 subunit 8	8950-9202:-1
NC_062020.1	CDS	COX2	cytochrome c oxidase subunit II	9188-9950:-1
NC_062020.1	CDS	COX1	cytochrome c oxidase subunit I	10062-11634:1
NC_062020.1	rRNA	rns	small subunit ribosomal RNA	11651-12695:1
NC_062020.1	CDS	ND1	NADH dehydrogenase subunit 1	12745-13717:1
NC_062020.1	CDS	CYTB	cytochrome b	13767-14904:1
NC_062020.1	CDS	ND6	NADH dehydrogenase subunit 6	15040-15598:1
NC_062020.1	CDS	ND3	NADH dehydrogenase subunit 3	15651-16005:1
NC_062020.1	CDS	ND4L	NADH dehydrogenase subunit 4L	16024-16318:1
NC_062020.1	CDS	mutS	MutS-like protein	16341-19296:1
NC_062021.1	rRNA	rnl	large subunit ribosomal RNA	26-1965:1
NC_062021.1	CDS	ND2	NADH dehydrogenase subunit 2	2000-3347:1
NC_062021.1	CDS	ND5	NADH dehydrogenase subunit 5	3334-5152:1
NC_062021.1	CDS	ND4	NADH dehydrogenase subunit 4	5240-6728:1
NC_062021.1	tRNA	trnM(cau)	tRNA-Met	6699-6770:-1
NC_062021.1	CDS	COX3	cytochrome c oxidase subunit III	6793-7579:-1
NC_062021.1	CDS	CYTB	cytochrome b	7665-8856:-1
NC_062021.1	CDS	ND1	NADH dehydrogenase subunit 1	8889-9861:-1
NC_062021.1	rRNA	rns	small subunit ribosomal RNA	9865-10787:-1
NC_062021.1	CDS	COX1	cytochrome c oxidase subunit I	10830-12531:-1
NC_062021.1	CDS	COX2	cytochrome c oxidase subunit II	12639-13401:1
NC_062021.1	CDS	ATP8	ATP synthase F0 subunit 8	13422-13638:1
NC_062021.1	CDS	ATP6	ATP synthase F0 subunit 6	13662-14373:1
NC_062021.1	CDS	ND6	NADH dehydrogenase subunit 6	14553-15132:1
NC_062021.1	CDS	ND3	NADH dehydrogenase subunit 3	15165-15519:1
NC_062021.1	CDS	ND4L	NADH dehydrogenase subunit 4L	15539-15833:1
NC_062021.1	CDS	mutS	MutS-like protein	15845-18764:1
NC_062022.1	rRNA	rnl	large subunit ribosomal RNA	26-2231:1
NC_062022.1	CDS	ND2	NADH dehydrogenase subunit 2	2020-3367:1
NC_062022.1	CDS	ND5	NADH dehydrogenase subunit 5	3354-5190:1
NC_062022.1	CDS	ND4	NADH dehydrogenase subunit 4	5360-6809:1
NC_062022.1	tRNA	trnM(cau)	tRNA-Met	6862-6933:-1
NC_062022.1	CDS	COX3	cytochrome c oxidase subunit III	6956-7742:-1
NC_062022.1	CDS	ATP6	ATP synthase F0 subunit 6	8154-8862:-1
NC_062022.1	CDS	ATP8	ATP synthase F0 subunit 8	8883-9135:-1
NC_062022.1	CDS	COX2	cytochrome c oxidase subunit II	9121-9883:-1
NC_062022.1	CDS	COX1	cytochrome c oxidase subunit I	9991-11674:1
NC_062022.1	rRNA	rns	small subunit ribosomal RNA	11736-12660:1
NC_062022.1	CDS	ND1	NADH dehydrogenase subunit 1	12664-13636:1
NC_062022.1	CDS	CYTB	cytochrome b	13713-14859:1
NC_062022.1	CDS	ND6	NADH dehydrogenase subunit 6	15054-15633:1
NC_062022.1	CDS	ND3	NADH dehydrogenase subunit 3	15667-16021:1
NC_062022.1	CDS	ND4L	NADH dehydrogenase subunit 4L	16041-16335:1
NC_062022.1	CDS	mutS	MutS-like protein	16348-19279:1
NC_062023.1	rRNA	rnl	large subunit ribosomal RNA	18-1973:1
NC_062023.1	CDS	ND2	NADH dehydrogenase subunit 2	2002-3340:1
NC_062023.1	CDS	ND5	NADH dehydrogenase subunit 5	3327-5145:1
NC_062023.1	CDS	ND4	NADH dehydrogenase subunit 4	5177-6626:1
NC_062023.1	tRNA	trnM(cau)	tRNA-Met	6721-6792:-1
NC_062023.1	CDS	COX3	cytochrome c oxidase subunit III	6836-7622:-1
NC_062023.1	CDS	ATP6	ATP synthase F0 subunit 6	7652-8360:-1
NC_062023.1	CDS	ATP8	ATP synthase F0 subunit 8	8380-8632:-1
NC_062023.1	CDS	COX2	cytochrome c oxidase subunit II	8618-9380:-1
NC_062023.1	CDS	COX1	cytochrome c oxidase subunit I	9503-11183:1
NC_062023.1	rRNA	rns	small subunit ribosomal RNA	11093-12139:1
NC_062023.1	CDS	ND1	NADH dehydrogenase subunit 1	12189-13161:1
NC_062023.1	CDS	CYTB	cytochrome b	13222-14383:1
NC_062023.1	CDS	ND6	NADH dehydrogenase subunit 6	14399-14966:1
NC_062023.1	CDS	ND3	NADH dehydrogenase subunit 3	15009-15363:1
NC_062023.1	CDS	ND4L	NADH dehydrogenase subunit 4L	15384-15678:1
NC_062023.1	CDS	mutS	MutS-like protein	15691-18646:1
NC_062024.1	rRNA	rnl	large subunit ribosomal RNA	18-1590:1
NC_062024.1	CDS	ND2	NADH dehydrogenase subunit 2	2066-3398:1
NC_062024.1	CDS	ND5	NADH dehydrogenase subunit 5	3385-5203:1
NC_062024.1	CDS	ND4	NADH dehydrogenase subunit 4	5246-6695:1
NC_062024.1	tRNA	trnM(cau)	tRNA-Met	6927-6998:-1
NC_062024.1	CDS	COX3	cytochrome c oxidase subunit III	7027-7813:-1
NC_062024.1	CDS	ATP6	ATP synthase F0 subunit 6	7854-8562:-1
NC_062024.1	CDS	ATP8	ATP synthase F0 subunit 8	8582-8798:-1
NC_062024.1	CDS	COX2	cytochrome c oxidase subunit II	8819-9581:-1
NC_062024.1	CDS	COX1	cytochrome c oxidase subunit I	9696-11370:1
NC_062024.1	rRNA	rns	small subunit ribosomal RNA	11389-12362:1
NC_062024.1	CDS	ND1	NADH dehydrogenase subunit 1	12411-13389:1
NC_062024.1	CDS	CYTB	cytochrome b	13500-14661:1
NC_062024.1	CDS	ND6	NADH dehydrogenase subunit 6	14681-15245:1
NC_062024.1	CDS	ND3	NADH dehydrogenase subunit 3	15288-15642:1
NC_062024.1	CDS	ND4L	NADH dehydrogenase subunit 4L	15670-15964:1
NC_062024.1	CDS	mutS	MutS-like protein	15977-18947:1
NC_062025.1	rRNA	rnl	large subunit ribosomal RNA	86-2233:1
NC_062025.1	CDS	ND2	NADH dehydrogenase subunit 2	2024-3371:1
NC_062025.1	CDS	ND5	NADH dehydrogenase subunit 5	3358-5176:1
NC_062025.1	CDS	ND4	NADH dehydrogenase subunit 4	5265-6714:1
NC_062025.1	tRNA	trnM(cau)	tRNA-Met	6777-6848:-1
NC_062025.1	CDS	COX3	cytochrome c oxidase subunit III	6871-7657:-1
NC_062025.1	CDS	CYTB	cytochrome b	7738-8902:-1
NC_062025.1	CDS	ND1	NADH dehydrogenase subunit 1	8962-9934:-1
NC_062025.1	rRNA	rns	small subunit ribosomal RNA	9938-10862:-1
NC_062025.1	CDS	COX1	cytochrome c oxidase subunit I	10900-12607:-1
NC_062025.1	CDS	COX2	cytochrome c oxidase subunit II	12715-13477:1
NC_062025.1	CDS	ATP8	ATP synthase F0 subunit 8	13498-13714:1
NC_062025.1	CDS	ATP6	ATP synthase F0 subunit 6	13738-14449:1
NC_062025.1	CDS	ND6	NADH dehydrogenase subunit 6	14642-15221:1
NC_062025.1	CDS	ND3	NADH dehydrogenase subunit 3	15254-15608:1
NC_062025.1	CDS	ND4L	NADH dehydrogenase subunit 4L	15628-15922:1
NC_062025.1	CDS	mutS	MutS-like protein	15934-18853:1
NC_062026.1	rRNA	rnl	large subunit ribosomal RNA	9-2247:1
NC_062026.1	CDS	ND2	NADH dehydrogenase subunit 2	2036-3383:1
NC_062026.1	CDS	ND5	NADH dehydrogenase subunit 5	3370-5188:1
NC_062026.1	CDS	ND4	NADH dehydrogenase subunit 4	5284-6733:1
NC_062026.1	tRNA	trnM(cau)	tRNA-Met	6789-6860:-1
NC_062026.1	CDS	COX3	cytochrome c oxidase subunit III	6899-7685:-1
NC_062026.1	CDS	ATP6	ATP synthase F0 subunit 6	7749-8457:-1
NC_062026.1	CDS	ATP8	ATP synthase F0 subunit 8	8481-8733:-1
NC_062026.1	CDS	COX2	cytochrome c oxidase subunit II	8719-9481:-1
NC_062026.1	CDS	COX1	cytochrome c oxidase subunit I	9593-11303:1
NC_062026.1	rRNA	rns	small subunit ribosomal RNA	11341-12266:1
NC_062026.1	CDS	ND1	NADH dehydrogenase subunit 1	12270-13242:1
NC_062026.1	CDS	CYTB	cytochrome b	13293-14436:1
NC_062026.1	CDS	ND6	NADH dehydrogenase subunit 6	14466-15024:1
NC_062026.1	CDS	ND3	NADH dehydrogenase subunit 3	15068-15422:1
NC_062026.1	CDS	ND4L	NADH dehydrogenase subunit 4L	15441-15735:1
NC_062026.1	CDS	mutS	MutS-like protein	15748-18730:1
NC_062027.1	rRNA	rnl	large subunit ribosomal RNA	9-2219:1
NC_062027.1	CDS	ND2	NADH dehydrogenase subunit 2	2008-3355:1
NC_062027.1	CDS	ND5	NADH dehydrogenase subunit 5	3342-5160:1
NC_062027.1	CDS	ND4	NADH dehydrogenase subunit 4	5409-6858:1
NC_062027.1	tRNA	trnM(cau)	tRNA-Met	6915-6986:-1
NC_062027.1	CDS	COX3	cytochrome c oxidase subunit III	7025-7811:-1
NC_062027.1	CDS	ATP6	ATP synthase F0 subunit 6	7875-8583:-1
NC_062027.1	CDS	ATP8	ATP synthase F0 subunit 8	8607-8859:-1
NC_062027.1	CDS	COX2	cytochrome c oxidase subunit II	8845-9607:-1
NC_062027.1	CDS	COX1	cytochrome c oxidase subunit I	9719-11429:1
NC_062027.1	rRNA	rns	small subunit ribosomal RNA	11467-12393:1
NC_062027.1	CDS	ND1	NADH dehydrogenase subunit 1	12397-13369:1
NC_062027.1	CDS	CYTB	cytochrome b	13420-14575:1
NC_062027.1	CDS	ND6	NADH dehydrogenase subunit 6	14690-15248:1
NC_062027.1	CDS	ND3	NADH dehydrogenase subunit 3	15303-15657:1
NC_062027.1	CDS	ND4L	NADH dehydrogenase subunit 4L	15676-15970:1
NC_062027.1	CDS	mutS	MutS-like protein	15983-18950:1
NC_062028.1	rRNA	rnl	large subunit ribosomal RNA	9-2247:1
NC_062028.1	CDS	ND2	NADH dehydrogenase subunit 2	2036-3383:1
NC_062028.1	CDS	ND5	NADH dehydrogenase subunit 5	3370-5188:1
NC_062028.1	CDS	ND4	NADH dehydrogenase subunit 4	5284-6733:1
NC_062028.1	tRNA	trnM(cau)	tRNA-Met	6789-6860:-1
NC_062028.1	CDS	COX3	cytochrome c oxidase subunit III	6899-7685:-1
NC_062028.1	CDS	ATP6	ATP synthase F0 subunit 6	7749-8457:-1
NC_062028.1	CDS	ATP8	ATP synthase F0 subunit 8	8481-8733:-1
NC_062028.1	CDS	COX2	cytochrome c oxidase subunit II	8719-9481:-1
NC_062028.1	CDS	COX1	cytochrome c oxidase subunit I	9593-11303:1
NC_062028.1	rRNA	rns	small subunit ribosomal RNA	11341-12266:1
NC_062028.1	CDS	ND1	NADH dehydrogenase subunit 1	12270-13242:1
NC_062028.1	CDS	CYTB	cytochrome b	13293-14436:1
NC_062028.1	CDS	ND6	NADH dehydrogenase subunit 6	14466-15024:1
NC_062028.1	CDS	ND3	NADH dehydrogenase subunit 3	15068-15422:1
NC_062028.1	CDS	ND4L	NADH dehydrogenase subunit 4L	15441-15735:1
NC_062028.1	CDS	mutS	MutS-like protein	15748-18730:1
NC_062029.1	rRNA	rnl	large subunit ribosomal RNA	9-2247:1
NC_062029.1	CDS	ND2	NADH dehydrogenase subunit 2	2036-3383:1
NC_062029.1	CDS	ND5	NADH dehydrogenase subunit 5	3370-5188:1
NC_062029.1	CDS	ND4	NADH dehydrogenase subunit 4	5284-6733:1
NC_062029.1	tRNA	trnM(cau)	tRNA-Met	6789-6860:-1
NC_062029.1	CDS	COX3	cytochrome c oxidase subunit III	6899-7685:-1
NC_062029.1	CDS	ATP6	ATP synthase F0 subunit 6	7749-8457:-1
NC_062029.1	CDS	ATP8	ATP synthase F0 subunit 8	8481-8733:-1
NC_062029.1	CDS	COX2	cytochrome c oxidase subunit II	8719-9481:-1
NC_062029.1	CDS	COX1	cytochrome c oxidase subunit I	9593-11303:1
NC_062029.1	rRNA	rns	small subunit ribosomal RNA	11341-12266:1
NC_062029.1	CDS	ND1	NADH dehydrogenase subunit 1	12270-13242:1
NC_062029.1	CDS	CYTB	cytochrome b	13293-14436:1
NC_062029.1	CDS	ND6	NADH dehydrogenase subunit 6	14466-15024:1
NC_062029.1	CDS	ND3	NADH dehydrogenase subunit 3	15068-15422:1
NC_062029.1	CDS	ND4L	NADH dehydrogenase subunit 4L	15441-15735:1
NC_062029.1	CDS	mutS	MutS-like protein	15748-18730:1
NC_062030.1	rRNA	rnl	large subunit ribosomal RNA	9-2247:1
NC_062030.1	CDS	ND2	NADH dehydrogenase subunit 2	2036-3383:1
NC_062030.1	CDS	ND5	NADH dehydrogenase subunit 5	3370-5188:1
NC_062030.1	CDS	ND4	NADH dehydrogenase subunit 4	5284-6733:1
NC_062030.1	tRNA	trnM(cau)	tRNA-Met	6789-6860:-1
NC_062030.1	CDS	COX3	cytochrome c oxidase subunit III	6899-7685:-1
NC_062030.1	CDS	ATP6	ATP synthase F0 subunit 6	7749-8457:-1
NC_062030.1	CDS	ATP8	ATP synthase F0 subunit 8	8481-8733:-1
NC_062030.1	CDS	COX2	cytochrome c oxidase subunit II	8719-9481:-1
NC_062030.1	CDS	COX1	cytochrome c oxidase subunit I	9593-11303:1
NC_062030.1	rRNA	rns	small subunit ribosomal RNA	11341-12266:1
NC_062030.1	CDS	ND1	NADH dehydrogenase subunit 1	12270-13242:1
NC_062030.1	CDS	CYTB	cytochrome b	13293-14436:1
NC_062030.1	CDS	ND6	NADH dehydrogenase subunit 6	14466-15024:1
NC_062030.1	CDS	ND3	NADH dehydrogenase subunit 3	15068-15422:1
NC_062030.1	CDS	ND4L	NADH dehydrogenase subunit 4L	15441-15735:1
NC_062030.1	CDS	mutS	MutS-like protein	15748-18730:1
NC_062031.1	rRNA	rnl	large subunit ribosomal RNA	9-2247:1
NC_062031.1	CDS	ND2	NADH dehydrogenase subunit 2	2036-3383:1
NC_062031.1	CDS	ND5	NADH dehydrogenase subunit 5	3370-5188:1
NC_062031.1	CDS	ND4	NADH dehydrogenase subunit 4	5284-6733:1
NC_062031.1	tRNA	trnM(cau)	tRNA-Met	6789-6860:-1
NC_062031.1	CDS	COX3	cytochrome c oxidase subunit III	6899-7685:-1
NC_062031.1	CDS	ATP6	ATP synthase F0 subunit 6	7749-8457:-1
NC_062031.1	CDS	ATP8	ATP synthase F0 subunit 8	8481-8733:-1
NC_062031.1	CDS	COX2	cytochrome c oxidase subunit II	8719-9481:-1
NC_062031.1	CDS	COX1	cytochrome c oxidase subunit I	9593-11303:1
NC_062031.1	rRNA	rns	small subunit ribosomal RNA	11341-12266:1
NC_062031.1	CDS	ND1	NADH dehydrogenase subunit 1	12270-13242:1
NC_062031.1	CDS	CYTB	cytochrome b	13293-14436:1
NC_062031.1	CDS	ND6	NADH dehydrogenase subunit 6	14466-15024:1
NC_062031.1	CDS	ND3	NADH dehydrogenase subunit 3	15068-15422:1
NC_062031.1	CDS	ND4L	NADH dehydrogenase subunit 4L	15441-15735:1
NC_062031.1	CDS	mutS	MutS-like protein	15748-18730:1
NC_062032.1	rRNA	rnl	large subunit ribosomal RNA	9-2230:1
NC_062032.1	CDS	ND2	NADH dehydrogenase subunit 2	2019-3366:1
NC_062032.1	CDS	ND5	NADH dehydrogenase subunit 5	3353-5171:1
NC_062032.1	CDS	ND4	NADH dehydrogenase subunit 4	5239-6688:1
NC_062032.1	tRNA	trnM(cau)	tRNA-Met	6747-6818:-1
NC_062032.1	CDS	COX3	cytochrome c oxidase subunit III	6857-7643:-1
NC_062032.1	CDS	ATP6	ATP synthase F0 subunit 6	7707-8415:-1
NC_062032.1	CDS	ATP8	ATP synthase F0 subunit 8	8439-8691:-1
NC_062032.1	CDS	COX2	cytochrome c oxidase subunit II	8677-9439:-1
NC_062032.1	CDS	COX1	cytochrome c oxidase subunit I	9551-11261:1
NC_062032.1	rRNA	rns	small subunit ribosomal RNA	11141-12179:1
NC_062032.1	CDS	ND1	NADH dehydrogenase subunit 1	12229-13201:1
NC_062032.1	CDS	CYTB	cytochrome b	13263-14424:1
NC_062032.1	CDS	ND6	NADH dehydrogenase subunit 6	14464-15022:1
NC_062032.1	CDS	ND3	NADH dehydrogenase subunit 3	15077-15431:1
NC_062032.1	CDS	ND4L	NADH dehydrogenase subunit 4L	15450-15744:1
NC_062032.1	CDS	mutS	MutS-like protein	15757-18739:1
NC_062033.1	rRNA	rnl	large subunit ribosomal RNA	9-2218:1
NC_062033.1	CDS	ND2	NADH dehydrogenase subunit 2	2007-3354:1
NC_062033.1	CDS	ND5	NADH dehydrogenase subunit 5	3341-5159:1
NC_062033.1	CDS	ND4	NADH dehydrogenase subunit 4	5255-6704:1
NC_062033.1	tRNA	trnM(cau)	tRNA-Met	6760-6831:-1
NC_062033.1	CDS	COX3	cytochrome c oxidase subunit III	6870-7656:-1
NC_062033.1	CDS	ATP6	ATP synthase F0 subunit 6	7720-8428:-1
NC_062033.1	CDS	ATP8	ATP synthase F0 subunit 8	8452-8704:-1
NC_062033.1	CDS	COX2	cytochrome c oxidase subunit II	8690-9452:-1
NC_062033.1	CDS	COX1	cytochrome c oxidase subunit I	9564-11274:1
NC_062033.1	rRNA	rns	small subunit ribosomal RNA	11312-12238:1
NC_062033.1	CDS	ND1	NADH dehydrogenase subunit 1	12242-13214:1
NC_062033.1	CDS	CYTB	cytochrome b	13295-14438:1
NC_062033.1	CDS	ND6	NADH dehydrogenase subunit 6	14478-15036:1
NC_062033.1	CDS	ND3	NADH dehydrogenase subunit 3	15079-15433:1
NC_062033.1	CDS	ND4L	NADH dehydrogenase subunit 4L	15452-15746:1
NC_062033.1	CDS	mutS	MutS-like protein	15759-18717:1
NC_062034.1	rRNA	rnl	large subunit ribosomal RNA	9-1973:1
NC_062034.1	CDS	ND2	NADH dehydrogenase subunit 2	2006-3353:1
NC_062034.1	CDS	ND5	NADH dehydrogenase subunit 5	3340-5158:1
NC_062034.1	CDS	ND4	NADH dehydrogenase subunit 4	5200-6649:1
NC_062034.1	tRNA	trnM(cau)	tRNA-Met	6706-6777:-1
NC_062034.1	CDS	COX3	cytochrome c oxidase subunit III	6816-7602:-1
NC_062034.1	CDS	ATP6	ATP synthase F0 subunit 6	7622-8330:-1
NC_062034.1	CDS	ATP8	ATP synthase F0 subunit 8	8368-8584:-1
NC_062034.1	CDS	COX2	cytochrome c oxidase subunit II	8587-9349:-1
NC_062034.1	CDS	COX1	cytochrome c oxidase subunit I	9450-11013:1
NC_062034.1	rRNA	rns	small subunit ribosomal RNA	11053-12079:1
NC_062034.1	CDS	ND1	NADH dehydrogenase subunit 1	12125-13106:1
NC_062034.1	CDS	CYTB	cytochrome b	13167-14328:1
NC_062034.1	CDS	ND6	NADH dehydrogenase subunit 6	14347-14911:1
NC_062034.1	CDS	ND3	NADH dehydrogenase subunit 3	14954-15308:1
NC_062034.1	CDS	ND4L	NADH dehydrogenase subunit 4L	15335-15629:1
NC_062034.1	CDS	mutS	MutS-like protein	15642-18612:1
NC_062035.1	rRNA	rnl	large subunit ribosomal RNA	9-1985:1
NC_062035.1	CDS	ND2	NADH dehydrogenase subunit 2	2009-3365:1
NC_062035.1	CDS	ND5	NADH dehydrogenase subunit 5	3352-5167:1
NC_062035.1	CDS	ND4	NADH dehydrogenase subunit 4	5193-6642:1
NC_062035.1	tRNA	trnM(cau)	tRNA-Met	6760-6831:-1
NC_062035.1	CDS	COX3	cytochrome c oxidase subunit III	6895-7681:-1
NC_062035.1	CDS	ATP6	ATP synthase F0 subunit 6	7738-8446:-1
NC_062035.1	CDS	ATP8	ATP synthase F0 subunit 8	8470-8686:-1
NC_062035.1	CDS	COX2	cytochrome c oxidase subunit II	8728-9490:-1
NC_062035.1	CDS	COX1	cytochrome c oxidase subunit I	9592-11158:1
NC_062035.1	rRNA	rns	small subunit ribosomal RNA	11197-12244:1
NC_062035.1	CDS	ND1	NADH dehydrogenase subunit 1	12302-13283:1
NC_062035.1	CDS	CYTB	cytochrome b	13312-14455:1
NC_062035.1	CDS	ND6	NADH dehydrogenase subunit 6	14473-15028:1
NC_062035.1	CDS	ND3	NADH dehydrogenase subunit 3	15092-15446:1
NC_062035.1	CDS	ND4L	NADH dehydrogenase subunit 4L	15449-15743:1
NC_062035.1	CDS	mutS	MutS-like protein	15756-18741:1
NC_062036.1	rRNA	rnl	large subunit ribosomal RNA	0-2072:1
NC_062036.1	tRNA	trnM(cau)	tRNA-Met	2072-2143:1
NC_062036.1	rRNA	rns	small subunit ribosomal RNA	2143-3299:1
NC_062036.1	CDS	ND1	NADH dehydrogenase subunit 1	3302-4232:1
NC_062036.1	CDS	CYTB	cytochrome b	4237-5410:1
NC_062036.1	CDS	ND4	NADH dehydrogenase subunit 4	5566-7033:1
NC_062036.1	CDS	COX1_COX2	cytochrome c oxidase subunit 1-subunit 2 fusion protein	7039-10057:1
NC_062036.1	CDS	ATP8	ATP synthase F0 subunit 8	10058-10361:1
NC_062036.1	CDS	ATP6	ATP synthase F0 subunit 6	10366-11056:1
NC_062036.1	CDS	COX3	cytochrome c oxidase subunit III	11677-12463:1
NC_062036.1	CDS	ND2	NADH dehydrogenase subunit 2	12485-13790:1
NC_062036.1	CDS	ND5	NADH dehydrogenase subunit 5	13777-15586:1
NC_062036.1	CDS	ND6	NADH dehydrogenase subunit 6	16129-16648:1
NC_062036.1	CDS	ND3	NADH dehydrogenase subunit 3	16654-17005:1
NC_062036.1	CDS	ND4L	NADH dehydrogenase subunit 4L	17065-17359:1
NC_062036.1	CDS	mutS	MutS-like protein	17368-18379:1
NC_062036.1	CDS	mutS	MutS-like protein	18378-21513:1
NC_062037.1	rRNA	rnl	large subunit ribosomal RNA	0-2191:1
NC_062037.1	tRNA	trnM(cau)	tRNA-Met	2191-2262:1
NC_062037.1	rRNA	rns	small subunit ribosomal RNA	2262-3295:1
NC_062037.1	CDS	COX3	cytochrome c oxidase subunit III	3335-4121:1
NC_062037.1	CDS	ND2	NADH dehydrogenase subunit 2	4092-5514:1
NC_062037.1	CDS	ND5	NADH dehydrogenase subunit 5	5501-7304:1
NC_062037.1	CDS	ND6	NADH dehydrogenase subunit 6	8073-8661:1
NC_062037.1	CDS	ND3	NADH dehydrogenase subunit 3	8670-9024:1
NC_062037.1	CDS	ND4	NADH dehydrogenase subunit 4	9025-10441:1
NC_062037.1	CDS	COX1_COX2	cytochrome c oxidase subunit 1-subunit 2 fusion protein	10551-12951:1
NC_062037.1	CDS	ATP8	ATP synthase F0 subunit 8	12958-13141:1
NC_062037.1	CDS	ATP6	ATP synthase F0 subunit 6	13145-13835:1
NC_062037.1	CDS	ND1	NADH dehydrogenase subunit 1	13834-14740:1
NC_062037.1	CDS	CYTB	cytochrome b	14893-16063:1
NC_062037.1	CDS	ND4L	NADH dehydrogenase subunit 4L	16050-16344:1
NC_062037.1	CDS	mutS	MutS-like protein	16521-19491:1
NC_062038.1	rRNA	rnl	large subunit ribosomal RNA	9-2220:1
NC_062038.1	CDS	ND2	NADH dehydrogenase subunit 2	2009-3356:1
NC_062038.1	CDS	ND5	NADH dehydrogenase subunit 5	3343-5161:1
NC_062038.1	CDS	ND4	NADH dehydrogenase subunit 4	5256-6705:1
NC_062038.1	tRNA	trnM(cau)	tRNA-Met	6760-6831:-1
NC_062038.1	CDS	COX3	cytochrome c oxidase subunit III	6870-7656:-1
NC_062038.1	CDS	ATP6	ATP synthase F0 subunit 6	7720-8428:-1
NC_062038.1	CDS	ATP8	ATP synthase F0 subunit 8	8452-8704:-1
NC_062038.1	CDS	COX2	cytochrome c oxidase subunit II	8690-9452:-1
NC_062038.1	CDS	COX1	cytochrome c oxidase subunit I	9564-11307:1
NC_062038.1	rRNA	rns	small subunit ribosomal RNA	11310-12236:1
NC_062038.1	CDS	ND1	NADH dehydrogenase subunit 1	12240-13212:1
NC_062038.1	CDS	CYTB	cytochrome b	13263-14400:1
NC_062038.1	CDS	ND6	NADH dehydrogenase subunit 6	14830-15388:1
NC_062038.1	CDS	ND3	NADH dehydrogenase subunit 3	15431-15785:1
NC_062038.1	CDS	ND4L	NADH dehydrogenase subunit 4L	15804-16098:1
NC_062038.1	CDS	mutS	MutS-like protein	16111-19066:1
NC_062039.1	CDS	ND6	NADH dehydrogenase subunit 6	174-729:1
NC_062039.1	CDS	ND3	NADH dehydrogenase subunit 3	756-1110:1
NC_062039.1	CDS	ND4L	NADH dehydrogenase subunit 4L	1136-1430:1
NC_062039.1	CDS	mutS	MutS-like protein	1447-4438:1
NC_062039.1	rRNA	rnl	large subunit ribosomal RNA	4438-6413:1
NC_062039.1	CDS	ND2	NADH dehydrogenase subunit 2	6471-7809:1
NC_062039.1	CDS	ND5	NADH dehydrogenase subunit 5	7796-9614:1
NC_062039.1	CDS	ND4	NADH dehydrogenase subunit 4	9638-11087:1
NC_062039.1	tRNA	trnM(cau)	tRNA-Met	11151-11220:-1
NC_062039.1	CDS	COX3	cytochrome c oxidase subunit III	11260-12064:-1
NC_062039.1	CDS	ATP6	ATP synthase F0 subunit 6	12073-12781:-1
NC_062039.1	CDS	ATP8	ATP synthase F0 subunit 8	12801-13092:-1
NC_062039.1	CDS	COX2	cytochrome c oxidase subunit II	13039-13801:-1
NC_062039.1	CDS	CYTB	cytochrome b	13967-15125:-1
NC_062039.1	CDS	ND1	NADH dehydrogenase subunit 1	15144-16125:-1
NC_062039.1	rRNA	rns	small subunit ribosomal RNA	16169-17203:-1
NC_062039.1	CDS	COX1	cytochrome c oxidase subunit I	17086-18793:-1
NC_065774.1	CDS	ND5	NADH dehydrogenase subunit 5	0-711:1,11727-12852:1
NC_065774.1	CDS	ND1	NADH dehydrogenase subunit 1	824-1772:1
NC_065774.1	CDS	CYTB	cytochrome b	1927-3067:1
NC_065774.1	CDS	ND2	NADH dehydrogenase subunit 2	3062-4373:1
NC_065774.1	CDS	ND6	NADH dehydrogenase subunit 6	4373-4934:1
NC_065774.1	CDS	ATP6	ATP synthase F0 subunit 6	4933-5611:1
NC_065774.1	CDS	ND4	NADH dehydrogenase subunit 4	5610-7050:1
NC_065774.1	rRNA		12S ribosomal RNA	7152-8063:1
NC_065774.1	CDS	COX3	cytochrome c oxidase subunit III	8063-8843:1
NC_065774.1	rRNA		12S ribosomal RNA	9105-9483:1
NC_065774.1	CDS	COX3	cytochrome c oxidase subunit III	9483-10341:1
NC_065774.1	CDS	COX2	cytochrome c oxidase subunit II	10365-11073:1
NC_065774.1	CDS	ND4L	NADH dehydrogenase subunit 4L	11054-11354:1
NC_065774.1	CDS	ND3	NADH dehydrogenase subunit 3	11356-11698:1
NC_065774.1	tRNA		tRNA-Trp	12850-12920:1
NC_065774.1	CDS	ATP8	ATP synthase F0 subunit 8	12923-13121:1
NC_065774.1	CDS	COX1	cytochrome c oxidase subunit I	13120-14695:1
NC_065774.1	tRNA		tRNA-Met	16258-16330:1
NC_065774.1	rRNA		16S ribosomal RNA	16484-18160:1
NC_065775.1	CDS	ND5	NADH dehydrogenase subunit 5	0-711:1,10136-11228:1
NC_065775.1	CDS	ND1	NADH dehydrogenase subunit 1	819-1767:1
NC_065775.1	CDS	CYTB	cytochrome b	1769-2909:1
NC_065775.1	CDS	ND2	NADH dehydrogenase subunit 2	2934-4221:1
NC_065775.1	CDS	ND6	NADH dehydrogenase subunit 6	4257-4782:1
NC_065775.1	CDS	ATP6	ATP synthase F0 subunit 6	4781-5459:1
NC_065775.1	CDS	ND4	NADH dehydrogenase subunit 4	5458-6898:1
NC_065775.1	rRNA		12S ribosomal RNA	7001-7911:1
NC_065775.1	CDS	COX3	cytochrome c oxidase subunit III	7904-8684:1
NC_065775.1	CDS	COX2	cytochrome c oxidase subunit II	8746-9460:1
NC_065775.1	CDS	ND4L	NADH dehydrogenase subunit 4L	9435-9735:1
NC_065775.1	CDS	ND3	NADH dehydrogenase subunit 3	9737-10079:1
NC_065775.1	tRNA		tRNA-Trp	11312-11382:1
NC_065775.1	CDS	ATP8	ATP synthase F0 subunit 8	11385-11583:1
NC_065775.1	CDS	COX1	cytochrome c oxidase subunit I	11573-13154:1
NC_065775.1	tRNA		tRNA-Met	13885-13957:1
NC_065775.1	rRNA		16S ribosomal RNA	14319-16041:1
NC_065776.1	CDS	ND5	NADH dehydrogenase subunit 5	0-714:1,7151-8303:1
NC_065776.1	CDS	ND1	NADH dehydrogenase subunit 1	824-1772:1
NC_065776.1	CDS	ATP6	ATP synthase F0 subunit 6	1814-2513:1
NC_065776.1	CDS	ND4	NADH dehydrogenase subunit 4	2512-3958:1
NC_065776.1	rRNA		12S ribosomal RNA	3964-4969:1
NC_065776.1	CDS	COX3	cytochrome c oxidase subunit III	4969-5749:1
NC_065776.1	CDS	COX2	cytochrome c oxidase subunit II	5844-6462:1
NC_065776.1	CDS	ND4L	NADH dehydrogenase subunit 4L	6451-6751:1
NC_065776.1	CDS	ND3	NADH dehydrogenase subunit 3	6752-7097:1
NC_065776.1	CDS	CYTB	cytochrome b	8503-9664:1
NC_065776.1	CDS	ND2	NADH dehydrogenase subunit 2	9656-10976:1
NC_065776.1	CDS	ND6	NADH dehydrogenase subunit 6	10977-11529:1
NC_065776.1	tRNA		tRNA-Trp	12144-12214:1
NC_065776.1	CDS	ATP8	ATP synthase F0 subunit 8	12455-12623:1
NC_065776.1	CDS	COX1	cytochrome c oxidase subunit I	12612-14161:1
NC_065776.1	tRNA		tRNA-Met	14161-14232:1
NC_065776.1	rRNA		16S ribosomal RNA	14267-16105:1
NC_066051.1	CDS	ND5	NADH dehydrogenase subunit 5	0-717:1,2455-3571:1
NC_066051.1	CDS	ND1	NADH dehydrogenase subunit 1	919-1924:1
NC_066051.1	CDS	ND3	NADH dehydrogenase subunit 3	1930-2287:1
NC_066051.1	tRNA	trnW	tRNA-Trp	3685-3756:1
NC_066051.1	CDS	ND2	NADH dehydrogenase subunit 2	4025-5183:1
NC_066051.1	rRNA	rrn12	12S ribosomal RNA	5232-6314:1
NC_066051.1	CDS	COX2	cytochrome c oxidase subunit II	6367-7108:1
NC_066051.1	CDS	ND4	NADH dehydrogenase subunit 4	7731-9198:1
NC_066051.1	CDS	ND6	NADH dehydrogenase subunit 6	9202-9811:1
NC_066051.1	CDS	CYTB	cytochrome b	9838-10990:1
NC_066051.1	tRNA	trnM	tRNA-Met	11411-11482:1
NC_066051.1	rRNA	rrn16	16S ribosomal RNA	11484-13677:1
NC_066051.1	CDS	COX3	cytochrome c oxidase subunit III	13748-14537:1
NC_066051.1	CDS	COX1	cytochrome c oxidase subunit I	14608-15499:1,16352-17033:1
NC_066051.1	CDS	ND4L	NADH dehydrogenase subunit 4L	17229-17529:1
NC_066051.1	CDS	ATP8	ATP synthase F0 subunit 8	17553-17769:1
NC_066051.1	CDS	ATP6	ATP synthase F0 subunit 6	17802-18492:1
NC_066448.1	CDS	nad5	NADH dehydrogenase subunit 5	0-717:1,2769-3885:1
NC_066448.1	CDS	nad1	NADH dehydrogenase subunit 1	941-1925:1
NC_066448.1	CDS	nad3	NADH dehydrogenase subunit 3	1969-2326:1
NC_066448.1	tRNA	tRNA-Trp(TCA)	tRNA-Trp	4198-4268:1
NC_066448.1	CDS	nad2	NADH dehydrogenase subunit 2	4602-5766:1
NC_066448.1	rRNA	12S-rRNA	small subunit ribosomal RNA	5815-6896:1
NC_066448.1	CDS	cox2	cytochrome c oxidase subunit 2	6949-7690:1
NC_066448.1	CDS	nad4	NADH dehydrogenase subunit 4	9611-11078:1
NC_066448.1	CDS	nad6	NADH dehydrogenase subunit 6	11082-11691:1
NC_066448.1	CDS	cob	cytochrome b	11721-12870:1
NC_066448.1	tRNA	tRNA-Met(CAT)	tRNA-Met	13116-13187:1
NC_066448.1	rRNA	16S-rRNA	large subunit ribosomal RNA	13187-15404:1
NC_066448.1	CDS	cox3	cytochrome c oxidase subunit 3	15472-16261:1
NC_066448.1	CDS	cox1	cytochrome c oxidase subunit 1	16955-17845:1,18698-19398:1
NC_066448.1	CDS	nad4l	NADH dehydrogenase subunit 4L	19438-19738:1
NC_066448.1	CDS	atp8	ATP synthase F0 subunit 8	19762-19978:1
NC_066448.1	CDS	atp6	ATP synthase F0 subunit 6	20011-20701:1
NC_066899.1	CDS	COX1	cytochrome c oxidase subunit I	0-1704:1
NC_066899.1	rRNA		12S ribosomal RNA	1747-2672:1
NC_066899.1	CDS	ND1	NADH dehydrogenase subunit 1	2676-3648:1
NC_066899.1	CDS	CYTB	cytochrome b	3681-4836:1
NC_066899.1	CDS	ND6	NADH dehydrogenase subunit 6	4849-5407:1
NC_066899.1	CDS	ND3	NADH dehydrogenase subunit 3	5450-5810:1
NC_066899.1	CDS	ND4L	NADH dehydrogenase subunit 4L	5822-6116:1
NC_066899.1	CDS	mutS	MutS-like protein	6129-9093:1
NC_066899.1	rRNA		16S ribosomal RNA	9119-11297:1
NC_066899.1	CDS	ND2	NADH dehydrogenase subunit 2	11301-12459:1
NC_066899.1	CDS	ND5	NADH dehydrogenase subunit 5	12446-14264:1
NC_066899.1	CDS	ND4	NADH dehydrogenase subunit 4	14363-15812:1
NC_066899.1	tRNA		tRNA-Met	15866-15937:-1
NC_066899.1	CDS	COX3	cytochrome c oxidase subunit III	15975-16761:-1
NC_066899.1	CDS	ATP6	ATP synthase F0 subunit 6	16825-17533:-1
NC_066899.1	CDS	ATP8	ATP synthase F0 subunit 8	17557-17773:-1
NC_066899.1	CDS	COX2	cytochrome c oxidase subunit II	17794-18556:-1
NC_067077.1	CDS	ND2	NADH dehydrogenase subunit 2	18613-18640:1,0-1350:1
NC_067077.1	CDS	ND5	NADH dehydrogenase subunit 5	1337-3155:1
NC_067077.1	CDS	ND4	NADH dehydrogenase subunit 4	3181-4630:1
NC_067077.1	tRNA	trnM	tRNA-Met	4725-4796:-1
NC_067077.1	CDS	COX3	cytochrome c oxidase subunit III	4861-5647:-1
NC_067077.1	CDS	ATP6	ATP synthase F0 subunit 6	5704-6412:-1
NC_067077.1	CDS	ATP8	ATP synthase F0 subunit 8	6431-6647:-1
NC_067077.1	CDS	COX2	cytochrome c oxidase subunit II	6689-7451:-1
NC_067077.1	CDS	COX1	cytochrome c oxidase subunit I	7553-9119:1
NC_067077.1	rRNA	rrn12	small subunit ribosomal RNA	9154-10216:1
NC_067077.1	CDS	ND1	NADH dehydrogenase subunit 1	10266-11247:1
NC_067077.1	CDS	CYTB	cytochrome b	11259-12420:1
NC_067077.1	CDS	ND6	NADH dehydrogenase subunit 6	12437-12992:1
NC_067077.1	CDS	ND3	NADH dehydrogenase subunit 3	13040-13394:1
NC_067077.1	CDS	ND4L	NADH dehydrogenase subunit 4L	13397-13691:1
NC_067077.1	CDS	mutS	mutS-like protein	13704-16629:1
NC_067077.1	rRNA	rrn16	large subunit ribosomal RNA	16638-18610:1
NC_068220.1	CDS	ND5	NADH dehydrogenase subunit 5	0-714:1,7171-8293:1
NC_068220.1	CDS	ND1	NADH dehydrogenase subunit 1	808-1771:1
NC_068220.1	CDS	ATP6	ATP synthase F0 subunit 6	1822-2521:1
NC_068220.1	CDS	ND4	NADH dehydrogenase subunit 4	2520-3966:1
NC_068220.1	rRNA		12S ribosomal RNA	3966-4989:1
NC_068220.1	CDS	COX3	cytochrome c oxidase subunit III	4989-5769:1
NC_068220.1	CDS	COX2	cytochrome c oxidase subunit II	5756-6482:1
NC_068220.1	CDS	ND4L	NADH dehydrogenase subunit 4L	6471-6771:1
NC_068220.1	CDS	ND3	NADH dehydrogenase subunit 3	6772-7117:1
NC_068220.1	CDS	CYTB	cytochrome b	8667-9807:1
NC_068220.1	CDS	ND2	NADH dehydrogenase subunit 2	9802-11119:1
NC_068220.1	CDS	ND6	NADH dehydrogenase subunit 6	11120-11684:1
NC_068220.1	tRNA		tRNA-Trp	11924-11994:1
NC_068220.1	CDS	ATP8	ATP synthase F0 subunit 8	11997-12156:1
NC_068220.1	CDS	COX1	cytochrome c oxidase subunit I	13035-14589:1
NC_068220.1	tRNA		tRNA-Met	14583-14655:1
NC_068220.1	rRNA		16S ribosomal RNA	14678-16536:1
NC_068221.1	CDS	ND5	NADH dehydrogenase subunit 5	0-714:1,7171-8293:1
NC_068221.1	CDS	ND1	NADH dehydrogenase subunit 1	808-1771:1
NC_068221.1	CDS	ATP6	ATP synthase F0 subunit 6	1822-2521:1
NC_068221.1	CDS	ND4	NADH dehydrogenase subunit 4	2520-3966:1
NC_068221.1	rRNA		12S ribosomal RNA	3966-4989:1
NC_068221.1	CDS	COX3	cytochrome c oxidase subunit III	4989-5769:1
NC_068221.1	CDS	COX2	cytochrome c oxidase subunit II	5756-6482:1
NC_068221.1	CDS	ND4L	NADH dehydrogenase subunit 4L	6471-6771:1
NC_068221.1	CDS	ND3	NADH dehydrogenase subunit 3	6772-7117:1
NC_068221.1	CDS	CYTB	cytochrome b	8667-9807:1
NC_068221.1	CDS	ND2	NADH dehydrogenase subunit 2	9802-11119:1
NC_068221.1	CDS	ND6	NADH dehydrogenase subunit 6	11120-11684:1
NC_068221.1	tRNA		tRNA-Trp	11924-11994:1
NC_068221.1	CDS	ATP8	ATP synthase F0 subunit 8	11997-12156:1
NC_068221.1	CDS	COX1	cytochrome c oxidase subunit I	13035-14589:1
NC_068221.1	tRNA		tRNA-Met	14583-14655:1
NC_068221.1	rRNA		16S ribosomal RNA	14678-16536:1
NC_069554.1	CDS	COX1	cytochrome c oxidase subunit I	0-1591:1
NC_069554.1	rRNA		12S ribosomal RNA	1759-2683:1
NC_069554.1	CDS	ND1	NADH dehydrogenase subunit 1	2687-3656:1
NC_069554.1	CDS	CYTB	cytochrome b	3720-4881:1
NC_069554.1	CDS	ND6	NADH dehydrogenase subunit 6	4915-5473:1
NC_069554.1	CDS	ND3	NADH dehydrogenase subunit 3	5521-5875:1
NC_069554.1	CDS	ND4L	NADH dehydrogenase subunit 4L	5894-6188:1
NC_069554.1	CDS	MutS	MutS-like protein	6200-9122:1
NC_069554.1	rRNA		16S ribosomal RNA	9140-11323:1
NC_069554.1	CDS	ND2	NADH dehydrogenase subunit 2	11327-12485:1
NC_069554.1	CDS	ND5	NADH dehydrogenase subunit 5	12472-14296:1
NC_069554.1	CDS	ND4	NADH dehydrogenase subunit 4	14385-15834:1
NC_069554.1	tRNA		tRNA-Met	15878-15949:-1
NC_069554.1	CDS	COX3	cytochrome c oxidase subunit III	15988-16774:-1
NC_069554.1	CDS	ATP6	ATP synthase F0 subunit 6	16838-17546:-1
NC_069554.1	CDS	ATP8	ATP synthase F0 subunit 8	17568-17784:-1
NC_069554.1	CDS	COX2	cytochrome c oxidase subunit II	17806-18568:-1
NC_069594.1	CDS	ND5	NADH dehydrogenase subunit 5	0-708:1,2561-3692:1
NC_069594.1	CDS	ND1	NADH dehydrogenase subunit 1	1073-2057:1
NC_069594.1	CDS	ND3	NADH dehydrogenase subunit 3	2089-2446:1
NC_069594.1	tRNA		tRNA-Trp	3719-3789:1
NC_069594.1	CDS	ND2	NADH dehydrogenase subunit 2	4192-5326:1
NC_069594.1	rRNA		12S ribosomal RNA	5699-6671:1
NC_069594.1	CDS	CYTB	cytochrome b	6774-7908:1
NC_069594.1	tRNA		tRNA-Met	7957-8028:1
NC_069594.1	rRNA		16S ribosomal RNA	8355-10540:1
NC_069594.1	CDS	COX3	cytochrome c oxidase subunit III	10766-11555:1
NC_069594.1	CDS	COX1	cytochrome c oxidase subunit I	11589-13179:1
NC_069594.1	CDS	ND4L	NADH dehydrogenase subunit 4L	13271-13571:1
NC_069594.1	CDS	COX2	cytochrome c oxidase subunit II	13641-14391:1
NC_069594.1	CDS	ND4	NADH dehydrogenase subunit 4	14452-15928:1
NC_069594.1	CDS	ND6	NADH dehydrogenase subunit 6	16040-16604:1
NC_069594.1	CDS	ATP8	ATP synthase F0 subunit 8	16628-16841:1
NC_069594.1	CDS	ATP6	ATP synthase F0 subunit 6	16923-17622:1
NC_070437.1	tRNA		tRNA-Met	0-71:1
NC_070437.1	rRNA		16S ribosomal RNA	106-2378:1
NC_070437.1	CDS	ND5	NADH dehydrogenase subunit 5	2669-3389:1,14639-15755:1
NC_070437.1	CDS	ND1	NADH dehydrogenase subunit 1	3721-4705:1
NC_070437.1	CDS	CYTB	cytochrome b	4809-5973:1
NC_070437.1	CDS	ND2	NADH dehydrogenase subunit 2	6612-7710:1
NC_070437.1	CDS	ND6	NADH dehydrogenase subunit 6	7743-8337:1
NC_070437.1	CDS	ATP6	ATP synthase F0 subunit 6	8419-9118:1
NC_070437.1	CDS	ND4	NADH dehydrogenase subunit 4	9384-10860:1
NC_070437.1	rRNA		12S ribosomal RNA	10948-12013:1
NC_070437.1	CDS	COX3	cytochrome c oxidase subunit III	12247-13036:1
NC_070437.1	CDS	COX2	cytochrome c oxidase subunit II	13070-13814:1
NC_070437.1	CDS	ND4L	NADH dehydrogenase subunit 4L	13867-14167:1
NC_070437.1	CDS	ND3	NADH dehydrogenase subunit 3	14183-14540:1
NC_070437.1	tRNA		tRNA-Trp	15795-15865:1
NC_070437.1	CDS	ATP8	ATP synthase F0 subunit 8	15897-16113:1
NC_070437.1	CDS	COX1	cytochrome c oxidase subunit I	16218-17112:1,18076-18760:1
NC_071215.1	CDS	COX1	cytochrome c oxidase subunit I	0-1710:1
NC_071215.1	rRNA	rrnS	12S ribosomal RNA	1710-2675:1
NC_071215.1	CDS	ND1	NADH dehydrogenase subunit 1	2675-3647:1
NC_071215.1	CDS	CYTB	cytochrome b	3725-4868:1
NC_071215.1	CDS	ND6	NADH dehydrogenase subunit 6	4908-5466:1
NC_071215.1	CDS	ND3	NADH dehydrogenase subunit 3	5509-5863:1
NC_071215.1	CDS	ND4L	NADH dehydrogenase subunit 4L	5882-6176:1
NC_071215.1	CDS	mutS	MutS-like protein	6189-9159:1
NC_071215.1	rRNA	rrnL	16S ribosomal RNA	9159-11171:1
NC_071215.1	CDS	ND2	NADH dehydrogenase subunit 2	11171-12518:1
NC_071215.1	CDS	ND5	NADH dehydrogenase subunit 5	12505-14323:1
NC_071215.1	CDS	ND4	NADH dehydrogenase subunit 4	14420-15869:1
NC_071215.1	tRNA	trnM	tRNA-Met	15928-15999:-1
NC_071215.1	CDS	COX3	cytochrome c oxidase subunit III	16035-16821:-1
NC_071215.1	CDS	ATP6	ATP synthase F0 subunit 6	16885-17593:-1
NC_071215.1	CDS	ATP8	ATP synthase F0 subunit 8	17616-17832:-1
NC_071215.1	CDS	COX2	cytochrome c oxidase subunit II	17853-18615:-1
NC_071821.1	tRNA		tRNA-Met	17682-17711:1,0-42:1
NC_071821.1	rRNA		16S ribosomal RNA	287-2294:1
NC_071821.1	CDS	COX3	cytochrome c oxidase subunit III	2446-3235:1
NC_071821.1	CDS	COX1	cytochrome c oxidase subunit I	3265-4159:1,5058-5748:1
NC_071821.1	CDS	ND4L	NADH dehydrogenase subunit 4L	5831-6131:1
NC_071821.1	CDS	COX2	cytochrome c oxidase subunit II	6161-6911:1
NC_071821.1	CDS	ND4	NADH dehydrogenase subunit 4	6921-8397:1
NC_071821.1	CDS	ND6	NADH dehydrogenase subunit 6	8474-9044:1
NC_071821.1	CDS	ATP8	ATP synthase F0 subunit 8	9048-9261:1
NC_071821.1	CDS	ATP6	ATP synthase F0 subunit 6	9270-9969:1
NC_071821.1	CDS	ND5	NADH dehydrogenase subunit 5	9994-10714:1,12413-13544:1
NC_071821.1	CDS	ND1	NADH dehydrogenase subunit 1	10967-11951:1
NC_071821.1	CDS	ND3	NADH dehydrogenase subunit 3	11956-12316:1
NC_071821.1	tRNA		tRNA-Trp	13577-13647:1
NC_071821.1	CDS	ND2	NADH dehydrogenase subunit 2	14036-15152:1
NC_071821.1	rRNA		12S ribosomal RNA	15440-16427:1
NC_071821.1	CDS	CYTB	cytochrome b	16486-17623:1
NC_071915.1	CDS	COX1	cytochrome c oxidase subunit I	177-1068:1,1932-2613:1
NC_071915.1	CDS	ND4L	NADH dehydrogenase subunit 4L	3035-3335:1
NC_071915.1	CDS	ATP8	ATP synthase F0 subunit 8	3353-3575:1
NC_071915.1	CDS	ATP6	ATP synthase F0 subunit 6	3599-4298:1
NC_071915.1	CDS	ND5	NADH dehydrogenase subunit 5	4356-5070:1,6997-8113:1
NC_071915.1	CDS	ND1	NADH dehydrogenase subunit 1	5218-6280:1
NC_071915.1	CDS	ND3	NADH dehydrogenase subunit 3	6286-6643:1
NC_071915.1	tRNA	trnW(uca)	tRNA-Trp	8360-8430:1
NC_071915.1	CDS	ND2	NADH dehydrogenase subunit 2	8482-9859:1
NC_071915.1	rRNA	rrn12	12S ribosomal RNA	9931-10990:1
NC_071915.1	CDS	COX2	cytochrome c oxidase subunit II	11043-11784:1
NC_071915.1	CDS		hypothetical protein	11792-13727:1
NC_071915.1	CDS	ND4	NADH dehydrogenase subunit 4	13905-15372:1
NC_071915.1	CDS	ND6	NADH dehydrogenase subunit 6	15376-15985:1
NC_071915.1	CDS	CYTB	cytochrome b	16012-17164:1
NC_071915.1	tRNA	trnM(cau)	tRNA-Met	17612-17683:1
NC_071915.1	rRNA	rrn16	16S ribosomal RNA	17869-19867:1
NC_071915.1	CDS	COX3	cytochrome c oxidase subunit III	19948-20737:1
NC_072168.1	tRNA		tRNA-Met	0-71:1
NC_072168.1	rRNA		16S ribosomal RNA	71-2331:1
NC_072168.1	CDS	ND5	NADH dehydrogenase subunit 5	2433-3153:1,14642-15758:1
NC_072168.1	CDS	ND1	NADH dehydrogenase subunit 1	3475-4459:1
NC_072168.1	CDS	CYTB	cytochrome b	4565-5723:1
NC_072168.1	CDS	ND2	NADH dehydrogenase subunit 2	6256-7354:1
NC_072168.1	CDS	ND6	NADH dehydrogenase subunit 6	7386-7980:1
NC_072168.1	CDS	ATP6	ATP synthase F0 subunit 6	8051-8750:1
NC_072168.1	CDS	ND4	NADH dehydrogenase subunit 4	8929-10405:1
NC_072168.1	rRNA		12S ribosomal RNA	10433-11608:1
NC_072168.1	CDS	COX3	cytochrome c oxidase subunit III	12235-13024:1
NC_072168.1	CDS	COX2	cytochrome c oxidase subunit II	13079-13823:1
NC_072168.1	CDS	ND4L	NADH dehydrogenase subunit 4L	13858-14158:1
NC_072168.1	CDS	ND3	NADH dehydrogenase subunit 3	14189-14546:1
NC_072168.1	tRNA		tRNA-Trp	15787-15857:1
NC_072168.1	CDS	ATP8	ATP synthase F0 subunit 8	15889-16108:1
NC_072168.1	CDS	COX1	cytochrome c oxidase subunit I	16089-17691:1
NC_072224.1	tRNA		tRNA-Met	0-71:1
NC_072224.1	rRNA		16S ribosomal RNA	71-2331:1
NC_072224.1	CDS	ND5	NADH dehydrogenase subunit 5	2433-3153:1,15226-16342:1
NC_072224.1	CDS	ND1	NADH dehydrogenase subunit 1	3476-4460:1
NC_072224.1	CDS	CYTB	cytochrome b	4571-5729:1
NC_072224.1	CDS	ND2	NADH dehydrogenase subunit 2	6253-7351:1
NC_072224.1	CDS	ND6	NADH dehydrogenase subunit 6	7383-7977:1
NC_072224.1	CDS	ATP6	ATP synthase F0 subunit 6	8045-8744:1
NC_072224.1	CDS	ND4	NADH dehydrogenase subunit 4	8895-10371:1
NC_072224.1	rRNA		12S ribosomal RNA	10423-11599:1
NC_072224.1	CDS	COX3	cytochrome c oxidase subunit III	12821-13610:1
NC_072224.1	CDS	COX2	cytochrome c oxidase subunit II	13666-14410:1
NC_072224.1	CDS	ND4L	NADH dehydrogenase subunit 4L	14442-14742:1
NC_072224.1	CDS	ND3	NADH dehydrogenase subunit 3	14774-15131:1
NC_072224.1	tRNA		tRNA-Trp	16372-16442:1
NC_072224.1	CDS	ATP8	ATP synthase F0 subunit 8	16474-16693:1
NC_072224.1	CDS	COX1	cytochrome c oxidase subunit I	16674-18276:1
NC_072225.1	tRNA		tRNA-Met	0-71:1
NC_072225.1	rRNA		16S ribosomal RNA	71-2331:1
NC_072225.1	CDS	ND5	NADH dehydrogenase subunit 5	2433-3153:1,15224-16340:1
NC_072225.1	CDS	ND1	NADH dehydrogenase subunit 1	3476-4460:1
NC_072225.1	CDS	CYTB	cytochrome b	4570-5728:1
NC_072225.1	CDS	ND2	NADH dehydrogenase subunit 2	6252-7350:1
NC_072225.1	CDS	ND6	NADH dehydrogenase subunit 6	7382-7976:1
NC_072225.1	CDS	ATP6	ATP synthase F0 subunit 6	8044-8743:1
NC_072225.1	CDS	ND4	NADH dehydrogenase subunit 4	8894-10370:1
NC_072225.1	rRNA		12S ribosomal RNA	10422-11598:1
NC_072225.1	CDS	COX3	cytochrome c oxidase subunit III	12819-13608:1
NC_072225.1	CDS	COX2	cytochrome c oxidase subunit II	13664-14408:1
NC_072225.1	CDS	ND4L	NADH dehydrogenase subunit 4L	14440-14740:1
NC_072225.1	CDS	ND3	NADH dehydrogenase subunit 3	14772-15129:1
NC_072225.1	tRNA		tRNA-Trp	16370-16440:1
NC_072225.1	CDS	ATP8	ATP synthase F0 subunit 8	16472-16691:1
NC_072225.1	CDS	COX1	cytochrome c oxidase subunit I	16672-18274:1
NC_073491.1	CDS	COX1	cytochrome c oxidase subunit I	0-1597:1
NC_073491.1	rRNA		small subunit ribosomal RNA	1748-2674:1
NC_073491.1	CDS	ND1	NADH dehydrogenase subunit 1	2678-3650:1
NC_073491.1	CDS	CYTB	cytochrome b	3712-4870:1
NC_073491.1	CDS	ND6	NADH dehydrogenase subunit 6	4915-5473:1
NC_073491.1	CDS	ND3	NADH dehydrogenase subunit 3	5516-5870:1
NC_073491.1	CDS	ND4L	NADH dehydrogenase subunit 4L	5889-6183:1
NC_073491.1	CDS		MutS-like protein	6196-9166:1
NC_073491.1	rRNA		large subunit ribosomal RNA	9175-11370:1
NC_073491.1	CDS	ND2	NADH dehydrogenase subunit 2	11374-12532:1
NC_073491.1	CDS	ND5	NADH dehydrogenase subunit 5	12519-14337:1
NC_073491.1	CDS	ND4	NADH dehydrogenase subunit 4	14430-15879:1
NC_073491.1	tRNA		tRNA-Met	15936-16007:-1
NC_073491.1	CDS	COX3	cytochrome c oxidase subunit III	16046-16832:-1
NC_073491.1	CDS	ATP6	ATP synthase F0 subunit 6	16896-17604:-1
NC_073491.1	CDS	ATP8	ATP synthase F0 subunit 8	17628-17844:-1
NC_073491.1	CDS	COX2	cytochrome c oxidase subunit II	17866-18628:-1
NC_073492.1	CDS	COX1	cytochrome c oxidase subunit I	0-1597:1
NC_073492.1	rRNA		small subunit ribosomal RNA	1748-2674:1
NC_073492.1	CDS	ND1	NADH dehydrogenase subunit 1	2678-3650:1
NC_073492.1	CDS	CYTB	cytochrome b	3699-4857:1
NC_073492.1	CDS	ND6	NADH dehydrogenase subunit 6	5170-5728:1
NC_073492.1	CDS	ND3	NADH dehydrogenase subunit 3	5771-6125:1
NC_073492.1	CDS	ND4L	NADH dehydrogenase subunit 4L	6144-6438:1
NC_073492.1	CDS		MutS-like protein	6451-9433:1
NC_073492.1	rRNA		large subunit ribosomal RNA	9442-11637:1
NC_073492.1	CDS	ND2	NADH dehydrogenase subunit 2	11641-12799:1
NC_073492.1	CDS	ND5	NADH dehydrogenase subunit 5	12786-14604:1
NC_073492.1	CDS	ND4	NADH dehydrogenase subunit 4	14668-16117:1
NC_073492.1	tRNA		tRNA-Met	16174-16245:-1
NC_073492.1	CDS	COX3	cytochrome c oxidase subunit III	16284-17070:-1
NC_073492.1	CDS	ATP6	ATP synthase F0 subunit 6	17134-17842:-1
NC_073492.1	CDS	ATP8	ATP synthase F0 subunit 8	17865-18081:-1
NC_073492.1	CDS	COX2	cytochrome c oxidase subunit II	18103-18865:-1
NC_073493.1	CDS	COX1	cytochrome c oxidase subunit I	0-1597:1
NC_073493.1	rRNA		small subunit ribosomal RNA	1748-2682:1
NC_073493.1	CDS	ND1	NADH dehydrogenase subunit 1	2685-3657:1
NC_073493.1	CDS	CYTB	cytochrome b	3719-4880:1
NC_073493.1	CDS	ND6	NADH dehydrogenase subunit 6	4919-5477:1
NC_073493.1	CDS	ND3	NADH dehydrogenase subunit 3	5520-5874:1
NC_073493.1	CDS	ND4L	NADH dehydrogenase subunit 4L	5898-6192:1
NC_073493.1	CDS		MutS-like protein	6205-9181:1
NC_073493.1	rRNA		large subunit ribosomal RNA	9190-11365:1
NC_073493.1	CDS	ND2	NADH dehydrogenase subunit 2	11369-12527:1
NC_073493.1	CDS	ND5	NADH dehydrogenase subunit 5	12514-14332:1
NC_073493.1	CDS	ND4	NADH dehydrogenase subunit 4	14425-15874:1
NC_073493.1	tRNA		tRNA-Met	15931-16002:-1
NC_073493.1	CDS	COX3	cytochrome c oxidase subunit III	16046-16832:-1
NC_073493.1	CDS	ATP6	ATP synthase F0 subunit 6	16892-17600:-1
NC_073493.1	CDS	ATP8	ATP synthase F0 subunit 8	17632-17848:-1
NC_073493.1	CDS	COX2	cytochrome c oxidase subunit II	17875-18637:-1
NC_073494.1	CDS	COX1	cytochrome c oxidase subunit I	0-1597:1
NC_073494.1	rRNA		12S ribosomal RNA	1748-2674:1
NC_073494.1	CDS	ND1	NADH dehydrogenase subunit 1	2678-3650:1
NC_073494.1	CDS	CYTB	cytochrome b	3711-4872:1
NC_073494.1	CDS	ND6	NADH dehydrogenase subunit 6	4912-5470:1
NC_073494.1	CDS	ND3	NADH dehydrogenase subunit 3	5513-5873:1
NC_073494.1	CDS	ND4L	NADH dehydrogenase subunit 4L	5885-6179:1
NC_073494.1	CDS	muts	MutS-like protein	6192-9150:1
NC_073494.1	rRNA	rrnL	16S ribosomal RNA	9159-11342:1
NC_073494.1	CDS	ND2	NADH dehydrogenase subunit 2	11346-12504:1
NC_073494.1	CDS	ND5	NADH dehydrogenase subunit 5	12491-14309:1
NC_073494.1	CDS	ND4	NADH dehydrogenase subunit 4	14959-16408:1
NC_073494.1	tRNA		tRNA-Met	16465-16532:1
NC_073494.1	CDS	COX3	cytochrome c oxidase subunit III	16575-17361:-1
NC_073494.1	CDS	ATP6	ATP synthase F0 subunit 6	17425-18133:-1
NC_073494.1	CDS	ATP8	ATP synthase F0 subunit 8	18155-18371:-1
NC_073494.1	CDS	COX2	cytochrome c oxidase subunit II	18393-19155:-1
NC_077265.1	tRNA	trnM	tRNA-Met	0-71:1
NC_077265.1	rRNA	rrn16	16S ribosomal RNA	71-2330:1
NC_077265.1	CDS	ND5	NADH dehydrogenase subunit 5	2432-3152:1,15478-16594:1
NC_077265.1	CDS	ND1	NADH dehydrogenase subunit 1	3475-4459:1
NC_077265.1	CDS	CYTB	cytochrome b	4569-5727:1
NC_077265.1	CDS	ND2	NADH dehydrogenase subunit 2	6247-7345:1
NC_077265.1	CDS	ND6	NADH dehydrogenase subunit 6	7377-7971:1
NC_077265.1	CDS	ATP6	ATP synthase F0 subunit 6	8040-8739:1
NC_077265.1	CDS	ND4	NADH dehydrogenase subunit 4	8915-10391:1
NC_077265.1	rRNA	rrn12	12S ribosomal RNA	10443-11619:1
NC_077265.1	CDS	COX3	cytochrome c oxidase subunit III	13071-13860:1
NC_077265.1	CDS	COX2	cytochrome c oxidase subunit II	13916-14660:1
NC_077265.1	CDS	ND4L	NADH dehydrogenase subunit 4L	14694-14994:1
NC_077265.1	CDS	ND3	NADH dehydrogenase subunit 3	15026-15383:1
NC_077265.1	tRNA	trnW	tRNA-Trp	16624-16694:1
NC_077265.1	CDS	ATP8	ATP synthase F0 subunit 8	16726-16945:1
NC_077265.1	CDS	COX1	cytochrome c oxidase subunit I	16926-18528:1
NC_077518.1	tRNA		tRNA-Met	0-72:1
NC_077518.1	rRNA		16S ribosomal RNA	221-1918:1
NC_077518.1	CDS	ND5	NADH dehydrogenase subunit 5	1999-2710:1,13171-14275:1
NC_077518.1	CDS	ND1	NADH dehydrogenase subunit 1	2818-3766:1
NC_077518.1	CDS	CYTB	cytochrome b	3768-4908:1
NC_077518.1	CDS	ND2	NADH dehydrogenase subunit 2	5116-6220:1
NC_077518.1	CDS	ND6	NADH dehydrogenase subunit 6	6221-6782:1
NC_077518.1	CDS	ATP6	ATP synthase F0 subunit 6	6781-7459:1
NC_077518.1	CDS	ND4	NADH dehydrogenase subunit 4	7458-8898:1
NC_077518.1	rRNA		12S ribosomal RNA	9034-9944:1
NC_077518.1	CDS	COX3	cytochrome c oxidase subunit III	10067-10847:1
NC_077518.1	CDS	COX2	cytochrome c oxidase subunit II	11781-12489:1
NC_077518.1	CDS	ND4L	NADH dehydrogenase subunit 4L	12470-12770:1
NC_077518.1	CDS	ND3	NADH dehydrogenase subunit 3	12772-13114:1
NC_077518.1	tRNA		tRNA-Trp	14273-14343:1
NC_077518.1	CDS	ATP8	ATP synthase F0 subunit 8	14346-14544:1
NC_077518.1	CDS	COX1	cytochrome c oxidase subunit I	15067-16648:1
NC_079937.1	CDS	ND5	NADH dehydrogenase subunit 5	20950-21577:1,0-90:1,2211-3342:1
NC_079937.1	CDS	ND1	NADH dehydrogenase subunit 1	428-1418:1
NC_079937.1	CDS	ND3	NADH dehydrogenase subunit 3	1561-1918:1
NC_079937.1	CDS	COX2	cytochrome c oxidase subunit II	3524-4277:1
NC_079937.1	CDS	ND4	NADH dehydrogenase subunit 4	4903-6379:1
NC_079937.1	CDS	ND6	NADH dehydrogenase subunit 6	6427-7078:1
NC_079937.1	CDS	CYTB	cytochrome b	7327-8521:1
NC_079937.1	CDS	COX3	cytochrome c oxidase subunit III	8985-9774:1
NC_079937.1	CDS	COX1	cytochrome c oxidase subunit I	9925-10813:1,12092-12809:1
NC_079937.1	CDS	ND4L	NADH dehydrogenase subunit 4L	12930-13230:1
NC_079937.1	CDS	ATP8	ATP synthase F0 subunit 8	13298-13517:1
NC_079937.1	CDS	ATP6	ATP synthase F0 subunit 6	13669-14368:1
NC_079937.1	rRNA		small subunit ribosomal RNA	14660-15858:1
NC_079937.1	CDS	ND2	NADH dehydrogenase subunit 2	16374-17532:1
NC_079937.1	tRNA	trnM	tRNA-Met	17721-17792:1
NC_079937.1	rRNA		large subunit ribosomal RNA	17894-20673:1
NC_079938.1	CDS	COX1	cytochrome c oxidase subunit I	0-888:1,2314-3031:1
NC_079938.1	CDS	ND4L	NADH dehydrogenase subunit 4L	3073-3373:1
NC_079938.1	CDS	ATP8	ATP synthase F0 subunit 8	3388-3607:1
NC_079938.1	CDS	ATP6	ATP synthase F0 subunit 6	3682-4381:1
NC_079938.1	rRNA		small subunit ribosomal RNA	4537-5789:1
NC_079938.1	CDS	ND2	NADH dehydrogenase subunit 2	6288-7470:1
NC_079938.1	tRNA	trnM	tRNA-Met	7544-7615:1
NC_079938.1	rRNA		large subunit ribosomal RNA	7643-10186:1
NC_079938.1	CDS	ND5	NADH dehydrogenase subunit 5	10426-11158:1,13074-14205:1
NC_079938.1	CDS	ND1	NADH dehydrogenase subunit 1	11481-12471:1
NC_079938.1	CDS	ND3	NADH dehydrogenase subunit 3	12540-12897:1
NC_079938.1	CDS	COX2	cytochrome c oxidase subunit II	14398-15148:1
NC_079938.1	CDS	ND4	NADH dehydrogenase subunit 4	15201-16677:1
NC_079938.1	CDS	ND6	NADH dehydrogenase subunit 6	16772-17402:1
NC_079938.1	CDS	CYTB	cytochrome b	17540-18701:1
NC_079938.1	CDS	COX3	cytochrome c oxidase subunit III	18794-19583:1
NC_079939.1	CDS	COX1	cytochrome c oxidase subunit I	0-888:1,2298-3015:1
NC_079939.1	CDS	ND4L	NADH dehydrogenase subunit 4L	3060-3360:1
NC_079939.1	CDS	ATP8	ATP synthase F0 subunit 8	3374-3593:1
NC_079939.1	CDS	ATP6	ATP synthase F0 subunit 6	3668-4367:1
NC_079939.1	rRNA		small subunit ribosomal RNA	4490-5718:1
NC_079939.1	CDS	ND2	NADH dehydrogenase subunit 2	6179-7361:1
NC_079939.1	tRNA	trnM	tRNA-Met	7432-7503:1
NC_079939.1	rRNA		large subunit ribosomal RNA	7530-10158:1
NC_079939.1	CDS	ND5	NADH dehydrogenase subunit 5	10248-10980:1,12810-13941:1
NC_079939.1	CDS	ND1	NADH dehydrogenase subunit 1	11281-12271:1
NC_079939.1	CDS	ND3	NADH dehydrogenase subunit 3	12333-12690:1
NC_079939.1	CDS	COX2	cytochrome c oxidase subunit II	14125-14875:1
NC_079939.1	CDS	ND4	NADH dehydrogenase subunit 4	14927-16403:1
NC_079939.1	CDS	ND6	NADH dehydrogenase subunit 6	16499-17129:1
NC_079939.1	CDS	CYTB	cytochrome b	17259-18420:1
NC_079939.1	CDS	COX3	cytochrome c oxidase subunit III	18509-19298:1
NC_079940.1	CDS	COX1	cytochrome c oxidase subunit I	0-888:1,2369-3086:1
NC_079940.1	CDS	ND4L	NADH dehydrogenase subunit 4L	3128-3428:1
NC_079940.1	CDS	ATP8	ATP synthase F0 subunit 8	3455-3674:1
NC_079940.1	CDS	ATP6	ATP synthase F0 subunit 6	3749-4448:1
NC_079940.1	rRNA		small subunit ribosomal RNA	4629-5860:1
NC_079940.1	CDS	ND2	NADH dehydrogenase subunit 2	6348-7530:1
NC_079940.1	tRNA	trnM	tRNA-Met	7595-7666:1
NC_079940.1	rRNA		large subunit ribosomal RNA	7693-10317:1
NC_079940.1	CDS	ND5	NADH dehydrogenase subunit 5	10447-11179:1,13001-14117:1
NC_079940.1	CDS	ND1	NADH dehydrogenase subunit 1	11483-12473:1
NC_079940.1	CDS	ND3	NADH dehydrogenase subunit 3	12492-12849:1
NC_079940.1	CDS	COX2	cytochrome c oxidase subunit II	16520-17270:1
NC_079940.1	CDS	ND4	NADH dehydrogenase subunit 4	17357-18833:1
NC_079940.1	CDS	ND6	NADH dehydrogenase subunit 6	18929-19559:1
NC_079940.1	CDS	CYTB	cytochrome b	19747-20908:1
NC_079940.1	CDS	COX3	cytochrome c oxidase subunit III	20993-21782:1
NC_079941.1	CDS	ND2	NADH dehydrogenase subunit 2	20036-20763:1,0-455:1
NC_079941.1	tRNA	trnM	tRNA-Met	653-724:1
NC_079941.1	rRNA		large subunit ribosomal RNA	764-3448:1
NC_079941.1	CDS	ND5	NADH dehydrogenase subunit 5	3740-4472:1,6691-7822:1
NC_079941.1	CDS	ND1	NADH dehydrogenase subunit 1	4769-5783:1
NC_079941.1	CDS	ND3	NADH dehydrogenase subunit 3	6061-6418:1
NC_079941.1	tRNA	trnW	tRNA-Trp	7867-7937:1
NC_079941.1	CDS	COX2	cytochrome c oxidase subunit II	8118-8871:1
NC_079941.1	CDS	ND4	NADH dehydrogenase subunit 4	9274-10750:1
NC_079941.1	CDS	ND6	NADH dehydrogenase subunit 6	10752-11403:1
NC_079941.1	CDS	CYTB	cytochrome b	11562-12750:1
NC_079941.1	CDS	COX3	cytochrome c oxidase subunit III	13003-13792:1
NC_079941.1	CDS	COX1	cytochrome c oxidase subunit I	13866-14754:1,15879-16596:1
NC_079941.1	CDS	ND4L	NADH dehydrogenase subunit 4L	16744-17044:1
NC_079941.1	CDS	ATP8	ATP synthase F0 subunit 8	17118-17337:1
NC_079941.1	CDS	ATP6	ATP synthase F0 subunit 6	17437-18136:1
NC_079941.1	rRNA		small subunit ribosomal RNA	18404-19590:1
NC_079942.1	CDS	COX1	cytochrome c oxidase subunit I	0-888:1,2013-2730:1
NC_079942.1	CDS	ND4L	NADH dehydrogenase subunit 4L	2841-3141:1
NC_079942.1	CDS	ATP8	ATP synthase F0 subunit 8	3214-3433:1
NC_079942.1	CDS	ATP6	ATP synthase F0 subunit 6	3532-4231:1
NC_079942.1	rRNA		small subunit ribosomal RNA	4498-5684:1
NC_079942.1	CDS	ND2	NADH dehydrogenase subunit 2	6132-7314:1
NC_079942.1	tRNA	trnM	tRNA-Met	7513-7584:1
NC_079942.1	rRNA		large subunit ribosomal RNA	7625-10313:1
NC_079942.1	CDS	ND5	NADH dehydrogenase subunit 5	10605-11337:1,13477-14608:1
NC_079942.1	CDS	ND1	NADH dehydrogenase subunit 1	11634-12648:1
NC_079942.1	CDS	ND3	NADH dehydrogenase subunit 3	12894-13251:1
NC_079942.1	CDS	COX2	cytochrome c oxidase subunit II	14904-15657:1
NC_079942.1	CDS	ND4	NADH dehydrogenase subunit 4	16060-17536:1
NC_079942.1	CDS	ND6	NADH dehydrogenase subunit 6	17538-18189:1
NC_079942.1	CDS	CYTB	cytochrome b	18348-19536:1
NC_079942.1	CDS	COX3	cytochrome c oxidase subunit III	19788-20577:1
NC_079943.1	CDS	ND5	NADH dehydrogenase subunit 5	20562-20763:1,0-531:1,2750-3881:1
NC_079943.1	CDS	ND1	NADH dehydrogenase subunit 1	828-1842:1
NC_079943.1	CDS	ND3	NADH dehydrogenase subunit 3	2120-2477:1
NC_079943.1	CDS	COX2	cytochrome c oxidase subunit II	4177-4930:1
NC_079943.1	CDS	ND4	NADH dehydrogenase subunit 4	5333-6809:1
NC_079943.1	CDS	ND6	NADH dehydrogenase subunit 6	6811-7462:1
NC_079943.1	CDS	CYTB	cytochrome b	7621-8809:1
NC_079943.1	CDS	COX3	cytochrome c oxidase subunit III	9062-9851:1
NC_079943.1	CDS	COX1	cytochrome c oxidase subunit I	9925-10813:1,11938-12655:1
NC_079943.1	CDS	ND4L	NADH dehydrogenase subunit 4L	12803-13103:1
NC_079943.1	CDS	ATP8	ATP synthase F0 subunit 8	13177-13396:1
NC_079943.1	CDS	ATP6	ATP synthase F0 subunit 6	13496-14195:1
NC_079943.1	rRNA		small subunit ribosomal RNA	14463-15649:1
NC_079943.1	CDS	ND2	NADH dehydrogenase subunit 2	16095-17277:1
NC_079943.1	tRNA	trnM	tRNA-Met	17475-17546:1
NC_079943.1	rRNA		large subunit ribosomal RNA	17586-20270:1
NC_080205.1	rRNA		12S ribosomal RNA	20751-21114:1,0-834:1
NC_080205.1	CDS	ND2	NADH dehydrogenase subunit 2	1246-2407:1
NC_080205.1	tRNA	trnM	tRNA-Met	2511-2582:1
NC_080205.1	rRNA		16S ribosomal RNA	2623-5245:1
NC_080205.1	CDS	ND5	NADH dehydrogenase subunit 5	5466-6198:1,8368-9499:1
NC_080205.1	CDS	ND1	NADH dehydrogenase subunit 1	6515-7529:1
NC_080205.1	CDS	ND3	NADH dehydrogenase subunit 3	7716-8073:1
NC_080205.1	tRNA	trnW	tRNA-Trp	10180-10250:1
NC_080205.1	CDS	COX2	cytochrome c oxidase subunit II	10441-11194:1
NC_080205.1	CDS	ND4	NADH dehydrogenase subunit 4	11483-12959:1
NC_080205.1	CDS	ND6	NADH dehydrogenase subunit 6	12961-13612:1
NC_080205.1	CDS	CYTB	cytochrome b	13701-14889:1
NC_080205.1	CDS	COX3	cytochrome c oxidase subunit III	15145-15934:1
NC_080205.1	CDS	COX1	cytochrome c oxidase subunit I	16012-16900:1,18169-18886:1
NC_080205.1	CDS	ND4L	NADH dehydrogenase subunit 4L	19014-19314:1
NC_080205.1	CDS	ATP8	ATP synthase F0 subunit 8	19391-19610:1
NC_080205.1	CDS	ATP6	ATP synthase F0 subunit 6	19826-20525:1
NC_080206.1	CDS	ND5	NADH dehydrogenase subunit 5	20179-20911:1,1650-2781:1
NC_080206.1	CDS	ND1	NADH dehydrogenase subunit 1	21210-21399:1,0-825:1
NC_080206.1	CDS	ND3	NADH dehydrogenase subunit 3	1000-1357:1
NC_080206.1	tRNA	trnW	tRNA-Trp	3601-3671:1
NC_080206.1	CDS	COX2	cytochrome c oxidase subunit II	3862-4615:1
NC_080206.1	CDS	ND4	NADH dehydrogenase subunit 4	4970-6446:1
NC_080206.1	CDS	ND6	NADH dehydrogenase subunit 6	6448-7099:1
NC_080206.1	CDS	CYTB	cytochrome b	7188-8376:1
NC_080206.1	CDS	COX3	cytochrome c oxidase subunit III	8654-9443:1
NC_080206.1	CDS	COX1	cytochrome c oxidase subunit I	9520-10408:1,11686-12403:1
NC_080206.1	CDS	ND4L	NADH dehydrogenase subunit 4L	12531-12831:1
NC_080206.1	CDS	ATP8	ATP synthase F0 subunit 8	12908-13127:1
NC_080206.1	CDS	ATP6	ATP synthase F0 subunit 6	13359-14058:1
NC_080206.1	rRNA		12S ribosomal RNA	14295-15489:1
NC_080206.1	CDS	ND2	NADH dehydrogenase subunit 2	15913-17074:1
NC_080206.1	tRNA	trnM	tRNA-Met	17178-17249:1
NC_080206.1	rRNA		16S ribosomal RNA	17288-19914:1
NC_080207.1	CDS	COX1	cytochrome c oxidase subunit I	1-889:1,2036-2753:1
NC_080207.1	CDS	ND4L	NADH dehydrogenase subunit 4L	2783-3083:1
NC_080207.1	CDS	ATP8	ATP synthase F0 subunit 8	3147-3366:1
NC_080207.1	CDS	ATP6	ATP synthase F0 subunit 6	3523-4222:1
NC_080207.1	rRNA		12S ribosomal RNA	4392-5601:1
NC_080207.1	CDS	ND2	NADH dehydrogenase subunit 2	6105-7263:1
NC_080207.1	tRNA	trnM	tRNA-Met	7402-7473:1
NC_080207.1	rRNA		16S ribosomal RNA	7499-10219:1
NC_080207.1	CDS	ND5	NADH dehydrogenase subunit 5	10547-11264:1,13399-14530:1
NC_080207.1	CDS	ND1	NADH dehydrogenase subunit 1	11575-12565:1
NC_080207.1	CDS	ND3	NADH dehydrogenase subunit 3	12793-13150:1
NC_080207.1	tRNA	trnW	tRNA-Trp	14570-14640:1
NC_080207.1	CDS	COX2	cytochrome c oxidase subunit II	14709-15462:1
NC_080207.1	CDS	ND4	NADH dehydrogenase subunit 4	15846-17322:1
NC_080207.1	CDS	ND6	NADH dehydrogenase subunit 6	17383-18034:1
NC_080207.1	CDS	CYTB	cytochrome b	18297-19458:1
NC_080207.1	CDS	COX3	cytochrome c oxidase subunit III	19809-20598:1
NC_080208.1	CDS	COX1	cytochrome c oxidase subunit I	0-888:1,2035-2752:1
NC_080208.1	CDS	ND4L	NADH dehydrogenase subunit 4L	2782-3082:1
NC_080208.1	CDS	ATP8	ATP synthase F0 subunit 8	3159-3378:1
NC_080208.1	CDS	ATP6	ATP synthase F0 subunit 6	3587-4286:1
NC_080208.1	rRNA		12S ribosomal RNA	4417-5626:1
NC_080208.1	CDS	ND2	NADH dehydrogenase subunit 2	6130-7288:1
NC_080208.1	tRNA	trnM	tRNA-Met	7449-7520:1
NC_080208.1	rRNA		16S ribosomal RNA	7546-10387:1
NC_080208.1	CDS	ND5	NADH dehydrogenase subunit 5	10716-11433:1,13655-14786:1
NC_080208.1	CDS	ND1	NADH dehydrogenase subunit 1	11744-12734:1
NC_080208.1	CDS	ND3	NADH dehydrogenase subunit 3	13027-13384:1
NC_080208.1	tRNA	trnW	tRNA-Trp	14828-14898:1
NC_080208.1	CDS	COX2	cytochrome c oxidase subunit II	14967-15720:1
NC_080208.1	CDS	ND4	NADH dehydrogenase subunit 4	16086-17562:1
NC_080208.1	CDS	ND6	NADH dehydrogenase subunit 6	17719-18370:1
NC_080208.1	CDS	CYTB	cytochrome b	18663-19824:1
NC_080208.1	CDS	COX3	cytochrome c oxidase subunit III	20160-20949:1
NC_080209.1	CDS	ND5	NADH dehydrogenase subunit 5	107-824:1,3127-4258:1
NC_080209.1	CDS	ND1	NADH dehydrogenase subunit 1	1379-2369:1
NC_080209.1	CDS	ND3	NADH dehydrogenase subunit 3	2519-2876:1
NC_080209.1	CDS	COX2	cytochrome c oxidase subunit II	4736-5489:1
NC_080209.1	CDS	ND4	NADH dehydrogenase subunit 4	5977-7453:1
NC_080209.1	CDS	ND6	NADH dehydrogenase subunit 6	7569-8220:1
NC_080209.1	CDS	CYTB	cytochrome b	8474-9635:1
NC_080209.1	CDS	COX3	cytochrome c oxidase subunit III	9982-10771:1
NC_080209.1	CDS	COX1	cytochrome c oxidase subunit I	10993-11881:1,13095-13812:1
NC_080209.1	CDS	ND4L	NADH dehydrogenase subunit 4L	13901-14201:1
NC_080209.1	CDS	ATP8	ATP synthase F0 subunit 8	14458-14677:1
NC_080209.1	CDS	ATP6	ATP synthase F0 subunit 6	14892-15591:1
NC_080209.1	rRNA		12S ribosomal RNA	15850-17041:1
NC_080209.1	CDS	ND2	NADH dehydrogenase subunit 2	18319-19477:1
NC_080209.1	tRNA	trnM	tRNA-Met	19620-19691:1
NC_080209.1	rRNA		16S ribosomal RNA	19717-22434:1
NC_080258.1	CDS	ND5	NADH dehydrogenase subunit 5	19835-20567:1,1306-2437:1
NC_080258.1	CDS	ND1	NADH dehydrogenase subunit 1	20866-21399:1,0-481:1
NC_080258.1	CDS	ND3	NADH dehydrogenase subunit 3	656-1013:1
NC_080258.1	tRNA	trnW	tRNA-Trp	3257-3327:1
NC_080258.1	CDS	COX2	cytochrome c oxidase subunit II	3518-4271:1
NC_080258.1	CDS	ND4	NADH dehydrogenase subunit 4	4626-6102:1
NC_080258.1	CDS	ND6	NADH dehydrogenase subunit 6	6104-6755:1
NC_080258.1	CDS	CYTB	cytochrome b	6844-8032:1
NC_080258.1	CDS	COX3	cytochrome c oxidase subunit III	8310-9099:1
NC_080258.1	CDS	COX1	cytochrome c oxidase subunit I	9176-10064:1,11342-12059:1
NC_080258.1	CDS	ND4L	NADH dehydrogenase subunit 4L	12187-12487:1
NC_080258.1	CDS	ATP8	ATP synthase F0 subunit 8	12564-12783:1
NC_080258.1	CDS	ATP6	ATP synthase F0 subunit 6	13015-13714:1
NC_080258.1	rRNA		small subunit ribosomal RNA	13951-15145:1
NC_080258.1	CDS	ND2	NADH dehydrogenase subunit 2	15569-16730:1
NC_080258.1	tRNA	trnM	tRNA-Met	16834-16905:1
NC_080258.1	rRNA		large subunit ribosomal RNA	16920-19577:1
NC_080259.1	rRNA		large subunit ribosomal RNA	20775-23133:1,0-449:1
NC_080259.1	CDS	ND5	NADH dehydrogenase subunit 5	756-1473:1,4040-5171:1
NC_080259.1	CDS	ND1	NADH dehydrogenase subunit 1	2168-3158:1
NC_080259.1	CDS	ND3	NADH dehydrogenase subunit 3	3339-3696:1
NC_080259.1	CDS	COX2	cytochrome c oxidase subunit II	5731-6484:1
NC_080259.1	CDS	ND4	NADH dehydrogenase subunit 4	6977-8453:1
NC_080259.1	CDS	ND6	NADH dehydrogenase subunit 6	8678-9329:1
NC_080259.1	CDS	CYTB	cytochrome b	9551-10712:1
NC_080259.1	CDS	COX3	cytochrome c oxidase subunit III	11060-11849:1
NC_080259.1	CDS	COX1	cytochrome c oxidase subunit I	11962-12850:1,14198-14915:1
NC_080259.1	CDS	ND4L	NADH dehydrogenase subunit 4L	14969-15269:1
NC_080259.1	CDS	ATP8	ATP synthase F0 subunit 8	15609-15828:1
NC_080259.1	CDS	ATP6	ATP synthase F0 subunit 6	16094-16793:1
NC_080259.1	rRNA		small subunit ribosomal RNA	17052-18241:1
NC_080259.1	CDS	ND2	NADH dehydrogenase subunit 2	19215-20373:1
NC_080259.1	tRNA	trnM	tRNA-Met	20566-20637:1
NC_080260.1	CDS	ND5	NADH dehydrogenase subunit 5	21667-22399:1,1531-2662:1
NC_080260.1	CDS	ND1	NADH dehydrogenase subunit 1	22694-23035:1,0-664:1
NC_080260.1	CDS	ND3	NADH dehydrogenase subunit 3	911-1268:1
NC_080260.1	CDS	COX2	cytochrome c oxidase subunit II	5044-5797:1
NC_080260.1	CDS	ND4	NADH dehydrogenase subunit 4	6219-7695:1
NC_080260.1	CDS	ND6	NADH dehydrogenase subunit 6	7697-8348:1
NC_080260.1	CDS	CYTB	cytochrome b	8454-9642:1
NC_080260.1	CDS	COX3	cytochrome c oxidase subunit III	9905-10694:1
NC_080260.1	CDS	COX1	cytochrome c oxidase subunit I	10810-11698:1,13005-13722:1
NC_080260.1	CDS	ND4L	NADH dehydrogenase subunit 4L	13859-14159:1
NC_080260.1	CDS	ATP8	ATP synthase F0 subunit 8	14204-14423:1
NC_080260.1	CDS	ATP6	ATP synthase F0 subunit 6	14676-15375:1
NC_080260.1	rRNA		small subunit ribosomal RNA	15598-16794:1
NC_080260.1	CDS	ND2	NADH dehydrogenase subunit 2	17266-18424:1
NC_080260.1	tRNA	trnM	tRNA-Met	18639-18710:1
NC_080260.1	rRNA		large subunit ribosomal RNA	18758-21453:1
NC_080261.1	CDS	ND5	NADH dehydrogenase subunit 5	20611-21242:1,0-101:1,2277-3408:1
NC_080261.1	CDS	ND1	NADH dehydrogenase subunit 1	396-1410:1
NC_080261.1	CDS	ND3	NADH dehydrogenase subunit 3	1657-2014:1
NC_080261.1	tRNA	trnW	tRNA-Trp	3549-3619:1
NC_080261.1	CDS	COX2	cytochrome c oxidase subunit II	3988-4741:1
NC_080261.1	CDS	ND4	NADH dehydrogenase subunit 4	5163-6639:1
NC_080261.1	CDS	ND6	NADH dehydrogenase subunit 6	6641-7292:1
NC_080261.1	CDS	CYTB	cytochrome b	7398-8586:1
NC_080261.1	CDS	COX3	cytochrome c oxidase subunit III	8849-9638:1
NC_080261.1	CDS	COX1	cytochrome c oxidase subunit I	9754-10642:1,11955-12666:1
NC_080261.1	CDS	ND4L	NADH dehydrogenase subunit 4L	12803-13103:1
NC_080261.1	CDS	ATP8	ATP synthase F0 subunit 8	13148-13367:1
NC_080261.1	CDS	ATP6	ATP synthase F0 subunit 6	13620-14319:1
NC_080261.1	rRNA		small subunit ribosomal RNA	14542-15738:1
NC_080261.1	CDS	ND2	NADH dehydrogenase subunit 2	16210-17368:1
NC_080261.1	tRNA	trnM	tRNA-Met	17583-17654:1
NC_080261.1	rRNA		large subunit ribosomal RNA	17751-20392:1
NC_081603.1	rRNA	rnl	large subunit ribosomal RNA	9-1944:1
NC_081603.1	CDS	ND2	NADH dehydrogenase subunit 2	1970-3317:1
NC_081603.1	CDS	ND5	NADH dehydrogenase subunit 5	3304-5122:1
NC_081603.1	CDS	ND4	NADH dehydrogenase subunit 4	5145-6594:1
NC_081603.1	tRNA	trnM(cau)	tRNA-Met	6645-6716:-1
NC_081603.1	CDS	COX3	cytochrome c oxidase subunit III	6755-7541:-1
NC_081603.1	CDS	ATP6	ATP synthase F0 subunit 6	7605-8313:-1
NC_081603.1	CDS	ATP8	ATP synthase F0 subunit 8	8337-8589:-1
NC_081603.1	CDS	COX2	cytochrome c oxidase subunit II	8575-9337:-1
NC_081603.1	CDS	COX1	cytochrome c oxidase subunit I	9449-11159:1
NC_081603.1	rRNA	rns	small subunit ribosomal RNA	11039-12065:1
NC_081603.1	CDS	ND1	NADH dehydrogenase subunit 1	12115-13087:1
NC_081603.1	CDS	CYTB	cytochrome b	13138-14281:1
NC_081603.1	CDS	ND6	NADH dehydrogenase subunit 6	14297-14855:1
NC_081603.1	CDS	ND3	NADH dehydrogenase subunit 3	14898-15252:1
NC_081603.1	CDS	ND4L	NADH dehydrogenase subunit 4L	15255-15549:1
NC_081603.1	CDS	mutS	MutS-like protein	15562-18511:1
NC_082103.1	CDS	ND5	NADH dehydrogenase subunit 5	8565-9285:1,7159-8278:1
NC_082103.1	CDS	COX1	cytochrome c oxidase subunit I	0-888:1,1858-2671:1
NC_082103.1	tRNA	trnM(cau)	tRNA-Met	2650-2721:1
NC_082103.1	rRNA		16S ribosomal RNA	2724-5470:1
NC_082103.1	CDS	COX2	cytochrome c oxidase subunit II	5591-6335:1
NC_082103.1	CDS	ND4L	NADH dehydrogenase subunit 4L	6388-6688:1
NC_082103.1	CDS	ND3	NADH dehydrogenase subunit 3	6704-7061:1
NC_082103.1	CDS	ND1	NADH dehydrogenase subunit 1	9617-10601:1
NC_082103.1	CDS	CYTB	cytochrome b	10703-12020:1
NC_082103.1	CDS	ND2	NADH dehydrogenase subunit 2	12361-13456:1
NC_082103.1	CDS	ND6	NADH dehydrogenase subunit 6	13470-14082:1
NC_082103.1	CDS	ATP6	ATP synthase F0 subunit 6	14147-14846:1
NC_082103.1	CDS	ND4	NADH dehydrogenase subunit 4	15059-16535:1
NC_082103.1	rRNA	rrn12	12S ribosomal RNA	16539-18600:1
NC_082103.1	CDS	COX3	cytochrome c oxidase subunit III	18651-19440:1
NC_082103.1	tRNA	trnW(uca)	tRNA-Trp	19490-19567:1
NC_082103.1	CDS	ATP8	ATP synthase F0 subunit 8	19599-19830:1
NC_082114.1	CDS	COX1	cytochrome c oxidase subunit I	0-1674:1
NC_082114.1	rRNA	rrnS	12S ribosomal RNA	1685-2676:1
NC_082114.1	CDS	ND1	NADH dehydrogenase subunit 1	2715-3696:1
NC_082114.1	CDS	CYTB	cytochrome b	3826-4987:1
NC_082114.1	CDS	ND6	NADH dehydrogenase subunit 6	5007-5571:1
NC_082114.1	CDS	ND3	NADH dehydrogenase subunit 3	5614-5968:1
NC_082114.1	CDS	ND4L	NADH dehydrogenase subunit 4L	5996-6290:1
NC_082114.1	CDS	mutS	DNA mismatch repair protein MutS	6303-9273:1
NC_082114.1	rRNA	rrnL	16S ribosomal RNA	9529-11231:1
NC_082114.1	CDS	ND2	NADH dehydrogenase subunit 2	11303-12635:1
NC_082114.1	CDS	ND5	NADH dehydrogenase subunit 5	12622-14440:1
NC_082114.1	CDS	ND4	NADH dehydrogenase subunit 4	14483-15932:1
NC_082114.1	tRNA	trnM	tRNA-Met	15994-16065:-1
NC_082114.1	CDS	COX3	cytochrome c oxidase subunit III	16109-16895:-1
NC_082114.1	CDS	ATP6	ATP synthase F0 subunit 6	16942-17650:-1
NC_082114.1	CDS	ATP8	ATP synthase F0 subunit 8	17670-17886:-1
NC_082114.1	CDS	COX2	cytochrome c oxidase subunit II	17908-18670:-1
NC_082284.1	CDS	COX1	cytochrome c oxidase subunit I	0-1594:1
NC_082284.1	rRNA	12S-rRNA	12S ribosomal RNA	1594-2680:1
NC_082284.1	CDS	ND1	NADH dehydrogenase subunit 1	2680-3661:1
NC_082284.1	CDS	CYTB	cytochrome b	3749-4910:1
NC_082284.1	CDS	ND6	NADH dehydrogenase subunit 6	4942-5494:1
NC_082284.1	CDS	ND3	NADH dehydrogenase subunit 3	5539-5893:1
NC_082284.1	CDS	ND4L	NADH dehydrogenase subunit 4L	5925-6219:1
NC_082284.1	CDS	mutS	DNA mismatch repair protein MutS	6235-9199:1
NC_082284.1	rRNA	16S-rRNA	16S ribosomal RNA	9199-11254:1
NC_082284.1	CDS	ND2	NADH dehydrogenase subunit 2	11254-12586:1
NC_082284.1	CDS	ND5	NADH dehydrogenase subunit 5	12573-14391:1
NC_082284.1	CDS	ND4	NADH dehydrogenase subunit 4	14434-15883:1
NC_082284.1	tRNA	trnM(CAT)	tRNA-Met	16143-16214:-1
NC_082284.1	CDS	COX3	cytochrome c oxidase subunit III	16265-17051:-1
NC_082284.1	CDS	ATP6	ATP synthase F0 subunit 6	17099-17807:-1
NC_082284.1	CDS	ATP8	ATP synthase F0 subunit 8	17827-18043:-1
NC_082284.1	CDS	COX2	cytochrome c oxidase subunit II	18064-18826:-1
NC_082917.1	tRNA	trnM	tRNA-Met	0-71:1
NC_082917.1	rRNA	rrn16	16S ribosomal RNA	71-2379:1
NC_082917.1	CDS	ND5	NADH dehydrogenase subunit 5	2457-3177:1,14909-16025:1
NC_082917.1	tRNA	trnL	tRNA-Leu	3393-3462:1
NC_082917.1	CDS	ND1	NADH dehydrogenase subunit 1	3559-4543:1
NC_082917.1	CDS	CYTB	cytochrome b	4641-5805:1
NC_082917.1	CDS	ND2	NADH dehydrogenase subunit 2	6338-7436:1
NC_082917.1	CDS	ND6	NADH dehydrogenase subunit 6	7468-8062:1
NC_082917.1	CDS	ATP6	ATP synthase F0 subunit 6	8138-8837:1
NC_082917.1	CDS	ND4	NADH dehydrogenase subunit 4	9097-10573:1
NC_082917.1	rRNA	rrn12	12S ribosomal RNA	10625-11811:1
NC_082917.1	tRNA	trnG	tRNA-Gly	11930-11989:1
NC_082917.1	CDS	COX3	cytochrome c oxidase subunit III	12564-13353:1
NC_082917.1	CDS	COX2	cytochrome c oxidase subunit II	13371-14115:1
NC_082917.1	CDS	ND4L	NADH dehydrogenase subunit 4L	14114-14414:1
NC_082917.1	CDS	ND3	NADH dehydrogenase subunit 3	14430-14787:1
NC_082917.1	tRNA	trnW	tRNA-Trp	16037-16107:1
NC_082917.1	CDS	ATP8	ATP synthase F0 subunit 8	16138-16357:1
NC_082917.1	CDS	COX1	cytochrome c oxidase subunit I	16338-17913:1
NC_082918.1	tRNA	trnM	tRNA-Met	0-71:1
NC_082918.1	rRNA	rrn16	16S ribosomal RNA	71-2379:1
NC_082918.1	CDS	ND5	NADH dehydrogenase subunit 5	2457-3177:1,14909-16025:1
NC_082918.1	tRNA	trnL	tRNA-Leu	3393-3462:1
NC_082918.1	CDS	ND1	NADH dehydrogenase subunit 1	3559-4543:1
NC_082918.1	CDS	CYTB	cytochrome b	4641-5805:1
NC_082918.1	CDS	ND2	NADH dehydrogenase subunit 2	6338-7436:1
NC_082918.1	CDS	ND6	NADH dehydrogenase subunit 6	7468-8062:1
NC_082918.1	CDS	ATP6	ATP synthase F0 subunit 6	8138-8837:1
NC_082918.1	CDS	ND4	NADH dehydrogenase subunit 4	9097-10573:1
NC_082918.1	rRNA	rrn12	12S ribosomal RNA	10625-11811:1
NC_082918.1	tRNA	trnG	tRNA-Gly	11930-11989:1
NC_082918.1	CDS	COX3	cytochrome c oxidase subunit III	12564-13353:1
NC_082918.1	CDS	COX2	cytochrome c oxidase subunit II	13371-14115:1
NC_082918.1	CDS	ND4L	NADH dehydrogenase subunit 4L	14114-14414:1
NC_082918.1	CDS	ND3	NADH dehydrogenase subunit 3	14430-14787:1
NC_082918.1	tRNA	trnW	tRNA-Trp	16037-16107:1
NC_082918.1	CDS	ATP8	ATP synthase F0 subunit 8	16138-16357:1
NC_082918.1	CDS	COX1	cytochrome c oxidase subunit I	16338-17913:1
NC_083272.1	CDS	ND5	NADH dehydrogenase subunit 5	10178-10895:1,4486-5605:1
NC_083272.1	rRNA	rrn12	12S ribosomal RNA	110-1092:1
NC_083272.1	CDS	COX3	cytochrome c oxidase subunit III	2085-2874:1
NC_083272.1	CDS	COX2	cytochrome c oxidase subunit II	2930-3674:1
NC_083272.1	CDS	ND4L	NADH dehydrogenase subunit 4L	3705-4005:1
NC_083272.1	CDS	ND3	NADH dehydrogenase subunit 3	4037-4394:1
NC_083272.1	tRNA	trnW(uca)	tRNA-Trp	5635-5706:1
NC_083272.1	CDS	ATP8	ATP synthase F0 subunit 8	5737-5956:1
NC_083272.1	CDS	COX1	cytochrome c oxidase subunit I	5937-7539:1
NC_083272.1	tRNA	trnM(cau)	tRNA-Met	7745-7816:1
NC_083272.1	rRNA	rrn16	16S ribosomal RNA	7990-9997:1
NC_083272.1	CDS	ND1	NADH dehydrogenase subunit 1	11221-12205:1
NC_083272.1	CDS	CYTB	cytochrome b	12315-13473:1
NC_083272.1	CDS	ND2	NADH dehydrogenase subunit 2	13998-15096:1
NC_083272.1	CDS	ND6	NADH dehydrogenase subunit 6	15128-15722:1
NC_083272.1	CDS	ATP6	ATP synthase F0 subunit 6	15790-16489:1
NC_083272.1	CDS	ND4	NADH dehydrogenase subunit 4	16640-18116:1
NC_086801.1	CDS	COX1	cytochrome c oxidase subunit I	0-888:1,2256-2973:1
NC_086801.1	CDS	ND4L	NADH dehydrogenase subunit 4L	3035-3335:1
NC_086801.1	CDS	ATP8	ATP synthase F0 subunit 8	3455-3674:1
NC_086801.1	CDS	ATP6	ATP synthase F0 subunit 6	3834-4563:1
NC_086801.1	rRNA		small subunit ribosomal RNA	4695-5891:1
NC_086801.1	CDS	ND2	NADH dehydrogenase subunit 2	6336-7482:1
NC_086801.1	tRNA		tRNA-Met	7645-7716:1
NC_086801.1	rRNA		large subunit ribosomal RNA	7762-10474:1
NC_086801.1	CDS	ND5	NADH dehydrogenase subunit 5	10827-11544:1,13711-14803:1
NC_086801.1	CDS	ND1	NADH dehydrogenase subunit 1	11965-12955:1
NC_086801.1	CDS	ND3	NADH dehydrogenase subunit 3	13165-13522:1
NC_086801.1	tRNA		tRNA-Trp	14836-14906:1
NC_086801.1	CDS	COX2	cytochrome c oxidase subunit II	14975-15728:1
NC_086801.1	CDS	ND4	NADH dehydrogenase subunit 4	16066-17542:1
NC_086801.1	CDS	ND6	NADH dehydrogenase subunit 6	17726-18383:1
NC_086801.1	CDS	CYTB	cytochrome b	18601-19795:1
NC_086801.1	CDS	COX3	cytochrome c oxidase subunit III	19987-20776:1
NC_088052.1	CDS	COX1	cytochrome c oxidase subunit I	0-894:1,2372-3071:1
NC_088052.1	CDS	HEG	homing endonuclease	1204-2266:1
NC_088052.1	CDS	ND4L	NADH dehydrogenase subunit 4L	3219-3519:1
NC_088052.1	CDS	COX2	cytochrome c oxidase subunit II	3626-4376:1
NC_088052.1	CDS	ND4	NADH dehydrogenase subunit 4	4432-5935:1
NC_088052.1	CDS	ND6	NADH dehydrogenase subunit 6	6140-6731:1
NC_088052.1	CDS	ATP8	ATP synthase F0 subunit 8	6805-7018:1
NC_088052.1	CDS	ATP6	ATP synthase F0 subunit 6	7191-7890:1
NC_088052.1	CDS	ND5	NADH dehydrogenase subunit 5	8028-8748:1,10810-11941:1
NC_088052.1	CDS	ND1	NADH dehydrogenase subunit 1	9098-10148:1
NC_088052.1	CDS	ND3	NADH dehydrogenase subunit 3	10285-10642:1
NC_088052.1	tRNA		tRNA-Trp	11985-12055:1
NC_088052.1	CDS	ND2	NADH dehydrogenase subunit 2	12174-13692:1
NC_088052.1	rRNA		12S ribosomal RNA	13921-15070:1
NC_088052.1	CDS	CYTB	cytochrome b	15175-16318:1
NC_088052.1	tRNA		tRNA-Met	16394-16465:1
NC_088052.1	rRNA		16S ribosomal RNA	16569-19232:1
NC_088052.1	CDS	COX3	cytochrome c oxidase subunit III	19399-20188:1
NC_088089.1	rRNA		large subunit ribosomal RNA	0-1999:1
NC_088089.1	CDS	ND5	NADH dehydrogenase subunit 5	1999-2709:1,12848-13953:1
NC_088089.1	CDS	ND1	NADH dehydrogenase subunit 1	2821-3769:1
NC_088089.1	CDS	CYTB	cytochrome b	3793-4933:1
NC_088089.1	CDS	ND2	NADH dehydrogenase subunit 2	5153-6245:1
NC_088089.1	CDS	ND6	NADH dehydrogenase subunit 6	6245-6812:1
NC_088089.1	CDS	ATP6	ATP synthase subunit 6	6849-7530:1
NC_088089.1	CDS	ND4	NADH dehydrogenase subunit 4	7529-8975:1
NC_088089.1	rRNA		small subunit ribosomal RNA	8975-10137:1
NC_088089.1	CDS	COX2	cytochrome c oxidase subunit II	10137-10929:1
NC_088089.1	CDS	COX3	cytochrome c oxidase subunit III	11094-11874:1
NC_088089.1	CDS	ND4L	NADH dehydrogenase subunit 4L	12050-12350:1
NC_088089.1	CDS	ND3	NADH dehydrogenase subunit 3	12349-12694:1
NC_088089.1	tRNA		tRNA-Tyr	13952-14023:1
NC_088089.1	CDS	ATP8	ATP synthase subunit 8	14023-14221:1
NC_088089.1	CDS	COX1	cytochrome c oxidase subunit I	14220-15780:1
NC_088089.1	tRNA		tRNA-Met	15769-15841:1
OK149222.1	rRNA	rrn16	16S ribosomal RNA	0-1472:1
OK149222.1	CDS	ND2	NADH dehydrogenase subunit 2	1487-2855:1
OK149222.1	CDS	ND5	NADH dehydrogenase subunit 5	2842-4660:1
OK149222.1	CDS	ND4	NADH dehydrogenase subunit 4	4686-6135:1
OK149222.1	tRNA	trnM(cau)	tRNA-Met	6230-6301:1
OK149222.1	CDS	COX3	cytochrome c oxidase subunit III	6366-7152:-1
OK149222.1	CDS	ATP6	ATP synthase F0 subunit 6	7209-7917:-1
OK149222.1	CDS	ATP8	ATP synthase F0 subunit 8	7936-8152:-1
OK149222.1	CDS	COX2	cytochrome c oxidase subunit II	8194-8956:-1
OK149222.1	CDS	COX1	cytochrome c oxidase subunit I	9058-10624:1
OK149222.1	rRNA	rrn12	12S ribosomal RNA	10665-11721:1
OK149222.1	CDS	ND1	NADH dehydrogenase subunit 1	11771-12752:1
OK149222.1	CDS	CYTB	cytochrome b	12764-13925:1
OK149222.1	CDS	ND6	NADH dehydrogenase subunit 6	13942-14497:1
OK149222.1	CDS	ND3	NADH dehydrogenase subunit 3	14545-14899:1
OK149222.1	CDS	ND4L	NADH dehydrogenase subunit 4L	14902-15196:1
OK149222.1	CDS	mutS	mutS	15209-18134:1
OK641586.1	CDS	COX1	cytochrome c oxidase subunit I	0-1597:1
OK641586.1	rRNA		12S ribosomal RNA	1588-2634:1
OK641586.1	CDS	ND1	NADH dehydrogenase subunit 1	2677-3649:1
OK641586.1	CDS	CYTB	cytochrome b	3682-4843:1
OK641586.1	CDS	ND6	NADH dehydrogenase subunit 6	4883-5441:1
OK641586.1	CDS	ND3	NADH dehydrogenase subunit 3	5496-5850:1
OK641586.1	CDS	ND4L	NADH dehydrogenase subunit 4L	5869-6163:1
OK641586.1	CDS	mutS	MutS-like protein	6176-9149:1
OK641586.1	rRNA		16S ribosomal RNA	9158-11369:1
OK641586.1	CDS	ND2	NADH dehydrogenase subunit 2	11373-12531:1
OK641586.1	CDS	ND5	NADH dehydrogenase subunit 5	12518-14336:1
OK641586.1	CDS	ND4	NADH dehydrogenase subunit 4	14433-15882:1
OK641586.1	tRNA		tRNA-Met	15939-16010:-1
OK641586.1	CDS	COX3	cytochrome c oxidase subunit III	16049-16835:-1
OK641586.1	CDS	ATP6	ATP synthase F0 subunit 6	16899-17607:-1
OK641586.1	CDS	ATP8	ATP synthase F0 subunit 8	17631-17847:-1
OK641586.1	CDS	COX2	cytochrome c oxidase subunit II	17869-18631:-1
OL372279.1	tRNA	trnM(cat)	tRNA-Met	0-71:1
OL372279.1	rRNA		16S ribosomal RNA	119-2345:1
OL372279.1	CDS	nad5	NADH dehydrogenase subunit 5	2637-3356:1,14531-15648:1
OL372279.1	CDS	nad1	NADH dehydrogenase subunit 1	3688-4672:1
OL372279.1	CDS	cob	cytochrome b	4789-5953:1
OL372279.1	CDS	nad2	NADH dehydrogenase subunit 2	6537-7635:1
OL372279.1	CDS	nad6	NADH dehydrogenase subunit 6	7668-8262:1
OL372279.1	CDS	atp6	ATP synthase F0 subunit 6	8344-9043:1
OL372279.1	CDS	nad4	NADH dehydrogenase subunit 4	9307-10783:1
OL372279.1	rRNA		12S ribosomal RNA	10876-11905:1
OL372279.1	CDS	cox3	cytochrome c oxidase subunit 3	12140-12929:1
OL372279.1	CDS	cox2	cytochrome c oxidase subunit 2	12964-13708:1
OL372279.1	CDS	nad4l	NADH dehydrogenase subunit 4L	13759-14059:1
OL372279.1	CDS	nad3	NADH dehydrogenase subunit 3	14076-14433:1
OL372279.1	tRNA	trnW(tca)	tRNA-Trp	15687-15757:1
OL372279.1	CDS	atp8	ATP synthase F0 subunit 8	15789-16005:1
OL372279.1	CDS	cox1	cytochrome c oxidase subunit 1	16128-17022:1,17986-18670:1
OL372279.1	tRNA	trnQ(caa)	tRNA-Gln	17193-17253:1
OL372279.1	tRNA	trnV(gta)	tRNA-Val	17459-17526:1
OL372279.1	tRNA	trnT(aca)	tRNA-Thr	17653-17721:1
OL584331.1	CDS	ND5	NADH dehydrogenase subunit 5	0-714:1,7088-8204:1
OL584331.1	CDS	ND1	NADH dehydrogenase subunit 1	810-1773:1
OL584331.1	CDS	ATP6	ATP synthase subunit 6	1792-2491:1
OL584331.1	CDS	ND4	NADH dehydrogenase subunit 4	2490-3936:1
OL584331.1	rRNA		12S ribosomal RNA	3943-4885:1
OL584331.1	CDS	COX3	cytochrome c oxidase subunit III	4889-5669:1
OL584331.1	CDS	COX2	cytochrome c oxidase subunit II	5780-6398:1
OL584331.1	CDS	ND4L	NADH dehydrogenase subunit 4L	6387-6687:1
OL584331.1	CDS	ND3	NADH dehydrogenase subunit 3	6688-7033:1
OL584331.1	CDS	CytB	cytochrome b	9037-10156:1
OL584331.1	CDS	ND2	NADH dehydrogenase subunit 2	10151-11468:1
OL584331.1	CDS	ND6	NADH dehydrogenase subunit 6	11469-12033:1
OL584331.1	tRNA		tRNA-Trp	12072-12142:1
OL584331.1	CDS	ATP8	ATP synthase subunit 8	12165-12333:1
OL584331.1	CDS	COX1	cytochrome c oxidase subunit I	12322-13883:1
OL584331.1	tRNA		tRNA-Met	13883-13954:1
OL584331.1	rRNA		16S ribosomal RNA	13968-15816:1
OL616196.1	rRNA	rnl	large subunit ribosomal RNA	0-1991:1
OL616196.1	CDS	nad2	NADH dehydrogenase subunit 2	1991-3314:1
OL616196.1	CDS	nad5	NADH dehydrogenase subunit 5	3301-5113:1
OL616196.1	CDS	nad4	NADH dehydrogenase subunit 4	5160-6609:1
OL616196.1	CDS	nad4L	NADH dehydrogenase subunit 4L	6721-7015:-1
OL616196.1	CDS	nad3	NADH dehydrogenase subunit 3	7035-7383:-1
OL616196.1	CDS	nad6	NADH dehydrogenase subunit 6	7361-7952:-1
OL616196.1	CDS	cob	apocytochrome b	7994-9155:-1
OL616196.1	CDS	nad1	NADH dehydrogenase subunit 1	9256-10237:-1
OL616196.1	rRNA	rns	small subunit ribosomal RNA	10283-11304:-1
OL616196.1	CDS	cox1	cytochrome c oxidase subunit 1	11241-12894:-1
OL616196.1	CDS	cox2	cytochrome c oxidase subunit 2	13004-13766:1
OL616196.1	CDS	atp8	ATP synthase F0 subunit 8	13770-13986:1
OL616196.1	CDS	atp6	ATP synthase F0 subunit 6	14012-14720:1
OL616196.1	CDS	cox3	cytochrome c oxidase subunit 3	14752-15538:1
OL616196.1	tRNA	trnM(cau)	tRNA-Met	15572-15643:1
OL616196.1	CDS	mutS	MutS-like protein	15654-18618:1
OL616208.1	rRNA	rnl	large subunit ribosomal RNA	0-1991:1
OL616208.1	CDS	nad2	NADH dehydrogenase subunit 2	2049-3387:1
OL616208.1	CDS	nad5	NADH dehydrogenase subunit 5	3374-5192:1
OL616208.1	CDS	nad4	NADH dehydrogenase subunit 4	5216-6665:1
OL616208.1	tRNA	trnM(cau)	tRNA-Met	6728-6799:-1
OL616208.1	CDS	cox3	cytochrome c oxidase subunit 3	6838-7624:-1
OL616208.1	CDS	atp6	ATP synthase F0 subunit 6	7651-8359:-1
OL616208.1	CDS	atp8	ATP synthase F0 subunit 8	8379-8595:-1
OL616208.1	CDS	cox2	cytochrome c oxidase subunit 2	8617-9379:-1
OL616208.1	CDS	cob	apocytochrome b	9588-10773:-1
OL616208.1	CDS	nad1	NADH dehydrogenase subunit 1	10808-11780:-1
OL616208.1	rRNA	rns	small subunit ribosomal RNA	11833-12865:-1
OL616208.1	CDS	cox1	cytochrome c oxidase subunit 1	12748-14455:-1
OL616208.1	CDS	nad6	NADH dehydrogenase subunit 6	14794-15349:1
OL616208.1	CDS	nad3	NADH dehydrogenase subunit 3	15370-15724:1
OL616208.1	CDS	nad4L	NADH dehydrogenase subunit 4L	15750-16044:1
OL616208.1	CDS	mutS	MutS-like protein	16060-19045:1
OL616209.1	rRNA	rnl	large subunit ribosomal RNA	0-1987:1
OL616209.1	CDS	nad2	NADH dehydrogenase subunit 2	2045-3383:1
OL616209.1	CDS	nad5	NADH dehydrogenase subunit 5	3370-5188:1
OL616209.1	CDS	nad4	NADH dehydrogenase subunit 4	5212-6661:1
OL616209.1	tRNA	trnM(cau)	tRNA-Met	6718-6789:-1
OL616209.1	CDS	cox3	cytochrome c oxidase subunit 3	6823-7609:-1
OL616209.1	CDS	atp6	ATP synthase F0 subunit 6	7632-8340:-1
OL616209.1	CDS	atp8	ATP synthase F0 subunit 8	8360-8576:-1
OL616209.1	CDS	cox2	cytochrome c oxidase subunit 2	8598-9360:-1
OL616209.1	CDS	cob	apocytochrome b	9579-10746:-1
OL616209.1	CDS	nad1	NADH dehydrogenase subunit 1	10781-11753:-1
OL616209.1	rRNA	rns	small subunit ribosomal RNA	11806-12838:-1
OL616209.1	CDS	cox1	cytochrome c oxidase subunit 1	12721-14428:-1
OL616209.1	CDS	nad6	NADH dehydrogenase subunit 6	14848-15400:1
OL616209.1	CDS	nad3	NADH dehydrogenase subunit 3	15421-15775:1
OL616209.1	CDS	nad4L	NADH dehydrogenase subunit 4L	15801-16095:1
OL616209.1	CDS	mutS	MutS-like protein	16111-19102:1
OL616212.1	rRNA	rnl	large subunit ribosomal RNA	13-2220:1
OL616212.1	CDS	nad2	NADH dehydrogenase subunit 2	2009-3356:1
OL616212.1	CDS	nad5	NADH dehydrogenase subunit 5	3343-5161:1
OL616212.1	CDS	nad4	NADH dehydrogenase subunit 4	5258-6707:1
OL616212.1	tRNA	trnM(cau)	tRNA-Met	6764-6835:-1
OL616212.1	CDS	cox3	cytochrome c oxidase subunit 3	6874-7660:-1
OL616212.1	CDS	atp6	ATP synthase F0 subunit 6	7724-8432:-1
OL616212.1	CDS	atp8	ATP synthase F0 subunit 8	8456-8672:-1
OL616212.1	CDS	cox2	cytochrome c oxidase subunit 2	8694-9456:-1
OL616212.1	CDS	cox1	cytochrome c oxidase subunit 1	9568-11272:1
OL616212.1	rRNA	rns	small subunit ribosomal RNA	11315-12241:1
OL616212.1	CDS	nad1	NADH dehydrogenase subunit 1	12245-13217:1
OL616212.1	CDS	cob	apocytochrome b	13281-14442:1
OL616212.1	CDS	nad6	NADH dehydrogenase subunit 6	14482-15040:1
OL616212.1	CDS	nad3	NADH dehydrogenase subunit 3	15095-15449:1
OL616212.1	CDS	nad4L	NADH dehydrogenase subunit 4L	15468-15762:1
OL616212.1	CDS	mutS	MutS-like protein	15775-18733:1
OL616214.1	rRNA	rnl	large subunit ribosomal RNA	9-2219:1
OL616214.1	CDS	nad2	NADH dehydrogenase subunit 2	2008-3355:1
OL616214.1	CDS	nad5	NADH dehydrogenase subunit 5	3342-5160:1
OL616214.1	CDS	nad4	NADH dehydrogenase subunit 4	5256-6705:1
OL616214.1	tRNA	trnM(cau)	tRNA-Met	6761-6832:-1
OL616214.1	CDS	cox3	cytochrome c oxidase subunit 3	6871-7657:-1
OL616214.1	CDS	atp6	ATP synthase F0 subunit 6	7721-8429:-1
OL616214.1	CDS	atp8	ATP synthase F0 subunit 8	8453-8705:-1
OL616214.1	CDS	cox2	cytochrome c oxidase subunit 2	8691-9453:-1
OL616214.1	CDS	cox1	cytochrome c oxidase subunit 1	9565-11275:1
OL616214.1	rRNA	rns	small subunit ribosomal RNA	11313-12238:1
OL616214.1	CDS	nad1	NADH dehydrogenase subunit 1	12242-13214:1
OL616214.1	CDS	cob	apocytochrome b	13295-14438:1
OL616214.1	CDS	nad6	NADH dehydrogenase subunit 6	14478-15036:1
OL616214.1	CDS	nad3	NADH dehydrogenase subunit 3	15091-15445:1
OL616214.1	CDS	nad4L	NADH dehydrogenase subunit 4L	15464-15758:1
OL616214.1	CDS	mutS	MutS-like protein	15771-18729:1
OL616220.1	rRNA	rnl	large subunit ribosomal RNA	18-1559:1
OL616220.1	CDS	nad2	NADH dehydrogenase subunit 2	2039-3377:1
OL616220.1	CDS	nad5	NADH dehydrogenase subunit 5	3364-5182:1
OL616220.1	CDS	nad4	NADH dehydrogenase subunit 4	5241-6690:1
OL616220.1	tRNA	trnM(cau)	tRNA-Met	6772-6843:-1
OL616220.1	CDS	cox3	cytochrome c oxidase subunit 3	6887-7673:-1
OL616220.1	CDS	atp6	ATP synthase F0 subunit 6	7720-8428:-1
OL616220.1	CDS	atp8	ATP synthase F0 subunit 8	8454-8670:-1
OL616220.1	CDS	cox2	cytochrome c oxidase subunit 2	8692-9454:-1
OL616220.1	CDS	cox1	cytochrome c oxidase subunit 1	9617-11291:1
OL616220.1	rRNA	rns	small subunit ribosomal RNA	11307-12284:1
OL616220.1	CDS	nad1	NADH dehydrogenase subunit 1	12428-13409:1
OL616220.1	CDS	cob	apocytochrome b	13464-14625:1
OL616220.1	CDS	nad6	NADH dehydrogenase subunit 6	14700-15255:1
OL616220.1	CDS	nad3	NADH dehydrogenase subunit 3	15298-15652:1
OL616220.1	CDS	nad4L	NADH dehydrogenase subunit 4L	15676-15970:1
OL616220.1	CDS	mutS	MutS-like protein	15983-18977:1
OL616230.1	rRNA	rnl	large subunit ribosomal RNA	18-1962:1
OL616230.1	CDS	nad2	NADH dehydrogenase subunit 2	1991-3347:1
OL616230.1	CDS	nad5	NADH dehydrogenase subunit 5	3334-5152:1
OL616230.1	CDS	nad4	NADH dehydrogenase subunit 4	5182-6631:1
OL616230.1	tRNA	trnM(cau)	tRNA-Met	6750-6821:-1
OL616230.1	CDS	cox3	cytochrome c oxidase subunit 3	6885-7671:-1
OL616230.1	CDS	atp6	ATP synthase F0 subunit 6	7728-8436:-1
OL616230.1	CDS	atp8	ATP synthase F0 subunit 8	8469-8685:-1
OL616230.1	CDS	cox2	cytochrome c oxidase subunit 2	8723-9485:-1
OL616230.1	CDS	cox1	cytochrome c oxidase subunit 1	9623-11192:1
OL616230.1	rRNA	rns	small subunit ribosomal RNA	11231-12282:1
OL616230.1	CDS	nad1	NADH dehydrogenase subunit 1	12349-13330:1
OL616230.1	CDS	cob	apocytochrome b	13361-14504:1
OL616230.1	CDS	nad6	NADH dehydrogenase subunit 6	14522-15077:1
OL616230.1	CDS	nad3	NADH dehydrogenase subunit 3	15141-15495:1
OL616230.1	CDS	nad4L	NADH dehydrogenase subunit 4L	15498-15792:1
OL616230.1	CDS	mutS	MutS-like protein	15805-18805:1
OL616235.1	rRNA	rnl	large subunit ribosomal RNA	9-1970:1
OL616235.1	CDS	nad2	NADH dehydrogenase subunit 2	1996-3334:1
OL616235.1	CDS	nad5	NADH dehydrogenase subunit 5	3321-5136:1
OL616235.1	CDS	nad4	NADH dehydrogenase subunit 4	5153-6602:1
OL616235.1	tRNA	trnM(cau)	tRNA-Met	6665-6736:-1
OL616235.1	CDS	cox3	cytochrome c oxidase subunit 3	6784-7570:-1
OL616235.1	CDS	atp6	ATP synthase F0 subunit 6	7614-8322:-1
OL616235.1	CDS	atp8	ATP synthase F0 subunit 8	8342-8555:-1
OL616235.1	CDS	cox2	cytochrome c oxidase subunit 2	8585-9341:-1
OL616235.1	CDS	cox1	cytochrome c oxidase subunit 1	9435-10998:1
OL616235.1	rRNA	rns	small subunit ribosomal RNA	11032-12077:1
OL616235.1	CDS	nad1	NADH dehydrogenase subunit 1	12138-13203:1
OL616235.1	CDS	cob	apocytochrome b	13126-14296:1
OL616235.1	CDS	nad6	NADH dehydrogenase subunit 6	14322-14868:1
OL616235.1	CDS	nad3	NADH dehydrogenase subunit 3	14908-15262:1
OL616235.1	CDS	nad4L	NADH dehydrogenase subunit 4L	15265-15559:1
OL616235.1	CDS	mutS	MutS-like protein	15572-18512:1
OL616243.1	CDS	nad3	NADH dehydrogenase subunit 3	54-408:-1
OL616243.1	CDS	nad6	NADH dehydrogenase subunit 6	450-1002:-1
OL616243.1	CDS	atp6	ATP synthase F0 subunit 6	1135-1846:-1
OL616243.1	CDS	atp8	ATP synthase F0 subunit 8	1882-2098:-1
OL616243.1	CDS	cox2	cytochrome c oxidase subunit 2	2120-2882:-1
OL616243.1	CDS	cox1	cytochrome c oxidase subunit 1	2995-4651:1
OL616243.1	rRNA	rns	small subunit ribosomal RNA	4744-5697:1
OL616243.1	CDS	nad1	NADH dehydrogenase subunit 1	5712-6684:1
OL616243.1	CDS	cob	apocytochrome b	6741-7908:1
OL616243.1	CDS	nad4L	NADH dehydrogenase subunit 4L	7934-8228:1
OL616243.1	CDS	mutS	MutS-like protein	8254-11206:1
OL616243.1	rRNA	rnl	large subunit ribosomal RNA	11261-13501:1
OL616243.1	CDS	nad2	NADH dehydrogenase subunit 2	13290-14637:1
OL616243.1	CDS	nad5	NADH dehydrogenase subunit 5	14624-16442:1
OL616243.1	CDS	nad4	NADH dehydrogenase subunit 4	16520-17969:1
OL616243.1	tRNA	trnM(cau)	tRNA-Met	18026-18097:-1
OL616243.1	CDS	cox3	cytochrome c oxidase subunit 3	18125-18911:-1
OL616244.1	rRNA	rnl	large subunit ribosomal RNA	18-1972:1
OL616244.1	CDS	nad2	NADH dehydrogenase subunit 2	2001-3354:1
OL616244.1	CDS	nad5	NADH dehydrogenase subunit 5	3341-5159:1
OL616244.1	CDS	nad4	NADH dehydrogenase subunit 4	5185-6634:1
OL616244.1	tRNA	trnM(cau)	tRNA-Met	7138-7209:-1
OL616244.1	CDS	cox3	cytochrome c oxidase subunit 3	7273-8059:-1
OL616244.1	CDS	atp6	ATP synthase F0 subunit 6	8116-8824:-1
OL616244.1	CDS	atp8	ATP synthase F0 subunit 8	8857-9073:-1
OL616244.1	CDS	cox2	cytochrome c oxidase subunit 2	9111-9873:-1
OL616244.1	CDS	cox1	cytochrome c oxidase subunit 1	9997-11563:1
OL616244.1	rRNA	rns	small subunit ribosomal RNA	11602-12651:1
OL616244.1	CDS	nad1	NADH dehydrogenase subunit 1	12721-13702:1
OL616244.1	CDS	cob	apocytochrome b	13731-14874:1
OL616244.1	CDS	nad6	NADH dehydrogenase subunit 6	14892-15447:1
OL616244.1	CDS	nad3	NADH dehydrogenase subunit 3	15511-15880:1
OL616244.1	CDS	nad4L	NADH dehydrogenase subunit 4L	15867-16161:1
OL616244.1	CDS	mutS	MutS-like protein	16174-19129:1
OL616247.1	CDS	cox2	cytochrome c oxidase subunit 2	185-947:1
OL616247.1	CDS	atp8	ATP synthase F0 subunit 8	949-1165:1
OL616247.1	CDS	atp6	ATP synthase F0 subunit 6	1168-1876:1
OL616247.1	CDS	cox3	cytochrome c oxidase subunit 3	2124-2910:1
OL616247.1	tRNA	trnM(cau)	tRNA-Met	2942-3013:1
OL616247.1	CDS	nad6	NADH dehydrogenase subunit 6	3105-3627:-1
OL616247.1	CDS	cob	apocytochrome b	3901-5035:-1
OL616247.1	CDS	nad1	NADH dehydrogenase subunit 1	5103-6075:-1
OL616247.1	rRNA	rns	small subunit ribosomal RNA	6081-7001:-1
OL616247.1	CDS	cox1	cytochrome c oxidase subunit 1	7168-8737:-1
OL616247.1	CDS	nad3	NADH dehydrogenase subunit 3	8948-9302:1
OL616247.1	CDS	nad4L	NADH dehydrogenase subunit 4L	9305-9599:1
OL616247.1	CDS	mutS	MutS-like protein	9599-12560:1
OL616247.1	rRNA	rnl	large subunit ribosomal RNA	12587-14490:1
OL616247.1	CDS	nad2	NADH dehydrogenase subunit 2	14487-15852:1
OL616247.1	CDS	nad5	NADH dehydrogenase subunit 5	15839-17651:1
OL616247.1	CDS	nad4	NADH dehydrogenase subunit 4	17672-19145:1
OL616249.1	rRNA	rnl	large subunit ribosomal RNA	18-1973:1
OL616249.1	CDS	nad2	NADH dehydrogenase subunit 2	2002-3340:1
OL616249.1	CDS	nad5	NADH dehydrogenase subunit 5	3327-5145:1
OL616249.1	CDS	nad4	NADH dehydrogenase subunit 4	5193-6654:1
OL616249.1	tRNA	trnM(cau)	tRNA-Met	6737-6808:-1
OL616249.1	CDS	cox3	cytochrome c oxidase subunit 3	6847-7633:-1
OL616249.1	CDS	atp6	ATP synthase F0 subunit 6	7680-8388:-1
OL616249.1	CDS	atp8	ATP synthase F0 subunit 8	8426-8642:-1
OL616249.1	CDS	cox2	cytochrome c oxidase subunit 2	8663-9425:-1
OL616249.1	CDS	cox1	cytochrome c oxidase subunit 1	9577-11290:1
OL616249.1	rRNA	rns	small subunit ribosomal RNA	11167-12215:1
OL616249.1	CDS	nad1	NADH dehydrogenase subunit 1	12326-13307:1
OL616249.1	CDS	cob	apocytochrome b	13428-14589:1
OL616249.1	CDS	nad6	NADH dehydrogenase subunit 6	14604-15162:1
OL616249.1	CDS	nad3	NADH dehydrogenase subunit 3	15205-15559:1
OL616249.1	CDS	nad4L	NADH dehydrogenase subunit 4L	15573-15867:1
OL616249.1	CDS	mutS	MutS-like protein	15880-18892:1
OL616250.1	rRNA	rnl	large subunit ribosomal RNA	9-2222:1
OL616250.1	CDS	nad2	NADH dehydrogenase subunit 2	2011-3358:1
OL616250.1	CDS	nad5	NADH dehydrogenase subunit 5	3345-5163:1
OL616250.1	CDS	nad4	NADH dehydrogenase subunit 4	5593-7042:1
OL616250.1	tRNA	trnM(cau)	tRNA-Met	7095-7164:-1
OL616250.1	CDS	cox3	cytochrome c oxidase subunit 3	7204-7990:-1
OL616250.1	CDS	atp6	ATP synthase F0 subunit 6	8054-8762:-1
OL616250.1	CDS	atp8	ATP synthase F0 subunit 8	8786-9041:-1
OL616250.1	CDS	cox2	cytochrome c oxidase subunit 2	9025-9787:-1
OL616250.1	CDS	cox1	cytochrome c oxidase subunit 1	9902-11612:1
OL616250.1	rRNA	rns	small subunit ribosomal RNA	11492-12531:1
OL616250.1	CDS	nad1	NADH dehydrogenase subunit 1	12581-13553:1
OL616250.1	CDS	cob	apocytochrome b	13602-14739:1
OL616250.1	CDS	nad6	NADH dehydrogenase subunit 6	15214-15721:1
OL616250.1	CDS	nad3	NADH dehydrogenase subunit 3	15765-16119:1
OL616250.1	CDS	nad4L	NADH dehydrogenase subunit 4L	16138-16432:1
OL616250.1	CDS	mutS	MutS-like protein	16447-19402:1
OL616253.1	rRNA	rnl	large subunit ribosomal RNA	9-2218:1
OL616253.1	CDS	nad2	NADH dehydrogenase subunit 2	2007-3354:1
OL616253.1	CDS	nad5	NADH dehydrogenase subunit 5	3341-5159:1
OL616253.1	CDS	nad4	NADH dehydrogenase subunit 4	5254-6703:1
OL616253.1	tRNA	trnM(cau)	tRNA-Met	6760-6831:-1
OL616253.1	CDS	cox3	cytochrome c oxidase subunit 3	6870-7656:-1
OL616253.1	CDS	atp6	ATP synthase F0 subunit 6	7720-8428:-1
OL616253.1	CDS	atp8	ATP synthase F0 subunit 8	8452-8668:-1
OL616253.1	CDS	cox2	cytochrome c oxidase subunit 2	8690-9452:-1
OL616253.1	CDS	cox1	cytochrome c oxidase subunit 1	9564-11274:1
OL616253.1	rRNA	rns	small subunit ribosomal RNA	11312-12237:1
OL616253.1	CDS	nad1	NADH dehydrogenase subunit 1	12241-13213:1
OL616253.1	CDS	cob	apocytochrome b	13294-14437:1
OL616253.1	CDS	nad6	NADH dehydrogenase subunit 6	14476-15034:1
OL616253.1	CDS	nad3	NADH dehydrogenase subunit 3	15089-15443:1
OL616253.1	CDS	nad4L	NADH dehydrogenase subunit 4L	15462-15756:1
OL616253.1	CDS	mutS	MutS-like protein	15769-18727:1
OL616256.1	rRNA	rnl	large subunit ribosomal RNA	12-2214:1
OL616256.1	CDS	nad2	NADH dehydrogenase subunit 2	2003-3350:1
OL616256.1	CDS	nad5	NADH dehydrogenase subunit 5	3337-5155:1
OL616256.1	CDS	nad4	NADH dehydrogenase subunit 4	5428-6877:1
OL616256.1	tRNA	trnM(cau)	tRNA-Met	6928-6999:-1
OL616256.1	CDS	cox3	cytochrome c oxidase subunit 3	7038-7824:-1
OL616256.1	CDS	atp6	ATP synthase F0 subunit 6	7888-8596:-1
OL616256.1	CDS	atp8	ATP synthase F0 subunit 8	8620-8872:-1
OL616256.1	CDS	cox2	cytochrome c oxidase subunit 2	8858-9620:-1
OL616256.1	CDS	cox1	cytochrome c oxidase subunit 1	9732-11436:1
OL616256.1	rRNA	rns	small subunit ribosomal RNA	11479-12405:1
OL616256.1	CDS	nad1	NADH dehydrogenase subunit 1	12409-13381:1
OL616256.1	CDS	cob	apocytochrome b	13432-14569:1
OL616256.1	CDS	nad6	NADH dehydrogenase subunit 6	14747-15305:1
OL616256.1	CDS	nad3	NADH dehydrogenase subunit 3	15348-15708:1
OL616256.1	CDS	nad4L	NADH dehydrogenase subunit 4L	15720-16014:1
OL616256.1	CDS	mutS	MutS-like protein	16027-18985:1
OL616258.1	rRNA	rnl	large subunit ribosomal RNA	0-1681:1
OL616258.1	CDS	nad2	NADH dehydrogenase subunit 2	1719-3066:1
OL616258.1	CDS	nad5	NADH dehydrogenase subunit 5	3053-4865:1
OL616258.1	CDS	nad4	NADH dehydrogenase subunit 4	5072-6521:1
OL616258.1	tRNA	trnM(cau)	tRNA-Met	6571-6642:-1
OL616258.1	CDS	nad1	NADH dehydrogenase subunit 1	6847-7816:-1
OL616258.1	rRNA	rns	small subunit ribosomal RNA	7864-8906:-1
OL616258.1	CDS	cox1	cytochrome c oxidase subunit 1	8880-10506:-1
OL616258.1	CDS	cox2	cytochrome c oxidase subunit 2	10610-11372:1
OL616258.1	CDS	atp8	ATP synthase F0 subunit 8	11393-11609:1
OL616258.1	CDS	atp6	ATP synthase F0 subunit 6	11632-12340:1
OL616258.1	CDS	cox3	cytochrome c oxidase subunit 3	12930-13716:1
OL616258.1	CDS	cob	apocytochrome b	13822-14962:1
OL616258.1	CDS	nad6	NADH dehydrogenase subunit 6	15187-15745:1
OL616258.1	CDS	nad3	NADH dehydrogenase subunit 3	15763-16117:1
OL616258.1	CDS	nad4L	NADH dehydrogenase subunit 4L	16136-16430:1
OL616258.1	CDS	mutS	MutS-like protein	16443-19404:1
OL616259.1	rRNA	rnl	large subunit ribosomal RNA	0-1536:1
OL616259.1	CDS	nad2	NADH dehydrogenase subunit 2	1328-2687:1
OL616259.1	CDS	nad5	NADH dehydrogenase subunit 5	2674-4501:1
OL616259.1	CDS	nad4	NADH dehydrogenase subunit 4	4566-6015:1
OL616259.1	tRNA	trnM(cau)	tRNA-Met	6087-6158:-1
OL616259.1	CDS	cox3	cytochrome c oxidase subunit 3	6197-6983:-1
OL616259.1	CDS	atp6	ATP synthase F0 subunit 6	7039-7747:-1
OL616259.1	CDS	atp8	ATP synthase F0 subunit 8	7767-7983:-1
OL616259.1	CDS	cox2	cytochrome c oxidase subunit 2	8017-8779:-1
OL616259.1	CDS	cox1	cytochrome c oxidase subunit 1	8920-10576:1
OL616259.1	rRNA	rns	small subunit ribosomal RNA	10510-11566:1
OL616259.1	CDS	nad1	NADH dehydrogenase subunit 1	11684-12653:1
OL616259.1	CDS	cob	apocytochrome b	12775-13918:1
OL616259.1	CDS	nad6	NADH dehydrogenase subunit 6	13963-14530:1
OL616259.1	CDS	nad3	NADH dehydrogenase subunit 3	14573-14924:1
OL616259.1	CDS	nad4L	NADH dehydrogenase subunit 4L	14968-15262:1
OL616259.1	CDS	mutS	MutS-like protein	15290-18314:1
OL616264.1	rRNA	rnl	large subunit ribosomal RNA	172-1555:1
OL616264.1	CDS	nad2	NADH dehydrogenase subunit 2	2177-3515:1
OL616264.1	CDS	nad5	NADH dehydrogenase subunit 5	3502-5308:1
OL616264.1	CDS	nad4	NADH dehydrogenase subunit 4	5332-6781:1
OL616264.1	tRNA	trnM(cau)	tRNA-Met	6838-6909:-1
OL616264.1	CDS	cox3	cytochrome c oxidase subunit 3	6943-7729:-1
OL616264.1	CDS	atp6	ATP synthase F0 subunit 6	7737-8445:-1
OL616264.1	CDS	atp8	ATP synthase F0 subunit 8	8450-8666:-1
OL616264.1	CDS	cox2	cytochrome c oxidase subunit 2	8688-9450:-1
OL616264.1	CDS	cob	apocytochrome b	9456-10758:-1
OL616264.1	CDS	nad1	NADH dehydrogenase subunit 1	10793-11765:-1
OL616264.1	rRNA	rns	small subunit ribosomal RNA	11818-12850:-1
OL616264.1	CDS	cox1	cytochrome c oxidase subunit 1	12824-14438:-1
OL616264.1	CDS	nad6	NADH dehydrogenase subunit 6	14821-15388:1
OL616264.1	CDS	nad3	NADH dehydrogenase subunit 3	15350-15704:1
OL616264.1	CDS	nad4L	NADH dehydrogenase subunit 4L	15730-16024:1
OL616265.1	rRNA	rnl	large subunit ribosomal RNA	0-1984:1
OL616265.1	CDS	nad2	NADH dehydrogenase subunit 2	2045-3383:1
OL616265.1	CDS	nad5	NADH dehydrogenase subunit 5	3370-5188:1
OL616265.1	CDS	nad4	NADH dehydrogenase subunit 4	5212-6661:1
OL616265.1	tRNA	trnM(cau)	tRNA-Met	6724-6795:-1
OL616265.1	CDS	cox3	cytochrome c oxidase subunit 3	6829-7615:-1
OL616265.1	CDS	atp6	ATP synthase F0 subunit 6	7629-8337:-1
OL616265.1	CDS	atp8	ATP synthase F0 subunit 8	8357-8606:-1
OL616265.1	CDS	cox2	cytochrome c oxidase subunit 2	8592-9354:-1
OL616265.1	CDS	cob	apocytochrome b	9573-10722:-1
OL616265.1	CDS	nad1	NADH dehydrogenase subunit 1	10775-11747:-1
OL616265.1	rRNA	rns	small subunit ribosomal RNA	11800-12832:-1
OL616265.1	CDS	cox1	cytochrome c oxidase subunit 1	12715-14422:-1
OL616265.1	CDS	nad6	NADH dehydrogenase subunit 6	14617-15169:1
OL616265.1	CDS	nad3	NADH dehydrogenase subunit 3	15131-15485:1
OL616265.1	CDS	nad4L	NADH dehydrogenase subunit 4L	15511-15805:1
OL616265.1	CDS	mutS	MutS-like protein	15820-18811:1
OL616266.1	rRNA	rnl	large subunit ribosomal RNA	0-1547:1
OL616266.1	CDS	nad2	NADH dehydrogenase subunit 2	2018-3350:1
OL616266.1	CDS	nad5	NADH dehydrogenase subunit 5	3337-5155:1
OL616266.1	CDS	nad4	NADH dehydrogenase subunit 4	5198-6647:1
OL616266.1	tRNA	trnM(cau)	tRNA-Met	6730-6801:-1
OL616266.1	CDS	cox3	cytochrome c oxidase subunit 3	6835-7621:-1
OL616266.1	CDS	atp6	ATP synthase F0 subunit 6	7668-8376:-1
OL616266.1	CDS	atp8	ATP synthase F0 subunit 8	8402-8654:-1
OL616266.1	CDS	cox2	cytochrome c oxidase subunit 2	8640-9402:-1
OL616266.1	CDS	cox1	cytochrome c oxidase subunit 1	9556-11218:1
OL616266.1	rRNA	rns	small subunit ribosomal RNA	11146-12191:1
OL616266.1	CDS	nad1	NADH dehydrogenase subunit 1	12237-13197:1
OL616266.1	CDS	cob	apocytochrome b	13294-14455:1
OL616266.1	CDS	nad6	NADH dehydrogenase subunit 6	14491-15046:1
OL616266.1	CDS	nad3	NADH dehydrogenase subunit 3	15089-15443:1
OL616266.1	CDS	nad4L	NADH dehydrogenase subunit 4L	15471-15765:1
OL616266.1	CDS	mutS	MutS-like protein	15778-18724:1
OL616268.1	rRNA	rnl	large subunit ribosomal RNA	9-2229:1
OL616268.1	CDS	nad2	NADH dehydrogenase subunit 2	2018-3365:1
OL616268.1	CDS	nad5	NADH dehydrogenase subunit 5	3352-5170:1
OL616268.1	CDS	nad4	NADH dehydrogenase subunit 4	5263-6712:1
OL616268.1	tRNA	trnM(cau)	tRNA-Met	6769-6840:-1
OL616268.1	CDS	cox3	cytochrome c oxidase subunit 3	6879-7665:-1
OL616268.1	CDS	atp6	ATP synthase F0 subunit 6	7729-8437:-1
OL616268.1	CDS	atp8	ATP synthase F0 subunit 8	8461-8713:-1
OL616268.1	CDS	cox2	cytochrome c oxidase subunit 2	8699-9461:-1
OL616268.1	CDS	cox1	cytochrome c oxidase subunit 1	9573-11283:1
OL616268.1	rRNA	rns	small subunit ribosomal RNA	11321-12243:1
OL616268.1	CDS	nad1	NADH dehydrogenase subunit 1	12250-13222:1
OL616268.1	CDS	cob	apocytochrome b	13303-14446:1
OL616268.1	CDS	nad6	NADH dehydrogenase subunit 6	14485-15043:1
OL616268.1	CDS	nad3	NADH dehydrogenase subunit 3	15098-15452:1
OL616268.1	CDS	nad4L	NADH dehydrogenase subunit 4L	15471-15765:1
OL616268.1	CDS	mutS	MutS-like protein	15778-18736:1
OL616279.1	rRNA	rnl	large subunit ribosomal RNA	9-2198:1
OL616279.1	CDS	nad2	NADH dehydrogenase subunit 2	1989-3336:1
OL616279.1	CDS	nad5	NADH dehydrogenase subunit 5	3323-5141:1
OL616279.1	CDS	nad4	NADH dehydrogenase subunit 4	5208-6657:1
OL616279.1	tRNA	trnM(cau)	tRNA-Met	6712-6783:-1
OL616279.1	CDS	cox3	cytochrome c oxidase subunit 3	6820-7606:-1
OL616279.1	CDS	atp6	ATP synthase F0 subunit 6	7882-8593:-1
OL616279.1	CDS	atp8	ATP synthase F0 subunit 8	8617-8833:-1
OL616279.1	CDS	cox2	cytochrome c oxidase subunit 2	8853-9615:-1
OL616279.1	CDS	cox1	cytochrome c oxidase subunit 1	9723-11340:1
OL616279.1	rRNA	rns	small subunit ribosomal RNA	11314-12343:1
OL616279.1	CDS	nad1	NADH dehydrogenase subunit 1	12393-13365:1
OL616279.1	CDS	cob	apocytochrome b	13416-14559:1
OL616279.1	CDS	nad6	NADH dehydrogenase subunit 6	14573-15131:1
OL616279.1	CDS	nad3	NADH dehydrogenase subunit 3	15173-15527:1
OL616279.1	CDS	nad4L	NADH dehydrogenase subunit 4L	15545-15839:1
OL616279.1	CDS	mutS	MutS-like protein	15852-18822:1
OL616284.1	rRNA	rnl	large subunit ribosomal RNA	1036-2237:1
OL616284.1	CDS	nad2	NADH dehydrogenase subunit 2	2043-3399:1
OL616284.1	CDS	nad5	NADH dehydrogenase subunit 5	3386-5204:1
OL616284.1	CDS	nad4	NADH dehydrogenase subunit 4	5230-6679:1
OL616284.1	tRNA	trnM(cau)	tRNA-Met	6796-6867:-1
OL616284.1	CDS	cox3	cytochrome c oxidase subunit 3	6931-7717:-1
OL616284.1	CDS	atp6	ATP synthase F0 subunit 6	7774-8482:-1
OL616284.1	CDS	atp8	ATP synthase F0 subunit 8	8511-8727:-1
OL616284.1	CDS	cox2	cytochrome c oxidase subunit 2	8769-9531:-1
OL616284.1	CDS	cox1	cytochrome c oxidase subunit 1	9633-11199:1
OL616284.1	rRNA	rns	small subunit ribosomal RNA	11238-12287:1
OL616284.1	CDS	nad1	NADH dehydrogenase subunit 1	12345-13326:1
OL616284.1	CDS	cob	apocytochrome b	13355-14498:1
OL616284.1	CDS	nad6	NADH dehydrogenase subunit 6	14516-15071:1
OL616284.1	CDS	nad3	NADH dehydrogenase subunit 3	15131-15485:1
OL616284.1	CDS	nad4L	NADH dehydrogenase subunit 4L	15488-15782:1
OL616284.1	CDS	mutS	MutS-like protein	15795-18723:1
OL912950.1	CDS	ND5	NADH dehydrogenase subunit 5	0-717:1,2398-3514:1
OL912950.1	CDS	ND1	NADH dehydrogenase subunit 1	940-1924:1
OL912950.1	CDS	ND3	NADH dehydrogenase subunit 3	1930-2287:1
OL912950.1	tRNA		tRNA-Trp	3577-3647:1
OL912950.1	CDS	ND2	NADH dehydrogenase subunit 2	3749-5126:1
OL912950.1	rRNA		12S ribosomal RNA	5204-6259:1
OL912950.1	CDS	COII	cytochrome c oxidase subunit II	6406-7153:1
OL912950.1	CDS	ND4	NADH dehydrogenase subunit 4	7158-8634:1
OL912950.1	CDS	ND6	NADH dehydrogenase subunit 6	8638-9247:1
OL912950.1	CDS	CYTB	cytochrome b	9284-10457:1
OL912950.1	tRNA		tRNA-Met	10512-10585:1
OL912950.1	rRNA		16S ribosomal RNA	10586-12748:1
OL912950.1	CDS	COIII	cytochrome c oxidase subunit III	12834-13623:1
OL912950.1	CDS	COI	cytochrome c oxidase subunit I	13720-15313:1
OL912950.1	CDS	ND4L	NADH dehydrogenase subunit 4L	15354-15654:1
OL912950.1	CDS	ATP8	ATP synthase F0 subunit 8	15678-15894:1
OL912950.1	CDS	ATP6	ATP synthase F0 subunit 6	15924-16614:1
ON149890.1	CDS	COX1	cytochrome c oxidase subunit I	0-893:1,1747-2447:1
ON149890.1	CDS	heg	homing endonuclease	1048-1720:1
ON149890.1	CDS	ND4L	NADH dehydrogenase subunit 4L	2502-2787:1
ON149890.1	CDS	ATP8	ATP synthase F0 subunit 8	2811-3027:1
ON149890.1	CDS	ATP6	ATP synthase F0 subunit 6	3057-3747:1
ON149890.1	CDS	ND5	NADH dehydrogenase subunit 5	3766-4483:1,6164-7280:1
ON149890.1	CDS	ND1	NADH dehydrogenase subunit 1	4703-5690:1
ON149890.1	CDS	ND3	NADH dehydrogenase subunit 3	5696-6053:1
ON149890.1	tRNA	trnW(uca)	tRNA-Trp	7347-7417:1
ON149890.1	CDS	ND2	NADH dehydrogenase subunit 2	7694-8837:1
ON149890.1	rRNA	rrn12	12S ribosomal RNA	9006-9968:1
ON149890.1	CDS	COX2	cytochrome c oxidase subunit II	10187-10883:1
ON149890.1	CDS	ND4	NADH dehydrogenase subunit 4	10891-12364:1
ON149890.1	CDS	ND6	NADH dehydrogenase subunit 6	12368-12977:1
ON149890.1	CDS	CYTB	cytochrome b	13037-14186:1
ON149890.1	tRNA	trnM(cau)	tRNA-Met	14244-14315:1
ON149890.1	rRNA	rrn16	16S ribosomal RNA	14478-16445:1
ON149890.1	CDS	COX3	cytochrome c oxidase subunit III	16573-17362:1
ON653414.1	CDS	CYTB	cytochrome b	0-1143:1
ON653414.1	tRNA		tRNA-Met	1219-1290:1
ON653414.1	rRNA		16S ribosomal RNA	1394-4062:1
ON653414.1	CDS	COX3	cytochrome c oxidase subunit III	4228-5017:1
ON653414.1	CDS	COX1	cytochrome c oxidase subunit I	5294-6188:1,7603-8305:1
ON653414.1	CDS	HEG	homing endonuclease	6498-7500:1
ON653414.1	CDS	ND4L	NADH dehydrogenase subunit 4L	8434-8734:1
ON653414.1	CDS	COX2	cytochrome c oxidase subunit II	8841-9591:1
ON653414.1	CDS	ND4	NADH dehydrogenase subunit 4	9647-11150:1
ON653414.1	CDS	ND6	NADH dehydrogenase subunit 6	11355-11946:1
ON653414.1	CDS	ATP8	ATP synthase F0 subunit 8	12020-12233:1
ON653414.1	CDS	ATP6	ATP synthase F0 subunit 6	12406-13105:1
ON653414.1	CDS	ND5	NADH dehydrogenase subunit 5	13242-13962:1,16024-17155:1
ON653414.1	CDS	ND1	NADH dehydrogenase subunit 1	14312-15362:1
ON653414.1	CDS	ND3	NADH dehydrogenase subunit 3	15499-15856:1
ON653414.1	tRNA		tRNA-Trp	17200-17270:1
ON653414.1	CDS	ND2	NADH dehydrogenase subunit 2	17389-18907:1
ON653414.1	rRNA		12S ribosomal RNA	19137-20286:1
OP055895.1	CDS	nad5	NADH dehydrogenase subunit 5	0-717:1,2769-3885:1
OP055895.1	CDS	nad1	NADH dehydrogenase subunit 1	941-1925:1
OP055895.1	CDS	nad3	NADH dehydrogenase subunit 3	1969-2326:1
OP055895.1	tRNA	tRNA-Trp(TCA)	tRNA-Trp	4198-4268:1
OP055895.1	CDS	nad2	NADH dehydrogenase subunit 2	4602-5766:1
OP055895.1	rRNA	12S-rRNA	small subunit ribosomal RNA	5815-6896:1
OP055895.1	CDS	cox2	cytochrome c oxidase subunit 2	6949-7690:1
OP055895.1	CDS	nad4	NADH dehydrogenase subunit 4	9350-10817:1
OP055895.1	CDS	nad6	NADH dehydrogenase subunit 6	10821-11430:1
OP055895.1	CDS	cob	cytochrome b	11460-12609:1
OP055895.1	tRNA	tRNA-Met(CAT)	tRNA-Met	12855-12926:1
OP055895.1	rRNA	16S-rRNA	large subunit ribosomal RNA	12926-15143:1
OP055895.1	CDS	cox3	cytochrome c oxidase subunit 3	15211-16000:1
OP055895.1	CDS	cox1	cytochrome c oxidase subunit 1	16694-17584:1,18437-19137:1
OP055895.1	CDS	nad4l	NADH dehydrogenase subunit 4L	19177-19477:1
OP055895.1	CDS	atp8	ATP synthase F0 subunit 8	19501-19717:1
OP055895.1	CDS	atp6	ATP synthase F0 subunit 6	19750-20440:1
OQ469831.1	CDS	COX1	cytochrome c oxidase subunit I	0-888:1,2226-2943:1
OQ469831.1	CDS	ND4L	NADH dehydrogenase subunit 4L	2994-3294:1
OQ469831.1	CDS	ATP8	ATP synthase F0 subunit 8	3404-3623:1
OQ469831.1	CDS	ATP6	ATP synthase F0 subunit 6	3783-4512:1
OQ469831.1	rRNA		small subunit ribosomal RNA	4644-5840:1
OQ469831.1	CDS	ND2	NADH dehydrogenase subunit 2	6309-7455:1
OQ469831.1	tRNA		tRNA-Met	7618-7689:1
OQ469831.1	rRNA		large subunit ribosomal RNA	7735-10447:1
OQ469831.1	CDS	ND5	NADH dehydrogenase subunit 5	10761-11478:1,13802-14897:1
OQ469831.1	CDS	ND1	NADH dehydrogenase subunit 1	11899-12889:1
OQ469831.1	CDS	ND3	NADH dehydrogenase subunit 3	13083-13440:1
OQ469831.1	tRNA		tRNA-Trp	14930-15000:1
OQ469831.1	CDS	COX2	cytochrome c oxidase subunit II	15069-15822:1
OQ469831.1	CDS	ND4	NADH dehydrogenase subunit 4	16160-17636:1
OQ469831.1	CDS	ND6	NADH dehydrogenase subunit 6	17785-18442:1
OQ469831.1	CDS	CYTB	cytochrome b	18660-19854:1
OQ469831.1	CDS	COX3	cytochrome c oxidase subunit III	20144-20933:1
OQ469832.1	CDS	COX1	cytochrome c oxidase subunit I	0-888:1,2263-2980:1
OQ469832.1	CDS	ND4L	NADH dehydrogenase subunit 4L	3032-3332:1
OQ469832.1	CDS	ATP8	ATP synthase F0 subunit 8	3418-3637:1
OQ469832.1	CDS	ATP6	ATP synthase F0 subunit 6	3798-4527:1
OQ469832.1	rRNA		small subunit ribosomal RNA	4659-5854:1
OQ469832.1	CDS	ND2	NADH dehydrogenase subunit 2	6289-7435:1
OQ469832.1	tRNA		tRNA-Met	7598-7669:1
OQ469832.1	rRNA		large subunit ribosomal RNA	7715-10459:1
OQ469832.1	CDS	ND5	NADH dehydrogenase subunit 5	10748-11465:1,13867-14998:1
OQ469832.1	CDS	ND1	NADH dehydrogenase subunit 1	12108-13098:1
OQ469832.1	CDS	ND3	NADH dehydrogenase subunit 3	13292-13649:1
OQ469832.1	tRNA		tRNA-Trp	15031-15101:1
OQ469832.1	CDS	COX2	cytochrome c oxidase subunit II	15170-15923:1
OQ469832.1	CDS	ND4	NADH dehydrogenase subunit 4	16188-17664:1
OQ469832.1	CDS	ND6	NADH dehydrogenase subunit 6	17800-18457:1
OQ469832.1	CDS	CYTB	cytochrome b	18640-19834:1
OQ469832.1	CDS	COX3	cytochrome c oxidase subunit III	20230-21019:1
OQ740722.1	CDS	ND5	NADH dehydrogenase subunit 5	21348-21565:1,0-500:1,2621-3752:1
OQ740722.1	CDS	ND1	NADH dehydrogenase subunit 1	838-1828:1
OQ740722.1	CDS	ND3	NADH dehydrogenase subunit 3	1971-2328:1
OQ740722.1	CDS	COX2	cytochrome oxidase subunit 2	3934-4687:1
OQ740722.1	CDS	ND4	NADH dehydrogenase subunit 4	5313-6789:1
OQ740722.1	CDS	ND6	NADH dehydrogenase subunit 6	6837-7488:1
OQ740722.1	CDS	CYTB	cytochrome b	7737-8931:1
OQ740722.1	CDS	COX3	cytochrome oxidase subunit 3	9383-10172:1
OQ740722.1	CDS	COX1	cytochrome oxidase subunit 1	10323-11214:1,12490-13207:1
OQ740722.1	CDS	ND4L	NADH dehydrogenase subunit 4L	13328-13628:1
OQ740722.1	CDS	ATP8	ATP synthase F0 subunit 8	13696-13915:1
OQ740722.1	CDS	ATP6	ATP synthase F0 subunit 6	14067-14766:1
OQ740722.1	rRNA		small subunit ribosomal RNA	15058-16256:1
OQ740722.1	CDS	ND2	NADH dehydrogenase subunit 2	16772-17930:1
OQ740722.1	tRNA	trnM	tRNA-Met	18119-18190:1
OQ740722.1	rRNA		large subunit ribosomal RNA	18292-21071:1
OR019699.1	rRNA		large subunit ribosomal RNA	0-2033:1
OR019699.1	CDS	ND5	NADH dehydrogenase subunit 5	2034-2744:1,12933-14038:1
OR019699.1	CDS	ND1	NADH dehydrogenase subunit 1	2856-3804:1
OR019699.1	CDS	CytB	cytochrome b	3828-4968:1
OR019699.1	CDS	ND2	NADH dehydrogenase subunit 2	5188-6280:1
OR019699.1	CDS	ND6	NADH dehydrogenase subunit 6	6280-6847:1
OR019699.1	CDS	ATP6	ATP synthase subunit 6	6877-7558:1
OR019699.1	CDS	ND4	NADH dehydrogenase subunit 4	7557-9003:1
OR019699.1	rRNA		small subunit ribosomal RNA	9003-10175:1
OR019699.1	CDS	COX2	cytochrome c oxidase subunit II	10236-10968:1
OR019699.1	CDS	COX3	cytochrome c oxidase subunit III	11151-11931:1
OR019699.1	CDS	ND4L	NADH dehydrogenase subunit 4L	12157-12457:1
OR019699.1	CDS	ND3	NADH dehydrogenase subunit 3	12456-12801:1
OR019699.1	tRNA		tRNA-Tyr	14036-14106:1
OR019699.1	CDS	ATP8	ATP synthase subunit 8	14108-14306:1
OR019699.1	CDS	COX1	cytochrome c oxidase subunit I	14305-15865:1
OR019699.1	tRNA		tRNA-Met	15854-15926:1
OR326691.1	CDS	cox1	cytochrome c oxidase subunit 1	0-1653:1
OR326691.1	rRNA		small subunit ribosomal RNA	1590-2617:1
OR326691.1	CDS	nad1	NADH dehydrogenase subunit 1	2663-3653:1
OR326691.1	CDS	cob	apocytochrome b	3622-4783:1
OR326691.1	CDS	nad6	NADH dehydrogenase subunit 6	5317-5926:1
OR326691.1	CDS	nad3	NADH dehydrogenase subunit 3	5904-6252:1
OR326691.1	CDS	nad4L	NADH dehydrogenase subunit 4L	6272-6566:1
OR326691.1	CDS	nad4	NADH dehydrogenase subunit 4	6657-8106:-1
OR326691.1	CDS	nad5	NADH dehydrogenase subunit 5	8146-9958:-1
OR326691.1	CDS	nad2	NADH dehydrogenase subunit 2	9945-11265:-1
OR326691.1	rRNA		large subunit ribosomal RNA	11265-13212:-1
OR326691.1	CDS	MutS	MutS-like protein	13212-16227:-1
OR326691.1	tRNA		tRNA-Met	16238-16309:-1
OR326691.1	CDS	cox3	cytochrome c oxidase subunit III	16338-17139:-1
OR326691.1	CDS	atp6	ATP synthase F0 subunit 6	17156-17873:-1
OR326691.1	CDS	atp8	ATP synthase F0 subunit 8	17885-18101:-1
OR326691.1	CDS	cox2	cytochrome c oxidase subunit II	18105-18867:-1
OR326698.1	CDS	cox1	cytochrome c oxidase subunit 1	0-1731:1
OR326698.1	rRNA		small subunit ribosomal RNA	1590-2660:1
OR326698.1	CDS	nad1	NADH dehydrogenase subunit 1	2706-3672:1
OR326698.1	CDS	cob	apocytochrome b	3749-4916:1
OR326698.1	CDS	nad6	NADH dehydrogenase subunit 6	5538-6129:1
OR326698.1	CDS	nad3	NADH dehydrogenase subunit 3	6107-6446:1
OR326698.1	CDS	nad4L	NADH dehydrogenase subunit 4L	6468-6762:1
OR326698.1	CDS	nad4	NADH dehydrogenase subunit 4	6907-8356:-1
OR326698.1	CDS	nad5	NADH dehydrogenase subunit 5	8442-10254:-1
OR326698.1	CDS	nad2	NADH dehydrogenase subunit 2	10241-11561:-1
OR326698.1	rRNA		large subunit ribosomal RNA	11586-13405:-1
OR326698.1	CDS	MutS	MutS-like protein	13577-16664:-1
OR326698.1	tRNA		tRNA-Met	16675-16746:-1
OR326698.1	CDS	cox3	cytochrome c oxidase subunit III	16775-17561:-1
OR326698.1	CDS	atp6	ATP synthase F0 subunit 6	17593-18310:-1
OR326698.1	CDS	atp8	ATP synthase F0 subunit 8	18335-18542:-1
OR326698.1	CDS	cox2	cytochrome c oxidase subunit II	18546-19308:-1
OR625182.1	CDS	ND5	NADH dehydrogenase subunit 5	0-720:1,11275-12391:1
OR625182.1	CDS	ND1	NADH dehydrogenase subunit 1	878-1859:1
OR625182.1	CDS	CYTB	cytochrome b	1861-3001:1
OR625182.1	CDS	ND2	NADH dehydrogenase subunit 2	3230-4316:1
OR625182.1	CDS	ND6	NADH dehydrogenase subunit 6	4318-4903:1
OR625182.1	CDS	ATP6	ATP synthase subunit 6	4902-5601:1
OR625182.1	CDS	ND4	NADH dehydrogenase subunit 4	5607-7080:1
OR625182.1	rRNA		12S ribosomal RNA	7079-8048:1
OR625182.1	CDS	ND4L	NADH dehydrogenase subunit 4L	9016-9316:1
OR625182.1	CDS	ND3	NADH dehydrogenase subunit 3	9336-9669:1
OR625182.1	CDS	COX3	cytochrome c oxidase subunit III	9668-10448:1
OR625182.1	CDS	COX2	cytochrome c oxidase subunit II	10452-11190:1
OR625182.1	tRNA		tRNA-Trp	12398-12468:1
OR625182.1	CDS	ATP8	ATP synthase subunit 8	12482-12671:1
OR625182.1	CDS	COX1	cytochrome c oxidase subunit I	12670-14245:1
OR625182.1	tRNA		tRNA-Met	14259-14330:1
OR625182.1	rRNA		16S ribosomal RNA	14437-16197:1
OR625183.1	CDS	ND5	NADH dehydrogenase subunit 5	0-720:1,11274-12390:1
OR625183.1	CDS	ND1	NADH dehydrogenase subunit 1	878-1859:1
OR625183.1	CDS	CYTB	cytochrome b	1861-3001:1
OR625183.1	CDS	ND2	NADH dehydrogenase subunit 2	3230-4316:1
OR625183.1	CDS	ND6	NADH dehydrogenase subunit 6	4318-4903:1
OR625183.1	CDS	ATP6	ATP synthase subunit 6	4902-5601:1
OR625183.1	CDS	ND4	NADH dehydrogenase subunit 4	5607-7080:1
OR625183.1	rRNA		12S ribosomal RNA	7079-8048:1
OR625183.1	CDS	ND4L	NADH dehydrogenase subunit 4L	9016-9316:1
OR625183.1	CDS	ND3	NADH dehydrogenase subunit 3	9336-9669:1
OR625183.1	CDS	COX3	cytochrome c oxidase subunit III	9668-10448:1
OR625183.1	CDS	COX2	cytochrome c oxidase subunit II	10452-11190:1
OR625183.1	tRNA		tRNA-Trp	12397-12466:1
OR625183.1	CDS	ATP8	ATP synthase subunit 8	12480-12669:1
OR625183.1	CDS	COX1	cytochrome c oxidase subunit I	12668-14243:1
OR625183.1	tRNA		tRNA-Met	14257-14328:1
OR625183.1	rRNA		16S ribosomal RNA	14435-16195:1
OR625184.1	CDS	ND5	NADH dehydrogenase subunit 5	0-720:1,11270-12386:1
OR625184.1	CDS	ND1	NADH dehydrogenase subunit 1	878-1859:1
OR625184.1	CDS	CYTB	cytochrome b	1861-3001:1
OR625184.1	CDS	ND2	NADH dehydrogenase subunit 2	3230-4316:1
OR625184.1	CDS	ND6	NADH dehydrogenase subunit 6	4318-4903:1
OR625184.1	CDS	ATP6	ATP synthase subunit 6	4902-5601:1
OR625184.1	CDS	ND4	NADH dehydrogenase subunit 4	5607-7080:1
OR625184.1	rRNA		12S ribosomal RNA	7079-8048:1
OR625184.1	CDS	ND4L	NADH dehydrogenase subunit 4L	9012-9312:1
OR625184.1	CDS	ND3	NADH dehydrogenase subunit 3	9332-9665:1
OR625184.1	CDS	COX3	cytochrome c oxidase subunit III	9664-10444:1
OR625184.1	CDS	COX2	cytochrome c oxidase subunit II	10448-11186:1
OR625184.1	tRNA		tRNA-Trp	12393-12463:1
OR625184.1	CDS	ATP8	ATP synthase subunit 8	12476-12665:1
OR625184.1	CDS	COX1	cytochrome c oxidase subunit I	12664-14239:1
OR625184.1	tRNA		tRNA-Met	14253-14324:1
OR625184.1	rRNA		16S ribosomal RNA	14431-16191:1
OR625185.1	CDS	ND5	NADH dehydrogenase subunit 5	0-720:1,11240-12356:1
OR625185.1	CDS	ND1	NADH dehydrogenase subunit 1	878-1859:1
OR625185.1	CDS	CYTB	cytochrome b	1861-3001:1
OR625185.1	CDS	ND2	NADH dehydrogenase subunit 2	3230-4316:1
OR625185.1	CDS	ND6	NADH dehydrogenase subunit 6	4318-4903:1
OR625185.1	CDS	ATP6	ATP synthase subunit 6	4902-5601:1
OR625185.1	CDS	ND4	NADH dehydrogenase subunit 4	5607-7080:1
OR625185.1	rRNA		12S ribosomal RNA	7079-8048:1
OR625185.1	CDS	ND4L	NADH dehydrogenase subunit 4L	8981-9281:1
OR625185.1	CDS	ND3	NADH dehydrogenase subunit 3	9301-9634:1
OR625185.1	CDS	COX3	cytochrome c oxidase subunit III	9633-10413:1
OR625185.1	CDS	COX2	cytochrome c oxidase subunit II	10417-11155:1
OR625185.1	tRNA		tRNA-Trp	12363-12433:1
OR625185.1	CDS	ATP8	ATP synthase subunit 8	12448-12637:1
OR625185.1	CDS	COX1	cytochrome c oxidase subunit I	12636-14211:1
OR625185.1	tRNA		tRNA-Met	14225-14296:1
OR625185.1	rRNA		16S ribosomal RNA	14403-16163:1
OR625186.1	CDS	ND5	NADH dehydrogenase subunit 5	0-719:1,12190-13310:1
OR625186.1	CDS	ND1	NADH dehydrogenase subunit 1	1052-2036:1
OR625186.1	CDS	CYTB	cytochrome b	2140-3304:1
OR625186.1	CDS	ND2	NADH dehydrogenase subunit 2	4148-5246:1
OR625186.1	CDS	ND6	NADH dehydrogenase subunit 6	5264-5858:1
OR625186.1	CDS	ATP6	ATP synthase subunit 6	5923-6622:1
OR625186.1	CDS	ND4	NADH dehydrogenase subunit 4	6817-8293:1
OR625186.1	rRNA		12S ribosomal RNA	8380-9495:1
OR625186.1	CDS	COX3	cytochrome c oxidase subunit III	9798-10587:1
OR625186.1	CDS	COX2	cytochrome c oxidase subunit II	10622-11366:1
OR625186.1	CDS	ND4L	NADH dehydrogenase subunit 4L	11419-11719:1
OR625186.1	CDS	ND3	NADH dehydrogenase subunit 3	11735-12092:1
OR625186.1	tRNA		tRNA-Trp	13350-13420:1
OR625186.1	CDS	ATP8	ATP synthase subunit 8	13453-13684:1
OR625186.1	CDS	COX1	cytochrome c oxidase subunit I	13791-14684:1,15648-16330:1
OR625186.1	tRNA		tRNA-Met	17155-17226:1
OR625186.1	rRNA		16S ribosomal RNA	17762-20127:1
OR625187.1	CDS	ND5	NADH dehydrogenase subunit 5	0-719:1,12006-13126:1
OR625187.1	CDS	ND1	NADH dehydrogenase subunit 1	1052-2036:1
OR625187.1	CDS	CYTB	cytochrome b	2140-3292:1
OR625187.1	CDS	ND2	NADH dehydrogenase subunit 2	3789-4887:1
OR625187.1	CDS	ND6	NADH dehydrogenase subunit 6	4905-5499:1
OR625187.1	CDS	ATP6	ATP synthase subunit 6	5564-6263:1
OR625187.1	CDS	ND4	NADH dehydrogenase subunit 4	6458-7934:1
OR625187.1	rRNA		12S ribosomal RNA	8022-9137:1
OR625187.1	CDS	COX3	cytochrome c oxidase subunit III	9614-10403:1
OR625187.1	CDS	COX2	cytochrome c oxidase subunit II	10438-11182:1
OR625187.1	CDS	ND4L	NADH dehydrogenase subunit 4L	11235-11535:1
OR625187.1	CDS	ND3	NADH dehydrogenase subunit 3	11551-11908:1
OR625187.1	tRNA		tRNA-Trp	13165-13235:1
OR625187.1	CDS	ATP8	ATP synthase subunit 8	13268-13499:1
OR625187.1	CDS	COX1	cytochrome c oxidase subunit I	13606-14500:1,15464-16196:1
OR625187.1	tRNA		tRNA-Met	16513-16584:1
OR625187.1	rRNA		16S ribosomal RNA	17029-19282:1
OR625188.1	CDS	ND5	NADH dehydrogenase subunit 5	0-719:1,11944-13064:1
OR625188.1	CDS	ND1	NADH dehydrogenase subunit 1	1052-2036:1
OR625188.1	CDS	CYTB	cytochrome b	2140-3295:1
OR625188.1	CDS	ND2	NADH dehydrogenase subunit 2	4144-5242:1
OR625188.1	CDS	ND6	NADH dehydrogenase subunit 6	5248-5854:1
OR625188.1	CDS	ATP6	ATP synthase subunit 6	5919-6618:1
OR625188.1	CDS	ND4	NADH dehydrogenase subunit 4	6813-8289:1
OR625188.1	rRNA		12S ribosomal RNA	8376-9491:1
OR625188.1	CDS	COX3	cytochrome c oxidase subunit III	9553-10342:1
OR625188.1	CDS	COX2	cytochrome c oxidase subunit II	10376-11120:1
OR625188.1	CDS	ND4L	NADH dehydrogenase subunit 4L	11173-11473:1
OR625188.1	CDS	ND3	NADH dehydrogenase subunit 3	11489-11846:1
OR625188.1	tRNA		tRNA-Trp	13103-13173:1
OR625188.1	CDS	ATP8	ATP synthase subunit 8	13185-13413:1
OR625188.1	CDS	COX1	cytochrome c oxidase subunit I	13446-14340:1,15304-16021:1
OR625188.1	tRNA		tRNA-Met	16735-16806:1
OR625188.1	rRNA		16S ribosomal RNA	17541-19786:1
OR789638.1	CDS	COX1	cytochrome oxidase subunit 1	0-1566:1
OR789638.1	rRNA	rrnS	12S ribosomal RNA	1603-2660:1
OR789638.1	CDS	NAD1	NADH dehydrogenase subunit 1	2719-3697:1
OR789638.1	CDS	CYTB	cytochrome b	3708-4869:1
OR789638.1	CDS	NAD6	NADH dehydrogenase subunit 6	4887-5466:1
OR789638.1	CDS	NAD3	NADH dehydrogenase subunit 3	5506-5860:1
OR789638.1	CDS	NAD4L	NADH dehydrogenase subunit 4L	5863-6157:1
OR789638.1	CDS	NAD4	NADH dehydrogenase subunit 4	6280-7729:-1
OR789638.1	CDS	NAD5	NADH dehydrogenase subunit 5	7755-9573:-1
OR789638.1	CDS	NAD2	NADH dehydrogenase subunit 2	9560-10910:-1
OR789638.1	rRNA	rrnL	16S ribosomal RNA	10984-12782:-1
OR789638.1	CDS	MUTS	MutS-like protein	12936-15861:-1
OR789638.1	tRNA	trnM	tRNA-Met	16140-16211:-1
OR789638.1	CDS	COX3	cytochrome oxidase subunit 3	16266-17052:-1
OR789638.1	CDS	ATP6	ATP synthase F0 subunit 6	17109-17817:-1
OR789638.1	CDS	ATP8	ATP synthase F0 subunit 8	17841-18057:-1
OR789638.1	CDS	COX2	cytochrome oxidase subunit 2	18099-18861:-1
OR906317.1	tRNA	trnM-CAU	tRNA-Met	21608-21653:1,0-26:1
OR906317.1	rRNA	rrn16	16S ribosomal RNA	228-2901:1
OR906317.1	CDS	COX3	cytochrome c oxidase subunit III	3208-3997:1
OR906317.1	CDS	COX1	cytochrome c oxidase subunit I	4110-5003:1,6590-7290:1
OR906317.1	CDS	HEG	homing endonuclease	5382-6378:1
OR906317.1	CDS	ND4L	NADH dehydrogenase subunit 4L	7459-7759:1
OR906317.1	CDS	COX2	cytochrome c oxidase subunit II	7916-8666:1
OR906317.1	CDS	ND4	NADH dehydrogenase subunit 4	8776-10252:1
OR906317.1	CDS	ND6	NADH dehydrogenase subunit 6	10426-11005:1
OR906317.1	CDS	ATP8	ATP synthase F0 subunit 8	11069-11282:1
OR906317.1	CDS	ATP6	ATP synthase F0 subunit 6	11515-12214:1
OR906317.1	CDS	ND5	NADH dehydrogenase subunit 5	12400-13120:1,15354-16485:1
OR906317.1	CDS	ND1	NADH dehydrogenase subunit 1	13692-14676:1
OR906317.1	CDS	ND3	NADH dehydrogenase subunit 3	14776-15133:1
OR906317.1	tRNA	trnW-UCA	tRNA-Trp	16523-16595:1
OR906317.1	CDS	ND2	NADH dehydrogenase subunit 2	17112-18696:1
OR906317.1	rRNA	rrn12	12S ribosomal RNA	19127-20291:1
OR906317.1	CDS	CYTB	cytochrome b	20397-21540:1
OR906318.1	CDS	ND5	NADH dehydrogenase subunit 5	17316-18036:1,1584-2715:1
OR906318.1	tRNA	trnY-AUA	tRNA-Tyr	17728-17766:1,0-60:1
OR906318.1	CDS	ND1	NADH dehydrogenase subunit 1	60-1044:1
OR906318.1	CDS	ND3	NADH dehydrogenase subunit 3	1092-1449:1
OR906318.1	tRNA	trnW-UCA	tRNA-Trp	2753-2825:1
OR906318.1	CDS	ND2	NADH dehydrogenase subunit 2	2843-4418:1
OR906318.1	rRNA	rrn12	12S ribosomal RNA	4656-5824:1
OR906318.1	CDS	CYTB	cytochrome b	5946-7089:1
OR906318.1	tRNA	trnM-CAU	tRNA-Met	7164-7235:1
OR906318.1	rRNA	rrn16	16S ribosomal RNA	7293-9831:1
OR906318.1	CDS	COX3	cytochrome c oxidase subunit III	10129-10918:1
OR906318.1	CDS	COX1	cytochrome c oxidase subunit I	10979-12567:1
OR906318.1	CDS	ND4L	NADH dehydrogenase subunit 4L	12710-13010:1
OR906318.1	CDS	COX2	cytochrome c oxidase subunit II	13090-13840:1
OR906318.1	CDS	ND4	NADH dehydrogenase subunit 4	13900-15376:1
OR906318.1	CDS	ND6	NADH dehydrogenase subunit 6	15497-16064:1
OR906318.1	CDS	ATP8	ATP synthase F0 subunit 8	16136-16349:1
OR906318.1	CDS	ATP6	ATP synthase F0 subunit 6	16441-17140:1
OR992049.1	CDS	ND5	NADH dehydrogenase subunit 5	15034-15742:1,17595-17699:1,0-1027:1
OR992049.1	tRNA	trnW-UCA	tRNA-Trp	1053-1125:1
OR992049.1	CDS	ND2	NADH dehydrogenase subunit 2	1143-2661:1
OR992049.1	rRNA	rrn12	12S ribosomal RNA	2858-3999:1
OR992049.1	CDS	CYTB	cytochrome b	4109-5243:1
OR992049.1	tRNA	trnM-CAU	tRNA-Met	5292-5363:1
OR992049.1	rRNA	rrn16	16S ribosomal RNA	5690-7875:1
OR992049.1	CDS	COX3	cytochrome c oxidase subunit III	8101-8890:1
OR992049.1	CDS	COX1	cytochrome c oxidase subunit I	8924-10514:1
OR992049.1	CDS	ND4L	NADH dehydrogenase subunit 4L	10606-10906:1
OR992049.1	CDS	COX2	cytochrome c oxidase subunit II	10988-11738:1
OR992049.1	CDS	ND4	NADH dehydrogenase subunit 4	11799-13275:1
OR992049.1	CDS	ND6	NADH dehydrogenase subunit 6	13387-13951:1
OR992049.1	CDS	ATP8	ATP synthase F0 subunit 8	13975-14188:1
OR992049.1	CDS	ATP6	ATP synthase F0 subunit 6	14270-14969:1
OR992049.1	CDS	ND1	NADH dehydrogenase subunit 1	16107-17091:1
OR992049.1	CDS	ND3	NADH dehydrogenase subunit 3	17123-17480:1
OR992050.1	CDS	CYTB	cytochrome b	17262-17700:1,0-705:1
OR992050.1	tRNA	trnM-CAU	tRNA-Met	754-825:1
OR992050.1	rRNA	rrn16	16S ribosomal RNA	889-3458:1
OR992050.1	CDS	COX3	cytochrome c oxidase subunit III	3573-4362:1
OR992050.1	CDS	COX1	cytochrome c oxidase subunit I	4396-5986:1
OR992050.1	CDS	ND4L	NADH dehydrogenase subunit 4L	6078-6378:1
OR992050.1	CDS	COX2	cytochrome c oxidase subunit II	6448-7198:1
OR992050.1	CDS	ND4	NADH dehydrogenase subunit 4	7258-8734:1
OR992050.1	CDS	ND6	NADH dehydrogenase subunit 6	8838-9402:1
OR992050.1	CDS	ATP8	ATP synthase F0 subunit 8	9423-9639:1
OR992050.1	CDS	ATP6	ATP synthase F0 subunit 6	9711-10410:1
OR992050.1	CDS	ND5	NADH dehydrogenase subunit 5	10520-11228:1,13087-14218:1
OR992050.1	CDS	ND1	NADH dehydrogenase subunit 1	11583-12567:1
OR992050.1	CDS	ND3	NADH dehydrogenase subunit 3	12615-12972:1
OR992050.1	tRNA	trnW-UCA	tRNA-Trp	14244-14316:1
OR992050.1	CDS	ND2	NADH dehydrogenase subunit 2	14334-15843:1
OR992050.1	rRNA	rrn12	12S ribosomal RNA	16040-17181:1
OR992051.1	CDS	CYTB	cytochrome b	17585-17681:1,0-1047:1
OR992051.1	tRNA	trnM-CAU	tRNA-Met	1096-1167:1
OR992051.1	rRNA	rrn16	16S ribosomal RNA	1231-3791:1
OR992051.1	CDS	COX3	cytochrome c oxidase subunit III	3906-4695:1
OR992051.1	CDS	COX1	cytochrome c oxidase subunit I	4729-6319:1
OR992051.1	CDS	ND4L	NADH dehydrogenase subunit 4L	6411-6711:1
OR992051.1	CDS	COX2	cytochrome c oxidase subunit II	6781-7531:1
OR992051.1	CDS	ND4	NADH dehydrogenase subunit 4	7591-9067:1
OR992051.1	CDS	ND6	NADH dehydrogenase subunit 6	9171-9735:1
OR992051.1	CDS	ATP8	ATP synthase F0 subunit 8	9756-9972:1
OR992051.1	CDS	ATP6	ATP synthase F0 subunit 6	10044-10743:1
OR992051.1	CDS	ND5	NADH dehydrogenase subunit 5	10853-11561:1,13420-14551:1
OR992051.1	CDS	ND1	NADH dehydrogenase subunit 1	11916-12900:1
OR992051.1	CDS	ND3	NADH dehydrogenase subunit 3	12948-13305:1
OR992051.1	tRNA	trnW-UCA	tRNA-Trp	14577-14649:1
OR992051.1	CDS	ND2	NADH dehydrogenase subunit 2	14667-16176:1
OR992051.1	rRNA	rrn12	12S ribosomal RNA	16373-17514:1
PP002585.1	CDS	COX1	cytochrome c oxidase subunit I	0-1582:1
PP002585.1	rRNA		12S ribosomal RNA	1639-2634:1
PP002585.1	CDS	ND1	NADH dehydrogenase subunit 1	2680-3644:1
PP002585.1	CDS	CYTB	cytochrome b	3706-4873:1
PP002585.1	CDS	ND6	NADH dehydrogenase subunit 6	4913-5471:1
PP002585.1	CDS	ND3	NADH dehydrogenase subunit 3	5514-5868:1
PP002585.1	CDS	ND4L	NADH dehydrogenase subunit 4L	5909-6182:1
PP002585.1	CDS	mutS	DNA mismatch repair protein MutS	6195-9153:1
PP002585.1	rRNA		16S ribosomal RNA	9162-11086:1
PP002585.1	CDS	ND2	NADH dehydrogenase subunit 2	11384-12503:1
PP002585.1	CDS	ND5	NADH dehydrogenase subunit 5	12589-14308:1
PP002585.1	CDS	ND4	NADH dehydrogenase subunit 4	14582-15808:1
PP002585.1	tRNA		tRNA-Met	15910-15982:1
PP002585.1	CDS	COX3	cytochrome c oxidase subunit III	16023-16807:-1
PP002585.1	CDS	ATP6	ATP synthase F0 subunit 6	16871-17579:-1
PP002585.1	CDS	ATP8	ATP synthase F0 subunit 8	17603-17819:-1
PP002585.1	CDS	COX2	cytochrome c oxidase subunit II	17855-18603:-1
PP180009.1	CDS	ND5	NADH dehydrogenase subunit 5	0-672:1,10635-11697:1
PP180009.1	CDS	ND1	NADH dehydrogenase subunit 1	824-1799:1
PP180009.1	CDS	CytB	cytochrome b	1801-2947:1
PP180009.1	CDS	ND2	NADH dehydrogenase subunit 2	3161-4280:1
PP180009.1	CDS	ND6	NADH dehydrogenase subunit 6	4281-4881:1
PP180009.1	CDS	ATP6	ATP synthase subunit 6	4946-5576:1
PP180009.1	CDS	ND4	NADH dehydrogenase subunit 4	5623-7048:1
PP180009.1	tRNA	ND5	tRNA-Met	7209-7280:1
PP180009.1	rRNA	ND5	12S ribosomal RNA	7280-8264:1
PP180009.1	CDS	COX3	cytochrome c oxidase subunit III	8263-9043:1
PP180009.1	CDS	COX2	cytochrome c oxidase subunit II	9057-9843:1
PP180009.1	CDS	ND4L	NADH dehydrogenase subunit 4L	9832-10132:1
PP180009.1	CDS	ND3	NADH dehydrogenase subunit 3	10132-10489:1
PP180009.1	tRNA		tRNA-Trp	11703-11773:1
PP180009.1	CDS	ATP8	ATP synthase subunit 8	11778-11988:1
PP180009.1	CDS	COX1	cytochrome c oxidase subunit I	11993-13559:1
PP180009.1	rRNA		16S ribosomal RNA	13900-15591:1
PP180010.1	CDS	ND5	NADH dehydrogenase subunit 5	0-672:1,10635-11697:1
PP180010.1	CDS	ND1	NADH dehydrogenase subunit 1	824-1799:1
PP180010.1	CDS	CytB	cytochrome b	1801-2947:1
PP180010.1	CDS	ND2	NADH dehydrogenase subunit 2	3161-4280:1
PP180010.1	CDS	ND6	NADH dehydrogenase subunit 6	4281-4881:1
PP180010.1	CDS	ATP6	ATP synthase subunit 6	4946-5576:1
PP180010.1	CDS	ND4	NADH dehydrogenase subunit 4	5623-7048:1
PP180010.1	tRNA	ND5	tRNA-Met	7209-7280:1
PP180010.1	rRNA	ND5	12S ribosomal RNA	7280-8264:1
PP180010.1	CDS	COX3	cytochrome c oxidase subunit III	8263-9043:1
PP180010.1	CDS	COX2	cytochrome c oxidase subunit II	9057-9843:1
PP180010.1	CDS	ND4L	NADH dehydrogenase subunit 4L	9832-10132:1
PP180010.1	CDS	ND3	NADH dehydrogenase subunit 3	10132-10489:1
PP180010.1	tRNA		tRNA-Trp	11703-11773:1
PP180010.1	CDS	ATP8	ATP synthase subunit 8	11778-11988:1
PP180010.1	CDS	COX1	cytochrome c oxidase subunit I	11993-13559:1
PP180010.1	rRNA		16S ribosomal RNA	13900-15591:1
PP180011.1	CDS	ND5	NADH dehydrogenase subunit 5	0-672:1,10635-11697:1
PP180011.1	CDS	ND1	NADH dehydrogenase subunit 1	824-1799:1
PP180011.1	CDS	CytB	cytochrome b	1801-2947:1
PP180011.1	CDS	ND2	NADH dehydrogenase subunit 2	3161-4280:1
PP180011.1	CDS	ND6	NADH dehydrogenase subunit 6	4281-4881:1
PP180011.1	CDS	ATP6	ATP synthase subunit 6	4946-5576:1
PP180011.1	CDS	ND4	NADH dehydrogenase subunit 4	5623-7048:1
PP180011.1	tRNA	ND5	tRNA-Met	7209-7280:1
PP180011.1	rRNA	ND5	12S ribosomal RNA	7280-8264:1
PP180011.1	CDS	COX3	cytochrome c oxidase subunit III	8263-9043:1
PP180011.1	CDS	COX2	cytochrome c oxidase subunit II	9057-9843:1
PP180011.1	CDS	ND4L	NADH dehydrogenase subunit 4L	9832-10132:1
PP180011.1	CDS	ND3	NADH dehydrogenase subunit 3	10132-10489:1
PP180011.1	tRNA		tRNA-Trp	11703-11773:1
PP180011.1	CDS	ATP8	ATP synthase subunit 8	11778-11988:1
PP180011.1	CDS	COX1	cytochrome c oxidase subunit I	11993-13559:1
PP180011.1	rRNA		16S ribosomal RNA	13900-15591:1
PP180012.1	CDS	ND5	NADH dehydrogenase subunit 5	0-672:1,10635-11697:1
PP180012.1	CDS	ND1	NADH dehydrogenase subunit 1	824-1799:1
PP180012.1	CDS	CytB	cytochrome b	1801-2947:1
PP180012.1	CDS	ND2	NADH dehydrogenase subunit 2	3161-4280:1
PP180012.1	CDS	ND6	NADH dehydrogenase subunit 6	4281-4881:1
PP180012.1	CDS	ATP6	ATP synthase subunit 6	4946-5576:1
PP180012.1	CDS	ND4	NADH dehydrogenase subunit 4	5623-7048:1
PP180012.1	tRNA	ND5	tRNA-Met	7209-7280:1
PP180012.1	rRNA	ND5	12S ribosomal RNA	7280-8264:1
PP180012.1	CDS	COX3	cytochrome c oxidase subunit III	8263-9043:1
PP180012.1	CDS	COX2	cytochrome c oxidase subunit II	9057-9843:1
PP180012.1	CDS	ND4L	NADH dehydrogenase subunit 4L	9832-10132:1
PP180012.1	CDS	ND3	NADH dehydrogenase subunit 3	10132-10489:1
PP180012.1	tRNA		tRNA-Trp	11703-11773:1
PP180012.1	CDS	ATP8	ATP synthase subunit 8	11778-11988:1
PP180012.1	CDS	COX1	cytochrome c oxidase subunit I	11993-13559:1
PP180012.1	rRNA		16S ribosomal RNA	13900-15591:1
PP330783.1	CDS	Cox1	cytochrome c oxidase subunit I	0-1707:1
PP330783.1	rRNA		small subunit ribosomal RNA	1750-2653:1
PP330783.1	CDS	Nad1	NADH dehydrogenase subunit 1	2657-3623:1
PP330783.1	tRNA		tRNA-Met	3863-3934:1
PP330783.1	rRNA		large subunit ribosomal RNA	4021-5928:1
PP330783.1	CDS	Nad2	NADH dehydrogenase subunit 2	5969-7295:1
PP330783.1	CDS	Nad5	NADH dehydrogenase subunit 5	7282-9100:1
PP330783.1	CDS	Nad4	NADH dehydrogenase subunit 4	9111-10560:1
PP330783.1	CDS	MutS	MutS-like protein	10642-13555:-1
PP330783.1	CDS	Nad4L	NADH dehydrogenase subunit 4L	13577-13871:-1
PP330783.1	CDS	Nad3	NADH dehydrogenase subunit 3	13877-14231:-1
PP330783.1	CDS	Nad6	NADH dehydrogenase subunit 6	14249-14786:-1
PP330783.1	CDS	CytB	cytochrome b	14878-16027:-1
PP330783.1	CDS	Cox3	cytochrome c oxidase subunit III	16083-16869:-1
PP330783.1	CDS	Atp6	ATP synthase subunit 6	16933-17641:-1
PP330783.1	CDS	Atp8	ATP synthase subunit 8	17666-17882:-1
PP330783.1	CDS	Cox2	cytochrome c oxidase subunit II	17901-18654:-1
PP330784.1	CDS	Cox1	cytochrome c oxidase subunit I	0-1677:1
PP330784.1	rRNA		small subunit ribosomal RNA	1749-2652:1
PP330784.1	CDS	Nad1	NADH dehydrogenase subunit 1	2656-3622:1
PP330784.1	tRNA		tRNA-Met	3912-3983:1
PP330784.1	CDS	Nad4	NADH dehydrogenase subunit 4	4045-5494:-1
PP330784.1	CDS	Nad5	NADH dehydrogenase subunit 5	5517-7335:-1
PP330784.1	CDS	Nad2	NADH dehydrogenase subunit 2	7322-8648:-1
PP330784.1	rRNA		large subunit ribosomal RNA	8689-10594:-1
PP330784.1	CDS	MutS	MutS-like protein	10670-13592:-1
PP330784.1	CDS	Nad4L	NADH dehydrogenase subunit 4L	13605-13899:-1
PP330784.1	CDS	Nad3	NADH dehydrogenase subunit 3	13918-14272:-1
PP330784.1	CDS	Nad6	NADH dehydrogenase subunit 6	14289-14835:-1
PP330784.1	CDS	CytB	cytochrome b	15047-16196:-1
PP330784.1	CDS	Cox3	cytochrome c oxidase subunit III	16252-17038:-1
PP330784.1	CDS	Atp6	ATP synthase subunit 6	17113-17821:-1
PP330784.1	CDS	Atp8	ATP synthase subunit 8	17857-18073:-1
PP330784.1	CDS	Cox2	cytochrome c oxidase subunit II	18091-18844:-1
PP330785.1	CDS	Cox1	cytochrome c oxidase subunit I	0-1656:1
PP330785.1	rRNA		small subunit ribosomal RNA	1748-2652:1
PP330785.1	CDS	Nad1	NADH dehydrogenase subunit 1	2656-3622:1
PP330785.1	tRNA		tRNA-Met	4136-4207:1
PP330785.1	rRNA		large subunit ribosomal RNA	4307-6212:1
PP330785.1	CDS	Nad2	NADH dehydrogenase subunit 2	6254-7580:1
PP330785.1	CDS	Nad5	NADH dehydrogenase subunit 5	7567-9385:1
PP330785.1	CDS	Nad4	NADH dehydrogenase subunit 4	9408-10857:1
PP330785.1	CDS	MutS	MutS-like protein	10934-13856:-1
PP330785.1	CDS	Nad4L	NADH dehydrogenase subunit 4L	13869-14163:-1
PP330785.1	CDS	Nad3	NADH dehydrogenase subunit 3	14182-14536:-1
PP330785.1	CDS	Nad6	NADH dehydrogenase subunit 6	14553-15093:-1
PP330785.1	CDS	CytB	cytochrome b	16160-17332:-1
PP330785.1	CDS	Cox3	cytochrome c oxidase subunit III	17388-18174:-1
PP330785.1	CDS	Atp6	ATP synthase subunit 6	18249-18957:-1
PP330785.1	CDS	Atp8	ATP synthase subunit 8	18982-19198:-1
PP330785.1	CDS	Cox2	cytochrome c oxidase subunit II	19200-19953:-1
PP444458.1	tRNA	trnM	tRNA-Met	0-71:1
PP444458.1	rRNA	rrnL	16S ribosomal RNA	71-2379:1
PP444458.1	CDS	ND5	NADH dehydrogenase subunit 5	2457-3177:1,15199-16315:1
PP444458.1	tRNA	trnL	tRNA-Leu	3393-3462:1
PP444458.1	CDS	ND1	NADH dehydrogenase subunit 1	3559-4543:1
PP444458.1	CDS	CYTB	cytochrome b	4641-5805:1
PP444458.1	CDS	ND2	NADH dehydrogenase subunit 2	6628-7726:1
PP444458.1	CDS	ND6	NADH dehydrogenase subunit 6	7758-8352:1
PP444458.1	CDS	ATP6	ATP synthase F0 subunit 6	8428-9127:1
PP444458.1	CDS	ND4	NADH dehydrogenase subunit 4	9387-10863:1
PP444458.1	rRNA	rrnS	12S ribosomal RNA	10915-12101:1
PP444458.1	CDS	COX3	cytochrome c oxidase subunit III	12854-13643:1
PP444458.1	CDS	COX2	cytochrome c oxidase subunit II	13661-14405:1
PP444458.1	CDS	ND4L	NADH dehydrogenase subunit 4L	14404-14704:1
PP444458.1	CDS	ND3	NADH dehydrogenase subunit 3	14720-15077:1
PP444458.1	tRNA	trnW	tRNA-Trp	16327-16397:1
PP444458.1	CDS	ATP8	ATP synthase F0 subunit 8	16428-16647:1
PP444458.1	CDS	COX1	cytochrome c oxidase subunit I	16628-18203:1
PP444461.1	tRNA	trnM	tRNA-Met	0-71:1
PP444461.1	rRNA	rrnL	16S ribosomal RNA	71-2379:1
PP444461.1	CDS	ND5	NADH dehydrogenase subunit 5	2457-3176:1,15063-16180:1
PP444461.1	CDS	ND1	NADH dehydrogenase subunit 1	3559-4543:1
PP444461.1	CDS	CYTB	cytochrome b	4641-5796:1
PP444461.1	CDS	ND2	NADH dehydrogenase subunit 2	6609-7707:1
PP444461.1	CDS	ND6	NADH dehydrogenase subunit 6	7730-8324:1
PP444461.1	CDS	ATP6	ATP synthase F0 subunit 6	8373-9072:1
PP444461.1	CDS	ND4	NADH dehydrogenase subunit 4	9332-10808:1
PP444461.1	rRNA	rrnS	12S ribosomal RNA	10860-12037:1
PP444461.1	CDS	COX3	cytochrome c oxidase subunit III	12718-13507:1
PP444461.1	CDS	COX2	cytochrome c oxidase subunit II	13526-14270:1
PP444461.1	CDS	ND4L	NADH dehydrogenase subunit 4L	14269-14569:1
PP444461.1	CDS	ND3	NADH dehydrogenase subunit 3	14585-14942:1
PP444461.1	tRNA	trnW	tRNA-Trp	16192-16262:1
PP444461.1	CDS	ATP8	ATP synthase F0 subunit 8	16294-16513:1
PP444461.1	CDS	COX1	cytochrome c oxidase subunit I	16494-18795:1
PP498686.1	CDS	COX1	cytochrome c oxidase subunit I	15-1761:1
PP498686.1	rRNA		12S ribosomal RNA	1761-2692:1
PP498686.1	CDS	ND1	NADH dehydrogenase subunit 1	2701-3673:1
PP498686.1	CDS	CYTB	cytochrome b	3708-4902:1
PP498686.1	CDS	msh1	MutS-like protein	4956-7947:1
PP498686.1	rRNA		16S ribosomal RNA	7947-9931:1
PP498686.1	CDS	ND2	NADH dehydrogenase subunit 2	9964-11329:1
PP498686.1	CDS	ND5	NADH dehydrogenase subunit 5	11316-13134:1
PP498686.1	CDS	ND4	NADH dehydrogenase subunit 4	13156-14605:1
PP498686.1	tRNA	trnM(cat)	tRNA-Met	14665-14736:-1
PP498686.1	CDS	COX3	cytochrome c oxidase subunit III	14775-15561:-1
PP498686.1	CDS	ATP6	ATP synthase F0 subunit 6	15588-16296:-1
PP498686.1	CDS	ATP8	ATP synthase F0 subunit 8	16316-16532:-1
PP498686.1	CDS	COX2	cytochrome c oxidase subunit II	16552-17314:-1
PP498686.1	CDS	ND4L	NADH dehydrogenase subunit 4L	17379-17673:-1
PP498686.1	CDS	ND3	NADH dehydrogenase subunit 3	17711-18065:-1
PP498686.1	CDS	ND6	NADH dehydrogenase subunit 6	18100-18655:-1
PP526282.1	tRNA	trnM-cat	tRNA-Met	0-71:1
PP526282.1	rRNA	rrnL	16S ribosomal RNA	71-2379:1
PP526282.1	CDS	ND5	NADH dehydrogenase subunit 5	2457-3177:1,15064-16180:1
PP526282.1	CDS	ND1	NADH dehydrogenase subunit 1	3559-4543:1
PP526282.1	CDS	CYTB	cytochrome b	4641-5796:1
PP526282.1	CDS	ND2	NADH dehydrogenase subunit 2	6609-7707:1
PP526282.1	CDS	ND6	NADH dehydrogenase subunit 6	7730-8324:1
PP526282.1	CDS	ATP6	ATP synthase F0 subunit 6	8373-9072:1
PP526282.1	CDS	ND4	NADH dehydrogenase subunit 4	9332-10808:1
PP526282.1	rRNA	rrnS	12S ribosomal RNA	10860-12037:1
PP526282.1	CDS	COX3	cytochrome c oxidase subunit III	12718-13507:1
PP526282.1	CDS	COX2	cytochrome c oxidase subunit II	13526-14270:1
PP526282.1	CDS	ND4L	NADH dehydrogenase subunit 4L	14269-14569:1
PP526282.1	CDS	ND3	NADH dehydrogenase subunit 3	14585-14942:1
PP526282.1	tRNA	trnW-tca	tRNA-Trp	16192-16262:1
PP526282.1	CDS	ATP8	ATP synthase F0 subunit 8	16294-16513:1
PP526282.1	CDS	COX1	cytochrome c oxidase subunit I	16494-18795:1
PP526283.1	tRNA	trnM-cat	tRNA-Met	0-71:1
PP526283.1	rRNA	rrnL	16S ribosomal RNA	71-2379:1
PP526283.1	CDS	ND5	NADH dehydrogenase subunit 5	2457-3177:1,15064-16180:1
PP526283.1	CDS	ND1	NADH dehydrogenase subunit 1	3559-4543:1
PP526283.1	CDS	CYTB	cytochrome b	4641-5796:1
PP526283.1	CDS	ND2	NADH dehydrogenase subunit 2	6609-7707:1
PP526283.1	CDS	ND6	NADH dehydrogenase subunit 6	7730-8324:1
PP526283.1	CDS	ATP6	ATP synthase F0 subunit 6	8373-9072:1
PP526283.1	CDS	ND4	NADH dehydrogenase subunit 4	9332-10808:1
PP526283.1	rRNA	rrnS	12S ribosomal RNA	10860-12037:1
PP526283.1	CDS	COX3	cytochrome c oxidase subunit III	12718-13507:1
PP526283.1	CDS	COX2	cytochrome c oxidase subunit II	13526-14270:1
PP526283.1	CDS	ND4L	NADH dehydrogenase subunit 4L	14269-14569:1
PP526283.1	CDS	ND3	NADH dehydrogenase subunit 3	14585-14942:1
PP526283.1	tRNA	trnW-tca	tRNA-Trp	16192-16262:1
PP526283.1	CDS	ATP8	ATP synthase F0 subunit 8	16294-16513:1
PP526283.1	CDS	COX1	cytochrome c oxidase subunit I	16494-18795:1
PP526284.1	tRNA	trnM-cat	tRNA-Met	0-71:1
PP526284.1	rRNA	rrnL	16S ribosomal RNA	217-2202:1
PP526284.1	CDS	ND5	NADH dehydrogenase subunit 5	2442-3162:1,15403-16519:1
PP526284.1	CDS	ND1	NADH dehydrogenase subunit 1	3544-4528:1
PP526284.1	CDS	CYTB	cytochrome b	4602-5751:1
PP526284.1	CDS	ND2	NADH dehydrogenase subunit 2	6734-7832:1
PP526284.1	CDS	ND6	NADH dehydrogenase subunit 6	7864-8458:1
PP526284.1	CDS	ATP6	ATP synthase F0 subunit 6	8534-9233:1
PP526284.1	CDS	ND4	NADH dehydrogenase subunit 4	9476-10952:1
PP526284.1	rRNA	rrnS	12S ribosomal RNA	11004-12171:1
PP526284.1	CDS	COX3	cytochrome c oxidase subunit III	12883-13672:1
PP526284.1	CDS	COX2	cytochrome c oxidase subunit II	13690-14434:1
PP526284.1	CDS	ND4L	NADH dehydrogenase subunit 4L	14608-14908:1
PP526284.1	CDS	ND3	NADH dehydrogenase subunit 3	14924-15281:1
PP526284.1	tRNA	trnW-tca	tRNA-Trp	16518-16588:1
PP526284.1	CDS	ATP8	ATP synthase F0 subunit 8	16618-16837:1
PP526284.1	CDS	COX1	cytochrome c oxidase subunit I	16818-18393:1
PP526285.1	tRNA	trnM-cat	tRNA-Met	0-71:1
PP526285.1	rRNA	rrnL	16S ribosomal RNA	217-2202:1
PP526285.1	CDS	ND5	NADH dehydrogenase subunit 5	2442-3162:1,15403-16519:1
PP526285.1	CDS	ND1	NADH dehydrogenase subunit 1	3544-4528:1
PP526285.1	CDS	CYTB	cytochrome b	4602-5751:1
PP526285.1	CDS	ND2	NADH dehydrogenase subunit 2	6734-7832:1
PP526285.1	CDS	ND6	NADH dehydrogenase subunit 6	7864-8458:1
PP526285.1	CDS	ATP6	ATP synthase F0 subunit 6	8534-9233:1
PP526285.1	CDS	ND4	NADH dehydrogenase subunit 4	9476-10952:1
PP526285.1	rRNA	rrnS	12S ribosomal RNA	11004-12171:1
PP526285.1	CDS	COX3	cytochrome c oxidase subunit III	12883-13672:1
PP526285.1	CDS	COX2	cytochrome c oxidase subunit II	13690-14434:1
PP526285.1	CDS	ND4L	NADH dehydrogenase subunit 4L	14608-14908:1
PP526285.1	CDS	ND3	NADH dehydrogenase subunit 3	14924-15281:1
PP526285.1	tRNA	trnW-tca	tRNA-Trp	16518-16588:1
PP526285.1	CDS	ATP8	ATP synthase F0 subunit 8	16618-16837:1
PP526285.1	CDS	COX1	cytochrome c oxidase subunit I	16818-18393:1
PP526286.1	tRNA	trnM-cat	tRNA-Met	0-71:1
PP526286.1	rRNA	rrnL	16S ribosomal RNA	71-2379:1
PP526286.1	CDS	ND5	NADH dehydrogenase subunit 5	2457-3177:1,15199-16315:1
PP526286.1	tRNA	trnL-caa	tRNA-Leu	3393-3462:1
PP526286.1	CDS	ND1	NADH dehydrogenase subunit 1	3559-4543:1
PP526286.1	CDS	CYTB	cytochrome b	4641-5805:1
PP526286.1	CDS	ND2	NADH dehydrogenase subunit 2	6628-7726:1
PP526286.1	CDS	ND6	NADH dehydrogenase subunit 6	7758-8352:1
PP526286.1	CDS	ATP6	ATP synthase F0 subunit 6	8428-9127:1
PP526286.1	CDS	ND4	NADH dehydrogenase subunit 4	9387-10863:1
PP526286.1	rRNA	rrnS	12S ribosomal RNA	10915-12101:1
PP526286.1	CDS	COX3	cytochrome c oxidase subunit III	12854-13643:1
PP526286.1	CDS	COX2	cytochrome c oxidase subunit II	13661-14405:1
PP526286.1	CDS	ND4L	NADH dehydrogenase subunit 4L	14404-14704:1
PP526286.1	CDS	ND3	NADH dehydrogenase subunit 3	14720-15077:1
PP526286.1	tRNA	trnW-tca	tRNA-Trp	16327-16397:1
PP526286.1	CDS	ATP8	ATP synthase F0 subunit 8	16428-16647:1
PP526286.1	CDS	COX1	cytochrome c oxidase subunit I	16628-18203:1
PP712103.1	CDS	COX1	cytochrome c oxidase subunit I	0-1704:1
PP712103.1	rRNA		12S ribosomal RNA	1747-2668:1
PP712103.1	CDS	ND1	NADH dehydrogenase subunit 1	2676-3648:1
PP712103.1	CDS	CYTB	cytochrome b	3712-4873:1
PP712103.1	CDS	ND6	NADH dehydrogenase subunit 6	4912-5470:1
PP712103.1	CDS	ND3	NADH dehydrogenase subunit 3	5511-5871:1
PP712103.1	CDS	ND4L	NADH dehydrogenase subunit 4L	5883-6177:1
PP712103.1	CDS	mtMutS	mtMutS	6190-9136:1
PP712103.1	rRNA		16S ribosomal RNA	9145-11308:1
PP712103.1	CDS	ND2	NADH dehydrogenase subunit 2	11312-12470:1
PP712103.1	CDS	ND5	NADH dehydrogenase subunit 5	12457-14275:1
PP712103.1	CDS	ND4	NADH dehydrogenase subunit 4	14786-16235:1
PP712103.1	tRNA	trnM	tRNA-Met	16291-16361:1
PP712103.1	CDS	COX3	cytochrome c oxidase subunit III	16401-17187:-1
PP712103.1	CDS	ATP6	ATP synthase F0 subunit 6	17251-17959:-1
PP712103.1	CDS	ATP8	ATP synthase F0 subunit 8	17983-18199:-1
PP712103.1	CDS	COX2	cytochrome c oxidase subunit II	18221-18983:-1
PP760175.1	CDS	COX1	cytochrome c oxidase subunit 1	0-1710:1
PP760175.1	rRNA		12S ribosomal RNA	1748-2572:1
PP760175.1	CDS	ND1	NADH dehydrogenase subunit 1	2678-3650:1
PP760175.1	CDS	CYTB	cytochrome b	3714-4875:1
PP760175.1	CDS	ND6	NADH dehydrogenase subunit 6	4915-5473:1
PP760175.1	CDS	ND3	NADH dehydrogenase subunit 3	5516-5870:1
PP760175.1	CDS	ND4L	NADH dehydrogenase subunit 4L	5889-6183:1
PP760175.1	CDS	MutS	MutS	6196-9154:1
PP760175.1	rRNA		16S ribosomal RNA	9163-11348:1
PP760175.1	CDS	ND2	NADH dehydrogenase subunit 2	11352-12510:1
PP760175.1	CDS	ND5	NADH dehydrogenase subunit 5	12497-14315:1
PP760175.1	CDS	ND4	NADH dehydrogenase subunit 4	14412-15861:1
PP760175.1	tRNA		tRNA-Met	15918-15988:1
PP760175.1	CDS	COX3	cytochrome c oxidase subunit 3	16028-16814:-1
PP760175.1	CDS	ATP6	ATP synthase F0 subunit 6	16878-17586:-1
PP760175.1	CDS	ATP8	ATP synthase F0 subunit 8	17610-17826:-1
PP760175.1	CDS	COX2	cytochrome c oxidase subunit 2	17848-18610:-1
PP761328.1	CDS	cox1	cytochrome c oxidase subunit 1	0-1731:1
PP761328.1	rRNA		small subunit ribosomal RNA	1590-2660:1
PP761328.1	CDS	nad1	NADH dehydrogenase subunit 1	2706-3672:1
PP761328.1	CDS	cob	apocytochrome b	3749-4916:1
PP761328.1	CDS	nad6	NADH dehydrogenase subunit 6	5538-6129:1
PP761328.1	CDS	nad3	NADH dehydrogenase subunit 3	6107-6446:1
PP761328.1	CDS	nad4L	NADH dehydrogenase subunit 4L	6468-6762:1
PP761328.1	CDS	nad4	NADH dehydrogenase subunit 4	6908-8357:-1
PP761328.1	CDS	nad5	NADH dehydrogenase subunit 5	8443-10255:-1
PP761328.1	CDS	nad2	NADH dehydrogenase subunit 2	10242-11589:-1
PP761328.1	rRNA		large subunit ribosomal RNA	11587-13406:-1
PP761328.1	CDS	MutS	MutS-like protein	13578-16644:-1
PP761328.1	tRNA		tRNA-Met	16655-16726:-1
PP761328.1	CDS	cox3	cytochrome c oxidase subunit III	16755-17556:-1
PP761328.1	CDS	atp6	ATP synthase F0 subunit 6	17573-18311:-1
PP761328.1	CDS	atp8	ATP synthase F0 subunit 8	18315-18522:-1
PP761328.1	CDS	cox2	cytochrome c oxidase subunit II	18526-19288:-1
PP856480.1	tRNA	trnM(cat)	tRNA-Met	0-72:1
PP856480.1	rRNA		16S ribosomal RNA	72-2020:1
PP856480.1	CDS	ND5	NADH dehydrogenase subunit 5	2020-2731:1,12895-13999:1
PP856480.1	CDS	ND1	NADH dehydrogenase subunit 1	2840-3788:1
PP856480.1	CDS	CYTB	cytochrome b	3790-4930:1
PP856480.1	CDS	ND2	NADH dehydrogenase subunit 2	4955-6242:1
PP856480.1	CDS	ND6	NADH dehydrogenase subunit 6	6243-6804:1
PP856480.1	CDS	ATP6	ATP synthase F0 subunit 6	6803-7481:1
PP856480.1	CDS	ND4	NADH dehydrogenase subunit 4	7480-8920:1
PP856480.1	rRNA	s-rRNA	12S ribosomal RNA	9544-10446:1
PP856480.1	CDS	COX3	cytochrome c oxidase subunit III	10513-11293:1
PP856480.1	CDS	COX2	cytochrome c oxidase subunit II	11506-12214:1
PP856480.1	CDS	ND4L	NADH dehydrogenase subunit 4L	12195-12495:1
PP856480.1	CDS	ND3	NADH dehydrogenase subunit 3	12497-12839:1
PP856480.1	tRNA	trnW(tca)	tRNA-Trp	13999-14067:1
PP856480.1	CDS	ATP8	ATP synthase F0 subunit 8	14070-14268:1
PP856480.1	CDS	COX1	cytochrome c oxidase subunit I	14267-15857:1
PP960129.1	CDS	COX1	cytochrome c oxidase subunit I	0-1566:1
PP960129.1	rRNA		12S ribosomal RNA	1603-2660:1
PP960129.1	CDS	ND1	NADH dehydrogenase subunit 1	2716-3697:1
PP960129.1	CDS	CYTB	cytochrome b	3708-4869:1
PP960129.1	CDS	ND6	NADH dehydrogenase subunit 6	4887-5442:1
PP960129.1	CDS	ND3	NADH dehydrogenase subunit 3	5506-5860:1
PP960129.1	CDS	ND4L	NADH dehydrogenase subunit 4L	5863-6157:1
PP960129.1	CDS	ND4	NADH dehydrogenase subunit 4	6280-7729:-1
PP960129.1	CDS	ND5	NADH dehydrogenase subunit 5	7755-9573:-1
PP960129.1	CDS	ND2	NADH dehydrogenase subunit 2	9560-10910:-1
PP960129.1	rRNA		16S ribosomal RNA	10984-12782:1
PP960129.1	CDS	mtMutS	MutS-like protein	12936-15861:-1
PP960129.1	tRNA		tRNA-Met	16140-16211:-1
PP960129.1	CDS	COX3	cytochrome c oxidase subunit III	16266-17052:-1
PP960129.1	CDS	ATP6	ATP synthase F0 subunit 6	17109-17817:-1
PP960129.1	CDS	ATP8	ATP synthase F0 subunit 8	17841-18057:-1
PP960129.1	CDS	COX2	cytochrome c oxidase subunit II	18099-18861:-1
PQ009933.1	CDS	cox1	cytochrome c oxidase subunit 1	0-1698:1
PQ009933.1	rRNA	rns	small subunit ribosomal RNA	1582-2660:1
PQ009933.1	CDS	nad1	NADH dehydrogenase subunit 1	2731-3703:1
PQ009933.1	CDS	cob	apocytochrome b	3762-4923:1
PQ009933.1	CDS	nad6	NADH dehydrogenase subunit 6	4924-5506:1
PQ009933.1	CDS	nad3	NADH dehydrogenase subunit 3	5549-5903:1
PQ009933.1	CDS	nad4L	NADH dehydrogenase subunit 4L	5925-6219:1
PQ009933.1	CDS	MutS	MutS-like protein	6232-9187:1
PQ009933.1	rRNA	rnl	large subunit ribosomal RNA	9340-11142:1
PQ009933.1	CDS	nad2	NADH dehydrogenase subunit 2	11206-12544:1
PQ009933.1	CDS	nad5	NADH dehydrogenase subunit 5	12531-14349:1
PQ009933.1	CDS	nad4	NADH dehydrogenase subunit 4	14397-15846:1
PQ009933.1	tRNA		tRNA-Met	15939-16010:-1
PQ009933.1	CDS	cox3	cytochrome c oxidase subunit III	16054-16840:-1
PQ009933.1	CDS	atp6	ATP synthase F0 subunit 6	16870-17578:-1
PQ009933.1	CDS	atp8	ATP synthase F0 subunit 8	17598-17814:-1
PQ009933.1	CDS	cox2	cytochrome c oxidase subunit II	17836-18598:-1
PQ359434.1	tRNA	trnM(cat)	tRNA-Met	0-71:1
PQ359434.1	rRNA	rrn16	16S ribosomal RNA	71-1988:1
PQ359434.1	CDS	ND5	NADH dehydrogenase subunit 5	1988-2699:1,13562-14690:1
PQ359434.1	CDS	ND1	NADH dehydrogenase subunit 1	2823-3801:1
PQ359434.1	CDS	CYTB	cytochrome b	3852-4992:1
PQ359434.1	CDS	ND2	NADH dehydrogenase subunit 2	4996-6304:1
PQ359434.1	CDS	ND6	NADH dehydrogenase subunit 6	6305-6869:1
PQ359434.1	CDS	ATP6	ATP synthase F0 subunit 6	6868-7546:1
PQ359434.1	CDS	ND4	NADH dehydrogenase subunit 4	8936-10382:1
PQ359434.1	rRNA	rrn12	12S ribosomal RNA	10382-11291:1
PQ359434.1	CDS	COX3	cytochrome c oxidase subunit III	11291-12071:1
PQ359434.1	CDS	COX2	cytochrome c oxidase subunit II	12082-12883:1
PQ359434.1	CDS	ND4L	NADH dehydrogenase subunit 4L	12864-13164:1
PQ359434.1	CDS	ND3	NADH dehydrogenase subunit 3	13163-13508:1
PQ359434.1	tRNA	trnW(tca)	tRNA-Trp	14702-14772:1
PQ359434.1	CDS	ATP8	ATP synthase F0 subunit 8	14773-14986:1
PQ359434.1	CDS	COX1	cytochrome c oxidase subunit I	15835-17395:1
PQ420801.1	rRNA	rnl	large subunit ribosomal RNA	0-1792:1
PQ420801.1	CDS	nad2	NADH dehydrogenase subunit 2	1799-3122:1
PQ420801.1	CDS	nad5	NADH dehydrogenase subunit 5	3109-4921:1
PQ420801.1	CDS	nad4	NADH dehydrogenase subunit 4	5017-6466:1
PQ420801.1	CDS	ND4L	NADH dehydrogenase subunit 4L	6614-6908:-1
PQ420801.1	CDS	nad3	NADH dehydrogenase subunit 3	6980-7328:-1
PQ420801.1	CDS	nad6	NADH dehydrogenase subunit 6	7306-7915:-1
PQ420801.1	CDS	CYTB	cytochrome b	8477-9638:-1
PQ420801.1	CDS	nad1	NADH dehydrogenase subunit 1	9762-10743:-1
PQ420801.1	rRNA		12S ribosomal RNA	10789-11816:-1
PQ420801.1	CDS	cox1	cytochrome c oxidase subunit 1	11753-13406:-1
PQ420801.1	CDS	cox2	cytochrome c oxidase subunit 2	13512-14274:1
PQ420801.1	CDS	atp8	ATP synthase F0 subunit 8	14278-14494:1
PQ420801.1	CDS	atp6	ATP synthase F0 subunit 6	14515-15223:1
PQ420801.1	CDS	cox3	cytochrome c oxidase subunit 3	15255-16041:1
PQ420801.1	tRNA	trnM(cau)	tRNA-Met	16070-16141:1
PQ420801.1	CDS	mutS	MutS-like protein	16152-19212:1
PQ554681.1	CDS	COX1	cytochrome c oxidase subunit I	0-888:1,2045-2762:1
PQ554681.1	CDS	ND4L	NADH dehydrogenase subunit 4L	2786-3086:1
PQ554681.1	CDS	ATP8	ATP synthase F0 subunit 8	3104-3323:1
PQ554681.1	CDS	ATP6	ATP synthase F0 subunit 6	3456-4155:1
PQ554681.1	rRNA		small subunit ribosomal RNA	4416-5621:1
PQ554681.1	CDS	ND2	NADH dehydrogenase subunit 2	6025-7183:1
PQ554681.1	tRNA		tRNA-Met	7310-7381:1
PQ554681.1	rRNA		large subunit ribosomal RNA	7487-10242:1
PQ554681.1	CDS	ND5	NADH dehydrogenase subunit 5	10430-11147:1,13428-14559:1
PQ554681.1	CDS	ND1	NADH dehydrogenase subunit 1	11543-12554:1
PQ554681.1	CDS	ND3	NADH dehydrogenase subunit 3	12787-13144:1
PQ554681.1	tRNA		tRNA-Trp	14599-14669:1
PQ554681.1	CDS	COX2	cytochrome c oxidase subunit II	14741-15503:1
PQ554681.1	CDS	ND4	NADH dehydrogrenase subunit 4	15648-17163:1
PQ554681.1	CDS	ND6	NADH dehydrogenause subunit 6	17273-17930:1
PQ554681.1	CDS	CYTB	cytochrome b	18080-19241:1
PQ554681.1	CDS	COX3	cytochrome c oxidase subunit III	19589-20378:1
PQ554682.1	CDS	COX1	cytochrome c oxidase subunit I	0-888:1,2379-3123:1
PQ554682.1	CDS	ND4L	NADH dehydrogenase subunit 4L	3295-3595:1
PQ554682.1	CDS	ATP8	ATP synthase F0 subunit 8	3664-3883:1
PQ554682.1	CDS	ATP6	ATP synthase F0 subunit 6	4182-4881:1
PQ554682.1	rRNA		small subunit ribosomal RNA	5208-6462:1
PQ554682.1	CDS	ND2	NADH dehydrogenase subunit 2	7131-8319:1
PQ554682.1	tRNA		tRNA-Met	8470-8541:1
PQ554682.1	rRNA		large subunit ribosomal RNA	8597-11586:1
PQ554682.1	CDS	ND5	NADH dehydrogenase subunit 5	12014-12731:1,15085-16249:1
PQ554682.1	CDS	ND1	NADH dehydrogenase subunit 1	13119-14109:1
PQ554682.1	CDS	ND3	NADH dehydrogenase subunit 3	14276-14633:1
PQ554682.1	tRNA		tRNA-Trp	16289-16359:1
PQ554682.1	CDS	COX2	cytochrome c oxidase subunit II	16446-17211:1
PQ554682.1	CDS	ND4	NADH dehydrogenase subunit 4	17710-19249:1
PQ554682.1	CDS	ND6	NADH dehydrogenase subunit 6	19535-20216:1
PQ554682.1	CDS	CYTB	cytochrome b	20306-21467:1
PQ554682.1	CDS	COX3	cytochrome c oxidase subunit III	21720-22509:1
PQ571311.1	tRNA	trnM-atg	tRNA-Met	0-72:1
PQ571311.1	rRNA	rrnL	large subunit ribosomal RNA	220-1908:1
PQ571311.1	CDS	ND5	NADH dehydrogenase subunit 5	1945-2655:1,12176-13278:1
PQ571311.1	CDS	ND1	NADH dehydrogenase subunit 1	2788-3736:1
PQ571311.1	CDS	CYTB	cytochrome b	3737-4877:1
PQ571311.1	CDS	ND2	NADH dehydrogenase subunit 2	4881-6189:1
PQ571311.1	CDS	ND6	NADH dehydrogenase subunit 6	6189-6750:1
PQ571311.1	CDS	ATP6	ATP synthase F0 subunit 6	6749-7427:1
PQ571311.1	tRNA	trnS2-tct	tRNA-Ser	7490-7544:1
PQ571311.1	CDS	ND4	NADH dehydrogenase subunit 4	7549-8866:1
PQ571311.1	rRNA	rrnS	small subunit ribosomal RNA	8960-9871:1
PQ571311.1	CDS	COX3	cytochrome c oxidase subunit III	9871-10651:1
PQ571311.1	tRNA	trnI-atc	tRNA-Ile	10661-10719:1
PQ571311.1	CDS	COX2	cytochrome c oxidase subunit II	10765-11497:1
PQ571311.1	CDS	ND4L	NADH dehydrogenase subunit 4L	11499-11778:1
PQ571311.1	CDS	ND3	NADH dehydrogenase subunit 3	11777-12122:1
PQ571311.1	tRNA	trnW-tga	tRNA-Trp	13276-13346:1
PQ571311.1	CDS	ATP8	ATP synthase F0 subunit 8	13349-13547:1
PQ571311.1	CDS	COX1	cytochrome c oxidase subunit I	13625-15195:1
PQ571312.1	tRNA	trnM-atg	tRNA-Met	0-72:1
PQ571312.1	rRNA	rrnL	large subunit ribosomal RNA	220-1911:1
PQ571312.1	CDS	ND5	NADH dehydrogenase subunit 5	1949-2659:1,12307-13409:1
PQ571312.1	CDS	ND1	NADH dehydrogenase subunit 1	2793-3741:1
PQ571312.1	CDS	CYTB	cytochrome b	3742-4882:1
PQ571312.1	CDS	ND2	NADH dehydrogenase subunit 2	4886-6194:1
PQ571312.1	CDS	ND6	NADH dehydrogenase subunit 6	6194-6755:1
PQ571312.1	CDS	ATP6	ATP synthase F0 subunit 6	6754-7432:1
PQ571312.1	tRNA	trnS2-tct	tRNA-Ser	7495-7549:1
PQ571312.1	CDS	ND4	NADH dehydrogenase subunit 4	7554-8871:1
PQ571312.1	tRNA	trnP-cca	tRNA-Pro	8927-8986:1
PQ571312.1	rRNA	rrnS	small subunit ribosomal RNA	9049-9959:1
PQ571312.1	CDS	COX3	cytochrome c oxidase subunit III	9959-10739:1
PQ571312.1	CDS	COX2	cytochrome c oxidase subunit II	10896-11628:1
PQ571312.1	CDS	ND4L	NADH dehydrogenase subunit 4L	11630-11909:1
PQ571312.1	CDS	ND3	NADH dehydrogenase subunit 3	11908-12253:1
PQ571312.1	tRNA	trnW-tga	tRNA-Trp	13407-13477:1
PQ571312.1	CDS	ATP8	ATP synthase F0 subunit 8	13480-13678:1
PQ571312.1	tRNA	trnR-aga	tRNA-Arg	13786-13846:1
PQ571312.1	CDS	COX1	cytochrome c oxidase subunit I	14012-15585:1
PQ571312.1	tRNA	trnQ-cag	tRNA-Gln	15926-15992:-1
PQ571313.1	tRNA	trnM-atg	tRNA-Met	0-72:1
PQ571313.1	rRNA	rrnL	large subunit ribosomal RNA	220-1910:1
PQ571313.1	CDS	ND5	NADH dehydrogenase subunit 5	1946-2656:1,12380-13482:1
PQ571313.1	CDS	ND1	NADH dehydrogenase subunit 1	2789-3737:1
PQ571313.1	CDS	CYTB	cytochrome b	3738-4878:1
PQ571313.1	CDS	ND2	NADH dehydrogenase subunit 2	4882-6190:1
PQ571313.1	CDS	ND6	NADH dehydrogenase subunit 6	6190-6751:1
PQ571313.1	CDS	ATP6	ATP synthase F0 subunit 6	6750-7428:1
PQ571313.1	tRNA	trnS2-tct	tRNA-Ser	7491-7545:1
PQ571313.1	CDS	ND4	NADH dehydrogenase subunit 4	7550-8867:1
PQ571313.1	tRNA	trnI-atc	tRNA-Ile	9088-9151:1
PQ571313.1	rRNA	rrnS	small subunit ribosomal RNA	9164-10075:1
PQ571313.1	CDS	COX3	cytochrome c oxidase subunit III	10075-10855:1
PQ571313.1	CDS	COX2	cytochrome c oxidase subunit II	10969-11701:1
PQ571313.1	CDS	ND4L	NADH dehydrogenase subunit 4L	11703-11982:1
PQ571313.1	CDS	ND3	NADH dehydrogenase subunit 3	11981-12326:1
PQ571313.1	tRNA	trnW-tga	tRNA-Trp	13480-13550:1
PQ571313.1	CDS	ATP8	ATP synthase F0 subunit 8	13553-13751:1
PQ571313.1	tRNA	trnE-gaa	tRNA-Glu	13774-13822:-1
PQ571313.1	CDS	COX1	cytochrome c oxidase subunit I	13909-15479:1
PQ571313.1	tRNA	trnF-ttc	tRNA-Phe	15818-15894:1
PQ571313.1	tRNA	trnQ-caa	tRNA-Gln	15911-15963:-1
PQ571314.1	tRNA	trnM-atg	tRNA-Met	0-70:1
PQ571314.1	rRNA	rrnL	large subunit ribosomal RNA	218-1907:1
PQ571314.1	CDS	ND5	NADH dehydrogenase subunit 5	1942-2652:1,12432-13534:1
PQ571314.1	CDS	ND1	NADH dehydrogenase subunit 1	2786-3734:1
PQ571314.1	CDS	CYTB	cytochrome b	3735-4875:1
PQ571314.1	CDS	ND2	NADH dehydrogenase subunit 2	4879-6187:1
PQ571314.1	CDS	ND6	NADH dehydrogenase subunit 6	6187-6748:1
PQ571314.1	CDS	ATP6	ATP synthase F0 subunit 6	6747-7425:1
PQ571314.1	tRNA	trnS2-tct	tRNA-Ser	7488-7542:1
PQ571314.1	CDS	ND4	NADH dehydrogenase subunit 4	7547-8864:1
PQ571314.1	tRNA	trnP-cca	tRNA-Pro	9084-9137:1
PQ571314.1	tRNA	trnN-aac	tRNA-Asn	9164-9226:1
PQ571314.1	rRNA	rrnS	small subunit ribosomal RNA	9249-10159:1
PQ571314.1	CDS	COX3	cytochrome c oxidase subunit III	10159-10939:1
PQ571314.1	CDS	COX2	cytochrome c oxidase subunit II	11031-11754:1
PQ571314.1	CDS	ND4L	NADH dehydrogenase subunit 4L	11756-12035:1
PQ571314.1	CDS	ND3	NADH dehydrogenase subunit 3	12034-12379:1
PQ571314.1	tRNA	trnW-tga	tRNA-Trp	13532-13602:1
PQ571314.1	CDS	ATP8	ATP synthase F0 subunit 8	13605-13803:1
PQ571314.1	CDS	COX1	cytochrome c oxidase subunit I	13985-15555:1
PQ571315.1	tRNA	trnM-atg	tRNA-Met	0-70:1
PQ571315.1	rRNA	rrnL	large subunit ribosomal RNA	218-1908:1
PQ571315.1	CDS	ND5	NADH dehydrogenase subunit 5	1943-2653:1,12270-13372:1
PQ571315.1	CDS	ND1	NADH dehydrogenase subunit 1	2786-3734:1
PQ571315.1	CDS	CYTB	cytochrome b	3735-4875:1
PQ571315.1	CDS	ND2	NADH dehydrogenase subunit 2	4879-6187:1
PQ571315.1	CDS	ND6	NADH dehydrogenase subunit 6	6187-6748:1
PQ571315.1	CDS	ATP6	ATP synthase F0 subunit 6	6747-7425:1
PQ571315.1	tRNA	trnS2-tct	tRNA-Ser	7488-7542:1
PQ571315.1	CDS	ND4	NADH dehydrogenase subunit 4	7547-8864:1
PQ571315.1	tRNA	trnP-cca	tRNA-Pro	8945-8998:1
PQ571315.1	rRNA	rrnS	small subunit ribosomal RNA	9068-9978:1
PQ571315.1	CDS	COX3	cytochrome c oxidase subunit III	9978-10758:1
PQ571315.1	CDS	COX2	cytochrome c oxidase subunit II	10869-11592:1
PQ571315.1	CDS	ND4L	NADH dehydrogenase subunit 4L	11594-11873:1
PQ571315.1	CDS	ND3	NADH dehydrogenase subunit 3	11872-12217:1
PQ571315.1	tRNA	trnW-tga	tRNA-Trp	13370-13440:1
PQ571315.1	CDS	ATP8	ATP synthase F0 subunit 8	13443-13641:1
PQ571315.1	CDS	COX1	cytochrome c oxidase subunit I	13823-15393:1
PQ571316.1	tRNA	trnM-atg	tRNA-Met	0-70:1
PQ571316.1	rRNA	rrnL	large subunit ribosomal RNA	218-1907:1
PQ571316.1	CDS	ND5	NADH dehydrogenase subunit 5	1942-2652:1,12474-13576:1
PQ571316.1	CDS	ND1	NADH dehydrogenase subunit 1	2786-3734:1
PQ571316.1	CDS	CYTB	cytochrome b	3735-4875:1
PQ571316.1	CDS	ND2	NADH dehydrogenase subunit 2	4879-6187:1
PQ571316.1	CDS	ND6	NADH dehydrogenase subunit 6	6224-6749:1
PQ571316.1	CDS	ATP6	ATP synthase F0 subunit 6	6748-7426:1
PQ571316.1	tRNA	trnS2-tct	tRNA-Ser	7489-7543:1
PQ571316.1	CDS	ND4	NADH dehydrogenase subunit 4	7548-8865:1
PQ571316.1	tRNA	trnP-cca	tRNA-Pro	9127-9180:1
PQ571316.1	tRNA	trnN-aac	tRNA-Asn	9207-9269:1
PQ571316.1	rRNA	rrnS	small subunit ribosomal RNA	9292-10201:1
PQ571316.1	CDS	COX3	cytochrome c oxidase subunit III	10201-10981:1
PQ571316.1	CDS	COX2	cytochrome c oxidase subunit II	11064-11796:1
PQ571316.1	CDS	ND4L	NADH dehydrogenase subunit 4L	11798-12077:1
PQ571316.1	CDS	ND3	NADH dehydrogenase subunit 3	12076-12421:1
PQ571316.1	tRNA	trnW-tga	tRNA-Trp	13574-13644:1
PQ571316.1	CDS	ATP8	ATP synthase F0 subunit 8	13647-13845:1
PQ571316.1	CDS	COX1	cytochrome c oxidase subunit I	14027-15597:1
PQ571317.1	tRNA	trnM-atg	tRNA-Met	0-72:1
PQ571317.1	rRNA	rrnL	large subunit ribosomal RNA	219-1910:1
PQ571317.1	CDS	ND5	NADH dehydrogenase subunit 5	1995-2705:1,12239-13341:1
PQ571317.1	CDS	ND1	NADH dehydrogenase subunit 1	2838-3786:1
PQ571317.1	CDS	CYTB	cytochrome b	3787-4927:1
PQ571317.1	CDS	ND2	NADH dehydrogenase subunit 2	4931-6239:1
PQ571317.1	tRNA	trnG-gga	tRNA-Gly	6077-6138:-1
PQ571317.1	CDS	ND6	NADH dehydrogenase subunit 6	6239-6800:1
PQ571317.1	CDS	ATP6	ATP synthase F0 subunit 6	6799-7477:1
PQ571317.1	tRNA	trnS2-tct	tRNA-Ser	7540-7594:1
PQ571317.1	CDS	ND4	NADH dehydrogenase subunit 4	7599-8916:1
PQ571317.1	rRNA	rrnS	small subunit ribosomal RNA	9025-9934:1
PQ571317.1	CDS	COX3	cytochrome c oxidase subunit III	9934-10714:1
PQ571317.1	CDS	COX2	cytochrome c oxidase subunit II	10828-11560:1
PQ571317.1	CDS	ND4L	NADH dehydrogenase subunit 4L	11562-11841:1
PQ571317.1	CDS	ND3	NADH dehydrogenase subunit 3	11843-12185:1
PQ571317.1	tRNA	trnW-tga	tRNA-Trp	13339-13409:1
PQ571317.1	CDS	ATP8	ATP synthase F0 subunit 8	13412-13610:1
PQ571317.1	CDS	COX1	cytochrome c oxidase subunit I	13812-15385:1
PQ571318.1	tRNA	trnM-atg	tRNA-Met	0-72:1
PQ571318.1	rRNA	rrnL	large subunit ribosomal RNA	219-1909:1
PQ571318.1	CDS	ND5	NADH dehydrogenase subunit 5	2078-2657:1,12297-13407:1
PQ571318.1	CDS	ND1	NADH dehydrogenase subunit 1	2789-3737:1
PQ571318.1	CDS	CYTB	cytochrome b	3738-4878:1
PQ571318.1	CDS	ND2	NADH dehydrogenase subunit 2	4882-6190:1
PQ571318.1	CDS	ND6	NADH dehydrogenase subunit 6	6190-6751:1
PQ571318.1	CDS	ATP6	ATP synthase F0 subunit 6	6750-7428:1
PQ571318.1	tRNA	trnS2-tct	tRNA-Ser	7491-7545:1
PQ571318.1	CDS	ND4	NADH dehydrogenase subunit 4	7550-8867:1
PQ571318.1	rRNA	rrnS	small subunit ribosomal RNA	9090-10007:1
PQ571318.1	CDS	COX3	cytochrome c oxidase subunit III	10000-10780:1
PQ571318.1	tRNA	trnI-atc	tRNA-Ile	10790-10848:1
PQ571318.1	CDS	COX2	cytochrome c oxidase subunit II	10894-11626:1
PQ571318.1	CDS	ND4L	NADH dehydrogenase subunit 4L	11628-11907:1
PQ571318.1	CDS	ND3	NADH dehydrogenase subunit 3	11906-12251:1
PQ571318.1	tRNA	trnW-tga	tRNA-Trp	13405-13475:1
PQ571318.1	CDS	ATP8	ATP synthase F0 subunit 8	13478-13676:1
PQ571318.1	CDS	COX1	cytochrome c oxidase subunit I	13826-15396:1
PQ571318.1	tRNA	trnF-ttc	tRNA-Phe	15766-15820:1
PQ571319.1	tRNA	trnM-atg	tRNA-Met	0-72:1
PQ571319.1	rRNA	rrnL	large subunit ribosomal RNA	220-1912:1
PQ571319.1	CDS	ND5	NADH dehydrogenase subunit 5	1948-2658:1,12230-13332:1
PQ571319.1	CDS	ND1	NADH dehydrogenase subunit 1	2791-3739:1
PQ571319.1	CDS	CYTB	cytochrome b	3740-4880:1
PQ571319.1	CDS	ND2	NADH dehydrogenase subunit 2	4884-6192:1
PQ571319.1	CDS	ND6	NADH dehydrogenase subunit 6	6197-6752:1
PQ571319.1	CDS	ATP6	ATP synthase F0 subunit 6	6751-7429:1
PQ571319.1	tRNA	trnS2-tct	tRNA-Ser	7492-7546:1
PQ571319.1	CDS	ND4	NADH dehydrogenase subunit 4	7551-8868:1
PQ571319.1	rRNA	rrnS	small subunit ribosomal RNA	9017-9926:1
PQ571319.1	CDS	COX3	cytochrome c oxidase subunit III	9926-10706:1
PQ571319.1	tRNA	trnI-atc	tRNA-Ile	10716-10774:1
PQ571319.1	CDS	COX2	cytochrome c oxidase subunit II	10820-11552:1
PQ571319.1	CDS	ND4L	NADH dehydrogenase subunit 4L	11554-11833:1
PQ571319.1	CDS	ND3	NADH dehydrogenase subunit 3	11832-12177:1
PQ571319.1	tRNA	trnW-tga	tRNA-Trp	13330-13400:1
PQ571319.1	CDS	ATP8	ATP synthase F0 subunit 8	13403-13601:1
PQ571319.1	tRNA	trnE-gaa	tRNA-Glu	13624-13672:-1
PQ571319.1	CDS	COX1	cytochrome c oxidase subunit I	13760-15330:1
PQ571320.1	tRNA	trnM-atg	tRNA-Met	0-72:1
PQ571320.1	rRNA	rrnL	large subunit ribosomal RNA	220-1912:1
PQ571320.1	CDS	ND5	NADH dehydrogenase subunit 5	1947-2657:1,12284-13386:1
PQ571320.1	CDS	ND1	NADH dehydrogenase subunit 1	2790-3738:1
PQ571320.1	CDS	CYTB	cytochrome b	3739-4879:1
PQ571320.1	CDS	ND2	NADH dehydrogenase subunit 2	4883-6191:1
PQ571320.1	CDS	ND6	NADH dehydrogenase subunit 6	6191-6752:1
PQ571320.1	CDS	ATP6	ATP synthase F0 subunit 6	6751-7429:1
PQ571320.1	tRNA	trnS2-tct	tRNA-Ser	7492-7546:1
PQ571320.1	CDS	ND4	NADH dehydrogenase subunit 4	7551-8868:1
PQ571320.1	tRNA	trnI-atc	tRNA-Ile	8992-9055:1
PQ571320.1	rRNA	rrnS	small subunit ribosomal RNA	9068-9979:1
PQ571320.1	CDS	COX3	cytochrome c oxidase subunit III	9979-10759:1
PQ571320.1	CDS	COX2	cytochrome c oxidase subunit II	10873-11605:1
PQ571320.1	CDS	ND4L	NADH dehydrogenase subunit 4L	11607-11886:1
PQ571320.1	CDS	ND3	NADH dehydrogenase subunit 3	11885-12230:1
PQ571320.1	tRNA	trnW-tga	tRNA-Trp	13384-13454:1
PQ571320.1	CDS	ATP8	ATP synthase F0 subunit 8	13457-13655:1
PQ571320.1	tRNA	trnE-gaa	tRNA-Glu	13678-13726:-1
PQ571320.1	CDS	COX1	cytochrome c oxidase subunit I	13813-15383:1
PQ571321.1	tRNA	trnM-atg	tRNA-Met	0-72:1
PQ571321.1	rRNA	rrnL	large subunit ribosomal RNA	221-1911:1
PQ571321.1	CDS	ND5	NADH dehydrogenase subunit 5	1947-2657:1,12284-13386:1
PQ571321.1	CDS	ND1	NADH dehydrogenase subunit 1	2790-3738:1
PQ571321.1	CDS	CYTB	cytochrome b	3739-4879:1
PQ571321.1	CDS	ND2	NADH dehydrogenase subunit 2	4883-6191:1
PQ571321.1	CDS	ND6	NADH dehydrogenase subunit 6	6191-6752:1
PQ571321.1	CDS	ATP6	ATP synthase F0 subunit 6	6751-7429:1
PQ571321.1	tRNA	trnS2-tct	tRNA-Ser	7492-7546:1
PQ571321.1	CDS	ND4	NADH dehydrogenase subunit 4	7551-8868:1
PQ571321.1	tRNA	trnI-atc	tRNA-Ile	8992-9055:1
PQ571321.1	rRNA	rrnS	small subunit ribosomal RNA	9068-9979:1
PQ571321.1	CDS	COX3	cytochrome c oxidase subunit III	9979-10759:1
PQ571321.1	CDS	COX2	cytochrome c oxidase subunit II	10873-11605:1
PQ571321.1	CDS	ND4L	NADH dehydrogenase subunit 4L	11607-11886:1
PQ571321.1	CDS	ND3	NADH dehydrogenase subunit 3	11885-12230:1
PQ571321.1	tRNA	trnW-tga	tRNA-Trp	13384-13454:1
PQ571321.1	CDS	ATP8	ATP synthase F0 subunit 8	13457-13655:1
PQ571321.1	tRNA	trnE-gaa	tRNA-Glu	13678-13726:-1
PQ571321.1	CDS	COX1	cytochrome c oxidase subunit I	13813-15383:1
PQ571322.1	tRNA	trnM-atg	tRNA-Met	0-70:1
PQ571322.1	rRNA	rrnL	large subunit ribosomal RNA	218-1907:1
PQ571322.1	CDS	ND5	NADH dehydrogenase subunit 5	1942-2652:1,12615-13717:1
PQ571322.1	CDS	ND1	NADH dehydrogenase subunit 1	2785-3733:1
PQ571322.1	CDS	CYTB	cytochrome b	3734-4874:1
PQ571322.1	CDS	ND2	NADH dehydrogenase subunit 2	4878-6186:1
PQ571322.1	CDS	ND6	NADH dehydrogenase subunit 6	6186-6747:1
PQ571322.1	CDS	ATP6	ATP synthase F0 subunit 6	6746-7424:1
PQ571322.1	tRNA	trnS2-tct	tRNA-Ser	7487-7541:1
PQ571322.1	CDS	ND4	NADH dehydrogenase subunit 4	7546-8863:1
PQ571322.1	tRNA	trnL2-tta	tRNA-Leu	8936-9005:1
PQ571322.1	tRNA	trnP-cca	tRNA-Pro	9206-9259:1
PQ571322.1	tRNA	trnN-aac	tRNA-Asn	9328-9390:1
PQ571322.1	rRNA	rrnS	small subunit ribosomal RNA	9413-10323:1
PQ571322.1	CDS	COX3	cytochrome c oxidase subunit III	10323-11103:1
PQ571322.1	CDS	COX2	cytochrome c oxidase subunit II	11205-11937:1
PQ571322.1	CDS	ND4L	NADH dehydrogenase subunit 4L	11939-12218:1
PQ571322.1	CDS	ND3	NADH dehydrogenase subunit 3	12217-12562:1
PQ571322.1	tRNA	trnW-tga	tRNA-Trp	13715-13785:1
PQ571322.1	CDS	ATP8	ATP synthase F0 subunit 8	13788-13986:1
PQ571322.1	CDS	COX1	cytochrome c oxidase subunit I	14167-15737:1
PQ571323.1	tRNA	trnM-atg	tRNA-Met	0-72:1
PQ571323.1	rRNA	rrnL	large subunit ribosomal RNA	220-1911:1
PQ571323.1	CDS	ND5	NADH dehydrogenase subunit 5	1935-2645:1,12299-13401:1
PQ571323.1	CDS	ND1	NADH dehydrogenase subunit 1	2779-3727:1
PQ571323.1	CDS	CYTB	cytochrome b	3728-4868:1
PQ571323.1	CDS	ND2	NADH dehydrogenase subunit 2	4872-6180:1
PQ571323.1	CDS	ND6	NADH dehydrogenase subunit 6	6180-6741:1
PQ571323.1	CDS	ATP6	ATP synthase F0 subunit 6	6740-7418:1
PQ571323.1	tRNA	trnS2-tct	tRNA-Ser	7481-7535:1
PQ571323.1	CDS	ND4	NADH dehydrogenase subunit 4	7540-8857:1
PQ571323.1	tRNA	trnP-cca	tRNA-Pro	8899-8962:1
PQ571323.1	rRNA	rrnS	small subunit ribosomal RNA	9042-9951:1
PQ571323.1	CDS	COX3	cytochrome c oxidase subunit III	9951-10731:1
PQ571323.1	CDS	COX2	cytochrome c oxidase subunit II	10888-11620:1
PQ571323.1	CDS	ND4L	NADH dehydrogenase subunit 4L	11622-11901:1
PQ571323.1	CDS	ND3	NADH dehydrogenase subunit 3	11900-12245:1
PQ571323.1	tRNA	trnW-tga	tRNA-Trp	13399-13469:1
PQ571323.1	CDS	ATP8	ATP synthase F0 subunit 8	13472-13670:1
PQ571323.1	tRNA	trnR-aga	tRNA-Arg	13778-13838:1
PQ571323.1	CDS	COX1	cytochrome c oxidase subunit I	14038-15611:1
PQ571324.1	tRNA	trnM-atg	tRNA-Met	0-72:1
PQ571324.1	rRNA	rrnL	large subunit ribosomal RNA	220-1909:1
PQ571324.1	CDS	ND5	NADH dehydrogenase subunit 5	1946-2656:1,12535-13637:1
PQ571324.1	CDS	ND1	NADH dehydrogenase subunit 1	2789-3737:1
PQ571324.1	CDS	CYTB	cytochrome b	4042-5182:1
PQ571324.1	CDS	ND2	NADH dehydrogenase subunit 2	5186-6494:1
PQ571324.1	CDS	ND6	NADH dehydrogenase subunit 6	6494-7055:1
PQ571324.1	CDS	ATP6	ATP synthase F0 subunit 6	7054-7732:1
PQ571324.1	tRNA	trnS2-tct	tRNA-Ser	7795-7849:1
PQ571324.1	CDS	ND4	NADH dehydrogenase subunit 4	7854-9171:1
PQ571324.1	tRNA	trnP-cca	tRNA-Pro	9252-9305:1
PQ571324.1	rRNA	rrnS	small subunit ribosomal RNA	9320-10230:1
PQ571324.1	CDS	COX3	cytochrome c oxidase subunit III	10230-11010:1
PQ571324.1	tRNA	trnI-atc	tRNA-Ile	11018-11078:1
PQ571324.1	CDS	COX2	cytochrome c oxidase subunit II	11124-11856:1
PQ571324.1	CDS	ND4L	NADH dehydrogenase subunit 4L	11858-12137:1
PQ571324.1	CDS	ND3	NADH dehydrogenase subunit 3	12136-12481:1
PQ571324.1	tRNA	trnW-tga	tRNA-Trp	13635-13705:1
PQ571324.1	CDS	ATP8	ATP synthase F0 subunit 8	13708-13906:1
PQ571324.1	tRNA	trnE-gaa	tRNA-Glu	13929-13977:-1
PQ571324.1	CDS	COX1	cytochrome c oxidase subunit I	14074-15644:1
PQ571325.1	tRNA	trnM-atg	tRNA-Met	0-72:1
PQ571325.1	rRNA	rrnL	large subunit ribosomal RNA	220-1909:1
PQ571325.1	CDS	ND5	NADH dehydrogenase subunit 5	1946-2656:1,12287-13389:1
PQ571325.1	CDS	ND1	NADH dehydrogenase subunit 1	2789-3737:1
PQ571325.1	CDS	CYTB	cytochrome b	3738-4878:1
PQ571325.1	CDS	ND2	NADH dehydrogenase subunit 2	4882-6190:1
PQ571325.1	CDS	ND6	NADH dehydrogenase subunit 6	6190-6751:1
PQ571325.1	CDS	ATP6	ATP synthase F0 subunit 6	6750-7428:1
PQ571325.1	tRNA	trnS2-tct	tRNA-Ser	7491-7545:1
PQ571325.1	CDS	ND4	NADH dehydrogenase subunit 4	7550-8867:1
PQ571325.1	tRNA	trnP-cca	tRNA-Pro	8948-9001:1
PQ571325.1	rRNA	rrnS	small subunit ribosomal RNA	9071-9981:1
PQ571325.1	CDS	COX3	cytochrome c oxidase subunit III	9981-10761:1
PQ571325.1	tRNA	trnI-atc	tRNA-Ile	10771-10829:1
PQ571325.1	CDS	COX2	cytochrome c oxidase subunit II	10875-11607:1
PQ571325.1	CDS	ND4L	NADH dehydrogenase subunit 4L	11609-11888:1
PQ571325.1	CDS	ND3	NADH dehydrogenase subunit 3	11887-12232:1
PQ571325.1	tRNA	trnW-tga	tRNA-Trp	13387-13457:1
PQ571325.1	CDS	ATP8	ATP synthase F0 subunit 8	13460-13658:1
PQ571325.1	tRNA	trnE-gaa	tRNA-Glu	13681-13729:-1
PQ571325.1	CDS	COX1	cytochrome c oxidase subunit I	13828-15398:1
PQ666634.1	CDS	COX1	cytochrome c oxidase subunit I	0-894:1,1865-2543:1
PQ666634.1	tRNA	trnM	tRNA-Met	2638-2709:1
PQ666634.1	rRNA	rrnL	16S ribosomal RNA	2753-5054:1
PQ666634.1	CDS		NADH dehydrogenase subunit 5	5200-5923:1,17053-18169:1
PQ666634.1	CDS	ND1	NADH dehydrogenase subunit 1	6259-7237:1
PQ666634.1	CDS	CYTB	cytochrome b	7358-8519:1
PQ666634.1	CDS	ND2	NADH dehydrogenase subunit 2	9088-10186:1
PQ666634.1	CDS	ND6	NADH dehydrogenase subunit 6	10198-10813:1
PQ666634.1	CDS	ATP6	ATP synthase F0 subunit 6	10886-11585:1
PQ666634.1	CDS	ND4	NADH dehydrogenase subunit 4	11847-13323:1
PQ666634.1	rRNA	rrnS	12S ribosomal RNA	13349-14456:1
PQ666634.1	CDS	COX3	cytochrome c oxidase subunit 3	14661-15450:1
PQ666634.1	CDS	COX2	cytochrome c oxidase subunit 2	15485-16229:1
PQ666634.1	CDS	ND4L	NADH dehydrogenase subunit 4L	16282-16582:1
PQ666634.1	CDS	ND3	NADH dehydrogenase subunit 3	16596-16953:1
PQ666634.1	tRNA	trnW	tRNA-Trp	18208-18278:1
PQ666634.1	CDS	ATP8	ATP synthase F0 subunit 8	18310-18526:1
PQ726619.1	CDS	COX1	cytochrome c oxidase subunit I	0-891:1,1744-2425:1
PQ726619.1	CDS	ND4L	NADH dehydrogenase subunit 4L	2621-2921:1
PQ726619.1	CDS	ATP8	ATP synthase F0 subunit 8	2945-3161:1
PQ726619.1	CDS	ATP6	ATP synthase F0 subunit 6	3194-3884:1
PQ726619.1	CDS	ND5	NADH dehydrogenase subunit 5	3903-4620:1,6358-7474:1
PQ726619.1	CDS	ND1	NADH dehydrogenase subunit 1	4843-5827:1
PQ726619.1	CDS	ND3	NADH dehydrogenase subunit 3	5833-6190:1
PQ726619.1	tRNA	trnW	tRNA-Trp	7588-7658:1
PQ726619.1	CDS	ND2	NADH dehydrogenase subunit 2	7928-9086:1
PQ726619.1	rRNA		small subunit ribosomal RNA	9086-10270:1
PQ726619.1	CDS	COX2	cytochrome c oxidase subunit II	10270-11011:1
PQ726619.1	CDS	ND4	NADH dehydrogenase subunit 4	13004-14471:1
PQ726619.1	CDS	ND6	NADH dehydrogenase subunit 6	14475-15084:1
PQ726619.1	CDS	COB	cytochrome b	15111-16263:1
PQ726619.1	tRNA	trnM	tRNA-Met	16684-16755:1
PQ726619.1	rRNA		large subunit ribosomal RNA	16755-19020:1
PQ726619.1	CDS	COX3	cytochrome c oxidase subunit III	19020-19809:1
PQ845999.1	CDS	nad5	NADH dehydrogenase subunit 5	8517-9237:1,2827-3943:1
PQ845999.1	CDS	cox3	cytochrome c oxidase subunit III	422-1211:1
PQ845999.1	CDS	cox2	cytochrome c oxidase subunit II	1267-2011:1
PQ845999.1	CDS	nad4l	NADH dehydrogenase subunit 4l	2043-2343:1
PQ845999.1	CDS	nad3	NADH dehydrogenase subunit 3	2375-2732:1
PQ845999.1	tRNA	trnW	tRNA-Trp	3973-4043:1
PQ845999.1	CDS	atp8	ATP synthase F0 subunit 8	4075-4294:1
PQ845999.1	CDS	cox1	cytochrome c oxidase subunit I	4275-5877:1
PQ845999.1	tRNA	trnM	tRNA-Met	6084-6155:1
PQ845999.1	rRNA	rrnL	16S ribosomal RNA	6364-8325:1
PQ845999.1	CDS	nad1	NADH dehydrogenase subunit 1	9560-10544:1
PQ845999.1	CDS	cob	cytochrome b	10654-11812:1
PQ845999.1	CDS	nad2	NADH dehydrogenase subunit 2	12237-13434:1
PQ845999.1	CDS	nad6	NADH dehydrogenase subunit 6	13499-14060:1
PQ845999.1	CDS	atp6	ATP synthase F0 subunit 6	14128-14827:1
PQ845999.1	CDS	nad4	NADH dehydrogenase subunit 4	14978-16454:1
PQ845999.1	rRNA	rrnS	12S ribosomal RNA	16716-17689:1
PQ875194.1	tRNA	trnM-cat	tRNA-Met	0-72:1
PQ875194.1	rRNA	rrnL	large subunit ribosomal RNA	220-1909:1
PQ875194.1	CDS	nad5	NADH dehydrogenase subunit 5	1945-2655:1,12176-13278:1
PQ875194.1	CDS	nad1	NADH dehydrogenase subunit 1	2788-3736:1
PQ875194.1	CDS	cob	cytochrome b	3737-4877:1
PQ875194.1	CDS	nad2	NADH dehydrogenase subunit 2	4872-6189:1
PQ875194.1	CDS	nad6	NADH dehydrogenase subunit 6	6189-6750:1
PQ875194.1	CDS	atp6	ATP synthase F0 subunit 6	6749-7427:1
PQ875194.1	CDS	nad4	NADH dehydrogenase subunit 4	7426-8866:1
PQ875194.1	rRNA	rrnS	small subunit ribosomal RNA	8960-9871:1
PQ875194.1	CDS	cox3	cytochrome c oxidase subunit III	9871-10651:1
PQ875194.1	CDS	cox2	cytochrome c oxidase subunit II	10765-11497:1
PQ875194.1	CDS	nad4l	NADH dehydrogenase subunit 4L	11499-11778:1
PQ875194.1	CDS	nad3	NADH dehydrogenase subunit 3	11777-12122:1
PQ875194.1	tRNA	trnW-tca	tRNA-Trp	13276-13346:1
PQ875194.1	CDS	atp8	ATP synthase F0 subunit 8	13349-13547:1
PQ875194.1	CDS	cox1	cytochrome c oxidase subunit I	13714-15284:1
PQ875196.1	tRNA	trnM-cat	tRNA-Met	0-72:1
PQ875196.1	rRNA	rrnL	large subunit ribosomal RNA	220-1911:1
PQ875196.1	CDS	nad5	NADH dehydrogenase subunit 5	1948-2658:1,12312-13414:1
PQ875196.1	CDS	nad1	NADH dehydrogenase subunit 1	2792-3740:1
PQ875196.1	CDS	cob	cytochrome b	3741-4881:1
PQ875196.1	CDS	nad2	NADH dehydrogenase subunit 2	4876-6193:1
PQ875196.1	CDS	nad6	NADH dehydrogenase subunit 6	6193-6754:1
PQ875196.1	CDS	atp6	ATP synthase F0 subunit 6	6753-7431:1
PQ875196.1	CDS	nad4	NADH dehydrogenase subunit 4	7430-8870:1
PQ875196.1	tRNA	trnP-tgg	tRNA-Pro	8932-8980:1
PQ875196.1	rRNA	rrnS	small subunit ribosomal RNA	9056-9964:1
PQ875196.1	CDS	cox3	cytochrome c oxidase subunit III	9964-10744:1
PQ875196.1	CDS	cox2	cytochrome c oxidase subunit II	10901-11633:1
PQ875196.1	CDS	nad4l	NADH dehydrogenase subunit 4L	11635-11914:1
PQ875196.1	CDS	nad3	NADH dehydrogenase subunit 3	11913-12258:1
PQ875196.1	tRNA	trnW-tca	tRNA-Trp	13412-13482:1
PQ875196.1	CDS	atp8	ATP synthase F0 subunit 8	13485-13683:1
PQ875196.1	CDS	cox1	cytochrome c oxidase subunit I	14109-15682:1
PQ875198.1	tRNA	trnM-cat	tRNA-Met	0-72:1
PQ875198.1	rRNA	rrnL	large subunit ribosomal RNA	221-1911:1
PQ875198.1	CDS	nad5	NADH dehydrogenase subunit 5	1947-2657:1,12565-13667:1
PQ875198.1	CDS	nad1	NADH dehydrogenase subunit 1	2790-3738:1
PQ875198.1	CDS	cob	cytochrome b	3739-4879:1
PQ875198.1	CDS	nad2	NADH dehydrogenase subunit 2	4874-6191:1
PQ875198.1	CDS	nad6	NADH dehydrogenase subunit 6	6191-6752:1
PQ875198.1	CDS	atp6	ATP synthase F0 subunit 6	6751-7429:1
PQ875198.1	CDS	nad4	NADH dehydrogenase subunit 4	7428-8868:1
PQ875198.1	rRNA	rrnS	small subunit ribosomal RNA	9349-10260:1
PQ875198.1	CDS	cox3	cytochrome c oxidase subunit III	10260-11040:1
PQ875198.1	CDS	cox2	cytochrome c oxidase subunit II	11154-11886:1
PQ875198.1	CDS	nad4l	NADH dehydrogenase subunit 4L	11888-12167:1
PQ875198.1	CDS	nad3	NADH dehydrogenase subunit 3	12166-12511:1
PQ875198.1	tRNA	trnW-tca	tRNA-Trp	13665-13735:1
PQ875198.1	CDS	atp8	ATP synthase F0 subunit 8	13738-13936:1
PQ875198.1	CDS	cox1	cytochrome c oxidase subunit I	14092-15662:1
PQ875199.1	tRNA	trnM-cat	tRNA-Met	0-70:1
PQ875199.1	rRNA	rrnL	large subunit ribosomal RNA	207-1910:1
PQ875199.1	CDS	nad5	NADH dehydrogenase subunit 5	1942-2653:1,12779-13880:1
PQ875199.1	CDS	nad1	NADH dehydrogenase subunit 1	2786-3734:1
PQ875199.1	CDS	cob	cytochrome b	3735-4875:1
PQ875199.1	CDS	nad2	NADH dehydrogenase subunit 2	4870-6187:1
PQ875199.1	CDS	nad6	NADH dehydrogenase subunit 6	6187-6748:1
PQ875199.1	CDS	atp6	ATP synthase F0 subunit 6	6747-7425:1
PQ875199.1	CDS	nad4	NADH dehydrogenase subunit 4	7424-8864:1
PQ875199.1	tRNA	trnL2-taa	tRNA-Leu	8915-8977:1
PQ875199.1	rRNA	rrnS	small subunit ribosomal RNA	9595-10505:1
PQ875199.1	CDS	cox3	cytochrome c oxidase subunit III	10505-11285:1
PQ875199.1	CDS	cox2	cytochrome c oxidase subunit II	11377-12100:1
PQ875199.1	CDS	nad4l	NADH dehydrogenase subunit 4L	12102-12381:1
PQ875199.1	CDS	nad3	NADH dehydrogenase subunit 3	12380-12725:1
PQ875199.1	tRNA	trnW-tca	tRNA-Trp	13878-13948:1
PQ875199.1	CDS	atp8	ATP synthase F0 subunit 8	13951-14149:1
PQ875199.1	CDS	cox1	cytochrome c oxidase subunit I	14469-15898:1
PQ875200.1	tRNA	trnM-cat	tRNA-Met	0-72:1
PQ875200.1	rRNA	rrnL	large subunit ribosomal RNA	220-1910:1
PQ875200.1	CDS	nad5	NADH dehydrogenase subunit 5	1948-2658:1,12313-13415:1
PQ875200.1	CDS	nad1	NADH dehydrogenase subunit 1	2792-3740:1
PQ875200.1	CDS	cob	cytochrome b	3741-4881:1
PQ875200.1	CDS	nad2	NADH dehydrogenase subunit 2	4876-6193:1
PQ875200.1	CDS	nad6	NADH dehydrogenase subunit 6	6193-6754:1
PQ875200.1	CDS	atp6	ATP synthase F0 subunit 6	6753-7431:1
PQ875200.1	CDS	nad4	NADH dehydrogenase subunit 4	7430-8870:1
PQ875200.1	tRNA	trnP-tgg	tRNA-Pro	8930-8986:1
PQ875200.1	rRNA	rrnS	small subunit ribosomal RNA	9056-9965:1
PQ875200.1	CDS	cox3	cytochrome c oxidase subunit III	9965-10745:1
PQ875200.1	CDS	cox2	cytochrome c oxidase subunit II	10911-11634:1
PQ875200.1	CDS	nad4l	NADH dehydrogenase subunit 4L	11636-11915:1
PQ875200.1	CDS	nad3	NADH dehydrogenase subunit 3	11914-12259:1
PQ875200.1	tRNA	trnW-tca	tRNA-Trp	13413-13483:1
PQ875200.1	CDS	atp8	ATP synthase F0 subunit 8	13486-13684:1
PQ875200.1	CDS	cox1	cytochrome c oxidase subunit I	14020-15593:1
PV138953.1	CDS	COX1	cytochrome c oxidase subunit I	0-1710:1
PV138953.1	rRNA		small subunit ribosomal RNA	1590-2628:1
PV138953.1	CDS	ND1	NADH dehydrogenase subunit 1	2678-3650:1
PV138953.1	CDS	CYTB	cytochrome b	3713-4874:1
PV138953.1	CDS	ND6	NADH dehydrogenase subunit 6	4914-5472:1
PV138953.1	CDS	ND3	NADH dehydrogenase subunit 3	5515-5869:1
PV138953.1	CDS	ND4L	NADH dehydrogenase subunit 4L	5888-6182:1
PV138953.1	CDS	MutS	MutS-like protein	6195-9165:1
PV138953.1	rRNA		large subunit ribosomal RNA	9337-11118:1
PV138953.1	CDS	ND2	NADH dehydrogenase subunit 2	11172-12519:1
PV138953.1	CDS	ND5	NADH dehydrogenase subunit 5	12506-14324:1
PV138953.1	CDS	ND4	NADH dehydrogenase subunit 4	14419-15868:1
PV138953.1	tRNA		tRNA-Met	15926-15997:-1
PV138953.1	CDS	COX3	cytochrome c oxidase subunit III	16036-16822:-1
PV138953.1	CDS	ATP6	ATP synthase F0 subunit 6	16886-17594:-1
PV138953.1	CDS	ATP8	ATP synthase F0 subunit 8	17618-17834:-1
PV138953.1	CDS	COX2	cytochrome c oxidase subunit II	17856-18618:-1
PV138954.1	CDS	COX1	cytochrome c oxidase subunit I	0-1710:1
PV138954.1	rRNA		small subunit ribosomal RNA	1590-2628:1
PV138954.1	CDS	ND1	NADH dehydrogenase subunit 1	2678-3650:1
PV138954.1	CDS	CYTB	cytochrome b	3677-4844:1
PV138954.1	CDS	ND6	NADH dehydrogenase subunit 6	4884-5442:1
PV138954.1	CDS	ND3	NADH dehydrogenase subunit 3	5485-5851:1
PV138954.1	CDS	ND4L	NADH dehydrogenase subunit 4L	5870-6164:1
PV138954.1	CDS	MutS	MutS-like protein	6177-9147:1
PV138954.1	rRNA		large subunit ribosomal RNA	9156-11369:1
PV138954.1	CDS	ND2	NADH dehydrogenase subunit 2	11131-12505:1
PV138954.1	CDS	ND5	NADH dehydrogenase subunit 5	12492-14310:1
PV138954.1	CDS	ND4	NADH dehydrogenase subunit 4	14408-15854:1
PV138954.1	tRNA		tRNA-Met	15911-15982:-1
PV138954.1	CDS	COX3	cytochrome c oxidase subunit III	16021-16807:-1
PV138954.1	CDS	ATP6	ATP synthase F0 subunit 6	16871-17579:-1
PV138954.1	CDS	ATP8	ATP synthase F0 subunit 8	17603-17819:-1
PV138954.1	CDS	COX2	cytochrome c oxidase subunit II	17840-18602:-1
PV153461.1	CDS	cox1	cytochrome c oxidase subunit 1	129-1749:1
PV153461.1	rRNA		12S ribosomal RNA	1746-2673:1
PV153461.1	CDS	nad1	NADH dehydrogenase subunit 1	2719-3691:1
PV153461.1	CDS	cob	cytochrome b	3726-4893:1
PV153461.1	CDS	cox2	cytochrome c oxidase subunit 2	4908-5670:1
PV153461.1	CDS	atp8	ATP synthase F0 subunit 8	5656-5908:1
PV153461.1	CDS	atp6	ATP synthase F0 subunit 6	5928-6636:1
PV153461.1	CDS	cox3	cytochrome c oxidase subunit 3	6644-7430:1
PV153461.1	tRNA		tRNA-Met	7463-7534:1
PV153461.1	CDS	nad4	NADH dehydrogenase subunit 4	7597-9046:-1
PV153461.1	CDS	nad5	NADH dehydrogenase subunit 5	9070-10888:-1
PV153461.1	CDS	nad2	NADH dehydrogenase subunit 2	10875-12213:-1
PV153461.1	rRNA		16S ribosomal RNA	12306-14096:-1
PV153461.1	CDS	msh1	MutS-like protein	14250-17241:-1
PV153461.1	CDS	nad4l	NADH dehydrogenase subunit 4L	17258-17540:-1
PV153461.1	CDS	nad3	NADH dehydrogenase subunit 3	17576-17930:-1
PV153461.1	CDS	nad6	NADH dehydrogenase subunit 6	17934-18471:-1
PV153465.1	CDS	cox1	cytochrome c oxidase subunit 1	0-1707:1
PV153465.1	rRNA		12S ribosomal RNA	1588-2629:1
PV153465.1	CDS	nad1	NADH dehydrogenase subunit 1	2675-3647:1
PV153465.1	CDS	cob	cytochrome b	3682-4867:1
PV153465.1	CDS	cox2	cytochrome c oxidase subunit 2	5051-5813:1
PV153465.1	CDS	atp8	ATP synthase F0 subunit 8	5835-6051:1
PV153465.1	CDS	atp6	ATP synthase F0 subunit 6	6071-6779:1
PV153465.1	CDS	cox3	cytochrome c oxidase subunit 3	6806-7592:1
PV153465.1	tRNA		tRNA-Met	7631-7702:1
PV153465.1	CDS	nad4	NADH dehydrogenase subunit 4	7765-9211:-1
PV153465.1	CDS	nad5	NADH dehydrogenase subunit 5	9238-11056:-1
PV153465.1	CDS	nad2	NADH dehydrogenase subunit 2	11043-12381:-1
PV153465.1	rRNA		16S ribosomal RNA	12474-14271:-1
PV153465.1	CDS	msh1	MutS-like protein	14425-17416:-1
PV153465.1	CDS	nad4l	NADH dehydrogenase subunit 4L	17432-17726:-1
PV153465.1	CDS	nad3	NADH dehydrogenase subunit 3	17752-18106:-1
PV153465.1	CDS	nad6	NADH dehydrogenase subunit 6	18134-18689:-1
PV158192.1	CDS	COX1	cytochrome c oxidase subunit 1	0-1707:1
PV158192.1	rRNA	rrnS	small subunit ribosomal RNA	1590-2622:1
PV158192.1	CDS	ND1	NADH dehydrogenase subunit 1	2666-3647:1
PV158192.1	CDS	CYTB	cytochrome b	3682-4849:1
PV158192.1	CDS	COX2	cytochrome c oxidase subunit 2	5068-5830:1
PV158192.1	CDS	ATP8	ATP synthase F0 subunit 8	5777-6068:1
PV158192.1	CDS	ATP6	ATP synthase F0 subunit 6	6088-6796:1
PV158192.1	CDS	COX3	cytochrome c oxidase subunit 3	6819-7605:1
PV158192.1	tRNA	trnM(cat)	tRNA-Met	7640-7709:1
PV158192.1	CDS	ND4	NADH dehydrogenase subunit 4	7767-9216:-1
PV158192.1	CDS	ND5	NADH dehydrogenase subunit 5	9240-11058:-1
PV158192.1	CDS	ND2	NADH dehydrogenase subunit 2	11045-12383:-1
PV158192.1	rRNA	rrnL	large subunit ribosomal RNA	12441-14428:-1
PV158192.1	CDS	MutS	MutS-like protein	14428-17419:-1
PV158192.1	CDS	ND4L	NADH dehydrogenase subunit 4L	17435-17729:-1
PV158192.1	CDS	ND3	NADH dehydrogenase subunit 3	17755-18109:-1
PV158192.1	CDS	ND6	NADH dehydrogenase subunit 6	18130-18682:-1
PV173764.1	CDS	cox1	cytochrome c oxidase subunit 1	90-1734:1
PV173764.1	rRNA		12S ribosomal RNA	1734-2721:1
PV173764.1	CDS	nad1	NADH dehydrogenase subunit 1	2721-3693:1
PV173764.1	CDS	cob	cytochrome b	3731-4892:1
PV173764.1	CDS	cox2	cytochrome c oxidase subunit 2	4911-5673:1
PV173764.1	CDS	atp8	ATP synthase F0 subunit 8	5695-5911:1
PV173764.1	CDS	atp6	ATP synthase F0 subunit 6	5935-6643:1
PV173764.1	CDS	cox3	cytochrome c oxidase subunit 3	6651-7437:1
PV173764.1	CDS	nad4	NADH dehydrogenase subunit 4	7591-9040:-1
PV173764.1	CDS	nad5	NADH dehydrogenase subunit 5	9063-10881:-1
PV173764.1	CDS	nad2	NADH dehydrogenase subunit 2	10868-12206:-1
PV173764.1	rRNA		16S ribosomal RNA	12259-14038:-1
PV173764.1	CDS	nad4l	NADH dehydrogenase subunit 4L	14343-14616:-1
PV173764.1	CDS	nad3	NADH dehydrogenase subunit 3	14660-14993:-1
PV173764.1	CDS	nad6	NADH dehydrogenase subunit 6	14992-15520:-1
PV175347.1	CDS	cox1	cytochrome c oxidase subunit 1	190-1897:1
PV175347.1	rRNA		12S ribosomal RNA	1899-2819:1
PV175347.1	CDS	nad1	NADH dehydrogenase subunit 1	2865-3837:1
PV175347.1	CDS	cob	cytochrome b	3890-5039:1
PV175347.1	CDS	cox2	cytochrome c oxidase subunit 2	5258-6020:1
PV175347.1	CDS	atp8	ATP synthase F0 subunit 8	6042-6258:1
PV175347.1	CDS	atp6	ATP synthase F0 subunit 6	6278-6986:1
PV175347.1	CDS	cox3	cytochrome c oxidase subunit 3	7009-7795:1
PV175347.1	tRNA		tRNA-Met	7833-7905:1
PV175347.1	CDS	nad4	NADH dehydrogenase subunit 4	7968-9417:-1
PV175347.1	CDS	nad5	NADH dehydrogenase subunit 5	9441-11259:-1
PV175347.1	CDS	nad2	NADH dehydrogenase subunit 2	11246-12584:-1
PV175347.1	rRNA		16S ribosomal RNA	12676-14476:-1
PV175347.1	CDS	msh1	MutS-like protein	14630-17621:-1
PV175347.1	CDS	nad4l	NADH dehydrogenase subunit 4L	17639-17933:-1
PV175347.1	CDS	nad3	NADH dehydrogenase subunit 3	17959-18313:-1
PV175347.1	CDS	nad6	NADH dehydrogenase subunit 6	18344-18899:-1
PV175348.1	CDS	cox1	cytochrome c oxidase subunit 1	0-1749:1
PV175348.1	rRNA		12S ribosomal RNA	1749-2672:1
PV175348.1	CDS	nad1	NADH dehydrogenase subunit 1	2710-3691:1
PV175348.1	CDS	cob	cytochrome b	3726-4935:1
PV175348.1	CDS	cox2	cytochrome c oxidase subunit 2	4918-5680:1
PV175348.1	CDS	atp8	ATP synthase F0 subunit 8	5702-5918:1
PV175348.1	CDS	atp6	ATP synthase F0 subunit 6	5938-6646:1
PV175348.1	CDS	cox3	cytochrome c oxidase subunit 3	6667-7453:1
PV175348.1	tRNA		tRNA-Met	7485-7557:1
PV175348.1	CDS	nad4	NADH dehydrogenase subunit 4	7620-9069:-1
PV175348.1	CDS	nad5	NADH dehydrogenase subunit 5	9093-10911:-1
PV175348.1	CDS	nad2	NADH dehydrogenase subunit 2	10898-12236:-1
PV175348.1	rRNA		16S ribosomal RNA	12328-14128:-1
PV175348.1	CDS	msh1	MutS-like protein	14282-17273:-1
PV175348.1	CDS	nad4l	NADH dehydrogenase subunit 4L	17292-17574:-1
PV175348.1	CDS	nad3	NADH dehydrogenase subunit 3	17612-17966:-1
PV175348.1	CDS	nad6	NADH dehydrogenase subunit 6	17970-18525:-1
PV175375.1	CDS	cox1	cytochrome c oxidase subunit 1	60-1767:1
PV175375.1	rRNA		12S ribosomal RNA	1767-2689:1
PV175375.1	CDS	nad1	NADH dehydrogenase subunit 1	2735-3707:1
PV175375.1	CDS	cob	cytochrome b	3742-4909:1
PV175375.1	CDS	cox2	cytochrome c oxidase subunit 2	5128-5890:1
PV175375.1	CDS	atp8	ATP synthase F0 subunit 8	5912-6128:1
PV175375.1	CDS	atp6	ATP synthase F0 subunit 6	6148-6856:1
PV175375.1	CDS	cox3	cytochrome c oxidase subunit 3	6879-7665:1
PV175375.1	tRNA		tRNA-Met	7699-7770:1
PV175375.1	CDS	nad4	NADH dehydrogenase subunit 4	7825-9274:-1
PV175375.1	CDS	nad5	NADH dehydrogenase subunit 5	9298-11101:-1
PV175375.1	CDS	nad2	NADH dehydrogenase subunit 2	11103-12441:-1
PV175375.1	rRNA		16S ribosomal RNA	12534-14332:-1
PV175375.1	CDS	msh1	MutS-like protein	14486-17477:-1
PV175375.1	CDS	nad4l	NADH dehydrogenase subunit 4L	17493-17787:-1
PV175375.1	CDS	nad3	NADH dehydrogenase subunit 3	17813-18167:-1
PV175375.1	CDS	nad6	NADH dehydrogenase subunit 6	18188-18740:-1
PV175376.1	CDS	cox1	cytochrome c oxidase subunit 1	60-1767:1
PV175376.1	rRNA		12S ribosomal RNA	1767-2689:1
PV175376.1	CDS	nad1	NADH dehydrogenase subunit 1	2735-3707:1
PV175376.1	CDS	cob	cytochrome b	3742-4909:1
PV175376.1	CDS	cox2	cytochrome c oxidase subunit 2	5128-5890:1
PV175376.1	CDS	atp8	ATP synthase F0 subunit 8	5912-6128:1
PV175376.1	CDS	atp6	ATP synthase F0 subunit 6	6148-6856:1
PV175376.1	CDS	cox3	cytochrome c oxidase subunit 3	6879-7665:1
PV175376.1	tRNA		tRNA-Met	7699-7770:1
PV175376.1	CDS	nad4	NADH dehydrogenase subunit 4	7827-9276:-1
PV175376.1	CDS	nad5	NADH dehydrogenase subunit 5	9300-11103:-1
PV175376.1	CDS	nad2	NADH dehydrogenase subunit 2	11105-12443:-1
PV175376.1	rRNA		16S ribosomal RNA	12536-14334:-1
PV175376.1	CDS	msh1	MutS-like protein	14488-17479:-1
PV175376.1	CDS	nad4l	NADH dehydrogenase subunit 4L	17495-17789:-1
PV175376.1	CDS	nad3	NADH dehydrogenase subunit 3	17815-18169:-1
PV175376.1	CDS	nad6	NADH dehydrogenase subunit 6	18190-18742:-1
PV175377.1	CDS	cox1	cytochrome c oxidase subunit 1	0-1707:1
PV175377.1	rRNA		12S ribosomal RNA	1707-2629:1
PV175377.1	CDS	nad1	NADH dehydrogenase subunit 1	2675-3647:1
PV175377.1	CDS	cob	cytochrome b	3682-4849:1
PV175377.1	CDS	cox2	cytochrome c oxidase subunit 2	5068-5830:1
PV175377.1	CDS	atp8	ATP synthase F0 subunit 8	5852-6068:1
PV175377.1	CDS	atp6	ATP synthase F0 subunit 6	6088-6796:1
PV175377.1	CDS	cox3	cytochrome c oxidase subunit 3	6810-7596:1
PV175377.1	tRNA		tRNA-Met	7630-7701:1
PV175377.1	CDS	nad4	NADH dehydrogenase subunit 4	7764-9213:-1
PV175377.1	CDS	nad5	NADH dehydrogenase subunit 5	9237-11055:-1
PV175377.1	CDS	nad2	NADH dehydrogenase subunit 2	11042-12380:-1
PV175377.1	rRNA		16S ribosomal RNA	12473-14271:-1
PV175377.1	CDS	msh1	MutS-like protein	14425-17416:-1
PV175377.1	CDS	nad4l	NADH dehydrogenase subunit 4L	17431-17725:-1
PV175377.1	CDS	nad3	NADH dehydrogenase subunit 3	17751-18105:-1
PV175377.1	CDS	nad6	NADH dehydrogenase subunit 6	18067-18619:-1
PV175378.1	CDS	cox1	cytochrome c oxidase subunit 1	0-1707:1
PV175378.1	rRNA		12S ribosomal RNA	1707-2629:1
PV175378.1	CDS	nad1	NADH dehydrogenase subunit 1	2675-3647:1
PV175378.1	CDS	cob	cytochrome b	3682-4849:1
PV175378.1	CDS	cox2	cytochrome c oxidase subunit 2	5068-5830:1
PV175378.1	CDS	atp8	ATP synthase F0 subunit 8	5849-6065:1
PV175378.1	CDS	atp6	ATP synthase F0 subunit 6	6085-6793:1
PV175378.1	CDS	cox3	cytochrome c oxidase subunit 3	6807-7593:1
PV175378.1	tRNA		tRNA-Met	7627-7698:1
PV175378.1	CDS	nad4	NADH dehydrogenase subunit 4	7761-9210:-1
PV175378.1	CDS	nad5	NADH dehydrogenase subunit 5	9234-11052:-1
PV175378.1	CDS	nad2	NADH dehydrogenase subunit 2	11039-12377:-1
PV175378.1	rRNA		16S ribosomal RNA	12470-14268:-1
PV175378.1	CDS	msh1	MutS-like protein	14422-17413:-1
PV175378.1	CDS	nad4l	NADH dehydrogenase subunit 4L	17428-17722:-1
PV175378.1	CDS	nad3	NADH dehydrogenase subunit 3	17748-18102:-1
PV175378.1	CDS	nad6	NADH dehydrogenase subunit 6	18064-18616:-1
PV200277.1	tRNA	trnM-cat	tRNA-Met	0-71:1
PV200277.1	rRNA	rrnL	large subunit ribosomal RNA	187-2806:1
PV200277.1	CDS	COX3	cytochrome c oxidase subunit III	2973-3762:1
PV200277.1	CDS	COX1	cytochrome c oxidase subunit I	4021-4915:1,6346-7045:1
PV200277.1	CDS	HEG	homing endonuclease	5246-6251:1
PV200277.1	CDS	ND4L	NADH dehydrogenase subunit 4L	7194-7494:1
PV200277.1	CDS	COX2	cytochrome c oxidase subunit II	7556-8306:1
PV200277.1	CDS	ND4	NADH dehydrogenase subunit 4	8359-9865:1
PV200277.1	CDS	ND6	NADH dehydrogenase subunit 6	10068-10659:1
PV200277.1	CDS	ATP8	ATP synthase F0 subunit 8	10735-10948:1
PV200277.1	CDS	ATP6	ATP synthase F0 subunit 6	11057-11813:1
PV200277.1	CDS	ND5	NADH dehydrogenase subunit 5	11928-12648:1,14616-15747:1
PV200277.1	CDS	ND1	NADH dehydrogenase subunit 1	13046-14030:1
PV200277.1	CDS	ND3	NADH dehydrogenase subunit 3	14091-14448:1
PV200277.1	tRNA	trnW-tca	tRNA-Trp	15786-15856:1
PV200277.1	CDS	ND2	NADH dehydrogenase subunit 2	15969-17478:1
PV200277.1	rRNA	rrnS	small subunit ribosomal RNA	17658-18789:1
PV200277.1	CDS	CYTB	cytochrome b	18879-20022:1
PV200278.1	tRNA	trnM-cat	tRNA-Met	0-71:1
PV200278.1	rRNA	rrnL	large subunit ribosomal RNA	403-2706:1
PV200278.1	CDS	COX3	cytochrome c oxidase subunit III	2985-3774:1
PV200278.1	CDS	COX1	cytochrome c oxidase subunit I	4050-4944:1,6363-7062:1
PV200278.1	CDS	lagli	LAGLIDADG homing endonuclease	5222-6257:1
PV200278.1	CDS	ND4L	NADH dehydrogenase subunit 4L	7210-7510:1
PV200278.1	CDS	COX2	cytochrome c oxidase subunit II	7617-8367:1
PV200278.1	CDS	ND4	NADH dehydrogenase subunit 4	8423-9926:1
PV200278.1	CDS	ND6	NADH dehydrogenase subunit 6	10131-10722:1
PV200278.1	CDS	ATP8	ATP synthase F0 subunit 8	10797-11010:1
PV200278.1	CDS	ATP6	ATP synthase F0 subunit 6	11183-11882:1
PV200278.1	CDS	ND5	NADH dehydrogenase subunit 5	12019-12739:1,14787-15918:1
PV200278.1	CDS	ND1	NADH dehydrogenase subunit 1	13155-14139:1
PV200278.1	CDS	ND3	NADH dehydrogenase subunit 3	14262-14619:1
PV200278.1	tRNA	trnW-tca	tRNA-Trp	15959-16029:1
PV200278.1	CDS	ND2	NADH dehydrogenase subunit 2	16150-17668:1
PV200278.1	rRNA	rrnS	small subunit ribosomal RNA	17833-18956:1
PV200278.1	CDS	CYTB	cytochrome b	19058-20201:1
PV200279.1	tRNA	trnM-cat	tRNA-Met	0-71:1
PV200279.1	rRNA	rrnL	large subunit ribosomal RNA	175-2839:1
PV200279.1	CDS	COX3	cytochrome c oxidase subunit III	3005-3794:1
PV200279.1	CDS	COX1	cytochrome c oxidase subunit I	4071-4965:1,6353-7052:1
PV200279.1	CDS	HEG	homing endonuclease	5275-6247:1
PV200279.1	CDS	ND4L	NADH dehydrogenase subunit 4L	7181-7481:1
PV200279.1	CDS	COX2	cytochrome c oxidase subunit II	7588-8338:1
PV200279.1	CDS	ND4	NADH dehydrogenase subunit 4	8394-9897:1
PV200279.1	CDS	ND6	NADH dehydrogenase subunit 6	10102-10693:1
PV200279.1	CDS	ATP8	ATP synthase F0 subunit 8	10767-10980:1
PV200279.1	CDS	ATP6	ATP synthase F0 subunit 6	11153-11852:1
PV200279.1	CDS	ND5	NADH dehydrogenase subunit 5	11989-12709:1,14771-15902:1
PV200279.1	CDS	ND1	NADH dehydrogenase subunit 1	13059-14109:1
PV200279.1	CDS	ND3	NADH dehydrogenase subunit 3	14246-14603:1
PV200279.1	tRNA	trnW-tca	tRNA-Trp	15948-16018:1
PV200279.1	CDS	ND2	NADH dehydrogenase subunit 2	16137-17655:1
PV200279.1	rRNA	rrnS	small subunit ribosomal RNA	17885-19034:1
PV200279.1	CDS	CYTB	cytochrome b	19139-20282:1
PV200280.1	tRNA	trnM-cat	tRNA-Met	0-71:1
PV200280.1	rRNA	rrnL	large subunit ribosomal RNA	403-2730:1
PV200280.1	CDS	COX3	cytochrome c oxidase subunit III	3009-3798:1
PV200280.1	CDS	COX1	cytochrome c oxidase subunit I	4075-4969:1,6387-7086:1
PV200280.1	CDS	lagli	LAGLIDADG homing endonuclease	5279-6281:1
PV200280.1	CDS	ND4L	NADH dehydrogenase subunit 4L	7215-7515:1
PV200280.1	CDS	COX2	cytochrome c oxidase subunit II	7622-8372:1
PV200280.1	CDS	ND4	NADH dehydrogenase subunit 4	8428-9931:1
PV200280.1	CDS	ND6	NADH dehydrogenase subunit 6	10136-10727:1
PV200280.1	CDS	ATP8	ATP synthase F0 subunit 8	10801-11014:1
PV200280.1	CDS	ATP6	ATP synthase F0 subunit 6	11187-11886:1
PV200280.1	CDS	ND5	NADH dehydrogenase subunit 5	12023-12743:1,14805-15936:1
PV200280.1	CDS	ND1	NADH dehydrogenase subunit 1	13093-14143:1
PV200280.1	CDS	ND3	NADH dehydrogenase subunit 3	14280-14637:1
PV200280.1	tRNA	trnW-tca	tRNA-Trp	15981-16051:1
PV200280.1	CDS	ND2	NADH dehydrogenase subunit 2	16170-17688:1
PV200280.1	rRNA	rrnS	small subunit ribosomal RNA	17924-19064:1
PV200280.1	CDS	CYTB	cytochrome b	19172-20315:1
PV232310.1	CDS	ND5	NADH dehydrogenase subunit 5	0-717:1,2999-4079:1
PV232310.1	CDS	ND1	NADH dehydrogenase subunit 1	939-1923:1
PV232310.1	CDS	ND3	NADH dehydrogenase subunit 3	1929-2286:1
PV232310.1	tRNA	tRNA-Tyr	tRNA-Tyr	4326-4396:1
PV232310.1	CDS	ND2	NADH dehydrogenase subunit 2	4787-5930:1
PV232310.1	rRNA		small subunit ribosomal RNA	5976-7035:1
PV232310.1	CDS	COX2	cytochrome c oxidase subunit II	7088-7835:1
PV232310.1	CDS	ND4	NADH dehydrogenase subunit 4	7840-9316:1
PV232310.1	CDS	ND6	NADH dehydrogenase subunit 6	9329-9929:1
PV232310.1	CDS	CYTB	cytochrome b	9956-11108:1
PV232310.1	tRNA	tRNA-Met	tRNA-Met	11526-11597:1
PV232310.1	rRNA		large subunit ribosomal RNA	11783-13805:1
PV232310.1	CDS	COX3	cytochrome c oxidase subunit III	13886-14675:1
PV232310.1	CDS	COX1	cytochrome c oxidase subunit I	15184-16075:1,16931-17609:1
PV232310.1	CDS	ND4L	NADH dehydrogenase subunit 4L	18213-18513:1
PV232310.1	CDS	ATP8	ATP synthase F0 subunit 8	18537-18753:1
PV232310.1	CDS	ATP6	ATP synthase F0 subunit 6	18786-19476:1
PV423450.1	CDS	ND5	NADH dehydrogenase subunit 5	9664-10387:1,3252-4371:1
PV423450.1	tRNA	trnM(cat)	tRNA-Met	0-71:1
PV423450.1	CDS	COX3	cytochrome c oxidase subunit III	842-1631:1
PV423450.1	CDS	COX2	cytochrome c oxidase subunit II	1667-2405:1
PV423450.1	CDS	ND4L	NADH dehydrogenase subunit 4L	2458-2758:1
PV423450.1	CDS	ND3	NADH dehydrogenase subunit 3	2774-3131:1
PV423450.1	tRNA	trnW(tca)	tRNA-Trp	4412-4482:1
PV423450.1	CDS	ATP8	ATP synthase F0 subunit 8	4528-4759:1
PV423450.1	CDS	COX1	cytochrome c oxidase subunit I	4866-5760:1,6702-7386:1
PV423450.1	rRNA	ND5	16S ribosomal RNA	8065-9280:1
PV423450.1	CDS	ND1	NADH dehydrogenase subunit 1	10802-11747:1
PV423450.1	CDS	CYTB	cytochrome b	11881-13036:1
PV423450.1	CDS	ND2	NADH dehydrogenase subunit 2	13345-14566:1
PV423450.1	CDS	ND6	NADH dehydrogenase subunit 6	14631-15192:1
PV423450.1	CDS	ATP6	ATP synthase F0 subunit 6	15237-15936:1
PV423450.1	CDS	ND4	NADH dehydrogenase subunit 4	16439-17867:1
PV423450.1	rRNA		12S ribosomal RNA	18109-19070:1
PV487494.1	tRNA	trnM(cat)	tRNA-Met	0-72:1
PV487494.1	rRNA		16S ribosomal RNA	469-2192:1
PV487494.1	CDS	ND5	NADH dehydrogenase subunit 5	2233-2944:1,12369-13473:1
PV487494.1	CDS	ND1	NADH dehydrogenase subunit 1	3052-4000:1
PV487494.1	CDS	CYTB	cytochrome b	4002-5142:1
PV487494.1	CDS	ND2	NADH dehydrogenase subunit 2	5167-6454:1
PV487494.1	CDS	ND6	NADH dehydrogenase subunit 6	6454-7015:1
PV487494.1	CDS	ATP6	ATP synthase F0 subunit 6	7014-7692:1
PV487494.1	CDS	ND4	NADH dehydrogenase subunit 4	7691-9131:1
PV487494.1	rRNA	ND5	12S ribosomal RNA	9128-10038:1
PV487494.1	CDS	COX3	cytochrome c oxidase subunit III	10031-10811:1
PV487494.1	CDS	COX2	cytochrome c oxidase subunit II	10980-11688:1
PV487494.1	CDS	ND4L	NADH dehydrogenase subunit 4L	11669-11969:1
PV487494.1	CDS	ND3	NADH dehydrogenase subunit 3	11968-12313:1
PV487494.1	tRNA	trnW(tca)	tRNA-Trp	13471-13541:1
PV487494.1	CDS	ATP8	ATP synthase F0 subunit 8	13544-13742:1
PV487494.1	CDS	COX1	cytochrome c oxidase subunit I	13741-15328:1
PV487495.1	tRNA	trnM(cat)	tRNA-Met	0-72:1
PV487495.1	rRNA		16S ribosomal RNA	182-1910:1
PV487495.1	CDS	ND5	NADH dehydrogenase subunit 5	1997-2708:1,13139-14255:1
PV487495.1	CDS	ND1	NADH dehydrogenase subunit 1	2817-3765:1
PV487495.1	CDS	CYTB	cytochrome b	3767-4907:1
PV487495.1	CDS	ND2	NADH dehydrogenase subunit 2	4932-6219:1
PV487495.1	CDS	ND6	NADH dehydrogenase subunit 6	6220-6781:1
PV487495.1	CDS	ATP6	ATP synthase F0 subunit 6	6780-7458:1
PV487495.1	CDS	ND4	NADH dehydrogenase subunit 4	7457-8897:1
PV487495.1	rRNA	ND5	12S ribosomal RNA	9033-9944:1
PV487495.1	CDS	COX3	cytochrome c oxidase subunit III	10072-10852:1
PV487495.1	CDS	COX2	cytochrome c oxidase subunit II	11762-12470:1
PV487495.1	CDS	ND4L	NADH dehydrogenase subunit 4L	12451-12751:1
PV487495.1	CDS	ND3	NADH dehydrogenase subunit 3	12753-13095:1
PV487495.1	tRNA	trnW(tca)	tRNA-Trp	14253-14323:1
PV487495.1	CDS	ATP8	ATP synthase F0 subunit 8	14326-14524:1
PV487495.1	CDS	COX1	cytochrome c oxidase subunit I	14541-16104:1
PV487496.1	tRNA	trnM(cat)	tRNA-Met	0-72:1
PV487496.1	rRNA		16S ribosomal RNA	178-1909:1
PV487496.1	CDS	ND5	NADH dehydrogenase subunit 5	1944-2655:1,11913-13017:1
PV487496.1	CDS	ND1	NADH dehydrogenase subunit 1	2763-3711:1
PV487496.1	CDS	CYTB	cytochrome b	3713-4853:1
PV487496.1	CDS	ND2	NADH dehydrogenase subunit 2	4878-6165:1
PV487496.1	CDS	ND6	NADH dehydrogenase subunit 6	6165-6726:1
PV487496.1	CDS	ATP6	ATP synthase F0 subunit 6	6725-7403:1
PV487496.1	CDS	ND4	NADH dehydrogenase subunit 4	7402-8842:1
PV487496.1	rRNA	ND5	12S ribosomal RNA	8838-9747:1
PV487496.1	CDS	COX3	cytochrome c oxidase subunit III	9741-10521:1
PV487496.1	CDS	COX2	cytochrome c oxidase subunit II	10523-11231:1
PV487496.1	CDS	ND4L	NADH dehydrogenase subunit 4L	11212-11512:1
PV487496.1	CDS	ND3	NADH dehydrogenase subunit 3	11511-11856:1
PV487496.1	tRNA	trnW(tca)	tRNA-Trp	13015-13085:1
PV487496.1	CDS	ATP8	ATP synthase F0 subunit 8	13088-13286:1
PV487496.1	CDS	COX1	cytochrome c oxidase subunit I	13285-14836:1
PV780760.1	CDS	COX1	cytochrome c oxidase subunit I	0-915:1,1749-2448:1
PV780760.1	CDS	ND4L	NADH dehydrogenase subunit 4L	2488-2788:1
PV780760.1	CDS	ATP8	ATP6 synthase F0 subunit 8	2812-3028:1
PV780760.1	CDS	ATP6	ATP6 synthase F0 subunit 6	3058-3748:1
PV780760.1	CDS	ND5	NADH dehydrogenase subunit 5	3767-4483:1,6164-7281:1
PV780760.1	CDS	ND1	NADH dehydrogenase subunit 1	4707-5691:1
PV780760.1	CDS	ND3	NADH dehydrogenase subunit 3	5697-6054:1
PV780760.1	tRNA		tRNA-Trp	7339-7412:1
PV780760.1	CDS	ND2	NADH dehydrogenase subunit 2	7698-8892:1
PV780760.1	rRNA		small subunit ribosomal RNA	8941-10023:1
PV780760.1	CDS	COX2	cytochrome c oxidase subunit II	10076-10823:1
PV780760.1	CDS	ND4	NADH dehydrogenase subunit 4	11790-13260:1
PV780760.1	CDS	ND6	NADH dehydrogenase subunit 6	13273-13873:1
PV780760.1	CDS	COB	cytochrome b	13935-15081:1
PV780760.1	tRNA		tRNA-Met	15139-15210:1
PV780760.1	rRNA		large subunit ribosomal RNA	15394-17385:1
PV780760.1	CDS	COX3	cytochrome c oxidase subunit III	17464-18253:1
PV795866.1	CDS	COX1	cytochrome c oxidase subunit I	0-1707:1
PV795866.1	rRNA	rrnS	small subunit ribosomal RNA	1590-2622:1
PV795866.1	CDS	ND1	NADH dehydrogenase subunit 1	2666-3647:1
PV795866.1	CDS	CYTB	cytochrome b	3682-4849:1
PV795866.1	CDS	COX2	cytochrome c oxidase subunit II	5068-5830:1
PV795866.1	CDS	ATP8	ATP synthase F0 subunit 8	5777-6068:1
PV795866.1	CDS	ATP6	ATP synthase F0 subunit 6	6088-6796:1
PV795866.1	CDS	COX3	cytochrome c oxidase subunit III	6819-7605:1
PV795866.1	tRNA	trnM(cat)	tRNA-Met	7640-7709:1
PV795866.1	CDS	ND4	NADH dehydrogenase subunit 4	7767-9216:-1
PV795866.1	CDS	ND5	NADH dehydrogenase subunit 5	9240-11058:-1
PV795866.1	CDS	ND2	NADH dehydrogenase subunit 2	11045-12383:-1
PV795866.1	rRNA	rrnL	large subunit ribosomal RNA	12441-14428:-1
PV795866.1	CDS	MutS	MutS-like protein	14428-17419:-1
PV795866.1	CDS	ND4L	NADH dehydrogenase subunit 4L	17435-17729:-1
PV795866.1	CDS	ND3	NADH dehydrogenase subunit 3	17755-18109:-1
PV795866.1	CDS	ND6	NADH dehydrogenase subunit 6	18130-18682:-1
PV795869.1	CDS	COX1	cytochrome c oxidase subunit I	0-1707:1
PV795869.1	rRNA	rrnS	small subunit ribosomal RNA	1590-2624:1
PV795869.1	CDS	ND1	NADH dehydrogenase subunit 1	2677-3649:1
PV795869.1	CDS	CYT	cytochrome b	3668-4827:1
PV795869.1	CDS	ND6_1	NADH dehydrogenase subunit 6	5134-5689:1
PV795869.1	CDS	ND3_0	NADH dehydrogenase subunit 3	5716-6070:1
PV795869.1	CDS	ND4L_0	NADH dehydrogenase subunit 4L	6096-6390:1
PV795869.1	CDS	COX2	cytochrome c oxidase subunit II	6458-7220:1
PV795869.1	CDS	ATP8	ATP synthase F0 subunit 8	7242-7458:1
PV795869.1	CDS	ATP6	ATP synthase F0 subunit 6	7478-8186:1
PV795869.1	CDS	COX3	cytochrome c oxidase subunit III	8213-8999:1
PV795869.1	tRNA	trnM(cau)	tRNA-Met	9039-9108:1
PV795869.1	CDS	ND4	NADH dehydrogenase subunit 4	9172-10621:-1
PV795869.1	CDS	ND5	NADH dehydrogenase subunit 5	10645-12463:-1
PV795869.1	CDS	ND2	NADH dehydrogenase subunit 2	12450-13788:-1
PV795869.1	rRNA	rrnL	large subunit ribosomal RNA	13881-15821:-1
PV795869.1	CDS	msh1	MutS-like protein	15821-18812:-1
PV795869.1	CDS	ND4L	NADH dehydrogenase subunit 4L	18829-19123:-1
PV795869.1	CDS	ND3	NADH dehydrogenase subunit 3	19149-19503:-1
PV795869.1	CDS	ND6	NADH dehydrogenase subunit 6	19530-20085:-1
PV815617.1	CDS	ND5	NADH dehydrogenase subunit 5	0-720:1,12144-13260:1
PV815617.1	CDS	ND1	NADH dehydrogenase subunit 1	1068-2052:1
PV815617.1	CDS	CytB	cytochrome b	2078-3230:1
PV815617.1	CDS	ND2	NADH dehydrogenase subunit 2	3839-4937:1
PV815617.1	CDS	ND6	NADH dehydrogenase subunit 6	4957-5563:1
PV815617.1	CDS	ATP6	ATP synthase subunit 6	5632-6331:1
PV815617.1	CDS	ND4	NADH dehydrogenase subunit 4	6560-8036:1
PV815617.1	rRNA		12S ribosomal RNA	8088-9263:1
PV815617.1	CDS	COX3	cytochrome c oxidase subunit III	9735-10539:1
PV815617.1	CDS	COX2	cytochrome c oxidase subunit II	10570-11314:1
PV815617.1	CDS	ND4L	NADH dehydrogenase subunit 4L	11381-11648:1
PV815617.1	CDS	ND3	NADH dehydrogenase subunit 3	11673-12030:1
PV815617.1	tRNA		tRNA-Trp	13287-13357:1
PV815617.1	CDS	ATP8	ATP synthase subunit 8	13389-13608:1
PV815617.1	CDS	COX1	cytochrome c oxidase subunit I	13589-15170:1
PV815617.1	tRNA		tRNA-Met	15573-15644:1
PV815617.1	rRNA		16S ribosomal RNA	15766-18065:1
PV815620.1	CDS	ND5	NADH dehydrogenase subunit 5	0-711:1,10830-11934:1
PV815620.1	CDS	ND1	NADH dehydrogenase subunit 1	822-1770:1
PV815620.1	CDS	CytB	cytochrome b	1794-2934:1
PV815620.1	CDS	ND2	NADH dehydrogenase subunit 2	3130-4246:1
PV815620.1	CDS	ND6	NADH dehydrogenase subunit 6	4246-4813:1
PV815620.1	CDS	ATP6	ATP synthase subunit 6	4853-5531:1
PV815620.1	CDS	ND4	NADH dehydrogenase subunit 4	5530-6976:1
PV815620.1	rRNA		12S ribosomal RNA	7074-8101:1
PV815620.1	CDS	COX2	cytochrome c oxidase subunit II	8193-8910:1
PV815620.1	CDS	COX3	cytochrome c oxidase subunit III	9033-9813:1
PV815620.1	CDS	ND4L	NADH dehydrogenase subunit 4L	10031-10331:1
PV815620.1	CDS	ND3	NADH dehydrogenase subunit 3	10330-10675:1
PV815620.1	tRNA		tRNA-Trp	11932-12002:1
PV815620.1	CDS	ATP8	ATP synthase subunit 8	12004-12202:1
PV815620.1	CDS	COX1	cytochrome c oxidase subunit I	12201-13741:1
PV815620.1	tRNA		tRNA-Met	13751-13822:1
PV815620.1	rRNA		16S ribosomal RNA	14066-15776:1
PV815621.1	CDS	ND5	NADH dehydrogenase subunit 5	0-720:1,12148-13264:1
PV815621.1	CDS	ND1	NADH dehydrogenase subunit 1	1068-2052:1
PV815621.1	CDS	CytB	cytochrome b	2078-3230:1
PV815621.1	CDS	ND2	NADH dehydrogenase subunit 2	3839-4937:1
PV815621.1	CDS	ND6	NADH dehydrogenase subunit 6	4957-5563:1
PV815621.1	CDS	ATP6	ATP synthase subunit 6	5632-6331:1
PV815621.1	CDS	ND4	NADH dehydrogenase subunit 4	6552-8031:1
PV815621.1	rRNA		12S ribosomal RNA	8083-9258:1
PV815621.1	CDS	COX3	cytochrome c oxidase subunit III	9740-10544:1
PV815621.1	CDS	COX2	cytochrome c oxidase subunit II	10574-11318:1
PV815621.1	CDS	ND4L	NADH dehydrogenase subunit 4L	11382-11652:1
PV815621.1	CDS	ND3	NADH dehydrogenase subunit 3	11677-12034:1
PV815621.1	tRNA		tRNA-Trp	13290-13360:1
PV815621.1	CDS	ATP8	ATP synthase subunit 8	13393-13612:1
PV815621.1	CDS	COX1	cytochrome c oxidase subunit I	13593-15174:1
PV815621.1	tRNA		tRNA-Met	15378-15449:1
PV815621.1	rRNA		16S ribosomal RNA	15636-17949:1
PV815622.1	CDS	ND5	NADH dehydrogenase subunit 5	0-720:1,12176-13292:1
PV815622.1	CDS	ND1	NADH dehydrogenase subunit 1	1067-2051:1
PV815622.1	CDS	CytB	cytochrome b	2093-3245:1
PV815622.1	CDS	ND2	NADH dehydrogenase subunit 2	3862-4960:1
PV815622.1	CDS	ND6	NADH dehydrogenase subunit 6	4980-5586:1
PV815622.1	CDS	ATP6	ATP synthase subunit 6	5655-6354:1
PV815622.1	CDS	ND4	NADH dehydrogenase subunit 4	6582-8058:1
PV815622.1	rRNA		12S ribosomal RNA	8110-9285:1
PV815622.1	CDS	COX3	cytochrome c oxidase subunit III	9767-10571:1
PV815622.1	CDS	COX2	cytochrome c oxidase subunit II	10602-11346:1
PV815622.1	CDS	ND4L	NADH dehydrogenase subunit 4L	11413-11680:1
PV815622.1	CDS	ND3	NADH dehydrogenase subunit 3	11705-12062:1
PV815622.1	tRNA		tRNA-Trp	13318-13388:1
PV815622.1	CDS	ATP8	ATP synthase subunit 8	13421-13640:1
PV815622.1	CDS	COX1	cytochrome c oxidase subunit I	13621-15202:1
PV815622.1	tRNA		tRNA-Met	15712-15783:1
PV815622.1	rRNA		16S ribosomal RNA	16036-18342:1
PV847669.1	CDS	COX1	cytochrome c oxidase subunit I	0-1731:1
PV847669.1	rRNA	rrnS	small subunit ribosomal RNA	1590-2662:1
PV847669.1	CDS	ND1	NADH dehydrogenase subunit 1	2708-3674:1
PV847669.1	CDS	CYTB	cytochrome b	3751-4918:1
PV847669.1	CDS	ND6	NADH dehydrogenase subunit 6	5540-6098:1
PV847669.1	CDS	ND3	NADH dehydrogenase subunit 3	6102-6456:1
PV847669.1	CDS	ND4L	NADH dehydrogenase subunit 4L	6466-6772:1
PV847669.1	CDS	ND4	NADH dehydrogenase subunit 4	6886-8335:-1
PV847669.1	CDS	ND5	NADH dehydrogenase subunit 5	8413-10225:-1
PV847669.1	CDS	ND2	NADH dehydrogenase subunit 2	10212-11559:-1
PV847669.1	rRNA	rrnL	large subunit ribosomal RNA	11557-13367:-1
PV847669.1	CDS	MutS	MutS-like protein	13539-16596:-1
PV847669.1	tRNA	trnM(cat)	tRNA-Met	16607-16678:-1
PV847669.1	CDS	COX3	cytochrome c oxidase subunit III	16707-17508:-1
PV847669.1	CDS	ATP6	ATP synthase F0 subunit 6	17525-18263:-1
PV847669.1	CDS	ATP8	ATP synthase F0 subunit 8	18267-18474:-1
PV847669.1	CDS	COX2	cytochrome c oxidase subunit II	18478-19240:-1
PV847670.1	CDS	COX1	cytochrome c oxidase subunit I	0-1731:1
PV847670.1	rRNA	rrnS	small subunit ribosomal RNA	1590-2662:1
PV847670.1	CDS	ND1	NADH dehydrogenase subunit 1	2708-3674:1
PV847670.1	CDS	CYTB	cytochrome b	3751-4918:1
PV847670.1	CDS	ND6	NADH dehydrogenase subunit 6	5540-6098:1
PV847670.1	CDS	ND3	NADH dehydrogenase subunit 3	6102-6456:1
PV847670.1	CDS	ND4L	NADH dehydrogenase subunit 4L	6466-6772:1
PV847670.1	CDS	ND4	NADH dehydrogenase subunit 4	6886-8335:-1
PV847670.1	CDS	ND5	NADH dehydrogenase subunit 5	8413-10225:-1
PV847670.1	CDS	ND2	NADH dehydrogenase subunit 2	10212-11559:-1
PV847670.1	rRNA	rrnL	large subunit ribosomal RNA	11557-13367:-1
PV847670.1	CDS	MutS	MutS-like protein	13539-16596:-1
PV847670.1	tRNA	trnM(cat)	tRNA-Met	16607-16678:-1
PV847670.1	CDS	COX3	cytochrome c oxidase subunit III	16707-17508:-1
PV847670.1	CDS	ATP6	ATP synthase F0 subunit 6	17525-18263:-1
PV847670.1	CDS	ATP8	ATP synthase F0 subunit 8	18267-18474:-1
PV847670.1	CDS	COX2	cytochrome c oxidase subunit II	18478-19240:-1
PV987613.1	CDS	COX1	cytochrome oxidase subunit 1	0-888:1,2222-2939:1
PV987613.1	CDS	ND4L	NADH dehydrogenase subunit 4L	2961-3261:1
PV987613.1	CDS	ATP8	ATP synthase F0 subunit 8	3396-3615:1
PV987613.1	CDS	ATP6	ATP synthase F0 subunit 6	3731-4430:1
PV987613.1	rRNA		12S ribosomal RNA	4592-5773:1
PV987613.1	CDS	ND2	NADH dehydrogenase subunit 2	6335-7517:1
PV987613.1	tRNA		tRNA-Met	7752-7823:1
PV987613.1	rRNA		16S ribosomal RNA	7983-11292:1
PV987613.1	CDS	ND5	NADH dehydrogenase subunit 5	11481-12198:1,14441-15572:1
PV987613.1	CDS	ND1	NADH dehydrogenase subunit 1	12509-13499:1
PV987613.1	CDS	ND3	NADH dehydrogenase subunit 3	13771-14128:1
PV987613.1	tRNA		tRNA-Trp	16440-16480:1
PV987613.1	CDS	COX2	cytochrome oxidase subunit 2	17020-17773:1
PV987613.1	CDS	ND4	NADH dehydrogenase subunit 4	18051-19584:1
PV987613.1	CDS	ND6	NADH dehydrogenase subunit 6	19693-20353:1
PV987613.1	CDS	CYTB	cytochrome b	20481-21642:1
PV987613.1	CDS	COX3	cytochrome oxidase subunit 3	22140-22929:1
PX070531.1	rRNA	l-rRNA	16S ribosomal RNA	0-1783:1
PX070531.1	CDS	ND2	NADH dehydrogenase subunit 2	1838-3194:1
PX070531.1	CDS	ND5	NADH dehydrogenase subunit 5	3181-4999:1
PX070531.1	CDS	ND4	NADH dehydrogenase subunit 4	5029-6478:1
PX070531.1	tRNA	trnM	tRNA-Met	6597-6668:-1
PX070531.1	CDS	COX3	cytochrome c oxidase subunit III	6732-7518:-1
PX070531.1	CDS	ATP6	ATP synthase F0 subunit 6	7575-8283:-1
PX070531.1	CDS	ATP8	ATP synthase F0 subunit 8	8315-8531:-1
PX070531.1	CDS	COX2	cytochrome c oxidase subunit II	8572-9334:-1
PX070531.1	CDS	COX1	cytochrome c oxidase subunit I	9472-11041:1
PX070531.1	rRNA	s-rRNA	12S ribosomal RNA	11078-12140:1
PX070531.1	CDS	ND1	NADH dehydrogenase subunit 1	12200-13181:1
PX070531.1	CDS	CYTB	cytochrome b	13194-14355:1
PX070531.1	CDS	ND6	NADH dehydrogenase subunit 6	14373-14928:1
PX070531.1	CDS	ND3	NADH dehydrogenase subunit 3	14993-15347:1
PX070531.1	CDS	ND4L	NADH dehydrogenase subunit 4L	15350-15644:1
PX070531.1	CDS	msh1	MutS mismatch DNA repair protein	15657-18657:1
PX070532.1	rRNA	l-rRNA	16S ribosomal RNA	0-1735:1
PX070532.1	CDS	ND2	NADH dehydrogenase subunit 2	1819-3166:1
PX070532.1	CDS	ND5	NADH dehydrogenase subunit 5	3153-4971:1
PX070532.1	CDS	ND4	NADH dehydrogenase subunit 4	5039-6488:1
PX070532.1	tRNA	trnM	tRNA-Met	6547-6618:-1
PX070532.1	CDS	COX3	cytochrome c oxidase subunit III	6657-7443:-1
PX070532.1	CDS	ATP6	ATP synthase F0 subunit 6	7507-8215:-1
PX070532.1	CDS	ATP8	ATP synthase F0 subunit 8	8239-8455:-1
PX070532.1	CDS	COX2	cytochrome c oxidase subunit II	8477-9239:-1
PX070532.1	CDS	COX1	cytochrome c oxidase subunit I	9351-11061:1
PX070532.1	rRNA	s-rRNA	12S ribosomal RNA	11027-11986:1
PX070532.1	CDS	ND1	NADH dehydrogenase subunit 1	12029-13001:1
PX070532.1	CDS	CYTB	cytochrome b	13063-14224:1
PX070532.1	CDS	ND6	NADH dehydrogenase subunit 6	14264-14822:1
PX070532.1	CDS	ND3	NADH dehydrogenase subunit 3	14877-15231:1
PX070532.1	CDS	ND4L	NADH dehydrogenase subunit 4L	15250-15544:1
PX070532.1	CDS	msh1	MutS mismatch DNA repair protein	15557-18539:1
PX070533.1	rRNA	l-rRNA	16S ribosomal RNA	0-1731:1
PX070533.1	CDS	ND2	NADH dehydrogenase subunit 2	1812-3159:1
PX070533.1	CDS	ND5	NADH dehydrogenase subunit 5	3146-4964:1
PX070533.1	CDS	ND4	NADH dehydrogenase subunit 4	5061-6510:1
PX070533.1	tRNA	trnM	tRNA-Met	6569-6640:-1
PX070533.1	CDS	COX3	cytochrome c oxidase subunit III	6676-7462:-1
PX070533.1	CDS	ATP6	ATP synthase F0 subunit 6	7526-8234:-1
PX070533.1	CDS	ATP8	ATP synthase F0 subunit 8	8257-8473:-1
PX070533.1	CDS	COX2	cytochrome c oxidase subunit II	8494-9256:-1
PX070533.1	CDS	COX1	cytochrome c oxidase subunit I	9367-11077:1
PX070533.1	rRNA	s-rRNA	12S ribosomal RNA	11043-12002:1
PX070533.1	CDS	ND1	NADH dehydrogenase subunit 1	12042-13014:1
PX070533.1	CDS	CYTB	cytochrome b	13074-14235:1
PX070533.1	CDS	ND6	NADH dehydrogenase subunit 6	14275-14833:1
PX070533.1	CDS	ND3	NADH dehydrogenase subunit 3	14876-15230:1
PX070533.1	CDS	ND4L	NADH dehydrogenase subunit 4L	15249-15543:1
PX070533.1	CDS	msh1	MutS mismatch DNA repair protein	15556-18526:1
PX130728.1	CDS	nad5	NADH dehydrogenase subunit 5	8604-9321:1,2911-4030:1
PX130728.1	CDS	cox3	cytochrome c oxidase subunit III	509-1298:1
PX130728.1	CDS	cox2	cytochrome c oxidase subunit II	1354-2098:1
PX130728.1	CDS	nad4l	NADH dehydrogenase subunit 4l	2130-2430:1
PX130728.1	CDS	nad3	NADH dehydrogenase subunit 3	2462-2819:1
PX130728.1	tRNA	trnW	tRNA-Trp	4060-4130:1
PX130728.1	CDS	atp8	ATP synthase F0 subunit 8	4162-4381:1
PX130728.1	CDS	cox1	cytochrome c oxidase subunit I	4362-5964:1
PX130728.1	tRNA	trnM	tRNA-Met	6171-6242:1
PX130728.1	rRNA	rrnL	16S ribosomal RNA	6451-8412:1
PX130728.1	CDS	nad1	NADH dehydrogenase subunit 1	9647-10631:1
PX130728.1	CDS	cob	cytochrome b	10741-11899:1
PX130728.1	CDS	nad2	NADH dehydrogenase subunit 2	12324-13521:1
PX130728.1	CDS	nad6	NADH dehydrogenase subunit 6	13586-14147:1
PX130728.1	CDS	atp6	ATP synthase F0 subunit 6	14215-14914:1
PX130728.1	CDS	nad4	NADH dehydrogenase subunit 4	15065-16541:1
PX130728.1	rRNA	rrnS	small subunit ribosomal RNA	16803-17776:1
PX574365.1	tRNA	trnM	tRNA-Met	0-71:1
PX574365.1	rRNA	rrn16	16S ribosomal RNA	384-2658:1
PX574365.1	CDS	cox3	cytochrome c oxidase subunit 3	2915-3704:1
PX574365.1	CDS	cox1	cytochrome c oxidase subunit 1	3749-4643:1,6070-6772:1
PX574365.1	CDS	nad4l	NADH dehydrogenase subunit 4L	6894-7194:1
PX574365.1	CDS	cox2	cytochrome c oxidase subunit 2	7522-8272:1
PX574365.1	CDS	nad4	NADH dehydrogenase subunit 4	8333-9809:1
PX574365.1	CDS	nad6	NADH dehydrogenase subunit 6	9939-10572:1
PX574365.1	CDS	atp8	ATP synthase F0 subunit 8	10643-10856:1
PX574365.1	CDS	atp6	ATP synthase F0 subunit 6	10925-11624:1
PX574365.1	CDS	nad5	NADH dehydrogenase subunit 5	11761-12481:1,14427-15582:1
PX574365.1	CDS	nad1	NADH dehydrogenase subunit 1	12933-13917:1
PX574365.1	CDS	nad3	NADH dehydrogenase subunit 3	13988-14345:1
PX574365.1	tRNA	trnW	tRNA-Trp	15621-15691:1
PX574365.1	CDS	nad2	NADH dehydrogenase subunit 2	16183-17311:1
PX574365.1	rRNA	rrn12	12S ribosomal RNA	17732-18701:1
PX574365.1	CDS	cob	cytochrome b	18764-19907:1
PX574366.1	tRNA	trnM	tRNA-Met	0-71:1
PX574366.1	rRNA	rrn16	16S ribosomal RNA	388-2555:1
PX574366.1	CDS	cox3	cytochrome c oxidase subunit 3	2810-3599:1
PX574366.1	CDS	cox1	cytochrome c oxidase subunit 1	3633-5223:1
PX574366.1	CDS	nad4l	NADH dehydrogenase subunit 4L	5315-5615:1
PX574366.1	CDS	cox2	cytochrome c oxidase subunit 2	5685-6435:1
PX574366.1	CDS	nad4	NADH dehydrogenase subunit 4	6495-7971:1
PX574366.1	CDS	nad6	NADH dehydrogenase subunit 6	8021-8639:1
PX574366.1	CDS	atp8	ATP synthase F0 subunit 8	8663-8876:1
PX574366.1	CDS	atp6	ATP synthase F0 subunit 6	8948-9647:1
PX574366.1	CDS	nad5	NADH dehydrogenase subunit 5	9757-10465:1,12279-13455:1
PX574366.1	CDS	nad1	NADH dehydrogenase subunit 1	10820-11804:1
PX574366.1	CDS	nad3	NADH dehydrogenase subunit 3	11852-12209:1
PX574366.1	tRNA	trnW	tRNA-Trp	13482-13552:1
PX574366.1	CDS	nad2	NADH dehydrogenase subunit 2	13946-15080:1
PX574366.1	rRNA	rrn12	12S ribosomal RNA	15453-16425:1
PX574366.1	CDS	cob	cytochrome b	16489-17632:1
PX574367.1	tRNA	trnM	tRNA-Met	0-71:1
PX574367.1	rRNA	rrn16	16S ribosomal RNA	388-2549:1
PX574367.1	CDS	cox3	cytochrome c oxidase subunit 3	2792-3581:1
PX574367.1	CDS	cox1	cytochrome c oxidase subunit 1	3615-5205:1
PX574367.1	CDS	nad4l	NADH dehydrogenase subunit 4L	5297-5597:1
PX574367.1	CDS	cox2	cytochrome c oxidase subunit 2	5667-6417:1
PX574367.1	CDS	nad4	NADH dehydrogenase subunit 4	6478-7954:1
PX574367.1	CDS	nad6	NADH dehydrogenase subunit 6	8012-8630:1
PX574367.1	CDS	atp8	ATP synthase F0 subunit 8	8654-8867:1
PX574367.1	CDS	atp6	ATP synthase F0 subunit 6	8949-9648:1
PX574367.1	CDS	nad5	NADH dehydrogenase subunit 5	9756-10464:1,12275-13451:1
PX574367.1	CDS	nad1	NADH dehydrogenase subunit 1	10816-11800:1
PX574367.1	CDS	nad3	NADH dehydrogenase subunit 3	11848-12205:1
PX574367.1	tRNA	trnW	tRNA-Trp	13478-13548:1
PX574367.1	CDS	nad2	NADH dehydrogenase subunit 2	13951-15085:1
PX574367.1	rRNA	rrn12	12S ribosomal RNA	15440-16430:1
PX574367.1	CDS	cob	cytochrome b	16533-17676:1
PX574368.1	tRNA	trnM	tRNA-Met	0-71:1
PX574368.1	rRNA	rrn16	16S ribosomal RNA	543-2462:1
PX574368.1	CDS	cox3	cytochrome c oxidase subunit 3	2819-3608:1
PX574368.1	CDS	cox1	cytochrome c oxidase subunit 1	3642-5232:1
PX574368.1	CDS	nad4l	NADH dehydrogenase subunit 4L	5324-5624:1
PX574368.1	CDS	cox2	cytochrome c oxidase subunit 2	5694-6444:1
PX574368.1	CDS	nad4	NADH dehydrogenase subunit 4	6504-7980:1
PX574368.1	CDS	nad6	NADH dehydrogenase subunit 6	8030-8648:1
PX574368.1	CDS	atp8	ATP synthase F0 subunit 8	8672-8885:1
PX574368.1	CDS	atp6	ATP synthase F0 subunit 6	8957-9656:1
PX574368.1	CDS	nad5	NADH dehydrogenase subunit 5	9766-10474:1,12333-13464:1
PX574368.1	CDS	nad1	NADH dehydrogenase subunit 1	10829-11813:1
PX574368.1	CDS	nad3	NADH dehydrogenase subunit 3	11861-12218:1
PX574368.1	tRNA	trnW	tRNA-Trp	13491-13561:1
PX574368.1	CDS	nad2	NADH dehydrogenase subunit 2	13955-15089:1
PX574368.1	rRNA	rrn12	12S ribosomal RNA	15462-16434:1
PX574368.1	CDS	cob	cytochrome b	16498-17641:1
PX780295.1	CDS	COX1	cytochrome c oxidase subunit I	0-1704:1
PX780295.1	rRNA	rns	12S ribosomal RNA	1747-2672:1
PX780295.1	CDS	ND1	NADH dehydrogenase subunit 1	2676-3648:1
PX780295.1	CDS	CYTB	cytochrome b	3730-4873:1
PX780295.1	CDS	ND6	NADH dehydrogenase subunit 6	4913-5471:1
PX780295.1	CDS	ND3	NADH dehydrogenase subunit 3	5526-5880:1
PX780295.1	CDS	ND4L	NADH dehydrogenase subunit 4L	5899-6193:1
PX780295.1	CDS	mutS	mismatch repair protein MutS	6206-9164:1
PX780295.1	rRNA	rnl	16S ribosomal RNA	9173-11386:1
PX780295.1	CDS	ND2	NADH dehydrogenase subunit 2	11175-12522:1
PX780295.1	CDS	ND5	NADH dehydrogenase subunit 5	12509-14327:1
PX780295.1	CDS	ND4	NADH dehydrogenase subunit 4	14421-15870:1
PX780295.1	tRNA		tRNA-Met	15927-15998:-1
PX780295.1	CDS	COX3	cytochrome c oxidase subunit III	16037-16823:-1
PX780295.1	CDS	ATP6	ATP synthase F0 subunit 6	16887-17595:-1
PX780295.1	CDS	ATP8	ATP synthase F0 subunit 8	17619-17835:-1
PX780295.1	CDS	COX2	cytochrome c oxidase subunit II	17857-18619:-1
PX780297.1	CDS	COX1	cytochrome c oxidase subunit I	0-1704:1
PX780297.1	rRNA	rns	12S ribosomal RNA	1747-2672:1
PX780297.1	CDS	ND1	NADH dehydrogenase subunit 1	2676-3648:1
PX780297.1	CDS	CYTB	cytochrome b	3730-4873:1
PX780297.1	CDS	ND6	NADH dehydrogenase subunit 6	4913-5471:1
PX780297.1	CDS	ND3	NADH dehydrogenase subunit 3	5526-5880:1
PX780297.1	CDS	ND4L	NADH dehydrogenase subunit 4L	5899-6193:1
PX780297.1	CDS	mutS	mismatch repair protein MutS	6206-9164:1
PX780297.1	rRNA	rnl	16S ribosomal RNA	9173-11386:1
PX780297.1	CDS	ND2	NADH dehydrogenase subunit 2	11175-12522:1
PX780297.1	CDS	ND5	NADH dehydrogenase subunit 5	12509-14327:1
PX780297.1	CDS	ND4	NADH dehydrogenase subunit 4	14419-15868:1
PX780297.1	tRNA		tRNA-Met	15925-15996:1
PX780297.1	CDS	COX3	cytochrome c oxidase subunit III	16035-16821:-1
PX780297.1	CDS	ATP6	ATP synthase F0 subunit 6	16885-17593:-1
PX780297.1	CDS	ATP8	ATP synthase F0 subunit 8	17617-17833:-1
PX780297.1	CDS	COX2	cytochrome c oxidase subunit II	17855-18617:-1
PX780298.1	CDS	COX1	cytochrome c oxidase subunit I	0-1704:1
PX780298.1	rRNA	rns	12S ribosomal RNA	1747-2672:1
PX780298.1	CDS	ND1	NADH dehydrogenase subunit 1	2676-3648:1
PX780298.1	CDS	CYTB	cytochrome b	3730-4873:1
PX780298.1	CDS	ND6	NADH dehydrogenase subunit 6	4913-5471:1
PX780298.1	CDS	ND3	NADH dehydrogenase subunit 3	5526-5880:1
PX780298.1	CDS	ND4L	NADH dehydrogenase subunit 4L	5899-6193:1
PX780298.1	CDS	mutS	mismatch repair protein MutS	6206-9164:1
PX780298.1	rRNA	rnl	16S ribosomal RNA	9173-11386:1
PX780298.1	CDS	ND2	NADH dehydrogenase subunit 2	11175-12522:1
PX780298.1	CDS	ND5	NADH dehydrogenase subunit 5	12509-14327:1
PX780298.1	CDS	ND4	NADH dehydrogenase subunit 4	14421-15870:1
PX780298.1	tRNA		tRNA-Met	15929-16000:1
PX780298.1	CDS	COX3	cytochrome c oxidase subunit III	16039-16825:-1
PX780298.1	CDS	ATP6	ATP synthase F0 subunit 6	16889-17597:-1
PX780298.1	CDS	ATP8	ATP synthase F0 subunit 8	17621-17870:-1
PX780298.1	CDS	COX2	cytochrome c oxidase subunit II	17859-18621:-1
PX780299.1	CDS	COX1	cytochrome c oxidase subunit I	0-1710:1
PX780299.1	rRNA	rns	12S ribosomal RNA	1748-2674:1
PX780299.1	CDS	ND1	NADH dehydrogenase subunit 1	2678-3650:1
PX780299.1	CDS	CYTB	cytochrome b	3677-4841:1
PX780299.1	CDS	ND6	NADH dehydrogenase subunit 6	5261-5819:1
PX780299.1	CDS	ND3	NADH dehydrogenase subunit 3	5862-6228:1
PX780299.1	CDS	ND4L	NADH dehydrogenase subunit 4L	6247-6541:1
PX780299.1	CDS	mutS	mismatch repair protein MutS	6554-9512:1
PX780299.1	rRNA	rnl	16S ribosomal RNA	9521-11709:1
PX780299.1	CDS	ND2	NADH dehydrogenase subunit 2	11713-12871:1
PX780299.1	CDS	ND5	NADH dehydrogenase subunit 5	12858-14676:1
PX780299.1	CDS	ND4	NADH dehydrogenase subunit 4	15236-16685:1
PX780299.1	tRNA		tRNA-Met	16779-16850:-1
PX780299.1	CDS	COX3	cytochrome c oxidase subunit III	16889-17675:-1
PX780299.1	CDS	ATP6	ATP synthase F0 subunit 6	17739-18447:-1
PX780299.1	CDS	ATP8	ATP synthase F0 subunit 8	18471-18687:-1
PX780299.1	CDS	COX2	cytochrome c oxidase subunit II	18709-19471:-1
PX780300.1	CDS	COX1	cytochrome c oxidase subunit I	0-1704:1
PX780300.1	rRNA	rns	12S ribosomal RNA	1747-2673:1
PX780300.1	CDS	ND1	NADH dehydrogenase subunit 1	2677-3649:1
PX780300.1	CDS	CYTB	cytochrome b	3706-4873:1
PX780300.1	CDS	ND6	NADH dehydrogenase subunit 6	4913-5471:1
PX780300.1	CDS	ND3	NADH dehydrogenase subunit 3	5514-5868:1
PX780300.1	CDS	ND4L	NADH dehydrogenase subunit 4L	5887-6181:1
PX780300.1	CDS	MutS	mismatch repair protein MutS	6194-9152:1
PX780300.1	rRNA	rnl	16S ribosomal RNA	9161-11346:1
PX780300.1	CDS	ND2	NADH dehydrogenase subunit 2	11161-12508:1
PX780300.1	CDS	ND5	NADH dehydrogenase subunit 5	12495-14313:1
PX780300.1	CDS	ND4	NADH dehydrogenase subunit 4	14396-15845:1
PX780300.1	tRNA		tRNA-Met	15903-15974:1
PX780300.1	CDS	COX3	cytochrome c oxidase subunit III	16013-16799:-1
PX780300.1	CDS	ATP6	ATP synthase F0 subunit 6	16863-17571:-1
PX780300.1	CDS	ATP8	ATP synthase F0 subunit 8	17595-17811:-1
PX780300.1	CDS	COX2	cytochrome c oxidase subunit II	17833-18595:-1
PX780301.1	CDS	COX1	cytochrome c oxidase subunit I	0-1704:1
PX780301.1	rRNA	rns	12S ribosomal RNA	1747-2673:1
PX780301.1	CDS	ND1	NADH dehydrogenase subunit 1	2677-3649:1
PX780301.1	CDS	CYTB	cytochrome b	3700-4837:1
PX780301.1	CDS	ND6	NADH dehydrogenase subunit 6	5015-5573:1
PX780301.1	CDS	ND3	NADH dehydrogenase subunit 3	5616-5976:1
PX780301.1	CDS	ND4L	NADH dehydrogenase subunit 4L	5988-6282:1
PX780301.1	CDS	mutS	mismatch repair protein MutS	6295-9253:1
PX780301.1	rRNA	rnl	16S ribosomal RNA	9265-11467:1
PX780301.1	CDS	ND2	NADH dehydrogenase subunit 2	11256-12603:1
PX780301.1	CDS	ND5	NADH dehydrogenase subunit 5	12590-14408:1
PX780301.1	CDS	ND4	NADH dehydrogenase subunit 4	14681-16130:1
PX780301.1	tRNA		tRNA-Met	16181-16252:1
PX780301.1	CDS	COX3	cytochrome c oxidase subunit III	16291-17077:-1
PX780301.1	CDS	ATP6	ATP synthase F0 subunit 6	17141-17849:-1
PX780301.1	CDS	ATP8	ATP synthase F0 subunit 8	17873-18122:-1
PX780301.1	CDS	COX2	cytochrome c oxidase subunit II	18111-18873:-1
PX780304.1	CDS	ND5	NADH dehydrogenase subunit 5	0-711:1,11124-12228:1
PX780304.1	CDS	ND1	NADH dehydrogenase subunit 1	835-1813:1
PX780304.1	CDS	CYTB	cytochrome b	1845-2985:1
PX780304.1	CDS	ND2	NADH dehydrogenase subunit 2	3205-4297:1
PX780304.1	CDS	ND6	NADH dehydrogenase subunit 6	4298-4862:1
PX780304.1	CDS	ATP6	ATP synthase F0 subunit 6	4861-5539:1
PX780304.1	CDS	ND4	NADH dehydrogenase subunit 4	6396-7842:1
PX780304.1	rRNA	ND5	12S ribosomal RNA	7841-8751:1
PX780304.1	CDS	COX3	cytochrome c oxidase subunit III	8751-9531:1
PX780304.1	CDS	COX2	cytochrome c oxidase subunit II	9506-10445:1
PX780304.1	CDS	ND4L	NADH dehydrogenase subunit 4L	10426-10726:1
PX780304.1	CDS	ND3	NADH dehydrogenase subunit 3	10725-11070:1
PX780304.1	tRNA		tRNA-Trp	12240-12310:1
PX780304.1	CDS	ATP8	ATP synthase F0 subunit 8	12311-12535:1
PX780304.1	CDS	COX1	cytochrome c oxidase subunit I	13203-14790:1
PX780304.1	tRNA		tRNA-Met	14940-15011:1
PX780304.1	rRNA		16S ribosomal RNA	15011-16948:1
PX856750.1	rRNA	rrnL	16S ribosomal RNA	0-1788:1
PX856750.1	CDS	ND2	NADH dehydrogenase subunit 2	1881-3228:1
PX856750.1	CDS	ND5	NADH dehydrogenase subunit 5	3215-5033:1
PX856750.1	CDS	ND4	NADH dehydrogenase subunit 4	5132-6581:1
PX856750.1	tRNA	trnM(cat)	tRNA-Met	6638-6709:-1
PX856750.1	CDS	COX3	cytochrome c oxidase subunit 3	6748-7534:-1
PX856750.1	CDS	ATP6	ATP synthase F0 subunit 6	7598-8306:-1
PX856750.1	CDS	ATP8	ATP synthase F0 subunit 8	8329-8545:-1
PX856750.1	CDS	COX2	cytochrome c oxidase subunit 2	8567-9329:-1
PX856750.1	CDS	COX1	cytochrome c oxidase subunit 1	9441-11151:1
PX856750.1	rRNA	rrnS	12S ribosomal RNA	11031-12067:1
PX856750.1	CDS	ND1	NADH dehydrogenase subunit 1	12117-13089:1
PX856750.1	CDS	CYTB	cytochrome b	13122-14283:1
PX856750.1	CDS	ND6	NADH dehydrogenase subunit 6	14323-14881:1
PX856750.1	CDS	ND3	NADH dehydrogenase subunit 3	14936-15290:1
PX856750.1	CDS	ND4L	NADH dehydrogenase subunit 4L	15309-15603:1
PX856750.1	CDS	mutS	MutS-like protein	15616-18598:1
PX980026.1	CDS	COX1	cytochrome oxidase subunit 1	0-888:1,1660-2380:1
PX980026.1	CDS	ND4L	NADH dehydrogenase subunit 4L	2454-2754:1
PX980026.1	CDS	ATP8	ATP synthase F0 subunit 8	2830-3049:1
PX980026.1	CDS	ATP6	ATP synthase F0 subunit 6	3133-3832:1
PX980026.1	rRNA		12S ribosomal RNA	3947-5160:1
PX980026.1	CDS	ND2	NADH dehydrogenase subunit 2	5653-6796:1
PX980026.1	tRNA		tRNA-Met	6801-6872:1
PX980026.1	rRNA		16S ribosomal RNA	6901-9514:1
PX980026.1	CDS	ND5	NADH dehydrogenase subunit 5	9595-10315:1,12161-13295:1
PX980026.1	CDS	ND1	NADH dehydrogenase subunit 1	10647-11637:1
PX980026.1	CDS	ND3	NADH dehydrogenase subunit 3	11691-12048:1
PX980026.1	tRNA		tRNA-Trp	13316-13386:1
PX980026.1	CDS	COX2	cytochrome oxidase subunit 2	13399-14182:1
PX980026.1	CDS	ND4	NADH dehydrogrenase subunit 4	14251-15727:1
PX980026.1	CDS	ND6	NADH dehydrogenause subunit 6	15785-16406:1
PX980026.1	CDS	CYTB	cytochrome b	16494-17676:1
PX980026.1	CDS	COX3	cytochrome oxidase subunit 3	17677-18466:1
PZ269950.1	CDS	ND5	NADH dehydrogenase subunit 5	0-714:1,7174-8296:1
PZ269950.1	CDS	ND1	NADH dehydrogenase subunit 1	823-1771:1
PZ269950.1	CDS	ATP6	ATP synthase subunit 6	1823-2522:1
PZ269950.1	CDS	ND4	NADH dehydrogenase subunit 4	2521-3967:1
PZ269950.1	rRNA		12S ribosomal RNA	3967-4991:1
PZ269950.1	CDS	COX3	cytochrome c oxidase subunit III	4991-5771:1
PZ269950.1	CDS	COX2	cytochrome c oxidase subunit II	5758-6484:1
PZ269950.1	CDS	ND4L	NADH dehydrogenase subunit 4L	6473-6773:1
PZ269950.1	CDS	ND3	NADH dehydrogenase subunit 3	6774-7119:1
PZ269950.1	CDS	CytB	cytochrome b	9027-10167:1
PZ269950.1	CDS	ND2	NADH dehydrogenase subunit 2	10162-11479:1
PZ269950.1	CDS	ND6	NADH dehydrogenase subunit 6	11480-12035:1
PZ269950.1	tRNA		tRNA-Trp	12416-12486:1
PZ269950.1	CDS	ATP8	ATP synthase subunit 8	12489-12657:1
PZ269950.1	CDS	COX1	cytochrome c oxidase subunit I	12646-14212:1
PZ269950.1	tRNA		tRNA-Met	14207-14278:1
PZ269950.1	rRNA		16S ribosomal RNA	14278-16150:1
PZ269952.1	CDS	ND5	NADH dehydrogenase subunit 5	0-714:1,7174-8296:1
PZ269952.1	CDS	ND1	NADH dehydrogenase subunit 1	823-1771:1
PZ269952.1	CDS	ATP6	ATP synthase subunit 6	1823-2522:1
PZ269952.1	CDS	ND4	NADH dehydrogenase subunit 4	2521-3967:1
PZ269952.1	rRNA		12S ribosomal RNA	3967-4991:1
PZ269952.1	CDS	COX3	cytochrome c oxidase subunit III	4991-5771:1
PZ269952.1	CDS	COX2	cytochrome c oxidase subunit II	5758-6484:1
PZ269952.1	CDS	ND4L	NADH dehydrogenase subunit 4L	6473-6773:1
PZ269952.1	CDS	ND3	NADH dehydrogenase subunit 3	6774-7119:1
PZ269952.1	CDS	CytB	cytochrome b	9026-10166:1
PZ269952.1	CDS	ND2	NADH dehydrogenase subunit 2	10161-11478:1
PZ269952.1	CDS	ND6	NADH dehydrogenase subunit 6	11479-12034:1
PZ269952.1	tRNA		tRNA-Trp	12414-12484:1
PZ269952.1	CDS	ATP8	ATP synthase subunit 8	12487-12655:1
PZ269952.1	CDS	COX1	cytochrome c oxidase subunit I	12644-14210:1
PZ269952.1	tRNA		tRNA-Met	14205-14276:1
PZ269952.1	rRNA		16S ribosomal RNA	14276-16148:1
PZ377454.1	CDS	COX1	cytochrome c oxidase subunit I	0-1710:1
PZ377454.1	rRNA	rrnS	12S ribosomal RNA	1590-2627:1
PZ377454.1	CDS	ND1	NADH dehydrogenase subunit 1	2677-3649:1
PZ377454.1	CDS	CYTB	cytochrome b	3682-4843:1
PZ377454.1	CDS	ND6	NADH dehydrogenase subunit 6	4883-5441:1
PZ377454.1	CDS	ND3	NADH dehydrogenase subunit 3	5496-5850:1
PZ377454.1	CDS	ND4L	NADH dehydrogenase subunit 4L	5869-6163:1
PZ377454.1	CDS	mutS	MutS-like protein	6176-9149:1
PZ377454.1	rRNA	rrnL	16S ribosomal RNA	9303-11091:1
PZ377454.1	CDS	ND2	NADH dehydrogenase subunit 2	11184-12531:1
PZ377454.1	CDS	ND5	NADH dehydrogenase subunit 5	12518-14336:1
PZ377454.1	CDS	ND4	NADH dehydrogenase subunit 4	14433-15882:1
PZ377454.1	tRNA	trnM	tRNA-Met	15939-16010:-1
PZ377454.1	CDS	COX3	cytochrome c oxidase subunit III	16049-16835:-1
PZ377454.1	CDS	ATP6	ATP synthase F0 subunit 6	16899-17607:-1
PZ377454.1	CDS	ATP8	ATP synthase F0 subunit 8	17631-17847:-1
PZ377454.1	CDS	COX2	cytochrome c oxidase subunit II	17869-18631:-1
PZ447395.1	CDS	COX1	cytochrome c oxidase subunit I	0-1597:1
PZ447395.1	rRNA		12S ribosomal RNA	1591-2684:1
PZ447395.1	CDS	ND1	NADH dehydrogenase subunit 1	2684-3656:1
PZ447395.1	CDS	CYTB	cytochrome b	3691-4966:1
PZ447395.1	CDS	mutS	DNA mismatch repair protein MutS	4970-7928:1
PZ447395.1	rRNA		16S ribosomal RNA	7928-9943:1
PZ447395.1	CDS	ND2	NADH dehydrogenase subunit 2	9943-11308:1
PZ447395.1	CDS	ND5	NADH dehydrogenase subunit 5	11295-13113:1
PZ447395.1	CDS	ND4	NADH dehydrogenase subunit 4	13135-14584:1
PZ447395.1	tRNA		tRNA-Met	14635-14706:-1
PZ447395.1	CDS	COX3	cytochrome c oxidase subunit III	14745-15531:-1
PZ447395.1	CDS	ATP6	ATP synthase F0 subunit 6	15558-16266:-1
PZ447395.1	CDS	ATP8	ATP synthase F0 subunit 8	16287-16503:-1
PZ447395.1	CDS	COX2	cytochrome c oxidase subunit II	16523-17285:-1
PZ447395.1	CDS	ND4L	NADH dehydrogenase subunit 4L	17350-17644:-1
PZ447395.1	CDS	ND3	NADH dehydrogenase subunit 3	17674-18028:-1
PZ447395.1	CDS	ND6	NADH dehydrogenase subunit 6	18063-18618:-1
PZ717423.1	tRNA	trnM(CAT)	tRNA-Met	174-243:-1
PZ717423.1	CDS	COX3	cytochrome c oxidase subunit III	278-1064:-1
PZ717423.1	CDS	ATP6	ATP synthase F0 subunit 6	1111-1819:-1
PZ717423.1	CDS	ATP8	ATP synthase F0 subunit 8	1845-2061:-1
PZ717423.1	CDS	COX2	cytochrome c oxidase subunit II	2083-2845:-1
PZ717423.1	CDS	COX1	cytochrome c oxidase subunit I	3099-4680:1
PZ717423.1	rRNA	rrn12	12S ribosomal RNA	4581-5656:1
PZ717423.1	CDS	ND1	NADH dehydrogenase subunit 1	5702-6683:1
PZ717423.1	CDS	CYTB	cytochrome b	6801-7962:1
PZ717423.1	CDS	ND6	NADH dehydrogenase subunit 6	7971-8547:1
PZ717423.1	CDS	ND3	NADH dehydrogenase subunit 3	8590-8944:1
PZ717423.1	CDS	ND4L	NADH dehydrogenase subunit 4L	8971-9265:1
PZ717423.1	CDS	mutS	DNA mismatch repair protein MutS	9278-12242:1
PZ717423.1	rRNA	rrn16	16S ribosomal RNA	12396-14191:1
PZ717423.1	CDS	ND2	NADH dehydrogenase subunit 2	14255-15587:1
PZ717423.1	CDS	ND5	NADH dehydrogenase subunit 5	15574-17392:1
PZ717423.1	CDS	ND4	NADH dehydrogenase subunit 4	17435-18884:1
PZ785798.1	CDS	ND5	NADH dehydrogenase subunit 5	102-822:1,12311-13427:1
PZ785798.1	CDS	ND1	NADH dehydrogenase subunit 1	1144-2128:1
PZ785798.1	CDS	CYTB	cytochrome b	2234-3392:1
PZ785798.1	CDS	ND2	NADH dehydrogenase subunit 2	3926-5024:1
PZ785798.1	CDS	ND6	NADH dehydrogenase subunit 6	5056-5650:1
PZ785798.1	CDS	ATP6	ATP synthase F0 subunit 6	5720-6419:1
PZ785798.1	CDS	ND4	NADH dehydrogenase subunit 4	6598-8074:1
PZ785798.1	rRNA	rrnS	12S ribosomal RNA	8102-9277:1
PZ785798.1	CDS	COX3	cytochrome c oxidase subunit III	9904-10693:1
PZ785798.1	CDS	COX2	cytochrome c oxidase subunit II	10748-11492:1
PZ785798.1	CDS	ND4L	NADH dehydrogenase subunit 4L	11527-11827:1
PZ785798.1	CDS	ND3	NADH dehydrogenase subunit 3	11858-12215:1
PZ785798.1	tRNA	trnW	tRNA-Trp	13456-13526:1
PZ785798.1	CDS	ATP8	ATP synthase F0 subunit 8	13558-13777:1
PZ785798.1	CDS	COX1	cytochrome c oxidase subunit I	13758-15360:1
PZ785798.1	tRNA	trnM	tRNA-Met	15555-15624:1
PZ785798.1	rRNA	rrnL	16S ribosomal RNA	15625-17884:1
