accession	type	gene	product	parts
NC_085825.1	rRNA		large subunit ribosomal RNA	391-2618:1
NC_085825.1	CDS	cox2	cytochrome c oxidase subunit 2	2911-3688:1
NC_085825.1	tRNA		tRNA-Lys	3920-3993:1
NC_085825.1	CDS	atp8	ATP synthase F0 subunit 8	3994-4207:1
NC_085825.1	CDS	atp6	ATP synthase F0 subunit 6	4254-4989:1
NC_085825.1	tRNA		tRNA-Arg	5309-5383:1
NC_085825.1	CDS	cox3	cytochrome c oxidase subunit 3	5437-6226:1
NC_085825.1	tRNA		tRNA-Gln	6724-6797:1
NC_085825.1	tRNA		tRNA-Trp	7040-7111:1
NC_085825.1	tRNA		tRNA-Asn	7248-7320:1
NC_085825.1	tRNA		tRNA-Leu	7324-7398:1
NC_085825.1	CDS	cob	cytochrome b	7399-8545:1
NC_085825.1	tRNA		tRNA-Thr	8823-8897:1
NC_085825.1	CDS	atp9	ATP synthase F0 subunit 9	9020-9257:1
NC_085825.1	tRNA		tRNA-Ser	9365-9453:1
NC_085825.1	tRNA		tRNA-Pro	9455-9528:1
NC_085825.1	CDS	nad4	NADH dehydrogenase subunit 4	9755-11207:1
NC_085825.1	tRNA		tRNA-His	11979-12052:1
NC_085825.1	tRNA		tRNA-Glu	12148-12220:1
NC_085825.1	CDS	nad6	NADH dehydrogenase subunit 6	12222-12810:1
NC_085825.1	CDS	nad3	NADH dehydrogenase subunit 3	12949-13306:1
NC_085825.1	tRNA		tRNA-Arg	13429-13500:1
NC_085825.1	CDS	nad4l	NADH dehydrogenase subunit 4L	13502-13802:1
NC_085825.1	CDS	cox1	cytochrome c oxidase subunit 1	13923-15504:1
NC_085825.1	tRNA		tRNA-Gln	15653-15721:1
NC_085825.1	tRNA		tRNA-Ser	15835-15921:1
NC_085825.1	tRNA		tRNA-Asp	15922-15995:1
NC_085825.1	tRNA		tRNA-Cys	16098-16171:1
NC_085825.1	CDS	nad1	NADH dehydrogenase subunit 1	16277-17249:1
NC_085825.1	tRNA		tRNA-Leu	17480-17556:1
NC_085825.1	tRNA		tRNA-Ile	17568-17642:1
NC_085825.1	tRNA		tRNA-Tyr	17755-17839:1
NC_085825.1	tRNA		tRNA-Met	17915-17988:1
NC_085825.1	tRNA		tRNA-Met	18098-18170:1
NC_085825.1	CDS	nad2	NADH dehydrogenase subunit 2	18390-19602:1
NC_085825.1	CDS	nad5	NADH dehydrogenase subunit 5	19781-21632:1
NC_085825.1	tRNA		tRNA-Ala	21609-21683:1
NC_085825.1	tRNA		tRNA-Met	21823-21895:1
NC_085825.1	tRNA		tRNA-Phe	22051-22125:1
NC_085825.1	rRNA		small subunit ribosomal RNA	22504-23757:1
NC_085825.1	tRNA		tRNA-Gly	23757-23829:1
NC_085825.1	tRNA		tRNA-Val	23868-23941:1
NC_072601.1	CDS	COX1	cytochrome c oxidase subunit I	0-1558:1
NC_072601.1	tRNA	trnT-aca	tRNA-Thr	1555-1624:1
NC_072601.1	CDS	ATP8	ATP synthase F0 subunit 8	1624-1768:1
NC_072601.1	CDS	ATP9	ATP synthase F0 subunit 9	1959-2199:1
NC_072601.1	tRNA	trnV-gta	tRNA-Val	2213-2281:1
NC_072601.1	tRNA	trnM-atg	tRNA-Met	2328-2391:1
NC_072601.1	tRNA	trnQ-caa	tRNA-Gln	2391-2462:1
NC_072601.1	rRNA	rrnS	12S ribosomal RNA	2459-3399:1
NC_072601.1	rRNA	rrnL	16S ribosomal RNA	3571-5064:1
NC_072601.1	tRNA	trnS2-tca	tRNA-Ser	5072-5142:1
NC_072601.1	tRNA	trnS1-aga	tRNA-Ser	5155-5228:1
NC_072601.1	CDS	COX2	cytochrome c oxidase subunit II	5237-5966:1
NC_072601.1	tRNA	trnA-gca	tRNA-Ala	6048-6119:1
NC_072601.1	tRNA	trnP-cca	tRNA-Pro	6132-6198:1
NC_072601.1	tRNA	trnR-cga	tRNA-Arg	6198-6269:1
NC_072601.1	tRNA	trnK-aaa	tRNA-Lys	6282-6349:1
NC_072601.1	CDS	ND3	NADH dehydrogenase subunit 3	6352-6712:1
NC_072601.1	tRNA	trnW-tga	tRNA-Trp	6729-6798:1
NC_072601.1	tRNA	trnL1-cta	tRNA-Leu	6803-6871:1
NC_072601.1	CDS	ND4L	NADH dehydrogenase subunit 4L	6872-7175:1
NC_072601.1	CDS	ATP6	ATP synthase F0 subunit 6	7181-7910:1
NC_072601.1	CDS	COX3	cytochrome c oxidase subunit III	7910-8693:1
NC_072601.1	CDS	ND2	NADH dehydrogenase subunit 2	8930-10116:1
NC_072601.1	CDS	ND5	NADH dehydrogenase subunit 5	10116-11923:1
NC_072601.1	tRNA	trnF-ttc	tRNA-Phe	11921-11992:1
NC_072601.1	tRNA	trnC-tgc	tRNA-Cys	11992-12064:1
NC_072601.1	CDS	ND1	NADH dehydrogenase subunit 1	12071-13017:1
NC_072601.1	tRNA	trnL2-tta	tRNA-Leu	13023-13090:1
NC_072601.1	tRNA	trnI-atc	tRNA-Ile	13091-13159:1
NC_072601.1	tRNA	trnN-aac	tRNA-Asn	13160-13230:1
NC_072601.1	tRNA	trnY-tac	tRNA-Tyr	13235-13304:1
NC_072601.1	CDS	CYTB	cytochrome b	13307-14477:1
NC_072601.1	tRNA	trnD-gac	tRNA-Asp	14511-14580:1
NC_072601.1	CDS	ND6	NADH dehydrogenase subunit 6	15157-15688:1
NC_072601.1	CDS	ND4	NADH dehydrogenase subunit 4	16127-17633:1
NC_072601.1	tRNA	trnG-gga	tRNA-Gly	19756-19824:1
NC_072601.1	tRNA	trnH-cac	tRNA-His	19854-19923:1
NC_065020.1	tRNA	trnY	tRNA-Tyr	784-856:1
NC_065020.1	tRNA	trnM	tRNA-Met	865-937:1
NC_065020.1	CDS	COX2	cytochrome c oxidase subunit II	938-1691:1
NC_065020.1	tRNA	trnK	tRNA-Lys	1764-1837:1
NC_065020.1	CDS	ATP8	ATP synthase F0 subunit 8	1889-2111:1
NC_065020.1	CDS	ATP6	ATP synthase F0 subunit 6	2123-2858:1
NC_065020.1	tRNA	trnR	tRNA-Arg	3039-3112:1
NC_065020.1	CDS	COX3	cytochrome c oxidase subunit III	3164-3953:1
NC_065020.1	tRNA	trnQ	tRNA-Gln	4040-4112:1
NC_065020.1	tRNA	trnW	tRNA-Trp	4170-4241:1
NC_065020.1	tRNA	trnL	tRNA-Leu	4302-4377:1
NC_065020.1	tRNA	trnN	tRNA-Asn	4570-4642:1
NC_065020.1	CDS	CYTB	cytochrome b	4665-5817:1
NC_065020.1	tRNA	trnT	tRNA-Thr	5871-5944:1
NC_065020.1	CDS	ATP9	ATP synthase F0 subunit 9	6031-6268:1
NC_065020.1	tRNA	trnS	tRNA-Ser	6299-6374:1
NC_065020.1	tRNA	trnP	tRNA-Pro	6383-6457:1
NC_065020.1	CDS	ND4	NADH dehydrogenase subunit 4	6458-7916:1
NC_065020.1	tRNA	trnH	tRNA-His	8043-8115:1
NC_065020.1	tRNA	trnE	tRNA-Glu	8146-8219:1
NC_065020.1	CDS	ND6	NADH dehydrogenase subunit 6	8219-8780:1
NC_065020.1	tRNA	trnD	tRNA-Asp	8852-8924:1
NC_065020.1	CDS	ND3	NADH dehydrogenase subunit 3	8926-9283:1
NC_065020.1	tRNA	trnR	tRNA-Arg	9495-9566:1
NC_065020.1	CDS	ND4L	NADH dehydrogenase subunit 4L	9566-9866:1
NC_065020.1	CDS	COX1	cytochrome c oxidase subunit I	9944-11519:1
NC_065020.1	tRNA	trnS	tRNA-Ser	11613-11696:1
NC_065020.1	tRNA	trnC	tRNA-Cys	11737-11808:1
NC_065020.1	CDS	ND1	NADH dehydrogenase subunit 1	11809-12811:1
NC_065020.1	tRNA	trnL	tRNA-Leu	12847-12931:1
NC_065020.1	tRNA	trnI	tRNA-Ile	12972-13046:1
NC_065020.1	tRNA	trnM	tRNA-Met	13054-13124:1
NC_065020.1	CDS	ND2	NADH dehydrogenase subunit 2	13229-14738:1
NC_065020.1	CDS	ND5	NADH dehydrogenase subunit 5	14795-16739:1
NC_065020.1	tRNA	trnA	tRNA-Ala	16830-16903:1
NC_065020.1	tRNA	trnM	tRNA-Met	16954-17026:1
NC_065020.1	tRNA	trnF	tRNA-Phe	17129-17202:1
NC_065020.1	rRNA		12S ribosomal RNA	17302-18291:1
NC_065020.1	tRNA	trnG	tRNA-Gly	18459-18531:1
NC_065020.1	tRNA	trnV	tRNA-Val	18535-18608:1
NC_065020.1	rRNA		16S ribosomal RNA	19080-20481:1
NC_069646.1	tRNA		tRNA-Tyr	29-101:1
NC_069646.1	CDS	COX1	cytochrome c oxidase subunit I	117-1686:1
NC_069646.1	tRNA		tRNA-Val	1713-1785:1
NC_069646.1	tRNA		tRNA-Cys	1804-1877:1
NC_069646.1	tRNA		tRNA-Ser	1889-1976:1
NC_069646.1	CDS	ND1	NADH dehydrogenase subunit 1	1996-2980:1
NC_069646.1	tRNA		tRNA-Ile	3020-3093:1
NC_069646.1	tRNA		tRNA-Ser	3099-3181:1
NC_069646.1	tRNA		tRNA-Met	3184-3255:1
NC_069646.1	tRNA		tRNA-Leu	3266-3349:1
NC_069646.1	CDS	ND2	NADH dehydrogenase subunit 2	3385-4828:1
NC_069646.1	CDS	ND5	NADH dehydrogenase subunit 5	4841-6788:1
NC_069646.1	tRNA		tRNA-Ala	6844-6917:1
NC_069646.1	tRNA		tRNA-Phe	6981-7054:1
NC_069646.1	rRNA		12S ribosomal RNA	7269-8293:1
NC_069646.1	tRNA		tRNA-Gly	8293-8365:1
NC_069646.1	rRNA		16S ribosomal RNA	8624-10786:1
NC_069646.1	tRNA		tRNA-Met	10888-10960:1
NC_069646.1	CDS	COX2	cytochrome c oxidase subunit II	10977-11727:1
NC_069646.1	tRNA		tRNA-Lys	11785-11858:1
NC_069646.1	CDS	ATP8	ATP synthase F0 subunit 8	11859-12096:1
NC_069646.1	CDS	ATP6	ATP synthase F0 subunit 6	12108-12843:1
NC_069646.1	tRNA		tRNA-Arg	12908-12980:1
NC_069646.1	CDS	COX3	cytochrome c oxidase subunit III	12989-13778:1
NC_069646.1	tRNA		tRNA-Gln	13829-13901:1
NC_069646.1	tRNA		tRNA-Trp	13909-13980:1
NC_069646.1	tRNA		tRNA-Leu	14002-14075:1
NC_069646.1	tRNA		tRNA-Asn	14084-14156:1
NC_069646.1	CDS	CYTB	cytochrome b	14184-15345:1
NC_069646.1	tRNA		tRNA-Thr	15386-15459:1
NC_069646.1	CDS	ATP9	ATP synthase F0 subunit 9	15493-15730:1
NC_069646.1	tRNA		tRNA-Pro	15769-15842:1
NC_069646.1	CDS	ND4	NADH dehydrogenase subunit 4	15860-17309:1
NC_069646.1	tRNA		tRNA-His	17350-17423:1
NC_069646.1	tRNA		tRNA-Glu	17442-17514:1
NC_069646.1	CDS	ND6	NADH dehydrogenase subunit 6	17511-18078:1
NC_069646.1	tRNA		tRNA-Asp	18106-18178:1
NC_069646.1	CDS	ND3	NADH dehydrogenase subunit 3	18220-18577:1
NC_069646.1	tRNA		tRNA-Met	18595-18667:1
NC_069646.1	tRNA		tRNA-Arg	18753-18824:1
NC_069646.1	CDS	ND4L	NADH dehydrogenase subunit 4L	18824-19124:1
NC_053937.1	rRNA	rnl	16S ribosomal RNA	0-2067:1
NC_053937.1	tRNA	trnD	tRNA-Asp	2348-2420:1
NC_053937.1	tRNA	trnN	tRNA-Asn	2426-2497:1
NC_053937.1	CDS	ND4L	NADH dehydrogenase subunit 4L	2631-2931:-1
NC_053937.1	tRNA	trnR	tRNA-Arg	2959-3030:1
NC_053937.1	CDS	ND3	NADH dehydrogenase subunit 3	3069-3423:-1
NC_053937.1	CDS	ND6	NADH dehydrogenase subunit 6	3424-3997:-1
NC_053937.1	tRNA	trnE	tRNA-Glu	4029-4101:1
NC_053937.1	tRNA	trnH	tRNA-His	4147-4219:1
NC_053937.1	CDS	ND4	NADH dehydrogenase subunit 4	4259-5801:-1
NC_053937.1	tRNA	trnP	tRNA-Pro	5688-5761:1
NC_053937.1	tRNA	trnS1	tRNA-Ser	5776-5860:1
NC_053937.1	CDS	ATP9	ATP synthase F0 subunit 9	5948-6185:-1
NC_053937.1	tRNA	trnT	tRNA-Thr	6266-6339:1
NC_053937.1	CDS	CYTB	cytochrome b	6380-7526:-1
NC_053937.1	tRNA	trnL1	tRNA-Leu	7565-7638:1
NC_053937.1	tRNA	trnI1	tRNA-Ile	7665-7738:1
NC_053937.1	tRNA	trnY	tRNA-Tyr	7767-7848:1
NC_053937.1	tRNA	trnI2	tRNA-Ile	7872-7945:1
NC_053937.1	tRNA	trnL2	tRNA-Leu	7950-8024:1
NC_053937.1	CDS	ND1	NADH dehydrogenase subunit 1	8036-9002:-1
NC_053937.1	tRNA	trnC	tRNA-Cys	9003-9076:1
NC_053937.1	tRNA	trnS2	tRNA-Ser	9083-9168:1
NC_053937.1	CDS	COX1	cytochrome c oxidase subunit I	9279-10866:1
NC_053937.1	CDS	COX2	cytochrome c oxidase subunit II	10898-11633:1
NC_053937.1	tRNA	trnK	tRNA-Lys	11747-11820:1
NC_053937.1	CDS	ATP8	ATP synthase F0 subunit 8	11821-12055:1
NC_053937.1	CDS	ATP6	ATP synthase F0 subunit 6	12048-12783:1
NC_053937.1	tRNA	trnR	tRNA-Arg	12838-12911:1
NC_053937.1	CDS	COX3	cytochrome c oxidase subunit III	12924-13713:1
NC_053937.1	tRNA	trnQ	tRNA-Gln	13759-13830:1
NC_053937.1	tRNA	trnW	tRNA-Trp	13885-13956:1
NC_053937.1	tRNA	trnM	tRNA-Met	14004-14075:1
NC_053937.1	CDS	ND2	NADH dehydrogenase subunit 2	14117-15545:1
NC_053937.1	CDS	ND5	NADH dehydrogenase subunit 5	15649-17506:1
NC_053937.1	tRNA	trnA	tRNA-Ala	17514-17587:1
NC_053937.1	tRNA	trnM	tRNA-Met	17628-17701:1
NC_053937.1	tRNA	trnF	tRNA-Phe	17709-17782:1
NC_053937.1	rRNA	rnS	12S ribosomal RNA	17947-18899:1
NC_053937.1	tRNA	trnG	tRNA-Gly	19077-19149:1
NC_053937.1	tRNA	trnV	tRNA-Val	19189-19262:1
NC_040168.1	tRNA	trnP(cca)	tRNA-Pro	9-83:1
NC_040168.1	CDS	ND4	NADH dehydrogenase subunit 4	84-1542:1
NC_040168.1	tRNA	trnH(cac)	tRNA-His	1637-1709:1
NC_040168.1	tRNA	trnE(gaa)	tRNA-Glu	1718-1791:1
NC_040168.1	CDS	ND6	NADH dehydrogenase subunit 6	1791-2352:1
NC_040168.1	tRNA	trnD(gac)	tRNA-Asp	2385-2457:1
NC_040168.1	CDS	ND3	NADH dehydrogenase subunit 3	2461-2818:1
NC_040168.1	tRNA	trnR(cga)	tRNA-Arg	2907-2978:1
NC_040168.1	CDS	ND4L	NADH dehydrogenase subunit 4L	2978-3278:1
NC_040168.1	CDS	COX1	cytochrome c oxidase subunit I	3332-4907:1
NC_040168.1	tRNA	trnS(tca)	tRNA-Ser	5006-5089:1
NC_040168.1	tRNA	trnC(tgc)	tRNA-Cys	5120-5194:1
NC_040168.1	CDS	ND1	NADH dehydrogenase subunit 1	5195-6197:1
NC_040168.1	tRNA	trnL(tta)	tRNA-Leu	6233-6317:1
NC_040168.1	tRNA	trnI(atc)	tRNA-Ile	6328-6402:1
NC_040168.1	tRNA	trnM(atg)	tRNA-Met	6410-6481:1
NC_040168.1	CDS	ND2	NADH dehydrogenase subunit 2	6534-8043:1
NC_040168.1	CDS	ND5	NADH dehydrogenase subunit 5	8116-10069:1
NC_040168.1	tRNA	trnA(gca)	tRNA-Ala	10133-10206:1
NC_040168.1	tRNA	trnM(atg)	tRNA-Met	10220-10292:1
NC_040168.1	tRNA	trnF(ttc)	tRNA-Phe	10363-10436:1
NC_040168.1	rRNA	rns	small subunit ribosomal RNA	10437-11643:1
NC_040168.1	tRNA	trnG(gga)	tRNA-Gly	11647-11719:1
NC_040168.1	tRNA	trnV(gta)	tRNA-Val	11725-11798:1
NC_040168.1	rRNA	rnl	large subunit ribosomal RNA	11813-14285:1
NC_040168.1	tRNA	trnY(tac)	tRNA-Tyr	14302-14374:1
NC_040168.1	tRNA	trnM(atg)	tRNA-Met	14384-14456:1
NC_040168.1	CDS	COX2	cytochrome c oxidase subunit II	14457-15216:1
NC_040168.1	tRNA	trnK(aaa)	tRNA-Lys	15314-15387:1
NC_040168.1	CDS	ATP8	ATP synthase F0 subunit 8	15388-15610:1
NC_040168.1	CDS	ATP6	ATP synthase F0 subunit 6	15622-16357:1
NC_040168.1	tRNA	trnS(aga)	tRNA-Ser	16501-16574:1
NC_040168.1	CDS	COX3	cytochrome c oxidase subunit III	16587-17376:1
NC_040168.1	tRNA	trnQ(caa)	tRNA-Gln	17442-17514:1
NC_040168.1	tRNA	trnW(tga)	tRNA-Trp	17531-17602:1
NC_040168.1	tRNA	trnL(cta)	tRNA-Leu	17610-17685:1
NC_040168.1	tRNA	trnN(aac)	tRNA-Asn	17772-17844:1
NC_040168.1	CDS	CYTB	cytochrome b	17868-19020:1
NC_040168.1	tRNA	trnT(aca)	tRNA-Thr	19083-19156:1
NC_040168.1	CDS	ATP9	ATP synthase F0 subunit 9	19227-19464:1
NC_040168.1	tRNA	trnS(agc)	tRNA-Ser	19495-19570:1
NC_037391.1	rRNA		16S ribosomal RNA	81-2915:1
NC_037391.1	tRNA		tRNA-Tyr	3076-3148:1
NC_037391.1	tRNA		tRNA-Met	3167-3239:1
NC_037391.1	CDS	COX2	cytochrome c oxidase subunit II	3267-4038:1
NC_037391.1	tRNA		tRNA-Lys	4150-4223:1
NC_037391.1	CDS	ATP8	ATP synthase F0 subunit 8	4224-4443:1
NC_037391.1	CDS	ATP6	ATP synthase F0 subunit 6	4532-5267:1
NC_037391.1	tRNA		tRNA-Arg	5284-5357:1
NC_037391.1	CDS	COX3	cytochrome c oxidase subunit III	5443-6229:1
NC_037391.1	tRNA		tRNA-Gln	6444-6516:1
NC_037391.1	tRNA		tRNA-Leu	6555-6629:1
NC_037391.1	tRNA		tRNA-Trp	6642-6713:1
NC_037391.1	tRNA		tRNA-Asn	6807-6879:1
NC_037391.1	CDS	CYTB	cytochrome b	6947-8096:1
NC_037391.1	tRNA		tRNA-Thr	8133-8206:1
NC_037391.1	CDS	ATP9	ATP synthase F0 subunit 9	8242-8479:1
NC_037391.1	tRNA		tRNA-Ser	8510-8585:1
NC_037391.1	tRNA		tRNA-Pro	8641-8716:1
NC_037391.1	CDS	ND4	NADH dehydrogenase subunit 4	8734-10183:1
NC_037391.1	tRNA		tRNA-His	10234-10306:1
NC_037391.1	tRNA		tRNA-Glu	10356-10429:1
NC_037391.1	CDS	ND6	NADH dehydrogenase subunit 6	10429-10996:1
NC_037391.1	tRNA		tRNA-Asp	11029-11101:1
NC_037391.1	CDS	ND3	NADH dehydrogenase subunit 3	11143-11500:1
NC_037391.1	tRNA		tRNA-Arg	11532-11604:1
NC_037391.1	CDS	ND4L	NADH dehydrogenase subunit 4L	11604-11904:1
NC_037391.1	CDS	COX1	cytochrome c oxidase subunit I	12034-13603:1
NC_037391.1	tRNA		tRNA-Ser	13659-13735:1
NC_037391.1	tRNA		tRNA-Cys	13807-13881:1
NC_037391.1	CDS	ND1	NADH dehydrogenase subunit 1	13923-14925:1
NC_037391.1	tRNA		tRNA-Leu	14946-15026:1
NC_037391.1	tRNA		tRNA-Ile	15029-15103:1
NC_037391.1	tRNA		tRNA-Met	15185-15256:1
NC_037391.1	CDS	ND2	NADH dehydrogenase subunit 2	15528-16797:1
NC_037391.1	CDS	ND5	NADH dehydrogenase subunit 5	16928-18836:1
NC_037391.1	tRNA		tRNA-Ala	18852-18925:1
NC_037391.1	tRNA		tRNA-Met	18987-19059:1
NC_037391.1	tRNA		tRNA-Phe	19114-19187:1
NC_037391.1	rRNA		12S ribosomal RNA	19188-20552:1
NC_037391.1	tRNA		tRNA-Gly	20553-20625:1
NC_037391.1	tRNA		tRNA-Val	20649-20722:1
NC_035983.1	rRNA	rnl	16S ribosomal RNA	1-2508:1
NC_035983.1	CDS	mttB	SecY-independent transporter protein	2549-3290:1
NC_035983.1	tRNA	trnQ(uug)	tRNA-Gln	3307-3378:1
NC_035983.1	tRNA	trnN(guu)	tRNA-Asn	3383-3455:1
NC_035983.1	tRNA	trnW(uca)	tRNA-Trp	3466-3537:1
NC_035983.1	tRNA	trnI(cau)	tRNA-Ile	3556-3629:1
NC_035983.1	tRNA	trnI(gau)	tRNA-Ile	3646-3719:1
NC_035983.1	tRNA	trnY(gua)	tRNA-Tyr	3721-3804:1
NC_035983.1	tRNA	trnL(uaa)	tRNA-Leu	3828-3903:1
NC_035983.1	tRNA	trnG(ucc)	tRNA-Gly	3930-4001:1
NC_035983.1	tRNA	trnM(cau)f	tRNA-Met	4021-4092:1
NC_035983.1	CDS	ND2	NADH dehydrogenase subunit 2	4140-5538:1
NC_035983.1	CDS	ND5	NADH dehydrogenase subunit 5	5639-7541:1
NC_035983.1	tRNA	trnL(uag)	tRNA-Leu	7572-7644:1
NC_035983.1	CDS	CYTB	cytochrome b	7645-8827:1
NC_035983.1	tRNA	trnM(cau)e	tRNA-Met	8844-8917:-1
NC_035983.1	tRNA	trnA(ugc)	tRNA-Ala	8918-8992:-1
NC_035983.1	CDS	ND4L	NADH dehydrogenase subunit 4L	9013-9313:-1
NC_035983.1	tRNA	trnR(ucg)	tRNA-Arg	9350-9421:-1
NC_035983.1	CDS	ND3	NADH dehydrogenase subunit 3	9448-9805:-1
NC_035983.1	CDS	ND6	NADH dehydrogenase subunit 6	9871-10459:-1
NC_035983.1	tRNA	trnE(uuc)	tRNA-Glu	10461-10533:-1
NC_035983.1	tRNA	trnH(gug)	tRNA-His	10534-10608:-1
NC_035983.1	CDS	ND4	NADH dehydrogenase subunit 4	10622-12077:-1
NC_035983.1	tRNA	trnP(ugg)	tRNA-Pro	12116-12189:-1
NC_035983.1	tRNA	trnS(gcu)	tRNA-Ser	12196-12282:-1
NC_035983.1	CDS	ATP9	ATP synthase F0 subunit 9	12337-12565:-1
NC_035983.1	tRNA	trnT(ugu)	tRNA-Thr	12625-12698:-1
NC_035983.1	rRNA	rns	12S ribosomal RNA	12698-13983:-1
NC_035983.1	tRNA	trnF(gaa)	tRNA-Phe	14039-14112:-1
NC_035983.1	CDS	COX3	cytochrome c oxidase subunit III	14220-15006:-1
NC_035983.1	tRNA	trnR(ucu)	tRNA-Arg	15060-15133:-1
NC_035983.1	CDS	ATP6	ATP synthase F0 subunit 6	15177-15915:-1
NC_035983.1	CDS	ATP8	ATP synthase F0 subunit 8	15916-16117:-1
NC_035983.1	tRNA	trnV(uac)	tRNA-Val	16120-16192:-1
NC_035983.1	CDS	COX2	cytochrome c oxidase subunit II	16230-16980:-1
NC_035983.1	CDS	COX1	cytochrome c oxidase subunit I	17101-18667:1
NC_035983.1	tRNA	trnS(uga)	tRNA-Ser	18680-18764:1
NC_035983.1	tRNA	trnD(guc)	tRNA-Asp	18790-18860:1
NC_035983.1	tRNA	trnC(gca)	tRNA-Cys	18884-18955:1
NC_035983.1	tRNA	trnK(uuu)	tRNA-Lys	18963-19036:1
NC_035983.1	CDS	ND1	NADH dehydrogenase subunit 1	19041-20028:1
NC_035983.1	tRNA	trnV(uac)	tRNA-Val	20248-20320:1
NC_031192.1	rRNA	rnl	16S ribosomal RNA	374-2075:1
NC_031192.1	CDS	ATP9	ATP synthase F0 subunit 9	2289-2523:1
NC_031192.1	CDS	COX1	cytochrome c oxidase subunit I	2672-4277:1
NC_031192.1	CDS	ND1	NADH dehydrogenase subunit 1	4249-5155:1
NC_031192.1	CDS	CYTB	cytochrome b	5234-6368:1
NC_031192.1	CDS	ND4	NADH dehydrogenase subunit 4	6361-7771:1
NC_031192.1	CDS	ND6	NADH dehydrogenase subunit 6	7815-8325:1
NC_031192.1	CDS	ND3	NADH dehydrogenase subunit 3	8325-8676:1
NC_031192.1	CDS	ND4L	NADH dehydrogenase subunit 4L	8675-8972:1
NC_031192.1	CDS	COX2	cytochrome c oxidase subunit II	9064-9769:1
NC_031192.1	CDS	ATP8	ATP synthase F0 subunit 8	9768-9984:1
NC_031192.1	CDS	ATP6	ATP synthase F0 subunit 6	9988-10696:1
NC_031192.1	CDS	COX3	cytochrome c oxidase subunit III	10807-11590:1
NC_031192.1	tRNA	trnW(uca)	tRNA-Trp	11716-11786:1
NC_031192.1	tRNA	trnM(cau)	tRNA-Met	11806-11877:1
NC_031192.1	CDS	ND2	NADH dehydrogenase subunit 2	11950-13282:1
NC_031192.1	CDS	ND5	NADH dehydrogenase subunit 5	13364-15251:1
NC_031192.1	rRNA	rns	12S ribosomal RNA	15348-16227:1
NC_028054.1	tRNA	trnE(uuc)	tRNA-Glu	771-836:1
NC_028054.1	tRNA	trnG(ucc)	tRNA-Gly	887-957:1
NC_028054.1	tRNA	trnH(gug)	tRNA-His	968-1037:1
NC_028054.1	CDS	COX1	cytochrome c oxidase subunit I	1051-2623:1
NC_028054.1	tRNA	trnT(ugu)	tRNA-Thr	2608-2675:1
NC_028054.1	tRNA	trnD(guc)	tRNA-Asp	2815-2885:1
NC_028054.1	CDS	ATP9	ATP synthase F0 subunit 9	2954-3194:1
NC_028054.1	tRNA	trnV(uac)	tRNA-Val	3205-3274:1
NC_028054.1	tRNA	trnM(cau)	tRNA-Met	3303-3371:1
NC_028054.1	tRNA	trnQ(uug)	tRNA-Gln	3367-3438:1
NC_028054.1	rRNA	rns	small subunit ribosomal RNA	3438-4352:1
NC_028054.1	rRNA	rnl	large subunit ribosomal RNA	4352-6006:1
NC_028054.1	tRNA	trnS(uga)	tRNA-Ser	6006-6074:1
NC_028054.1	tRNA	trnS(ucu)	tRNA-Ser	6089-6162:1
NC_028054.1	CDS	COX2	cytochrome c oxidase subunit II	7165-7894:1
NC_028054.1	tRNA	trnA(ugc)	tRNA-Ala	7916-7986:1
NC_028054.1	tRNA	trnP(ugg)	tRNA-Pro	7994-8061:1
NC_028054.1	tRNA	trnR(ucg)	tRNA-Arg	8059-8127:1
NC_028054.1	tRNA	trnK(uuu)	tRNA-Lys	8132-8200:1
NC_028054.1	CDS	ND3	NADH dehydrogenase subunit 3	8203-8563:1
NC_028054.1	tRNA	trnW(uca)	tRNA-Trp	8571-8639:1
NC_028054.1	tRNA	trnL(uag)	tRNA-Leu	8641-8709:1
NC_028054.1	CDS	ND4L	NADH dehydrogenase subunit 4L	8710-9013:1
NC_028054.1	CDS	ATP6	ATP synthase F0 subunit 6	9019-9748:1
NC_028054.1	CDS	COX3	cytochrome c oxidase subunit III	9772-10555:1
NC_028054.1	CDS	ND2	NADH dehydrogenase subunit 2	10602-11961:1
NC_028054.1	CDS	ND5	NADH dehydrogenase subunit 5	11890-13699:1
NC_028054.1	tRNA	trnF(gaa)	tRNA-Phe	13699-13770:1
NC_028054.1	tRNA	trnC(gca)	tRNA-Cys	13769-13836:1
NC_028054.1	CDS	ND1	NADH dehydrogenase subunit 1	13841-14795:1
NC_028054.1	tRNA	trnL(uaa)	tRNA-Leu	14794-14860:1
NC_028054.1	tRNA	trnI(gau)	tRNA-Ile	14860-14927:1
NC_028054.1	tRNA	trnN(guu)	tRNA-Asn	14928-14997:1
NC_028054.1	tRNA	trnY(gua)	tRNA-Tyr	15028-15096:1
NC_028054.1	CDS	CYTB	cytochrome b	15099-16275:1
NC_028054.1	CDS	ND4	NADH dehydrogenase subunit 4	16303-17719:1
NC_028054.1	CDS	ND6	NADH dehydrogenase subunit 6	18697-19234:1
NC_027520.1	rRNA	rnl	large subunit ribosomal RNA	3-2462:1
NC_027520.1	tRNA	trnI(cau)	tRNA-Ile	2465-2537:1
NC_027520.1	tRNA	trnY(gua)	tRNA-Tyr	2552-2623:1
NC_027520.1	tRNA	trnK(uuu)	tRNA-Lys	2644-2717:1
NC_027520.1	CDS	ATP8	ATP synthase F0 subunit 8	2718-2937:1
NC_027520.1	CDS	ATP6	ATP synthase F0 subunit 6	2937-3672:1
NC_027520.1	tRNA	trnR(ucu)	tRNA-Arg	3685-3756:1
NC_027520.1	CDS	COX3	cytochrome c oxidase subunit III	3786-4575:1
NC_027520.1	tRNA	trnQ(uug)	tRNA-Gln	4590-4663:1
NC_027520.1	tRNA	trnW(uca)	tRNA-Trp	4692-4763:1
NC_027520.1	tRNA	trnL(uag)	tRNA-Leu	4806-4879:1
NC_027520.1	tRNA	trnN(guu)	tRNA-Asn	4883-4954:1
NC_027520.1	CDS	CYTB	cytochrome b	4955-6110:1
NC_027520.1	tRNA	trnT(ugu)	tRNA-Thr	6122-6194:1
NC_027520.1	CDS	ATP9	ATP synthase F0 subunit 9	6233-6470:1
NC_027520.1	tRNA	trnS(gcu)	tRNA-Ser	6491-6578:1
NC_027520.1	tRNA	trnP(ugg)	tRNA-Pro	6595-6668:1
NC_027520.1	CDS	ND4	NADH dehydrogenase subunit 4	6696-8145:1
NC_027520.1	tRNA	trnH(gug)	tRNA-His	8157-8231:1
NC_027520.1	tRNA	trnE(uuc)	tRNA-Glu	8270-8341:1
NC_027520.1	CDS	ND6	NADH dehydrogenase subunit 6	8342-9035:1
NC_027520.1	tRNA	trnD(guc)	tRNA-Asp	9040-9114:1
NC_027520.1	CDS	ND3	NADH dehydrogenase subunit 3	9123-9489:1
NC_027520.1	CDS	ND4L	NADH dehydrogenase subunit 4L	9478-9778:1
NC_027520.1	CDS	COX1	cytochrome c oxidase subunit I	9846-11403:1
NC_027520.1	tRNA	trnS(uga)	tRNA-Ser	11393-11473:1
NC_027520.1	tRNA	trnC(gca)	tRNA-Cys	11509-11581:1
NC_027520.1	CDS	ND1	NADH dehydrogenase subunit 1	11590-12562:1
NC_027520.1	tRNA	trnL(uaa)	tRNA-Leu	12567-12641:1
NC_027520.1	tRNA	trnI(gau)	tRNA-Ile	12645-12719:1
NC_027520.1	tRNA	trnM(cau)	tRNA-Met	12753-12824:1
NC_027520.1	CDS	ND2	NADH dehydrogenase subunit 2	12837-14214:1
NC_027520.1	CDS	ND5	NADH dehydrogenase subunit 5	14215-16108:1
NC_027520.1	tRNA	trnA(ugc)	tRNA-Ala	16122-16195:1
NC_027520.1	CDS	COX2	cytochrome c oxidase subunit II	16225-16942:1
NC_027520.1	tRNA	trnF(gaa)	tRNA-Phe	17009-17082:1
NC_027520.1	rRNA	rns	small subunit ribosomal RNA	17083-18302:1
NC_027520.1	tRNA	trnG(ucc)	tRNA-Gly	18302-18374:1
NC_027520.1	tRNA	trnR(ucg)	tRNA-Arg	18391-18463:1
NC_027520.1	tRNA	trnV(uac)	tRNA-Val	18470-18543:1
NC_027419.1	tRNA	trnE	tRNA-Glu	241-308:1
NC_027419.1	tRNA	trnR1	tRNA-Gly	432-502:1
NC_027419.1	tRNA	trnH	tRNA-His	534-605:1
NC_027419.1	CDS	COX1	cytochrome c oxidase subunit I	620-2210:1
NC_027419.1	tRNA	trnP1	tRNA-Pro	1619-1675:1
NC_027419.1	tRNA	trnT1	tRNA-Thr	2175-2244:1
NC_027419.1	CDS	ATP8	ATP synthase F0 subunit 8	2244-2391:1
NC_027419.1	tRNA	trnD	tRNA-Asp	2404-2472:1
NC_027419.1	CDS	ATP9	ATP synthase F0 subunit 9	2548-2788:1
NC_027419.1	tRNA	trnV	tRNA-Val	2801-2869:1
NC_027419.1	tRNA	trnM	tRNA-Met	2893-2957:1
NC_027419.1	tRNA	trnQ	tRNA-Gln	2956-3027:1
NC_027419.1	rRNA	rnS	12S ribosomal RNA	3038-3941:1
NC_027419.1	rRNA	rnL	16S ribosomal RNA	4055-5588:1
NC_027419.1	tRNA	trnS1	tRNA-Ser	5608-5675:1
NC_027419.1	CDS	COX2	cytochrome c oxidase subunit II	5781-6507:1
NC_027419.1	tRNA	trnP2	tRNA-Pro	6643-6709:1
NC_027419.1	tRNA	trnR2	tRNA-Arg	6709-6775:1
NC_027419.1	tRNA	trnN	tRNA-Asn	6789-6858:1
NC_027419.1	CDS	ND3	NADH dehydrogenase subunit 3	6857-7217:1
NC_027419.1	tRNA	trnL1	tRNA-Leu	7231-7298:1
NC_027419.1	CDS	ND4L	NADH dehydrogenase subunit 4L	7300-7603:1
NC_027419.1	tRNA	trnS2	tRNA-Ser	7343-7405:1
NC_027419.1	CDS	ATP6	ATP synthase F0 subunit 6	7610-8339:1
NC_027419.1	CDS	COX3	cytochrome c oxidase subunit III	8339-9122:1
NC_027419.1	CDS	ND2	NADH dehydrogenase subunit 2	9490-10651:1
NC_027419.1	CDS	ND5	NADH dehydrogenase subunit 5	10580-12518:1
NC_027419.1	tRNA	trnT2	tRNA-Thr	10958-11030:1
NC_027419.1	tRNA	trnF	tRNA-Phe	12388-12460:1
NC_027419.1	tRNA	trnC	tRNA-Cys	12460-12539:1
NC_027419.1	CDS	ND1	NADH dehydrogenase subunit 1	12551-13505:1
NC_027419.1	tRNA	trnL2	tRNA-Leu	13508-13573:1
NC_027419.1	tRNA	trnI	tRNA-Ile	13579-13643:1
NC_027419.1	tRNA	trnN	tRNA-Asn	13645-13715:1
NC_027419.1	tRNA	trnY	tRNA-Tyr	13715-13782:1
NC_027419.1	CDS	CYTB	cytochrome b	13782-14961:1
NC_027419.1	CDS	ND4	NADH dehydrogenase subunit 4	15020-16436:1
NC_027419.1	CDS	ND6	NADH dehydrogenase subunit 6	17353-17881:1
NC_025335.1	rRNA		16S ribosomal RNA	31-2449:1
NC_025335.1	CDS	COX2	cytochrome c oxidase subunit II	2473-3232:1
NC_025335.1	tRNA		tRNA-Lys	3267-3340:1
NC_025335.1	CDS	ATP8	ATP synthase F0 subunit 8	3341-3533:1
NC_025335.1	CDS	ATP6	ATP synthase F0 subunit 6	3532-4267:1
NC_025335.1	tRNA		tRNA-Arg	4288-4361:1
NC_025335.1	CDS	COX3	cytochrome c oxidase subunit III	4379-5168:1
NC_025335.1	tRNA		tRNA-Gln	5191-5264:1
NC_025335.1	tRNA		tRNA-Trp	5272-5353:1
NC_025335.1	tRNA		tRNA-Asn	5370-5442:1
NC_025335.1	tRNA		tRNA-Leu	5442-5516:1
NC_025335.1	CDS	CYTB	cytochrome b	5518-6664:1
NC_025335.1	tRNA		tRNA-Thr	6674-6747:1
NC_025335.1	CDS	ATP9	ATP synthase F0 subunit 9	6787-7024:1
NC_025335.1	tRNA		tRNA-Ser	7061-7146:1
NC_025335.1	tRNA		tRNA-Pro	7175-7248:1
NC_025335.1	CDS	ND4	NADH dehydrogenase subunit 4	7269-8697:1
NC_025335.1	tRNA		tRNA-His	8702-8774:1
NC_025335.1	tRNA		tRNA-Glu	8801-8873:1
NC_025335.1	CDS	ND6	NADH dehydrogenase subunit 6	8875-9433:1
NC_025335.1	CDS	ND3	NADH dehydrogenase subunit 3	9441-9798:1
NC_025335.1	tRNA		tRNA-Arg	9810-9881:1
NC_025335.1	CDS	ND4L	NADH dehydrogenase subunit 4L	9881-10211:1
NC_025335.1	CDS	COX1	cytochrome c oxidase subunit I	10198-11761:1
NC_025335.1	tRNA		tRNA-Ser	11804-11879:1
NC_025335.1	tRNA		tRNA-Ile	11914-11987:1
NC_025335.1	tRNA		tRNA-Asp	12000-12072:1
NC_025335.1	tRNA		tRNA-Cys	12072-12152:1
NC_025335.1	CDS	ND1	NADH dehydrogenase subunit 1	12164-13148:1
NC_025335.1	tRNA		tRNA-Leu	13180-13261:1
NC_025335.1	tRNA		tRNA-Ile	13285-13359:1
NC_025335.1	tRNA		tRNA-Tyr	13408-13481:1
NC_025335.1	tRNA		tRNA-Met	13488-13559:1
NC_025335.1	CDS	ND2	NADH dehydrogenase subunit 2	13589-14987:1
NC_025335.1	CDS	ND5	NADH dehydrogenase subunit 5	14990-16835:1
NC_025335.1	tRNA		tRNA-Ala	16825-16898:1
NC_025335.1	tRNA		tRNA-Phe	16916-16989:1
NC_025335.1	rRNA		12S ribosomal RNA	16989-18254:1
NC_025335.1	tRNA		tRNA-Gly	18254-18326:1
NC_025335.1	tRNA		tRNA-Val	18340-18413:1
NC_023834.1	rRNA	rrnL	l-rRNA	35-2699:1
NC_023834.1	tRNA	trnY(gta)	tRNA-Tyr	2947-3018:1
NC_023834.1	tRNA	trnM(cat)	tRNA-Met	3061-3133:1
NC_023834.1	CDS	COX2	cytochrome c oxidase subunit II	3228-3960:1
NC_023834.1	tRNA	trnK(ttt)	tRNA-Lys	4056-4129:1
NC_023834.1	CDS	ATP8	ATP synthase F0 subunit 8	4130-4400:1
NC_023834.1	CDS	ATP6	ATP synthase F0 subunit 6	4459-5194:1
NC_023834.1	tRNA	trnR(tct)	tRNA-Arg	5385-5459:1
NC_023834.1	CDS	COX3	cytochrome c oxidase subunit III	5515-6304:1
NC_023834.1	tRNA	trnQ(ttg)	tRNA-Gln	6366-6438:1
NC_023834.1	tRNA	trnW(tca)	tRNA-Trp	6481-6552:1
NC_023834.1	tRNA	trnN(gtt)	tRNA-Asn	6626-6697:1
NC_023834.1	tRNA	trnL1(tag)	tRNA-Leu	6727-6801:1
NC_023834.1	CDS	CYTB	cytochrome b	6802-7957:1
NC_023834.1	tRNA	trnT(tgt)	tRNA-Thr	8015-8089:1
NC_023834.1	CDS	ATP9	ATP synthase F0 subunit 9	8182-8419:1
NC_023834.1	tRNA	trnS1(gct)	tRNA-Ser	8523-8609:1
NC_023834.1	tRNA	trnP(tgg)	tRNA-Pro	8647-8720:1
NC_023834.1	CDS	ND4	NADH dehydrogenase subunit 4	8783-10235:1
NC_023834.1	tRNA	trnH(gtg)	tRNA-His	10286-10359:1
NC_023834.1	tRNA	trnE(ttc)	tRNA-Glu	10422-10494:1
NC_023834.1	CDS	ND6	NADH dehydrogenase subunit 6	10494-11091:1
NC_023834.1	CDS	ND3	NADH dehydrogenase subunit 3	11115-11472:1
NC_023834.1	tRNA	trnR(tcg)	tRNA-Arg	11597-11668:1
NC_023834.1	CDS	ND4L	NADH dehydrogenase subunit 4L	11668-11968:1
NC_023834.1	CDS	COX1	cytochrome c oxidase subunit I	12135-13698:1
NC_023834.1	tRNA	trnS2(tga)	tRNA-Ser	13730-13814:1
NC_023834.1	tRNA	trnD(gtc)	tRNA-Asp	13856-13928:1
NC_023834.1	tRNA	trnC(gca)	tRNA-Cys	14538-14606:1
NC_023834.1	CDS	ND1	NADH dehydrogenase subunit 1	14697-15693:1
NC_023834.1	tRNA	trnL2(taa)	tRNA-Leu	15766-15850:1
NC_023834.1	tRNA	trnI(gat)	tRNA-Ile	15898-15971:1
NC_023834.1	tRNA	trnM(cat)	tRNA-Met	15979-16050:1
NC_023834.1	CDS	ND2	NADH dehydrogenase subunit 2	16136-17552:1
NC_023834.1	CDS	ND5	NADH dehydrogenase subunit 5	17645-19538:1
NC_023834.1	tRNA	trnA(tgc)	tRNA-Ala	19611-19684:1
NC_023834.1	tRNA	trnM(cat)	tRNA-Met	19775-19847:1
NC_023834.1	tRNA	trnF(gaa)	tRNA-Phe	19959-20032:1
NC_023834.1	rRNA	rrnS	s-rRNA	20032-21525:1
NC_023834.1	tRNA	trnG(tcc)	tRNA-Gly	21525-21597:1
NC_023834.1	tRNA	trnV(tac)	tRNA-Val	21646-21719:1
NC_022450.1	rRNA		l-rRNA	121-2915:1
NC_022450.1	tRNA		tRNA-Tyr	3118-3190:1
NC_022450.1	tRNA		tRNA-Met	3284-3356:1
NC_022450.1	CDS	COX2	cytochrome c oxidase subunit II	3367-4138:1
NC_022450.1	tRNA		tRNA-Lys	4337-4410:1
NC_022450.1	CDS	ATP8	ATP synthase F0 subunit 8	4411-4630:1
NC_022450.1	CDS	ATP6	ATP synthase F0 subunit 6	4952-5687:1
NC_022450.1	tRNA		tRNA-Arg	5905-5978:1
NC_022450.1	CDS	COX3	cytochrome c oxidase subunit III	6082-6871:1
NC_022450.1	tRNA		tRNA-Gln	6948-7020:1
NC_022450.1	tRNA		tRNA-Trp	7080-7151:1
NC_022450.1	tRNA		tRNA-Leu	7323-7397:1
NC_022450.1	tRNA		tRNA-Asn	7482-7554:1
NC_022450.1	CDS	CYTB	cytochrome b	7645-8797:1
NC_022450.1	tRNA		tRNA-Thr	8890-8963:1
NC_022450.1	CDS	ATP9	ATP synthase F0 subunit 9	9013-9250:1
NC_022450.1	tRNA		tRNA-Ser	9365-9440:1
NC_022450.1	tRNA		tRNA-Pro	9448-9524:1
NC_022450.1	CDS	ND4	NADH dehydrogenase subunit 4	9714-11169:1
NC_022450.1	tRNA		tRNA-His	11402-11474:1
NC_022450.1	tRNA		tRNA-Glu	11570-11643:1
NC_022450.1	CDS	ND6	NADH dehydrogenase subunit 6	11643-12225:1
NC_022450.1	tRNA		tRNA-Asp	12510-12582:1
NC_022450.1	CDS	ND3	NADH dehydrogenase subunit 3	12596-12953:1
NC_022450.1	tRNA		tRNA-Arg	13133-13204:1
NC_022450.1	CDS	ND4L	NADH dehydrogenase subunit 4L	13204-13504:1
NC_022450.1	CDS	COX1	cytochrome c oxidase subunit I	13612-15187:1
NC_022450.1	tRNA		tRNA-Ser	15335-15418:1
NC_022450.1	tRNA		tRNA-Cys	15451-15525:1
NC_022450.1	CDS	ND1	NADH dehydrogenase subunit 1	15655-16657:1
NC_022450.1	tRNA		tRNA-Leu	17066-17149:1
NC_022450.1	tRNA		tRNA-Ile	17157-17231:1
NC_022450.1	tRNA		tRNA-Met	17350-17421:1
NC_022450.1	CDS	ND2	NADH dehydrogenase subunit 2	17532-19056:1
NC_022450.1	CDS	ND5	NADH dehydrogenase subunit 5	19225-21184:1
NC_022450.1	tRNA		tRNA-Ala	21450-21523:1
NC_022450.1	tRNA		tRNA-Met	21528-21600:1
NC_022450.1	tRNA		tRNA-Phe	21822-21895:1
NC_022450.1	rRNA		s-rRNA	21896-23263:1
NC_022450.1	tRNA		tRNA-Gly	23263-23335:1
NC_022450.1	tRNA		tRNA-Val	23362-23435:1
NC_021422.1	rRNA	rnl	l-rRNA	204-2434:1
NC_021422.1	CDS	ATP9	ATP synthase F0 subunit 9	2628-2808:1
NC_021422.1	CDS	COX1	cytochrome c oxidase subunit I	2894-4499:1
NC_021422.1	CDS	ND1	NADH dehydrogenase subunit 1	4471-5377:1
NC_021422.1	CDS	CYTB	cytochrome b	5445-6591:1
NC_021422.1	CDS	ND4	NADH dehydrogenase subunit 4	6584-7994:1
NC_021422.1	CDS	ND6	NADH dehydrogenase subunit 6	8031-8541:1
NC_021422.1	CDS	ND3	NADH dehydrogenase subunit 3	8541-8892:1
NC_021422.1	CDS	ND4L	NADH dehydrogenase subunit 4L	8891-9188:1
NC_021422.1	CDS	COX2	cytochrome c oxidase subunit II	9258-9963:1
NC_021422.1	CDS	ATP8	ATP synthase F0 subunit 8	9962-10178:1
NC_021422.1	CDS	ATP6	ATP synthase F0 subunit 6	10181-10889:1
NC_021422.1	CDS	COX3	cytochrome c oxidase subunit III	10925-11699:1
NC_021422.1	tRNA	trnW(uca)	tRNA-Trp	11787-11857:1
NC_021422.1	tRNA	trnM(cau)	tRNA-Met	11921-11992:1
NC_021422.1	CDS	ND2	NADH dehydrogenase subunit 2	12189-13500:1
NC_021422.1	CDS	ND5	NADH dehydrogenase subunit 5	13650-15522:1
NC_021422.1	rRNA	rns	s-rRNA	15615-16422:1
NC_018360.1	rRNA	rnl	l-rRNA	83-3022:1
NC_018360.1	CDS	COX2	cytochrome c oxidase subunit II	3210-3987:1
NC_018360.1	tRNA	trnK(uuu)	tRNA-Lys	4583-4656:1
NC_018360.1	CDS	ATP8	ATP synthase F0 subunit 8	4657-4912:1
NC_018360.1	CDS	ATP6	ATP synthase F0 subunit 6	4952-5687:1
NC_018360.1	tRNA	trnR(ucu)	tRNA-Arg	5925-5999:1
NC_018360.1	CDS	COX3	cytochrome c oxidase subunit III	6136-6925:1
NC_018360.1	tRNA	trnQ(uug)	tRNA-Gln	7463-7536:1
NC_018360.1	tRNA	trnW(uca)	tRNA-Trp	8224-8295:1
NC_018360.1	tRNA	trnN(guu)	tRNA-Asn	8428-8500:1
NC_018360.1	tRNA	trnL(uag)	tRNA-Leu	8504-8578:1
NC_018360.1	CDS	CYTB	cytochrome b	8579-9728:1
NC_018360.1	tRNA	trnT(ugu)	tRNA-Thr	10338-10412:1
NC_018360.1	CDS	ATP9	ATP synthase F0 subunit 9	10620-10857:1
NC_018360.1	tRNA	trnS(gcu)	tRNA-Ser	10993-11081:1
NC_018360.1	tRNA	trnP(ugg)	tRNA-Pro	11083-11156:1
NC_018360.1	CDS	ND4	NADH dehydrogenase subunit 4	11271-12723:1
NC_018360.1	tRNA	trnH(gug)	tRNA-His	13918-13992:1
NC_018360.1	tRNA	trnE(uuc)	tRNA-Glu	14542-14614:1
NC_018360.1	CDS	ND6	NADH dehydrogenase subunit 6	14616-15204:1
NC_018360.1	CDS	ND3	NADH dehydrogenase subunit 3	15340-15697:1
NC_018360.1	tRNA	trnR(ucg)	tRNA-Arg	15871-15942:1
NC_018360.1	CDS	ND4L	NADH dehydrogenase subunit 4L	15944-16244:1
NC_018360.1	CDS	COX1	cytochrome c oxidase subunit I	16411-17992:1
NC_018360.1	tRNA	trnS(uga)	tRNA-Ser	18605-18691:1
NC_018360.1	tRNA	trnD(guc)	tRNA-Asp	18692-18765:1
NC_018360.1	tRNA	trnC(gca)	tRNA-Cys	18916-18989:1
NC_018360.1	CDS	ND1	NADH dehydrogenase subunit 1	19338-20313:1
NC_018360.1	tRNA	trnL(uaa)	tRNA-Leu	21030-21106:1
NC_018360.1	tRNA	trnI(gau)	tRNA-Ile	21151-21225:1
NC_018360.1	tRNA	trnY(gua)	tRNA-Tyr	21400-21484:1
NC_018360.1	tRNA	trnI(cau)	tRNA-Ile	22100-22173:1
NC_018360.1	tRNA	trnM(cau)f	tRNA-Met	22344-22416:1
NC_018360.1	CDS	ND2	NADH dehydrogenase subunit 2	22417-23905:1
NC_018360.1	CDS	ND5	NADH dehydrogenase subunit 5	24153-26058:1
NC_018360.1	tRNA	trnA(ugc)	tRNA-Ala	26035-26109:1
NC_018360.1	tRNA	trnM(cau)e	tRNA-Met	26329-26401:1
NC_018360.1	tRNA	trnF(gaa)	tRNA-Phe	26658-26732:1
NC_018360.1	rRNA	rns	s-rRNA	26732-28452:1
NC_018360.1	tRNA	trnG(ucc)	tRNA-Gly	28452-28524:1
NC_018360.1	tRNA	trnV(uac)	tRNA-Val	28541-28614:1
NC_018343.1	rRNA	rnl	l-rRNA	83-3089:1
NC_018343.1	CDS	COX2	cytochrome c oxidase subunit II	3323-4100:1
NC_018343.1	tRNA	trnK(uuu)	tRNA-Lys	4789-4862:1
NC_018343.1	CDS	ATP8	ATP synthase F0 subunit 8	4863-5118:1
NC_018343.1	CDS	ATP6	ATP synthase F0 subunit 6	5158-5893:1
NC_018343.1	tRNA	trnR(ucu)	tRNA-Arg	6378-6452:1
NC_018343.1	CDS	COX3	cytochrome c oxidase subunit III	6577-7366:1
NC_018343.1	tRNA	trnQ(uug)	tRNA-Gln	7893-7966:1
NC_018343.1	tRNA	trnW(uca)	tRNA-Trp	8688-8759:1
NC_018343.1	tRNA	trnN(guu)	tRNA-Asn	8899-8971:1
NC_018343.1	tRNA	trnL(uag)	tRNA-Leu	8975-9049:1
NC_018343.1	CDS	CYTB	cytochrome b	9050-10199:1
NC_018343.1	tRNA	trnT(ugu)	tRNA-Thr	10512-10586:1
NC_018343.1	CDS	ATP9	ATP synthase F0 subunit 9	10773-11010:1
NC_018343.1	tRNA	trnS(gcu)	tRNA-Ser	11154-11242:1
NC_018343.1	tRNA	trnP(ugg)	tRNA-Pro	11244-11317:1
NC_018343.1	CDS	ND4	NADH dehydrogenase subunit 4	11465-12917:1
NC_018343.1	tRNA	trnH(gug)	tRNA-His	13976-14050:1
NC_018343.1	tRNA	trnE(uuc)	tRNA-Glu	14310-14382:1
NC_018343.1	CDS	ND6	NADH dehydrogenase subunit 6	14384-14972:1
NC_018343.1	CDS	ND3	NADH dehydrogenase subunit 3	15118-15475:1
NC_018343.1	tRNA	trnR(ucg)	tRNA-Arg	15630-15701:1
NC_018343.1	CDS	ND4L	NADH dehydrogenase subunit 4L	15703-16003:1
NC_018343.1	CDS	COX1	cytochrome c oxidase subunit I	16133-17714:1
NC_018343.1	tRNA	trnS(uga)	tRNA-Ser	18254-18340:1
NC_018343.1	tRNA	trnD(guc)	tRNA-Asp	18341-18414:1
NC_018343.1	tRNA	trnC(gca)	tRNA-Cys	18678-18751:1
NC_018343.1	CDS	ND1	NADH dehydrogenase subunit 1	19182-20157:1
NC_018343.1	tRNA	trnL(uaa)	tRNA-Leu	20877-20953:1
NC_018343.1	tRNA	trnI(gau)	tRNA-Ile	21008-21082:1
NC_018343.1	tRNA	trnY(gua)	tRNA-Tyr	21230-21314:1
NC_018343.1	tRNA	trnI(cau)	tRNA-Ile	21572-21645:1
NC_018343.1	tRNA	trnM(cau)f	tRNA-Met	21817-21889:1
NC_018343.1	CDS	ND2	NADH dehydrogenase subunit 2	21890-23378:1
NC_018343.1	CDS	ND5	NADH dehydrogenase subunit 5	23643-25548:1
NC_018343.1	tRNA	trnA(ugc)	tRNA-Ala	25525-25599:1
NC_018343.1	tRNA	trnM(cau)e	tRNA-Met	25839-25911:1
NC_018343.1	tRNA	trnF(gaa)	tRNA-Phe	26200-26274:1
NC_018343.1	rRNA	rns	s-rRNA	26274-28065:1
NC_018343.1	tRNA	trnG(ucc)	tRNA-Gly	28065-28137:1
NC_018343.1	tRNA	trnV(uac)	tRNA-Val	28154-28227:1
NC_016949.1	rRNA	rnL	l-rRNA	0-2068:1
NC_016949.1	tRNA	trnD	tRNA-Asp	2349-2421:1
NC_016949.1	tRNA	trnN	tRNA-Asn	2427-2498:1
NC_016949.1	CDS	ND4L	NADH dehydrogenase subunit 4L	2631-2931:-1
NC_016949.1	tRNA	trnR2	tRNA-Arg	2959-3030:-1
NC_016949.1	CDS	ND3	NADH dehydrogenase subunit 3	3069-3423:-1
NC_016949.1	CDS	ND6	NADH dehydrogenase subunit 6	3424-3997:-1
NC_016949.1	tRNA	trnE	tRNA-Glu	4029-4101:-1
NC_016949.1	tRNA	trnH	tRNA-His	4147-4219:-1
NC_016949.1	CDS	ND4	NADH dehydrogenase subunit 4	4259-5801:-1
NC_016949.1	tRNA	trnP	tRNA-Pro	5688-5761:-1
NC_016949.1	tRNA	trnS2	tRNA-Ser	5776-5860:-1
NC_016949.1	CDS	ATP9	ATP synthase F0 subunit 9	5948-6185:-1
NC_016949.1	tRNA	trnT	tRNA-Thr	6266-6339:-1
NC_016949.1	CDS	CYTB	cytochrome b	6380-7526:-1
NC_016949.1	tRNA	trnL2	tRNA-Leu	7565-7638:-1
NC_016949.1	tRNA	trnI2	tRNA-Ile	7665-7738:-1
NC_016949.1	tRNA	trnY	tRNA-Tyr	7767-7848:-1
NC_016949.1	tRNA	trnI1	tRNA-Ile	7872-7945:-1
NC_016949.1	tRNA	trnL1	tRNA-Leu	7950-8024:-1
NC_016949.1	CDS	ND1	NADH dehydrogenase subunit 1	8036-9002:-1
NC_016949.1	tRNA	trnC	tRNA-Cys	9003-9076:-1
NC_016949.1	tRNA	trnS1	tRNA-Ser	9083-9168:-1
NC_016949.1	CDS	COX1	cytochrome c oxidase subunit I	9279-10866:1
NC_016949.1	CDS	COX2	cytochrome c oxidase subunit II	10898-11633:1
NC_016949.1	tRNA	trnK	tRNA-Lys	11747-11820:1
NC_016949.1	CDS	ATP8	ATP synthase F0 subunit 8	11821-12055:1
NC_016949.1	CDS	ATP6	ATP synthase F0 subunit 6	12048-12783:1
NC_016949.1	tRNA	trnR1	tRNA-Arg	12838-12911:1
NC_016949.1	CDS	COX3	cytochrome c oxidase subunit III	12924-13713:1
NC_016949.1	tRNA	trnQ	tRNA-Gln	13759-13830:1
NC_016949.1	tRNA	trnW	tRNA-Trp	13885-13956:1
NC_016949.1	tRNA	trnMi	tRNA-Met	14004-14075:1
NC_016949.1	CDS	ND2	NADH dehydrogenase subunit 2	14117-15545:1
NC_016949.1	CDS	ND5	NADH dehydrogenase subunit 5	15649-17506:1
NC_016949.1	tRNA	trnA	tRNA-Ala	17514-17587:1
NC_016949.1	tRNA	trnMe	tRNA-Met	17628-17701:1
NC_016949.1	tRNA	trnF	tRNA-Phe	17709-17782:1
NC_016949.1	rRNA	rnS	s-rRNA	17947-18899:1
NC_016949.1	tRNA	trnG	tRNA-Gly	19077-19149:1
NC_016949.1	tRNA	trnV	tRNA-Val	19189-19262:1
NC_016431.1	rRNA	rnl	l-rRNA	127-2934:1
NC_016431.1	CDS	COX2	cytochrome c oxidase subunit II	3070-3820:1
NC_016431.1	tRNA	trnK(uuu)	tRNA-Lys	4339-4412:1
NC_016431.1	CDS	ATP8	ATP synthase F0 subunit 8	4413-4662:1
NC_016431.1	CDS	ATP6	ATP synthase F0 subunit 6	4709-5444:1
NC_016431.1	tRNA	trnR(ucu)	tRNA-Arg	5774-5848:1
NC_016431.1	CDS	COX3	cytochrome c oxidase subunit III	6029-6764:1
NC_016431.1	tRNA	trnaQ(uug)	tRNA-Gln	6989-7062:1
NC_016431.1	tRNA	trnaW(uca)	tRNA-Trp	7421-7492:1
NC_016431.1	tRNA	trnaN(guu)	tRNA-Asn	7639-7711:1
NC_016431.1	tRNA	trnaL(uag)	tRNA-Leu	7715-7789:1
NC_016431.1	CDS	CYTB	cytochrome b	7790-8936:1
NC_016431.1	tRNA	trnaT(ugu)	tRNA-Thr	9111-9185:1
NC_016431.1	CDS	ATP9	ATP synthase F0 subunit 9	9307-9544:1
NC_016431.1	tRNA	trnaS(gcu)	tRNA-Ser	9653-9741:1
NC_016431.1	tRNA	trnaP(ugg)	tRNA-Pro	9743-9816:1
NC_016431.1	CDS	ND4	NADH dehydrogenase subunit 4	9949-11401:1
NC_016431.1	tRNA	trnaH(gug)	tRNA-His	12167-12239:1
NC_016431.1	tRNA	trnaE(uuc)	tRNA-Glu	12568-12640:1
NC_016431.1	CDS	ND6	NADH dehydrogenase subunit 6	12642-13212:1
NC_016431.1	CDS	ND3	NADH dehydrogenase subunit 3	13337-13694:1
NC_016431.1	tRNA	trnaR(ucg)	tRNA-Arg	13959-14030:1
NC_016431.1	CDS	ND4L	NADH dehydrogenase subunit 4L	14032-14332:1
NC_016431.1	CDS	COX1	cytochrome c oxidase subunit I	14483-16064:1
NC_016431.1	tRNA	trnaS(uga)	tRNA-Ser	16392-16478:1
NC_016431.1	tRNA	trnaD(guc)	tRNA-Asp	16479-16552:1
NC_016431.1	tRNA	trnaC(gca)	tRNA-Cys	16736-16809:1
NC_016431.1	CDS	ND1	NADH dehydrogenase subunit 1	17003-17990:1
NC_016431.1	tRNA	trnaL(uaa)	tRNA-Leu	18286-18362:1
NC_016431.1	tRNA	trnaI(gau)	tRNA-Ile	18374-18448:1
NC_016431.1	tRNA	trnaY(gua)	tRNA-Tyr	18589-18673:1
NC_016431.1	tRNA	trnaI(cau)	tRNA-Ile	18812-18885:1
NC_016431.1	tRNA	trnaM(cau)f	tRNA-Met	18998-19070:1
NC_016431.1	CDS	ND2	NADH dehydrogenase subunit 2	19072-20557:1
NC_016431.1	CDS	ND5	NADH dehydrogenase subunit 5	20731-22636:1
NC_016431.1	tRNA	trnaA(ugc)	tRNA-Ala	22613-22687:1
NC_016431.1	tRNA	trnaM(cau)e	tRNA-Met	22786-22858:1
NC_016431.1	tRNA	trnaF(gaa)	tRNA-Phe	23007-23081:1
NC_016431.1	rRNA	rns	s-rRNA	23081-24659:1
NC_016431.1	tRNA	trnaG(ucc)	tRNA-Gly	24659-24731:1
NC_016431.1	tRNA	trnaV(uac)	tRNA-Val	24777-24850:1
NC_014850.1	rRNA	rnl	l-rRNA	0-2480:1
NC_014850.1	CDS	mttB	SecY-independent transporter protein	2537-3269:1
NC_014850.1	tRNA	trnQ(uug)	tRNA-Gln	3290-3361:1
NC_014850.1	tRNA	trnN(guu)	tRNA-Asn	3366-3438:1
NC_014850.1	tRNA	trnW(uca)	tRNA-Trp	3447-3518:1
NC_014850.1	tRNA	trnI(cau)	tRNA-Ile	3540-3613:1
NC_014850.1	tRNA	trnI(gau)	tRNA-Ile	3631-3704:1
NC_014850.1	tRNA	trnY(gua)	tRNA-Tyr	3706-3789:1
NC_014850.1	tRNA	trnL(uaa)	tRNA-Leu	3806-3881:1
NC_014850.1	tRNA	trnG(ucc)	tRNA-Gly	3916-3987:1
NC_014850.1	tRNA	trnM(cau)f	tRNA-Met	4000-4071:1
NC_014850.1	CDS	ND2	NADH dehydrogenase subunit 2	4122-5520:1
NC_014850.1	CDS	ND5	NADH dehydrogenase subunit 5	5617-7519:1
NC_014850.1	tRNA	trnL(uag)	tRNA-Leu	7548-7621:1
NC_014850.1	CDS	CYTB	cytochrome b	7622-8795:1
NC_014850.1	tRNA	trnM(cau)e	tRNA-Met	8874-8946:-1
NC_014850.1	tRNA	trnA(ugc)	tRNA-Ala	8947-9021:-1
NC_014850.1	CDS	ND4L	NADH dehydrogenase subunit 4L	9042-9342:-1
NC_014850.1	tRNA	trnR(ucg)	tRNA-Arg	9379-9450:-1
NC_014850.1	CDS	ND3	NADH dehydrogenase subunit 3	9483-9840:-1
NC_014850.1	CDS	ND6	NADH dehydrogenase subunit 6	9902-10496:-1
NC_014850.1	tRNA	trnE(uuc)	tRNA-Glu	10498-10570:-1
NC_014850.1	tRNA	trnH(gug)	tRNA-His	10571-10644:-1
NC_014850.1	CDS	ND4	NADH dehydrogenase subunit 4	10659-12120:-1
NC_014850.1	tRNA	trnP(ugg)	tRNA-Pro	12167-12240:-1
NC_014850.1	tRNA	trnS(gcu)	tRNA-Ser	12247-12333:-1
NC_014850.1	CDS	ATP9	ATP synthase F0 subunit 9	12398-12626:-1
NC_014850.1	tRNA	trnT(ugu)	tRNA-Thr	12688-12761:-1
NC_014850.1	rRNA	rns	s-rRNA	12761-14044:-1
NC_014850.1	tRNA	trnF(gaa)	tRNA-Phe	14126-14199:-1
NC_014850.1	CDS	COX3	cytochrome c oxidase subunit III	14318-15104:-1
NC_014850.1	tRNA	trnR(ucu)	tRNA-Arg	15180-15253:-1
NC_014850.1	CDS	ATP6	ATP synthase F0 subunit 6	15297-16035:-1
NC_014850.1	CDS	ATP8	ATP synthase F0 subunit 8	16036-16237:-1
NC_014850.1	tRNA	trnY(gua)	tRNA-Tyr	16240-16312:-1
NC_014850.1	tRNA	trnT(ugu)	tRNA-Thr	16315-16388:-1
NC_014850.1	CDS	ND1	NADH dehydrogenase subunit 1	16431-17415:-1
NC_014850.1	tRNA	trnK(uuu)	tRNA-Lys	17447-17520:-1
NC_014850.1	tRNA	trnC(gca)	tRNA-Cys	17525-17597:-1
NC_014850.1	tRNA	trnD(guc)	tRNA-Asp	17618-17688:-1
NC_014850.1	tRNA	trnS(uga)	tRNA-Ser	17721-17806:-1
NC_014850.1	CDS	COX1	cytochrome c oxidase subunit I	17818-19384:-1
NC_014850.1	CDS	COX2	cytochrome c oxidase subunit II	19505-20255:1
NC_014850.1	tRNA	trnV(uac)	tRNA-Val	20296-20368:1
NC_014876.1	rRNA	rnl	l-rRNA	2-2572:1
NC_014876.1	CDS	COX1	cytochrome c oxidase subunit I	2610-4173:1
NC_014876.1	tRNA	trnS(uga)	tRNA-Ser	4293-4381:1
NC_014876.1	tRNA	trnC(gca)	tRNA-Cys	4385-4458:1
NC_014876.1	CDS	ND1	NADH dehydrogenase subunit 1	4461-5436:1
NC_014876.1	tRNA	trnL(uaa)	tRNA-Leu	5517-5598:1
NC_014876.1	tRNA	trnR(ucu)	tRNA-Arg	5682-5755:1
NC_014876.1	CDS	COX3	cytochrome c oxidase subunit III	5759-6545:1
NC_014876.1	tRNA	trnQ(uug)	tRNA-Gln	6712-6785:1
NC_014876.1	tRNA	trnW(uca)	tRNA-Trp	6947-7018:1
NC_014876.1	tRNA	trnM(cau)f	tRNA-Met	7195-7266:1
NC_014876.1	CDS	ND2	NADH dehydrogenase subunit 2	7267-8692:1
NC_014876.1	CDS	ND5	NADH dehydrogenase subunit 5	8822-10649:1
NC_014876.1	tRNA	trnA(ugc)	tRNA-Ala	10680-10753:1
NC_014876.1	CDS	COX2	cytochrome c oxidase subunit II	10883-11654:1
NC_014876.1	tRNA	trnK(uuu)	tRNA-Lys	11735-11808:1
NC_014876.1	CDS	ATP8	ATP synthase F0 subunit 8	11812-12034:1
NC_014876.1	CDS	ATP6	ATP synthase F0 subunit 6	12027-12762:1
NC_014876.1	tRNA	trnI(gau)	tRNA-Ile	12792-12865:1
NC_014876.1	tRNA	trnY(gua)	tRNA-Tyr	12871-12953:1
NC_014876.1	tRNA	trnI(cau)	tRNA-Ile	12956-13029:1
NC_014876.1	tRNA	trnD(guc)	tRNA-Asp	13034-13106:1
NC_014876.1	tRNA	trnN(guu)	tRNA-Asn	13115-13187:1
NC_014876.1	tRNA	trnL(uag)	tRNA-Leu	13361-13435:1
NC_014876.1	CDS	CYTB	cytochrome b	13436-14582:1
NC_014876.1	tRNA	trnT(ugu)	tRNA-Thr	14728-14801:1
NC_014876.1	CDS	ATP9	ATP synthase F0 subunit 9	14856-15093:1
NC_014876.1	tRNA	trnS(gcu)	tRNA-Ser	15153-15238:1
NC_014876.1	tRNA	trnP(ugg)	tRNA-Pro	15242-15314:1
NC_014876.1	CDS	ND4	NADH dehydrogenase subunit 4	15457-16915:1
NC_014876.1	tRNA	trnH(gug)	tRNA-His	16972-17044:1
NC_014876.1	tRNA	trnE(uuc)	tRNA-Glu	17195-17267:1
NC_014876.1	CDS	ND6	NADH dehydrogenase subunit 6	17271-17847:1
NC_014876.1	CDS	ND3	NADH dehydrogenase subunit 3	17976-18336:1
NC_014876.1	tRNA	trnR(ucg)	tRNA-Arg	18443-18514:1
NC_014876.1	CDS	ND4L	NADH dehydrogenase subunit 4L	18519-18819:1
NC_014876.1	tRNA	trnM(cau)e	tRNA-Met	19081-19154:1
NC_014876.1	tRNA	trnF(gaa)	tRNA-Phe	19157-19230:1
NC_014876.1	rRNA	rns	s-rRNA	19237-20443:1
NC_014876.1	tRNA	trnG(ucc)	tRNA-Gly	20443-20515:1
NC_014876.1	tRNA	trnV(uac)	tRNA-Val	20518-20591:1
NC_014872.1	rRNA	rnl	l-rRNA	64-2525:1
NC_014872.1	tRNA	trnP(ugg)	tRNA-Pro	2601-2674:1
NC_014872.1	CDS	ND4	NADH dehydrogenase subunit 4	2688-4155:1
NC_014872.1	CDS	ND6	NADH dehydrogenase subunit 6	4291-4885:1
NC_014872.1	CDS	ND3	NADH dehydrogenase subunit 3	5039-5408:1
NC_014872.1	CDS	ND1	NADH dehydrogenase subunit 1	5457-6441:1
NC_014872.1	CDS	ATP9	ATP synthase F0 subunit 9	6503-6731:1
NC_014872.1	CDS	ND4L	NADH dehydrogenase subunit 4L	6778-7114:1
NC_014872.1	tRNA	trnI(cau)	tRNA-Ile	7152-7224:1
NC_014872.1	tRNA	trnM(cau)	tRNA-Met	7296-7367:1
NC_014872.1	CDS	ND2	NADH dehydrogenase subunit 2	7380-8805:1
NC_014872.1	CDS	ND5	NADH dehydrogenase subunit 5	8823-10680:1
NC_014872.1	CDS	COX1	cytochrome c oxidase subunit I	10727-12290:1
NC_014872.1	tRNA	trnQ(uug)	tRNA-Gln	12940-13012:1
NC_014872.1	tRNA	trnW(uca)	tRNA-Trp	13051-13122:1
NC_014872.1	CDS	CYTB	cytochrome b	13208-14396:1
NC_014872.1	CDS	COX2	cytochrome c oxidase subunit II	14459-15218:1
NC_014872.1	CDS	ATP8	ATP synthase F0 subunit 8	15247-15448:1
NC_014872.1	CDS	ATP6	ATP synthase F0 subunit 6	15449-16193:1
NC_014872.1	CDS	COX3	cytochrome c oxidase subunit III	16233-17019:1
NC_014872.1	rRNA	rns	s-rRNA	17066-18333:1
NC_014863.1	rRNA	rnl	l-rRNA	0-2497:1
NC_014863.1	CDS	mttB	SecY-independent transporter protein	2546-3275:1
NC_014863.1	tRNA	trnQ(uug)	tRNA-Gln	3278-3349:1
NC_014863.1	tRNA	trnN(guu)	tRNA-Asn	3354-3426:1
NC_014863.1	tRNA	trnW(uca)	tRNA-Trp	3435-3506:1
NC_014863.1	tRNA	trnI(cau)	tRNA-Ile	3516-3589:1
NC_014863.1	tRNA	trnI(gau)	tRNA-Ile	3606-3679:1
NC_014863.1	tRNA	trnY(gua)	tRNA-Tyr	3681-3764:1
NC_014863.1	tRNA	trnL(uaa)	tRNA-Leu	3782-3857:1
NC_014863.1	tRNA	trnG(ucc)	tRNA-Gly	3869-3940:1
NC_014863.1	tRNA	trnM(cau)f	tRNA-Met	3960-4031:1
NC_014863.1	CDS	ND2	NADH dehydrogenase subunit 2	4085-5483:1
NC_014863.1	CDS	ND5	NADH dehydrogenase subunit 5	5584-7486:1
NC_014863.1	tRNA	trnL(uag)	tRNA-Leu	7517-7590:1
NC_014863.1	CDS	CYTB	cytochrome b	7591-8761:1
NC_014863.1	tRNA	trnM(cau)e	tRNA-Met	8814-8886:-1
NC_014863.1	tRNA	trnA(ugc)	tRNA-Ala	8887-8961:-1
NC_014863.1	CDS	ND4L	NADH dehydrogenase subunit 4L	8982-9282:-1
NC_014863.1	tRNA	trnR(ucg)	tRNA-Arg	9319-9390:-1
NC_014863.1	CDS	ND3	NADH dehydrogenase subunit 3	9423-9780:-1
NC_014863.1	CDS	ND6	NADH dehydrogenase subunit 6	9839-10433:-1
NC_014863.1	tRNA	trnE(uuc)	tRNA-Glu	10435-10507:-1
NC_014863.1	tRNA	trnH(gug)	tRNA-His	10508-10581:-1
NC_014863.1	CDS	ND4	NADH dehydrogenase subunit 4	10595-12071:-1
NC_014863.1	tRNA	trnP(ugg)	tRNA-Pro	12101-12174:-1
NC_014863.1	tRNA	trnS(gcu)	tRNA-Ser	12181-12267:-1
NC_014863.1	CDS	ATP9	ATP synthase F0 subunit 9	12332-12560:-1
NC_014863.1	tRNA	trnT(ugu)	tRNA-Thr	12622-12695:-1
NC_014863.1	rRNA	rns	s-rRNA	12695-13974:-1
NC_014863.1	tRNA	trnF(gaa)	tRNA-Phe	14029-14102:-1
NC_014863.1	CDS	COX3	cytochrome c oxidase subunit III	14188-14974:-1
NC_014863.1	tRNA	trnR(ucu)	tRNA-Arg	15040-15113:-1
NC_014863.1	CDS	ATP6	ATP synthase F0 subunit 6	15157-15895:-1
NC_014863.1	CDS	ATP8	ATP synthase F0 subunit 8	15896-16097:-1
NC_014863.1	tRNA	trnV(uac)	tRNA-Val	16100-16172:-1
NC_014863.1	tRNA	trnT(ugu)	tRNA-Thr	16222-16295:-1
NC_014863.1	CDS	ND1	NADH dehydrogenase subunit 1	16340-17324:-1
NC_014863.1	tRNA	trnK(uuu)	tRNA-Lys	17342-17415:-1
NC_014863.1	tRNA	trnC(gca)	tRNA-Cys	17417-17489:-1
NC_014863.1	tRNA	trnD(guc)	tRNA-Asp	17510-17580:-1
NC_014863.1	tRNA	trnS(uga)	tRNA-Ser	17614-17699:-1
NC_014863.1	CDS	COX1	cytochrome c oxidase subunit I	17712-19278:-1
NC_014863.1	CDS	COX2	cytochrome c oxidase subunit II	19398-20148:1
NC_014863.1	tRNA	trnV(uac)	tRNA-Val	20188-20260:1
NC_014892.1	rRNA	rnl	l-rRNA	69-2547:1
NC_014892.1	tRNA	trnP(ugg)	tRNA-Pro	2618-2691:1
NC_014892.1	CDS	ND4	NADH dehydrogenase subunit 4	2705-4172:1
NC_014892.1	CDS	ND6	NADH dehydrogenase subunit 6	4333-4927:1
NC_014892.1	CDS	ND3	NADH dehydrogenase subunit 3	5093-5462:1
NC_014892.1	CDS	ND1	NADH dehydrogenase subunit 1	5516-6500:1
NC_014892.1	CDS	ATP9	ATP synthase F0 subunit 9	6563-6791:1
NC_014892.1	CDS	ND4L	NADH dehydrogenase subunit 4L	6839-7145:1
NC_014892.1	tRNA	trnI(cau)	tRNA-Ile	7272-7344:1
NC_014892.1	tRNA	trnM(cau)	tRNA-Met	7479-7550:1
NC_014892.1	CDS	ND2	NADH dehydrogenase subunit 2	7559-8999:1
NC_014892.1	CDS	ND5	NADH dehydrogenase subunit 5	9002-10877:1
NC_014892.1	CDS	COX1	cytochrome c oxidase subunit I	11199-12768:1
NC_014892.1	tRNA	trnQ(uug)	tRNA-Gln	13337-13409:1
NC_014892.1	tRNA	trnW(uca)	tRNA-Trp	13470-13541:1
NC_014892.1	CDS	CYTB	cytochrome b	13775-14966:1
NC_014892.1	CDS	COX2	cytochrome c oxidase subunit II	15059-15815:1
NC_014892.1	CDS	ATP8	ATP synthase F0 subunit 8	15844-16045:1
NC_014892.1	CDS	ATP6	ATP synthase F0 subunit 6	16046-16775:1
NC_014892.1	CDS	COX3	cytochrome c oxidase subunit III	16822-17608:1
NC_014892.1	rRNA	rns	s-rRNA	17657-18925:1
NC_014888.1	rRNA	rnl	l-rRNA	0-2496:1
NC_014888.1	CDS	mttB	SecY-independent transporter protein	2545-3274:1
NC_014888.1	tRNA	trnQ(uug)	tRNA-Gln	3277-3348:1
NC_014888.1	tRNA	trnN(guu)	tRNA-Asn	3353-3425:1
NC_014888.1	tRNA	trnW(uca)	tRNA-Trp	3434-3505:1
NC_014888.1	tRNA	trnI(cau)	tRNA-Ile	3515-3588:1
NC_014888.1	tRNA	trnI(gau)	tRNA-Ile	3605-3678:1
NC_014888.1	tRNA	trnY(gua)	tRNA-Tyr	3680-3763:1
NC_014888.1	tRNA	trnL(uaa)	tRNA-Leu	3781-3856:1
NC_014888.1	tRNA	trnG(ucc)	tRNA-Gly	3868-3939:1
NC_014888.1	tRNA	trnM(cau)f	tRNA-Met	3959-4030:1
NC_014888.1	CDS	ND2	NADH dehydrogenase subunit 2	4084-5482:1
NC_014888.1	CDS	ND5	NADH dehydrogenase subunit 5	5583-7485:1
NC_014888.1	tRNA	trnL(uag)	tRNA-Leu	7516-7589:1
NC_014888.1	CDS	CYTB	cytochrome b	7590-8760:1
NC_014888.1	tRNA	trnM(cau)e	tRNA-Met	8813-8885:-1
NC_014888.1	tRNA	trnA(ugc)	tRNA-Ala	8886-8960:-1
NC_014888.1	CDS	ND4L	NADH dehydrogenase subunit 4L	8981-9281:-1
NC_014888.1	tRNA	trnR(ucg)	tRNA-Arg	9318-9389:-1
NC_014888.1	CDS	ND3	NADH dehydrogenase subunit 3	9422-9779:-1
NC_014888.1	CDS	ND6	NADH dehydrogenase subunit 6	9838-10432:-1
NC_014888.1	tRNA	trnE(uuc)	tRNA-Glu	10434-10506:-1
NC_014888.1	tRNA	trnH(gug)	tRNA-His	10507-10580:-1
NC_014888.1	CDS	ND4	NADH dehydrogenase subunit 4	10594-12070:-1
NC_014888.1	tRNA	trnP(ugg)	tRNA-Pro	12100-12173:-1
NC_014888.1	tRNA	trnS(gcu)	tRNA-Ser	12180-12266:-1
NC_014888.1	CDS	ATP9	ATP synthase F0 subunit 9	12331-12559:-1
NC_014888.1	tRNA	trnT(ugu)	tRNA-Thr	12621-12694:-1
NC_014888.1	rRNA	rns	s-rRNA	12694-13973:-1
NC_014888.1	tRNA	trnF(gaa)	tRNA-Phe	14028-14101:-1
NC_014888.1	CDS	COX3	cytochrome c oxidase subunit III	14187-14973:-1
NC_014888.1	tRNA	trnR(ucu)	tRNA-Arg	15039-15112:-1
NC_014888.1	CDS	ATP6	ATP synthase F0 subunit 6	15156-15894:-1
NC_014888.1	CDS	ATP8	ATP synthase F0 subunit 8	15895-16096:-1
NC_014888.1	tRNA	trnV(uac)	tRNA-Val	16099-16171:-1
NC_014888.1	tRNA	trnT(ugu)	tRNA-Thr	16221-16294:-1
NC_014888.1	CDS	ND1	NADH dehydrogenase subunit 1	16340-17324:-1
NC_014888.1	tRNA	trnK(uuu)	tRNA-Lys	17342-17415:-1
NC_014888.1	tRNA	trnC(gca)	tRNA-Cys	17417-17489:-1
NC_014888.1	tRNA	trnD(guc)	tRNA-Asp	17510-17580:-1
NC_014888.1	tRNA	trnS(uga)	tRNA-Ser	17615-17700:-1
NC_014888.1	CDS	COX1	cytochrome c oxidase subunit I	17713-19279:-1
NC_014888.1	CDS	COX2	cytochrome c oxidase subunit II	19399-20149:1
NC_014888.1	tRNA	trnV(uac)	tRNA-Val	20190-20262:1
NC_014886.1	rRNA	rnl	l-rRNA	0-2520:1
NC_014886.1	CDS	mttB	SecY-independent transporter protein	2554-3316:1
NC_014886.1	tRNA	trnQ(uug)	tRNA-Gln	3319-3390:1
NC_014886.1	tRNA	trnN(guu)	tRNA-Asn	3395-3467:1
NC_014886.1	tRNA	trnW(uca)	tRNA-Trp	3475-3546:1
NC_014886.1	tRNA	trnI(cau)	tRNA-Ile	3557-3630:1
NC_014886.1	tRNA	trnI(gau)	tRNA-Ile	3648-3721:1
NC_014886.1	tRNA	trnY(gua)	tRNA-Tyr	3723-3806:1
NC_014886.1	tRNA	trnL(uaa)	tRNA-Leu	3824-3899:1
NC_014886.1	tRNA	trnG(ucc)	tRNA-Gly	3939-4010:1
NC_014886.1	tRNA	trnM(cau)f	tRNA-Met	4027-4098:1
NC_014886.1	CDS	ND2	NADH dehydrogenase subunit 2	4148-5546:1
NC_014886.1	CDS	ND5	NADH dehydrogenase subunit 5	5648-7550:1
NC_014886.1	tRNA	trnL(uag)	tRNA-Leu	7578-7651:1
NC_014886.1	CDS	CYTB	cytochrome b	7652-8855:1
NC_014886.1	tRNA	trnM(cau)e	tRNA-Met	8866-8938:-1
NC_014886.1	tRNA	trnA(ugc)	tRNA-Ala	8939-9013:-1
NC_014886.1	CDS	ND4L	NADH dehydrogenase subunit 4L	9034-9334:-1
NC_014886.1	CDS	ND6	NADH dehydrogenase subunit 6	9892-10486:-1
NC_014886.1	tRNA	trnE(uuc)	tRNA-Glu	10488-10560:-1
NC_014886.1	tRNA	trnH(gug)	tRNA-His	10561-10634:-1
NC_014886.1	CDS	ND4	NADH dehydrogenase subunit 4	10649-12110:-1
NC_014886.1	tRNA	trnP(ugg)	tRNA-Pro	12156-12229:-1
NC_014886.1	tRNA	trnS(gcu)	tRNA-Ser	12236-12322:-1
NC_014886.1	CDS	ATP9	ATP synthase F0 subunit 9	12386-12614:-1
NC_014886.1	tRNA	trnT(ugu)	tRNA-Thr	12675-12748:-1
NC_014886.1	rRNA	rns	s-rRNA	12748-14028:-1
NC_014886.1	tRNA	trnF(gaa)	tRNA-Phe	14083-14156:-1
NC_014886.1	CDS	COX3	cytochrome c oxidase subunit III	14286-15072:-1
NC_014886.1	tRNA	trnR(ucu)	tRNA-Arg	15137-15210:-1
NC_014886.1	CDS	ATP6	ATP synthase F0 subunit 6	15254-15992:-1
NC_014886.1	CDS	ATP8	ATP synthase F0 subunit 8	15995-16196:-1
NC_014886.1	tRNA	trnV(uac)	tRNA-Val	16199-16271:-1
NC_014886.1	tRNA	trnT(ugu)	tRNA-Thr	16310-16383:-1
NC_014886.1	CDS	ND1	NADH dehydrogenase subunit 1	16494-17409:-1
NC_014886.1	tRNA	trnK(uuu)	tRNA-Lys	17427-17500:-1
NC_014886.1	tRNA	trnC(gca)	tRNA-Cys	17502-17574:-1
NC_014886.1	tRNA	trnD(guc)	tRNA-Asp	17590-17660:-1
NC_014886.1	tRNA	trnS(uga)	tRNA-Ser	17686-17771:-1
NC_014886.1	CDS	COX1	cytochrome c oxidase subunit I	17783-19349:-1
NC_014886.1	CDS	COX2	cytochrome c oxidase subunit II	19470-20220:1
NC_014886.1	tRNA	trnV(uac)	tRNA-Val	20260-20332:1
NC_014885.1	rRNA	rnl	l-rRNA	74-2539:1
NC_014885.1	tRNA	trnP(ugg)	tRNA-Pro	2621-2694:1
NC_014885.1	CDS	ND4	NADH dehydrogenase subunit 4	2708-4175:1
NC_014885.1	CDS	ND6	NADH dehydrogenase subunit 6	4328-4922:1
NC_014885.1	CDS	ND3	NADH dehydrogenase subunit 3	5067-5436:1
NC_014885.1	CDS	ND1	NADH dehydrogenase subunit 1	5482-6472:1
NC_014885.1	CDS	ATP9	ATP synthase F0 subunit 9	6525-6753:1
NC_014885.1	CDS	ND4L	NADH dehydrogenase subunit 4L	6802-7210:1
NC_014885.1	tRNA	trnI(cau)	tRNA-Ile	7222-7294:1
NC_014885.1	tRNA	trnM(cau)	tRNA-Met	7385-7456:1
NC_014885.1	CDS	ND2	NADH dehydrogenase subunit 2	7471-8767:1
NC_014885.1	CDS	ND5	NADH dehydrogenase subunit 5	8912-10781:1
NC_014885.1	CDS	COX1	cytochrome c oxidase subunit I	11196-12069:1,13033-13723:1
NC_014885.1	tRNA	trnQ(uug)	tRNA-Gln	14300-14372:1
NC_014885.1	tRNA	trnW(uca)	tRNA-Trp	14431-14502:1
NC_014885.1	CDS	CYTB	cytochrome b	14834-16013:1
NC_014885.1	CDS	COX2	cytochrome c oxidase subunit II	16115-16874:1
NC_014885.1	CDS	ATP8	ATP synthase F0 subunit 8	16903-17104:1
NC_014885.1	CDS	ATP6	ATP synthase F0 subunit 6	17105-17834:1
NC_014885.1	CDS	COX3	cytochrome c oxidase subunit III	17881-18667:1
NC_014885.1	rRNA	rns	s-rRNA	18716-20000:1
NC_014884.1	rRNA	rnl	l-rRNA	69-2543:1
NC_014884.1	tRNA	trnP(ugg)	tRNA-Pro	2613-2686:1
NC_014884.1	CDS	ND4	NADH dehydrogenase subunit 4	2700-4167:1
NC_014884.1	CDS	ND6	NADH dehydrogenase subunit 6	4326-4920:1
NC_014884.1	CDS	ND3	NADH dehydrogenase subunit 3	5083-5452:1
NC_014884.1	CDS	ND1	NADH dehydrogenase subunit 1	5505-6489:1
NC_014884.1	CDS	ATP9	ATP synthase F0 subunit 9	6549-6777:1
NC_014884.1	CDS	ND4L	NADH dehydrogenase subunit 4L	6825-7155:1
NC_014884.1	tRNA	trnI(cau)	tRNA-Ile	7278-7350:1
NC_014884.1	tRNA	trnM(cau)	tRNA-Met	7487-7558:1
NC_014884.1	CDS	ND2	NADH dehydrogenase subunit 2	7567-8998:1
NC_014884.1	CDS	ND5	NADH dehydrogenase subunit 5	9012-10887:1
NC_014884.1	CDS	COX1	cytochrome c oxidase subunit I	11203-12766:1
NC_014884.1	tRNA	trnQ(uug)	tRNA-Gln	13623-13695:1
NC_014884.1	tRNA	trnW(uca)	tRNA-Trp	13755-13826:1
NC_014884.1	CDS	CYTB	cytochrome b	14154-15345:1
NC_014884.1	CDS	COX2	cytochrome c oxidase subunit II	15436-16186:1
NC_014884.1	CDS	ATP8	ATP synthase F0 subunit 8	16215-16416:1
NC_014884.1	CDS	ATP6	ATP synthase F0 subunit 6	16417-17146:1
NC_014884.1	CDS	COX3	cytochrome c oxidase subunit III	17193-17979:1
NC_014884.1	rRNA	rns	s-rRNA	18029-19302:1
NC_014868.1	rRNA	rnl	l-rRNA	59-2532:1
NC_014868.1	tRNA	trnP(ugg)	tRNA-Pro	2588-2661:1
NC_014868.1	CDS	ND4	NADH dehydrogenase subunit 4	2675-4145:1
NC_014868.1	CDS	ND6	NADH dehydrogenase subunit 6	4238-4832:1
NC_014868.1	CDS	ND3	NADH dehydrogenase subunit 3	5257-5626:1
NC_014868.1	CDS	ND1	NADH dehydrogenase subunit 1	5682-6669:1
NC_014868.1	CDS	ATP9	ATP synthase F0 subunit 9	6720-6948:1
NC_014868.1	CDS	ND4L	NADH dehydrogenase subunit 4L	6991-7312:1
NC_014868.1	tRNA	trnI(cau)	tRNA-Ile	7494-7566:1
NC_014868.1	tRNA	trnM(cau)	tRNA-Met	7702-7773:1
NC_014868.1	CDS	ND2	NADH dehydrogenase subunit 2	7782-9210:1
NC_014868.1	CDS	ND5	NADH dehydrogenase subunit 5	9224-11081:1
NC_014868.1	CDS	COX1	cytochrome c oxidase subunit I	11265-12813:1
NC_014868.1	tRNA	trnQ(uug)	tRNA-Gln	12892-12964:1
NC_014868.1	tRNA	trnW(uca)	tRNA-Trp	13023-13094:1
NC_014868.1	CDS	CYTB	cytochrome b	13352-14531:1
NC_014868.1	CDS	COX2	cytochrome c oxidase subunit II	14634-15375:1
NC_014868.1	CDS	ATP8	ATP synthase F0 subunit 8	15386-15587:1
NC_014868.1	CDS	ATP6	ATP synthase F0 subunit 6	15588-16332:1
NC_014868.1	CDS	COX3	cytochrome c oxidase subunit III	16374-17160:1
NC_014868.1	rRNA	rns	s-rRNA	17207-18481:1
NC_014860.1	rRNA	rnl	l-rRNA	76-2546:1
NC_014860.1	tRNA	trnP(ugg)	tRNA-Pro	2616-2689:1
NC_014860.1	CDS	ND4	NADH dehydrogenase subunit 4	2702-4166:1
NC_014860.1	CDS	ND6	NADH dehydrogenase subunit 6	4341-4935:1
NC_014860.1	CDS	ND3	NADH dehydrogenase subunit 3	4970-5339:1
NC_014860.1	CDS	ND1	NADH dehydrogenase subunit 1	5395-6379:1
NC_014860.1	CDS	ATP9	ATP synthase F0 subunit 9	6434-6662:1
NC_014860.1	CDS	ND4L	NADH dehydrogenase subunit 4L	6716-7040:1
NC_014860.1	tRNA	trnI(cau)	tRNA-Ile	7187-7259:1
NC_014860.1	tRNA	trnM(cau)	tRNA-Met	7425-7496:1
NC_014860.1	CDS	ND2	NADH dehydrogenase subunit 2	7506-8946:1
NC_014860.1	CDS	ND5	NADH dehydrogenase subunit 5	8954-10811:1
NC_014860.1	CDS	COX1	cytochrome c oxidase subunit I	10962-12543:1
NC_014860.1	tRNA	trnQ(uug)	tRNA-Gln	13095-13167:1
NC_014860.1	tRNA	trnW(uca)	tRNA-Trp	13237-13308:1
NC_014860.1	CDS	CYTB	cytochrome b	13662-14841:1
NC_014860.1	CDS	COX2	cytochrome c oxidase subunit II	14956-15715:1
NC_014860.1	CDS	ATP8	ATP synthase F0 subunit 8	15744-15939:1
NC_014860.1	CDS	ATP6	ATP synthase F0 subunit 6	15946-16690:1
NC_014860.1	CDS	COX3	cytochrome c oxidase subunit III	16737-17523:1
NC_014860.1	rRNA	rns	s-rRNA	17569-18837:1
NC_014856.1	rRNA	rnl	l-rRNA	0-2506:1
NC_014856.1	CDS	mttB	SecY-independent transporter protein	2549-3311:1
NC_014856.1	tRNA	trnQ(uug)	tRNA-Gln	3332-3403:1
NC_014856.1	tRNA	trnN(guu)	tRNA-Asn	3408-3480:1
NC_014856.1	tRNA	trnW(uca)	tRNA-Trp	3489-3560:1
NC_014856.1	tRNA	trnI(cau)	tRNA-Ile	3573-3646:1
NC_014856.1	tRNA	trnI(gau)	tRNA-Ile	3664-3737:1
NC_014856.1	tRNA	trnY(gua)	tRNA-Tyr	3739-3822:1
NC_014856.1	tRNA	trnL(uaa)	tRNA-Leu	3840-3915:1
NC_014856.1	tRNA	trnG(ucc)	tRNA-Gly	3949-4020:1
NC_014856.1	tRNA	trnM(cau)f	tRNA-Met	4040-4111:1
NC_014856.1	CDS	ND2	NADH dehydrogenase subunit 2	4161-5559:1
NC_014856.1	CDS	ND5	NADH dehydrogenase subunit 5	5661-7563:1
NC_014856.1	tRNA	trnL(uag)	tRNA-Leu	7592-7665:1
NC_014856.1	CDS	CYTB	cytochrome b	7666-8836:1
NC_014856.1	tRNA	trnM(cau)e	tRNA-Met	8897-8969:-1
NC_014856.1	tRNA	trnA(ugc)	tRNA-Ala	8970-9044:-1
NC_014856.1	CDS	ND4L	NADH dehydrogenase subunit 4L	9065-9365:-1
NC_014856.1	tRNA	trnR(ucg)	tRNA-Arg	9402-9473:-1
NC_014856.1	CDS	ND3	NADH dehydrogenase subunit 3	9506-9863:-1
NC_014856.1	CDS	ND6	NADH dehydrogenase subunit 6	9931-10525:-1
NC_014856.1	tRNA	trnE(uuc)	tRNA-Glu	10527-10599:-1
NC_014856.1	tRNA	trnH(gug)	tRNA-His	10600-10673:-1
NC_014856.1	CDS	ND4	NADH dehydrogenase subunit 4	10688-12164:-1
NC_014856.1	tRNA	trnP(ugg)	tRNA-Pro	12201-12274:-1
NC_014856.1	tRNA	trnS(gcu)	tRNA-Ser	12281-12367:-1
NC_014856.1	CDS	ATP9	ATP synthase F0 subunit 9	12432-12660:-1
NC_014856.1	tRNA	trnT(ugu)	tRNA-Thr	12721-12794:-1
NC_014856.1	rRNA	rns	s-rRNA	12794-14076:-1
NC_014856.1	tRNA	trnF(gaa)	tRNA-Phe	14139-14212:-1
NC_014856.1	CDS	COX3	cytochrome c oxidase subunit III	14350-15136:-1
NC_014856.1	tRNA	trnR(ucu)	tRNA-Arg	15203-15276:-1
NC_014856.1	CDS	ATP6	ATP synthase F0 subunit 6	15320-16058:-1
NC_014856.1	CDS	ATP8	ATP synthase F0 subunit 8	16059-16260:-1
NC_014856.1	tRNA	trnV(uac)	tRNA-Val	16263-16335:-1
NC_014856.1	tRNA	trnT(ugu)	tRNA-Thr	16402-16475:-1
NC_014856.1	CDS	ND1	NADH dehydrogenase subunit 1	16519-17503:-1
NC_014856.1	tRNA	trnK(uuu)	tRNA-Lys	17521-17594:-1
NC_014856.1	tRNA	trnC(gca)	tRNA-Cys	17596-17668:-1
NC_014856.1	tRNA	trnD(guc)	tRNA-Asp	17690-17760:-1
NC_014856.1	tRNA	trnS(uga)	tRNA-Ser	17793-17878:-1
NC_014856.1	CDS	COX1	cytochrome c oxidase subunit I	17891-19457:-1
NC_014856.1	CDS	COX2	cytochrome c oxidase subunit II	19577-20327:1
NC_014856.1	tRNA	trnV(uac)	tRNA-Val	20368-20440:1
NC_013760.1	rRNA	rnl	l-rRNA	83-3098:1
NC_013760.1	CDS	COX2	cytochrome c oxidase subunit II	3280-4057:1
NC_013760.1	tRNA	trnK(uuu)	tRNA-Lys	4636-4709:1
NC_013760.1	CDS	ATP8	ATP synthase F0 subunit 8	4710-4965:1
NC_013760.1	CDS	ATP6	ATP synthase F0 subunit 6	5005-5740:1
NC_013760.1	tRNA	trnR(ucu)	tRNA-Arg	6320-6394:1
NC_013760.1	CDS	COX3	cytochrome c oxidase subunit III	6531-7320:1
NC_013760.1	tRNA	trnQ(uug)	tRNA-Gln	7886-7959:1
NC_013760.1	tRNA	trnW(uca)	tRNA-Trp	8647-8718:1
NC_013760.1	tRNA	trnN(guu)	tRNA-Asn	8928-9000:1
NC_013760.1	tRNA	trnL(uag)	tRNA-Leu	9004-9078:1
NC_013760.1	CDS	CYTB	cytochrome b	9079-10228:1
NC_013760.1	tRNA	trnT(ugu)	tRNA-Thr	10696-10770:1
NC_013760.1	CDS	ATP9	ATP synthase F0 subunit 9	10978-11215:1
NC_013760.1	tRNA	trnS(gcu)	tRNA-Ser	11351-11439:1
NC_013760.1	tRNA	trnP(ugg)	tRNA-Pro	11441-11514:1
NC_013760.1	CDS	ND4	NADH dehydrogenase subunit 4	11629-13081:1
NC_013760.1	tRNA	trnH(gug)	tRNA-His	14188-14262:1
NC_013760.1	tRNA	trnE(uuc)	tRNA-Glu	14797-14869:1
NC_013760.1	CDS	ND6	NADH dehydrogenase subunit 6	14871-15459:1
NC_013760.1	CDS	ND3	NADH dehydrogenase subunit 3	15595-15952:1
NC_013760.1	tRNA	trnR(ucg)	tRNA-Arg	16138-16209:1
NC_013760.1	CDS	ND4L	NADH dehydrogenase subunit 4L	16211-16511:1
NC_013760.1	CDS	COX1	cytochrome c oxidase subunit I	16678-18259:1
NC_013760.1	tRNA	trnS(uga)	tRNA-Ser	18867-18953:1
NC_013760.1	tRNA	trnD(guc)	tRNA-Asp	18954-19027:1
NC_013760.1	tRNA	trnC(gca)	tRNA-Cys	19178-19251:1
NC_013760.1	CDS	ND1	NADH dehydrogenase subunit 1	19637-20612:1
NC_013760.1	tRNA	trnL(uaa)	tRNA-Leu	21259-21335:1
NC_013760.1	tRNA	trnI(gau)	tRNA-Ile	21380-21454:1
NC_013760.1	tRNA	trnY(gua)	tRNA-Tyr	21629-21713:1
NC_013760.1	tRNA	trnI(cau)	tRNA-Ile	22291-22364:1
NC_013760.1	tRNA	trnM(cau)f	tRNA-Met	22535-22607:1
NC_013760.1	CDS	ND2	NADH dehydrogenase subunit 2	22608-24096:1
NC_013760.1	CDS	ND5	NADH dehydrogenase subunit 5	24370-26251:1
NC_013760.1	tRNA	trnA(ugc)	tRNA-Ala	26252-26326:1
NC_013760.1	tRNA	trnM(cau)	tRNA-Met	26575-26647:1
NC_013760.1	tRNA	trnF(gaa)	tRNA-Phe	26921-26995:1
NC_013760.1	rRNA	rns	s-rRNA	26995-28796:1
NC_013760.1	tRNA	trnG(ucc)	tRNA-Gly	28796-28868:1
NC_013760.1	tRNA	trnV(uac)	tRNA-Val	28885-28958:1
NC_013662.1	rRNA	rnl	l-rRNA	143-2280:1
NC_013662.1	CDS	ATP9	ATP synthase F0 subunit 9	2349-2583:1
NC_013662.1	CDS	COX1	cytochrome c oxidase subunit I	2745-4350:1
NC_013662.1	CDS	ND1	NADH dehydrogenase subunit 1	4322-5228:1
NC_013662.1	CDS	CYTB	cytochrome b	5290-6436:1
NC_013662.1	CDS	ND4	NADH dehydrogenase subunit 4	6429-7839:1
NC_013662.1	CDS	ND6	NADH dehydrogenase subunit 6	7911-8421:1
NC_013662.1	CDS	ND3	NADH dehydrogenase subunit 3	8421-8772:1
NC_013662.1	CDS	ND4L	NADH dehydrogenase subunit 4L	8771-9068:1
NC_013662.1	CDS	COX2	cytochrome c oxidase subunit II	9136-9841:1
NC_013662.1	CDS	ATP8	ATP synthase F0 subunit 8	9840-10056:1
NC_013662.1	CDS	ATP6	ATP synthase F0 subunit 6	10058-10766:1
NC_013662.1	CDS	COX3	cytochrome c oxidase subunit III	10826-11609:1
NC_013662.1	tRNA	trnW(uca)	tRNA-Trp	11757-11827:1
NC_013662.1	tRNA	trnM(cau)	tRNA-Met	11858-11929:1
NC_013662.1	CDS	ND2	NADH dehydrogenase subunit 2	12036-13347:1
NC_013662.1	CDS	ND5	NADH dehydrogenase subunit 5	13534-15454:1
NC_013662.1	rRNA	rns	s-rRNA	15584-16412:1
NC_010769.1	rRNA	rnl	l-rRNA	0-1718:1
NC_010769.1	tRNA	trnS(uga)	tRNA-Ser	1718-1785:1
NC_010769.1	tRNA	trnL(uag)	tRNA-Leu	1786-1852:1
NC_010769.1	CDS	ND4L	NADH dehydrogenase subunit 4L	1853-2156:1
NC_010769.1	tRNA	trnV(uac)	tRNA-Val	2157-2227:1
NC_010769.1	tRNA	trnA(ugc)	tRNA-Ala	2252-2321:1
NC_010769.1	CDS	ATP6	ATP synthase F0 subunit 6	2367-3096:1
NC_010769.1	CDS	COX3	cytochrome c oxidase subunit III	3096-3512:1,3513-3880:1
NC_010769.1	CDS	ND2	NADH dehydrogenase subunit 2	3837-5238:1
NC_010769.1	CDS	ND5	NADH dehydrogenase subunit 5	5179-7060:1
NC_010769.1	tRNA	trnF(gaa)	tRNA-Phe	6976-7048:1
NC_010769.1	tRNA	trnC(gca)	tRNA-Cys	7052-7116:1
NC_010769.1	CDS	ND1	NADH dehydrogenase subunit 1	7127-8078:1
NC_010769.1	tRNA	trnI(gau)	tRNA-Ile	8093-8159:1
NC_010769.1	tRNA	trnN(guu)	tRNA-Asn	8161-8229:1
NC_010769.1	tRNA	trnY(gua)	tRNA-Tyr	8242-8308:1
NC_010769.1	CDS	CYTB	cytochrome b	8312-9494:1
NC_010769.1	tRNA	trnR(ucu)	tRNA-Arg	9465-9529:1
NC_010769.1	CDS	ND4	NADH dehydrogenase subunit 4	9541-10957:1
NC_010769.1	tRNA	trnH(gug)	tRNA-His	10942-11010:1
NC_010769.1	CDS	ND6	NADH dehydrogenase subunit 6	11085-11255:1,11256-11653:1
NC_010769.1	tRNA	trnG(ucc)	tRNA-Gly	11633-11698:1
NC_010769.1	CDS	ATP9	ATP synthase F0 subunit 9	12774-13011:1
NC_010769.1	tRNA	trnQ(uug)	tRNA-Gln	13022-13092:1
NC_010769.1	rRNA	rns	s-rRNA	13092-14010:1
NC_010769.1	tRNA	trnW(uca)	tRNA-Trp	14010-14079:1
NC_010769.1	tRNA	trnM(cau)	tRNA-Met	14094-14166:1
NC_010769.1	tRNA	trnP(ugg)	tRNA-Pro	14182-14249:1
NC_010769.1	tRNA	trnR	tRNA-Arg	14247-14319:1
NC_010769.1	tRNA	trnK(uuu)	tRNA-Lys	14335-14404:1
NC_010769.1	CDS	ND3	NADH dehydrogenase subunit 3	14413-14776:1
NC_010769.1	CDS	COX1	cytochrome c oxidase subunit I	14859-16428:1
NC_010769.1	CDS	COX2	cytochrome c oxidase subunit II	16686-17427:1
NC_010496.1	rRNA	rnl	l-rRNA	150-3555:1
NC_010496.1	tRNA	trnT(gua)	tRNA-Tyr	3764-3836:1
NC_010496.1	tRNA	trnI(cau)	tRNA-Ile	3934-4007:1
NC_010496.1	CDS	COX2	cytochrome c oxidase subunit II	4154-4925:1
NC_010496.1	tRNA	trnK(uuu)	tRNA-Lys	5328-5401:1
NC_010496.1	CDS	ATP8	ATP synthase F0 subunit 8	5402-5615:1
NC_010496.1	CDS	ATP6	ATP synthase F0 subunit 6	5911-6646:1
NC_010496.1	tRNA	trnR(ucu)	tRNA-Arg	7029-7102:1
NC_010496.1	CDS	COX3	cytochrome c oxidase subunit III	7201-7990:1
NC_010496.1	tRNA	trnQ (uug)	tRNA-Gln	8319-8391:1
NC_010496.1	tRNA	trnW(uca)	tRNA-Trp	8482-8553:1
NC_010496.1	tRNA	trnL (uag)	tRNA-Leu	8559-8633:1
NC_010496.1	tRNA	trnN(guu)	tRNA-Asn	8799-8871:1
NC_010496.1	CDS	CYTB	cytochrome b	9032-10184:1
NC_010496.1	tRNA	trnT(ugu)	tRNA-Thr	10340-10413:1
NC_010496.1	CDS	ATP9	ATP synthase F0 subunit 9	10476-10713:1
NC_010496.1	tRNA	trnS(gcu)	tRNA-Ser	10873-10948:1
NC_010496.1	tRNA	trnP(ugg)	tRNA-Pro	10956-11031:1
NC_010496.1	CDS	ND4	NADH dehydrogenase subunit 4	11054-12509:1
NC_010496.1	tRNA	trnH(gug)	tRNA-His	12749-12821:1
NC_010496.1	tRNA	trnE(uuc)	tRNA-Glu	12931-13003:1
NC_010496.1	CDS	ND6	NADH dehydrogenase subunit 6	13005-13575:1
NC_010496.1	tRNA	trnD(guc)	tRNA-Asp	13728-13800:1
NC_010496.1	CDS	ND3	NADH dehydrogenase subunit 3	13897-14254:1
NC_010496.1	tRNA	trnR(ucg)	tRNA-Arg	14451-14522:1
NC_010496.1	CDS	ND4L	NADH dehydrogenase subunit 4L	14522-14822:1
NC_010496.1	CDS	COX1	cytochrome c oxidase subunit I	15058-16633:1
NC_010496.1	tRNA	trnS(uga)	tRNA-Ser	17001-17084:1
NC_010496.1	tRNA	trnC(gca)	tRNA-Cys	17166-17240:1
NC_010496.1	CDS	ND1	NADH dehydrogenase subunit 1	17470-18475:1
NC_010496.1	tRNA	trnL(uaa)	tRNA-Leu	18700-18783:1
NC_010496.1	tRNA	trnI(gau)	tRNA-Ile	18798-18872:1
NC_010496.1	tRNA	trnM(cau)f	tRNA-Met	18981-19052:1
NC_010496.1	CDS	ND2	NADH dehydrogenase subunit 2	19202-20741:1
NC_010496.1	CDS	ND5	NADH dehydrogenase subunit 5	21361-23371:1
NC_010496.1	tRNA	trnA(ugc)	tRNA-Ala	23633-23706:1
NC_010496.1	tRNA	trnM(cau)e	tRNA-Met	23725-23797:1
NC_010496.1	tRNA	trnF(gaa)	tRNA-Phe	24179-24252:1
NC_010496.1	rRNA	rns	s-rRNA	24254-26086:1
NC_010496.1	tRNA	trnG(ucc)	tRNA-Gly	26086-26158:1
NC_010496.1	tRNA	trnV(uac)	tRNA-Val	26227-26300:1
NC_010216.1	rRNA	rnl	l-rRNA	541-3695:1
NC_010216.1	CDS	COX1	cytochrome c oxidase subunit I	3836-5384:1
NC_010216.1	CDS	ND1	NADH dehydrogenase subunit 1	5516-6494:1
NC_010216.1	CDS	COX2	cytochrome c oxidase subunit II	6683-7400:1
NC_010216.1	CDS	ATP8	ATP synthase F0 subunit 8	7575-7779:1
NC_010216.1	CDS	CYTB	cytochrome b	7936-9082:1
NC_010216.1	CDS	ND6	NADH dehydrogenase subunit 6	9194-9722:1
NC_010216.1	CDS	ND3	NADH dehydrogenase subunit 3	9936-10293:1
NC_010216.1	CDS	ND4L	NADH dehydrogenase subunit 4L	10371-10662:1
NC_010216.1	CDS	ATP6	ATP synthase F0 subunit 6	10920-11649:1
NC_010216.1	CDS	COX3	cytochrome c oxidase subunit III	11918-12704:1
NC_010216.1	CDS	ND4	NADH dehydrogenase subunit 4	12904-14341:1
NC_010216.1	tRNA	trnM(cau)	tRNA-Met	14450-14521:1
NC_010216.1	CDS	ND2	NADH dehydrogenase subunit 2	14825-16223:1
NC_010216.1	tRNA	trnW(uca)	tRNA-Trp	16266-16336:1
NC_010216.1	CDS	ND5	NADH dehydrogenase subunit 5	16614-18423:1
NC_010216.1	rRNA	rns	s-rRNA	18611-19875:1
NC_010216.1	CDS	ATP9	ATP synthase F0 subunit 9	20073-20310:1
NC_010218.1	rRNA	rnl	l-rRNA	585-3096:1
NC_010218.1	CDS	ATP9	ATP synthase F0 subunit 9	3795-4029:1
NC_010218.1	CDS	COX1	cytochrome c oxidase subunit I	4303-5896:1
NC_010218.1	CDS	ND1	NADH dehydrogenase subunit 1	5925-6831:1
NC_010218.1	CDS	CYTB	cytochrome b	6929-8105:1
NC_010218.1	CDS	ND4	NADH dehydrogenase subunit 4	8308-9712:1
NC_010218.1	CDS	ND6	NADH dehydrogenase subunit 6	9795-10311:1
NC_010218.1	CDS	ND3	NADH dehydrogenase subunit 3	10751-11102:1
NC_010218.1	CDS	ND4L	NADH dehydrogenase subunit 4L	11101-11398:1
NC_010218.1	CDS	COX2	cytochrome c oxidase subunit II	11548-12244:1
NC_010218.1	CDS	ATP8	ATP synthase F0 subunit 8	12243-12516:1
NC_010218.1	CDS	ATP6	ATP synthase F0 subunit 6	12835-13543:1
NC_010218.1	CDS	COX3	cytochrome c oxidase subunit III	13598-14381:1
NC_010218.1	tRNA	trnW(uca)	tRNA-Trp	14818-14888:1
NC_010218.1	tRNA	trnM(cau)	tRNA-Met	14949-15020:1
NC_010218.1	CDS	ND2	NADH dehydrogenase subunit 2	15677-16988:1
NC_010218.1	CDS	ND5	NADH dehydrogenase subunit 5	17353-19315:1
NC_010218.1	rRNA	rns	s-rRNA	19837-20658:1
NC_010209.1	rRNA	rnl	l-rRNA	8-2450:1
NC_010209.1	tRNA	trnR(ucg)	tRNA-Arg	2493-2566:1
NC_010209.1	CDS	ND4L	NADH dehydrogenase subunit 4L	2565-2865:1
NC_010209.1	CDS	COX2	cytochrome c oxidase subunit II	2879-3638:1
NC_010209.1	tRNA	trnK(uuu)	tRNA-Lys	3726-3798:1
NC_010209.1	CDS	ATP8	ATP synthase F0 subunit 8	3798-3999:1
NC_010209.1	CDS	ATP6	ATP synthase F0 subunit 6	3998-4733:1
NC_010209.1	CDS	COX3	cytochrome c oxidase subunit III	4800-5589:1
NC_010209.1	tRNA	trnQ(uug)	tRNA-Gln	5612-5683:1
NC_010209.1	tRNA	trnW(uca)	tRNA-Trp	5704-5775:1
NC_010209.1	tRNA	trnL(uag)	tRNA-Leu	5778-5850:1
NC_010209.1	CDS	CYTB	cytochrome b	5851-6997:1
NC_010209.1	tRNA	trnR(ucu)	tRNA-Arg	7016-7091:1
NC_010209.1	CDS	ATP9	ATP synthase F0 subunit 9	7133-7370:1
NC_010209.1	tRNA	trnS(gcu)	tRNA-Ser	7377-7462:1
NC_010209.1	tRNA	trnP(ugg)	tRNA-Pro	7464-7537:1
NC_010209.1	tRNA	trnN(guu)	tRNA-Asn	7542-7614:1
NC_010209.1	CDS	ND4	NADH dehydrogenase subunit 4	7642-9088:1
NC_010209.1	tRNA	trnH(gug)	tRNA-His	9099-9173:1
NC_010209.1	tRNA	trnE(uuc)	tRNA-Glu	9210-9282:1
NC_010209.1	CDS	ND6	NADH dehydrogenase subunit 6	9284-9842:1
NC_010209.1	CDS	ND3	NADH dehydrogenase subunit 3	9859-10216:1
NC_010209.1	CDS	COX1	cytochrome c oxidase subunit I	10238-11798:1
NC_010209.1	tRNA	trnT(ugu)	tRNA-Thr	11871-11946:1
NC_010209.1	tRNA	trnS(uga)	tRNA-Ser	11966-12049:1
NC_010209.1	tRNA	trnC(gca)	tRNA-Cys	12049-12121:1
NC_010209.1	CDS	ND1	NADH dehydrogenase subunit 1	12172-13150:1
NC_010209.1	tRNA	trnL(uaa)	tRNA-Leu	13181-13262:1
NC_010209.1	tRNA	trnI(gau)	tRNA-Ile	13265-13338:1
NC_010209.1	tRNA	trnY(gua)	tRNA-Tyr	13340-13411:1
NC_010209.1	tRNA	trnI(cau)	tRNA-Ile	13411-13484:1
NC_010209.1	tRNA	trnM(cau)f	tRNA-Met	13519-13590:1
NC_010209.1	CDS	ND2	NADH dehydrogenase subunit 2	13594-15007:1
NC_010209.1	CDS	ND5	NADH dehydrogenase subunit 5	15019-16873:1
NC_010209.1	tRNA	trnA(ugc)	tRNA-Ala	16863-16937:1
NC_010209.1	tRNA	trnD(guc)	tRNA-Asp	17248-17320:1
NC_010209.1	tRNA	trnM(cau)e	tRNA-Met	17327-17398:1
NC_010209.1	tRNA	trnF(gaa)	tRNA-Phe	17401-17475:1
NC_010209.1	rRNA	rns	s-rRNA	17475-18718:1
NC_010209.1	tRNA	trnG(ucc)	tRNA-Gly	18718-18790:1
NC_010209.1	tRNA	trnV(uac)	tRNA-Val	18793-18865:1
NC_010215.1	rRNA	rnl	l-rRNA	212-2378:1
NC_010215.1	CDS	ATP9	ATP synthase F0 subunit 9	2595-2829:1
NC_010215.1	CDS	COX1	cytochrome c oxidase subunit I	2966-4571:1
NC_010215.1	CDS	ND1	NADH dehydrogenase subunit 1	4543-5449:1
NC_010215.1	CDS	CYTB	cytochrome b	5546-6692:1
NC_010215.1	CDS	ND4	NADH dehydrogenase subunit 4	6685-8095:1
NC_010215.1	CDS	ND6	NADH dehydrogenase subunit 6	8213-8723:1
NC_010215.1	CDS	ND3	NADH dehydrogenase subunit 3	8723-9074:1
NC_010215.1	CDS	ND4L	NADH dehydrogenase subunit 4L	9073-9370:1
NC_010215.1	CDS	COX2	cytochrome c oxidase subunit II	9379-10141:1
NC_010215.1	CDS	ATP8	ATP synthase F0 subunit 8	10140-10356:1
NC_010215.1	CDS	ATP6	ATP synthase F0 subunit 6	10358-11066:1
NC_010215.1	CDS	COX3	cytochrome c oxidase subunit III	11125-11908:1
NC_010215.1	tRNA	trnW(uca)	tRNA-Trp	12038-12108:1
NC_010215.1	tRNA	trnM(cau)	tRNA-Met	12219-12290:1
NC_010215.1	CDS	ND2	NADH dehydrogenase subunit 2	12344-13655:1
NC_010215.1	CDS	ND5	NADH dehydrogenase subunit 5	13854-15726:1
NC_010215.1	rRNA	rns	s-rRNA	15927-16755:1
NC_010208.1	rRNA	rnl	l-rRNA	1-2470:1
NC_010208.1	CDS	COX1	cytochrome c oxidase subunit I	2542-4105:1
NC_010208.1	tRNA	trnS(uga)	tRNA-Ser	4162-4248:1
NC_010208.1	tRNA	trnC(gca)	tRNA-Cys	4288-4361:1
NC_010208.1	CDS	ND1	NADH dehydrogenase subunit 1	4383-5358:1
NC_010208.1	tRNA	trnL(uaa)	tRNA-Leu	5376-5457:1
NC_010208.1	tRNA	trnR(ucu)	tRNA-Arg	5464-5537:1
NC_010208.1	CDS	COX3	cytochrome c oxidase subunit III	5609-6395:1
NC_010208.1	tRNA	trnQ(uug)	tRNA-Gln	6443-6516:1
NC_010208.1	tRNA	trnW(uca)	tRNA-Trp	6546-6617:1
NC_010208.1	tRNA	trnM(cau)f	tRNA-Met	6702-6773:1
NC_010208.1	CDS	ND2	NADH dehydrogenase subunit 2	6774-8199:1
NC_010208.1	CDS	ND5	NADH dehydrogenase subunit 5	8268-10095:1
NC_010208.1	tRNA	trnA(ugc)	tRNA-Ala	10114-10187:1
NC_010208.1	CDS	COX2	cytochrome c oxidase subunit II	10253-11015:1
NC_010208.1	tRNA	trnK(uuu)	tRNA-Lys	11079-11152:1
NC_010208.1	CDS	ATP8	ATP synthase F0 subunit 8	11174-11408:1
NC_010208.1	CDS	ATP6	ATP synthase F0 subunit 6	11401-12136:1
NC_010208.1	tRNA	trnI(gau)	tRNA-Ile	12166-12239:1
NC_010208.1	tRNA	trnY(gua)	tRNA-Tyr	12246-12328:1
NC_010208.1	tRNA	trnI(cau)	tRNA-Ile	12347-12420:1
NC_010208.1	tRNA	trnD(guc)	tRNA-Asp	12472-12545:1
NC_010208.1	tRNA	trnN(guu)	tRNA-Asn	12552-12624:1
NC_010208.1	tRNA	trnL(uag)	tRNA-Leu	12649-12723:1
NC_010208.1	CDS	CYTB	cytochrome b	12724-13870:1
NC_010208.1	tRNA	trnT(ugu)	tRNA-Thr	13911-13984:1
NC_010208.1	CDS	ATP9	ATP synthase F0 subunit 9	14033-14270:1
NC_010208.1	tRNA	trnS(gcu)	tRNA-Ser	14351-14436:1
NC_010208.1	tRNA	trnP(ugg)	tRNA-Pro	14444-14516:1
NC_010208.1	CDS	ND4	NADH dehydrogenase subunit 4	14555-16013:1
NC_010208.1	tRNA	trnH(gug)	tRNA-His	16029-16102:1
NC_010208.1	tRNA	trnE(uuc)	tRNA-Glu	16189-16261:1
NC_010208.1	CDS	ND6	NADH dehydrogenase subunit 6	16268-16844:1
NC_010208.1	CDS	ND3	NADH dehydrogenase subunit 3	16895-17255:1
NC_010208.1	tRNA	trnR(ucg)	tRNA-Arg	17280-17351:1
NC_010208.1	CDS	ND4L	NADH dehydrogenase subunit 4L	17355-17655:1
NC_010208.1	tRNA	trnM(cau)e	tRNA-Met	17748-17821:1
NC_010208.1	tRNA	trnF(gaa)	tRNA-Phe	17834-17907:1
NC_010208.1	rRNA	rns	s-rRNA	17913-19107:1
NC_010208.1	tRNA	trnG(ucc)	tRNA-Gly	19107-19179:1
NC_010208.1	tRNA	trnV(uac)	tRNA-Val	19209-19282:1
NC_010210.1	rRNA	rnl	l-rRNA	1-2440:1
NC_010210.1	tRNA	trnR(ucg)	tRNA-Arg	2456-2525:1
NC_010210.1	CDS	ND4L	NADH dehydrogenase subunit 4L	2525-2825:1
NC_010210.1	CDS	COX2	cytochrome c oxidase subunit II	2838-3588:1
NC_010210.1	tRNA	trnK(uuu)	tRNA-Lys	3650-3723:1
NC_010210.1	CDS	ATP8	ATP synthase F0 subunit 8	3724-3925:1
NC_010210.1	CDS	ATP6	ATP synthase F0 subunit 6	3924-4659:1
NC_010210.1	CDS	COX3	cytochrome c oxidase subunit III	4724-5513:1
NC_010210.1	tRNA	trnQ(uug)	tRNA-Gln	5536-5607:1
NC_010210.1	tRNA	trnW(uca)	tRNA-Trp	5614-5685:1
NC_010210.1	tRNA	trnL(uag)	tRNA-Leu	5687-5762:1
NC_010210.1	CDS	CYTB	cytochrome b	5763-6909:1
NC_010210.1	tRNA	trnT(ugu)	tRNA-Thr	6925-6999:1
NC_010210.1	CDS	ATP9	ATP synthase F0 subunit 9	7042-7279:1
NC_010210.1	tRNA	trnS(gcu)	tRNA-Ser	7286-7371:1
NC_010210.1	tRNA	trnP(ugg)	tRNA-Pro	7373-7446:1
NC_010210.1	tRNA	trnN(guu)	tRNA-Asn	7449-7521:1
NC_010210.1	CDS	ND4	NADH dehydrogenase subunit 4	7532-8978:1
NC_010210.1	tRNA	trnH(gug)	tRNA-His	8987-9061:1
NC_010210.1	tRNA	trnE(uuc)	tRNA-Glu	9068-9139:1
NC_010210.1	CDS	ND6	NADH dehydrogenase subunit 6	9141-9699:1
NC_010210.1	CDS	ND3	NADH dehydrogenase subunit 3	9709-10066:1
NC_010210.1	CDS	COX1	cytochrome c oxidase subunit I	10099-11659:1
NC_010210.1	tRNA	trnR(ucu)	tRNA-Arg	11726-11800:1
NC_010210.1	tRNA	trnS(uga)	tRNA-Ser	11827-11910:1
NC_010210.1	tRNA	trnC(gca)	tRNA-Cys	11911-11983:1
NC_010210.1	CDS	ND1	NADH dehydrogenase subunit 1	11995-12970:1
NC_010210.1	tRNA	trnL(uaa)	tRNA-Leu	12981-13062:1
NC_010210.1	tRNA	trnI(gau)	tRNA-Ile	13065-13140:1
NC_010210.1	tRNA	trnY(gua)	tRNA-Tyr	13143-13215:1
NC_010210.1	tRNA	trnI(cau)	tRNA-Ile	13217-13290:1
NC_010210.1	tRNA	trnM(cau)f	tRNA-Met	13310-13381:1
NC_010210.1	CDS	ND2	NADH dehydrogenase subunit 2	13385-14792:1
NC_010210.1	CDS	ND5	NADH dehydrogenase subunit 5	14808-16650:1
NC_010210.1	tRNA	trnA(ugc)	tRNA-Ala	16652-16725:1
NC_010210.1	tRNA	trnD(guc)	tRNA-Asp	16739-16811:1
NC_010210.1	tRNA	trnM(cau)	tRNA-Met	16818-16889:1
NC_010210.1	tRNA	trnF(gaa)	tRNA-Phe	16892-16966:1
NC_010210.1	rRNA	rns	s-rRNA	16968-18165:1
NC_010210.1	tRNA	trnG(ucc)	tRNA-Gly	18165-18237:1
NC_010210.1	tRNA	trnV(uac)	tRNA-Val	18240-18312:1
NC_010198.1	rRNA	rnl	l-rRNA	21-2401:1
NC_010198.1	CDS	COX2	cytochrome c oxidase subunit II	2418-3156:1
NC_010198.1	tRNA	trnK(uuu)	tRNA-Lys	3156-3229:1
NC_010198.1	CDS	ATP8	ATP synthase F0 subunit 8	3230-3422:1
NC_010198.1	CDS	ATP6	ATP synthase F0 subunit 6	3421-4147:1
NC_010198.1	tRNA	trnR(ucu)	tRNA-Arg	4161-4235:1
NC_010198.1	CDS	COX3	cytochrome c oxidase subunit III	4253-5042:1
NC_010198.1	tRNA	trnQ(uug)	tRNA-Gln	5046-5119:1
NC_010198.1	tRNA	trnW(uca)	tRNA-Trp	5132-5203:1
NC_010198.1	tRNA	trnN(guu)	tRNA-Asn	5209-5281:1
NC_010198.1	tRNA	trnL(uag)	tRNA-Leu	5291-5365:1
NC_010198.1	CDS	CYTB	cytochrome b	5367-6513:1
NC_010198.1	tRNA	trnT(ugu)	tRNA-Thr	6533-6607:1
NC_010198.1	CDS	ATP9	ATP synthase F0 subunit 9	6664-6901:1
NC_010198.1	tRNA	trnS(gcu)	tRNA-Ser	6933-7018:1
NC_010198.1	tRNA	trnP(ugg)	tRNA-Pro	7019-7092:1
NC_010198.1	CDS	ND4	NADH dehydrogenase subunit 4	7093-8554:1
NC_010198.1	tRNA	trnH(gug)	tRNA-His	8554-8627:1
NC_010198.1	tRNA	trnE(uuc)	tRNA-Glu	8661-8733:1
NC_010198.1	CDS	ND6	NADH dehydrogenase subunit 6	8735-9275:1
NC_010198.1	CDS	ND3	NADH dehydrogenase subunit 3	9275-9635:1
NC_010198.1	tRNA	trnR(ucg)	tRNA-Arg	9655-9727:1
NC_010198.1	CDS	ND4L	NADH dehydrogenase subunit 4L	9727-10027:1
NC_010198.1	CDS	COX1	cytochrome c oxidase subunit I	10027-11596:1
NC_010198.1	tRNA	trnS(uga)	tRNA-Ser	11598-11683:1
NC_010198.1	tRNA	trnI(cau)	tRNA-Ile	11706-11779:1
NC_010198.1	tRNA	trnD(guc)	tRNA-Asp	11814-11886:1
NC_010198.1	tRNA	trnC(gca)	tRNA-Cys	11891-11963:1
NC_010198.1	CDS	ND1	NADH dehydrogenase subunit 1	11985-12969:1
NC_010198.1	tRNA	trnL(uaa)	tRNA-Leu	13010-13091:1
NC_010198.1	tRNA	trnI(gau)	tRNA-Ile	13111-13185:1
NC_010198.1	tRNA	trnY(gua)	tRNA-Tyr	13212-13285:1
NC_010198.1	tRNA	trnM(cau)f	tRNA-Met	13292-13363:1
NC_010198.1	CDS	ND2	NADH dehydrogenase subunit 2	13382-14750:1
NC_010198.1	CDS	ND5	NADH dehydrogenase subunit 5	14755-16567:1
NC_010198.1	tRNA	trnA(ugc)	tRNA-Ala	16557-16630:1
NC_010198.1	tRNA	trnF(gaa)	tRNA-Phe	16645-16718:1
NC_010198.1	rRNA	rns	s-rRNA	16718-17937:1
NC_010198.1	tRNA	trnG(ucc)	tRNA-Gly	17937-18009:1
NC_010198.1	tRNA	trnV(uac)	tRNA-Val	18016-18089:1
NC_010213.1	rRNA	rnl	l-rRNA	16-2697:1
NC_010213.1	CDS	COX2	cytochrome c oxidase subunit II	2870-3671:1
NC_010213.1	CDS	ATP8	ATP synthase F0 subunit 8	3710-3983:1
NC_010213.1	CDS	ATP6	ATP synthase F0 subunit 6	3990-4725:1
NC_010213.1	tRNA	trnR(ucu)	tRNA-Arg	4811-4884:1
NC_010213.1	CDS	COX3	cytochrome c oxidase subunit III	4941-5727:1
NC_010213.1	tRNA	trnQ(uug)	tRNA-Gln	5808-5882:1
NC_010213.1	tRNA	trnW(uca)	tRNA-Trp	5930-6001:1
NC_010213.1	CDS	CYTB	cytochrome b	6015-7161:1
NC_010213.1	tRNA	trnT(ugu)	tRNA-Thr	7208-7282:1
NC_010213.1	CDS	ATP9	ATP synthase F0 subunit 9	7354-7591:1
NC_010213.1	tRNA	trnS(gcu)	tRNA-Ser	7729-7813:1
NC_010213.1	tRNA	trnK(uuu)	tRNA-Lys	7884-7957:1
NC_010213.1	tRNA	trnN(guu)	tRNA-Asn	8005-8076:1
NC_010213.1	tRNA	trnM(cau)f	tRNA-Met	8093-8164:1
NC_010213.1	tRNA	trnH(gug)	tRNA-His	8193-8266:1
NC_010213.1	tRNA	trnP(ugg)	tRNA-Pro	8321-8393:1
NC_010213.1	CDS	ND4	NADH dehydrogenase subunit 4	8408-9881:1
NC_010213.1	tRNA	trnE(uuc)	tRNA-Glu	9886-9958:1
NC_010213.1	CDS	ND6	NADH dehydrogenase subunit 6	9955-10525:1
NC_010213.1	CDS	ND3	NADH dehydrogenase subunit 3	10640-10997:1
NC_010213.1	tRNA	trnR(ucg)	tRNA-Arg	11066-11137:1
NC_010213.1	CDS	ND4L	NADH dehydrogenase subunit 4L	11137-11437:1
NC_010213.1	CDS	COX1	cytochrome c oxidase subunit I	11468-13037:1
NC_010213.1	tRNA	trnS(uga)	tRNA-Ser	13108-13189:1
NC_010213.1	tRNA	trnA(ugc)	tRNA-Ala	13628-13700:1
NC_010213.1	tRNA	trnC(gca)	tRNA-Cys	13749-13820:1
NC_010213.1	CDS	ND1	NADH dehydrogenase subunit 1	13844-14831:1
NC_010213.1	tRNA	trnL(uaa)	tRNA-Leu	14880-14952:1
NC_010213.1	tRNA	trnL(uag)	tRNA-Leu	14964-15036:1
NC_010213.1	tRNA	trnY(gua)	tRNA-Tyr	15088-15160:1
NC_010213.1	tRNA	trnI(cau)	tRNA-Ile	15168-15240:1
NC_010213.1	tRNA	trnM(cau)e	tRNA-Met	15250-15321:1
NC_010213.1	CDS	ND2	NADH dehydrogenase subunit 2	15384-16824:1
NC_010213.1	CDS	ND5	NADH dehydrogenase subunit 5	16836-18699:1
NC_010213.1	tRNA	trnI(gau)	tRNA-Ile	18794-18865:1
NC_010213.1	tRNA	trnF(gaa)	tRNA-Phe	18883-18954:1
NC_010213.1	rRNA	rns	s-rRNA	18954-20212:1
NC_010213.1	tRNA	trnG(ucc)	tRNA-Gly	20212-20284:1
NC_010213.1	tRNA	trnV(uac)	tRNA-Val	20286-20360:1
NC_010217.1	rRNA	rnl	l-rRNA	57-2516:1
NC_010217.1	tRNA	trnP(ugg)	tRNA-Pro	2593-2666:1
NC_010217.1	CDS	ND4	NADH dehydrogenase subunit 4	2674-4150:1
NC_010217.1	CDS	ND6	NADH dehydrogenase subunit 6	4236-4830:1
NC_010217.1	CDS	ND3	NADH dehydrogenase subunit 3	4934-5303:1
NC_010217.1	CDS	ND1	NADH dehydrogenase subunit 1	5355-6333:1
NC_010217.1	CDS	ATP9	ATP synthase F0 subunit 9	6396-6624:1
NC_010217.1	CDS	ND4L	NADH dehydrogenase subunit 4L	6665-6986:1
NC_010217.1	tRNA	trnI(cau)	tRNA-Ile	7133-7205:1
NC_010217.1	tRNA	trnM(cau)	tRNA-Met	7242-7313:1
NC_010217.1	CDS	ND2	NADH dehydrogenase subunit 2	7322-8750:1
NC_010217.1	CDS	ND5	NADH dehydrogenase subunit 5	8763-10623:1
NC_010217.1	CDS	COX1	cytochrome c oxidase subunit I	10830-11547:1,11935-11944:1,13062-13905:1
NC_010217.1	CDS	orf345	orf345	11944-12949:1
NC_010217.1	tRNA	trnQ(uug)	tRNA-Gln	14106-14178:1
NC_010217.1	tRNA	trnW(uca)	tRNA-Trp	14234-14305:1
NC_010217.1	CDS	CYTB	cytochrome b	14566-15742:1
NC_010217.1	CDS	COX2	cytochrome c oxidase subunit II	15848-16607:1
NC_010217.1	CDS	ATP8	ATP synthase F0 subunit 8	16632-16833:1
NC_010217.1	CDS	ATP6	ATP synthase F0 subunit 6	16834-17578:1
NC_010217.1	CDS	COX3	cytochrome c oxidase subunit III	17619-18405:1
NC_010217.1	rRNA	rns	s-rRNA	18452-19720:1
NC_010217.1	tRNA	trnK(uuu)	tRNA-Lys	19720-19790:1
NC_010203.1	rRNA	rnl	l-rRNA	1-2629:1
NC_010203.1	tRNA	trnD(guc)	tRNA-Asp	2707-2779:1
NC_010203.1	tRNA	trnN(guu)	tRNA-Asn	2785-2856:1
NC_010203.1	CDS	ND4L	NADH dehydrogenase subunit 4L	2989-3289:-1
NC_010203.1	tRNA	trnR(ucg)	tRNA-Arg	3317-3388:-1
NC_010203.1	CDS	ND3	NADH dehydrogenase subunit 3	3427-3781:-1
NC_010203.1	CDS	ND6	NADH dehydrogenase subunit 6	3782-4355:-1
NC_010203.1	tRNA	trnE(uuc)	tRNA-Glu	4387-4459:-1
NC_010203.1	tRNA	trnH(gug)	tRNA-His	4505-4578:-1
NC_010203.1	CDS	ND4	NADH dehydrogenase subunit 4	4617-6045:-1
NC_010203.1	tRNA	trnP(ugg)	tRNA-Pro	6046-6119:-1
NC_010203.1	tRNA	trnS(gcu)	tRNA-Ser	6134-6218:-1
NC_010203.1	CDS	ATP9	ATP synthase F0 subunit 9	6306-6543:-1
NC_010203.1	tRNA	trnT(ugu)	tRNA-Thr	6624-6697:-1
NC_010203.1	CDS	CYTB	cytochrome b	6738-7884:-1
NC_010203.1	tRNA	trnL(uag)	tRNA-Leu	7923-7996:-1
NC_010203.1	tRNA	trnI(cau)	tRNA-Ile	8023-8096:-1
NC_010203.1	tRNA	trnY(gua)	tRNA-Tyr	8125-8206:-1
NC_010203.1	tRNA	trnI(gau)	tRNA-Ile	8230-8303:-1
NC_010203.1	tRNA	trnL(uaa)	tRNA-Leu	8308-8382:-1
NC_010203.1	CDS	ND1	NADH dehydrogenase subunit 1	8394-9360:-1
NC_010203.1	tRNA	trnC(gca)	tRNA-Cys	9361-9434:-1
NC_010203.1	tRNA	trnS(uga)	tRNA-Ser	9441-9526:-1
NC_010203.1	CDS	COX1	cytochrome c oxidase subunit I	9637-11224:1
NC_010203.1	CDS	COX2	cytochrome c oxidase subunit II	11256-11991:1
NC_010203.1	tRNA	trnK(uuu)	tRNA-Lys	12105-12178:1
NC_010203.1	CDS	ATP8	ATP synthase F0 subunit 8	12179-12413:1
NC_010203.1	CDS	ATP6	ATP synthase F0 subunit 6	12406-13141:1
NC_010203.1	tRNA	trnR(ucu)	tRNA-Arg	13196-13269:1
NC_010203.1	CDS	COX3	cytochrome c oxidase subunit III	13282-14071:1
NC_010203.1	tRNA	trnQ(uug)	tRNA-Gln	14117-14188:1
NC_010203.1	tRNA	trnW(uca)	tRNA-Trp	14243-14314:1
NC_010203.1	tRNA	trnM(cau)f	tRNA-Met	14362-14433:1
NC_010203.1	CDS	ND2	NADH dehydrogenase subunit 2	14475-15903:1
NC_010203.1	CDS	ND5	NADH dehydrogenase subunit 5	16007-17864:1
NC_010203.1	tRNA	trnA(ugc)	tRNA-Ala	17872-17945:1
NC_010203.1	tRNA	trnM(cau)e	tRNA-Met	17986-18059:1
NC_010203.1	tRNA	trnF(gaa)	tRNA-Phe	18067-18140:1
NC_010203.1	rRNA	rns	s-rRNA	18140-19435:1
NC_010203.1	tRNA	trnG(ucc)	tRNA-Gly	19435-19507:1
NC_010203.1	tRNA	trnV(uac)	tRNA-Val	19547-19620:1
NC_010207.1	rRNA	rnl	l-rRNA	7-2490:1
NC_010207.1	tRNA	trnI(cau)	tRNA-Ile	2494-2566:1
NC_010207.1	tRNA	trnR(ucg)	tRNA-Arg	3106-3179:1
NC_010207.1	tRNA	trnY(gua)	tRNA-Tyr	3187-3258:1
NC_010207.1	tRNA	trnK(uuu)	tRNA-Lys	3276-3349:1
NC_010207.1	CDS	ATP8	ATP synthase F0 subunit 8	3350-3569:1
NC_010207.1	CDS	ATP6	ATP synthase F0 subunit 6	3562-4297:1
NC_010207.1	tRNA	trnR(ucu)	tRNA-Arg	4310-4382:1
NC_010207.1	CDS	COX3	cytochrome c oxidase subunit III	4403-5192:1
NC_010207.1	tRNA	trnQ(uug)	tRNA-Gln	5203-5278:1
NC_010207.1	tRNA	trnW(uca)	tRNA-Trp	5280-5351:1
NC_010207.1	tRNA	trnL(uag)	tRNA-Leu	5372-5445:1
NC_010207.1	tRNA	trnN(guu)	tRNA-Asn	5449-5521:1
NC_010207.1	CDS	CYTB	cytochrome b	5522-6680:1
NC_010207.1	tRNA	trnT(ugu)	tRNA-Thr	6703-6776:1
NC_010207.1	CDS	ATP9	ATP synthase F0 subunit 9	6825-7062:1
NC_010207.1	tRNA	trnS(gcu)	tRNA-Ser	7080-7167:1
NC_010207.1	tRNA	trnP(ugg)	tRNA-Pro	7215-7288:1
NC_010207.1	CDS	ND4	NADH dehydrogenase subunit 4	7292-8732:1
NC_010207.1	tRNA	trnH(gug)	tRNA-His	8752-8825:1
NC_010207.1	tRNA	trnE(uuc)	tRNA-Glu	8839-8911:1
NC_010207.1	CDS	ND6	NADH dehydrogenase subunit 6	8908-9460:1
NC_010207.1	tRNA	trnD(guc)	tRNA-Asp	9472-9543:1
NC_010207.1	CDS	ND3	NADH dehydrogenase subunit 3	9564-9933:1
NC_010207.1	CDS	ND4L	NADH dehydrogenase subunit 4L	9953-10256:1
NC_010207.1	CDS	COX1	cytochrome c oxidase subunit I	10272-11853:1
NC_010207.1	tRNA	trnS(uga)	tRNA-Ser	11843-11922:1
NC_010207.1	tRNA	trnC(gca)	tRNA-Cys	11955-12028:1
NC_010207.1	CDS	ND1	NADH dehydrogenase subunit 1	12034-13006:1
NC_010207.1	tRNA	trnL(uaa)	tRNA-Leu	13009-13083:1
NC_010207.1	tRNA	trnI(gau)	tRNA-Ile	13088-13161:1
NC_010207.1	tRNA	trnM(cau)f	tRNA-Met	13188-13259:1
NC_010207.1	CDS	ND2	NADH dehydrogenase subunit 2	13616-14993:1
NC_010207.1	CDS	ND5	NADH dehydrogenase subunit 5	15004-16852:1
NC_010207.1	tRNA	trnA(ugc)	tRNA-Ala	16863-16936:1
NC_010207.1	CDS	COX2	cytochrome c oxidase subunit II	16958-17675:1
NC_010207.1	tRNA	trnF(gaa)	tRNA-Phe	17665-17738:1
NC_010207.1	rRNA	rns	s-rRNA	17739-18954:1
NC_010207.1	tRNA	trnG(ucc)	tRNA-Gly	18954-19026:1
NC_010207.1	tRNA	trnV(uac)	tRNA-Val	19039-19112:1
NC_010204.1	rRNA	rnl	l-rRNA	19-2516:1
NC_010204.1	CDS	ND4L	NADH dehydrogenase subunit 4L	2667-2970:1
NC_010204.1	tRNA	trnR(ucg)	tRNA-Arg	3007-3077:1
NC_010204.1	tRNA	trnS(uga)	tRNA-Ser	3336-3419:1
NC_010204.1	tRNA	trnD(guc)	tRNA-Asp	3419-3491:1
NC_010204.1	tRNA	trnC(gca)	tRNA-Cys	3607-3678:1
NC_010204.1	CDS	ND1	NADH dehydrogenase subunit 1	3784-4768:1
NC_010204.1	tRNA	trnL(uaa)	tRNA-Leu	4805-4885:1
NC_010204.1	tRNA	trnI(gau)	tRNA-Ile	4891-4962:1
NC_010204.1	tRNA	trnY(gua)	tRNA-Tyr	4967-5038:1
NC_010204.1	tRNA	trnI(cau)	tRNA-Ile	5084-5157:1
NC_010204.1	tRNA	trnM(cau)f	tRNA-Met	5178-5249:1
NC_010204.1	CDS	ND2	NADH dehydrogenase subunit 2	5255-6653:1
NC_010204.1	CDS	ND5	NADH dehydrogenase subunit 5	6696-8574:1
NC_010204.1	tRNA	trnA(ugc)	tRNA-Ala	8564-8637:1
NC_010204.1	tRNA	trnM(cau)e	tRNA-Met	8655-8726:1
NC_010204.1	CDS	ND4	NADH dehydrogenase subunit 4	8782-10228:1
NC_010204.1	tRNA	trnH(gug)	tRNA-His	10267-10340:1
NC_010204.1	tRNA	trnE(uuc)	tRNA-Glu	10341-10412:1
NC_010204.1	CDS	ND6	NADH dehydrogenase subunit 6	10413-10980:1
NC_010204.1	CDS	ND3	NADH dehydrogenase subunit 3	10999-11356:1
NC_010204.1	CDS	COX1	cytochrome c oxidase subunit I	11564-13127:1
NC_010204.1	CDS	COX2	cytochrome c oxidase subunit II	13252-13999:1
NC_010204.1	tRNA	trnK(uuu)	tRNA-Lys	14065-14138:1
NC_010204.1	CDS	ATP8	ATP synthase F0 subunit 8	14139-14343:1
NC_010204.1	CDS	ATP6	ATP synthase F0 subunit 6	14342-15077:1
NC_010204.1	tRNA	trnR(ucu)	tRNA-Arg	15106-15178:1
NC_010204.1	CDS	COX3	cytochrome c oxidase subunit III	15195-15984:1
NC_010204.1	tRNA	trnQ(uug)	tRNA-Gln	15993-16065:1
NC_010204.1	tRNA	trnW(uca)	tRNA-Trp	16170-16241:1
NC_010204.1	tRNA	trnN(guu)	tRNA-Asn	16302-16374:1
NC_010204.1	tRNA	trnL(uag)	tRNA-Leu	16388-16461:1
NC_010204.1	CDS	CYTB	cytochrome b	16462-17608:1
NC_010204.1	tRNA	trnT(ugu)	tRNA-Thr	17700-17771:1
NC_010204.1	CDS	ATP9	ATP synthase F0 subunit 9	17800-18037:1
NC_010204.1	tRNA	trnS(gcu)	tRNA-Ser	18084-18166:1
NC_010204.1	tRNA	trnP(ugg)	tRNA-Pro	18179-18250:1
NC_010204.1	tRNA	trnF(gaa)	tRNA-Phe	18279-18351:1
NC_010204.1	rRNA	rns	s-rRNA	18351-19583:1
NC_010204.1	tRNA	trnG(ucc)	tRNA-Gly	19583-19655:1
NC_010204.1	tRNA	trnV(uac)	tRNA-Val	19690-19763:1
NC_010212.1	rRNA	rnl	l-rRNA	0-2490:1
NC_010212.1	CDS	COX1	cytochrome c oxidase subunit I	2581-4144:1
NC_010212.1	tRNA	trnS(uga)	tRNA-Ser	4176-4264:1
NC_010212.1	tRNA	trnC(gca)	tRNA-Cys	4282-4355:1
NC_010212.1	CDS	ND1	NADH dehydrogenase subunit 1	4366-5341:1
NC_010212.1	tRNA	trnL(uaa)	tRNA-Leu	5359-5440:1
NC_010212.1	tRNA	trnR(ucu)	tRNA-Arg	5446-5519:1
NC_010212.1	CDS	COX3	cytochrome c oxidase subunit III	5561-6347:1
NC_010212.1	tRNA	trnQ(uug)	tRNA-Gln	6422-6495:1
NC_010212.1	tRNA	trnW(uca)	tRNA-Trp	6546-6617:1
NC_010212.1	tRNA	trnM(cau)f	tRNA-Met	6642-6713:1
NC_010212.1	CDS	ND2	NADH dehydrogenase subunit 2	6714-8142:1
NC_010212.1	CDS	ND5	NADH dehydrogenase subunit 5	8232-10059:1
NC_010212.1	tRNA	trnA(ugc)	tRNA-Ala	10115-10188:1
NC_010212.1	CDS	COX2	cytochrome c oxidase subunit II	10203-10974:1
NC_010212.1	tRNA	trnK(uuu)	tRNA-Lys	11010-11083:1
NC_010212.1	CDS	ATP8	ATP synthase F0 subunit 8	11150-11375:1
NC_010212.1	CDS	ATP6	ATP synthase F0 subunit 6	11382-12117:1
NC_010212.1	tRNA	trnI(gau)	tRNA-Ile	12147-12219:1
NC_010212.1	tRNA	trnY(gua)	tRNA-Tyr	12224-12306:1
NC_010212.1	tRNA	trnI(cau)	tRNA-Ile	12315-12388:1
NC_010212.1	tRNA	trnD(guc)	tRNA-Asp	12418-12489:1
NC_010212.1	tRNA	trnN(guu)	tRNA-Asn	12495-12567:1
NC_010212.1	tRNA	trnL(uag)	tRNA-Leu	12576-12650:1
NC_010212.1	CDS	CYTB	cytochrome b	12651-13797:1
NC_010212.1	tRNA	trnT(ugu)	tRNA-Thr	13821-13894:1
NC_010212.1	CDS	ATP9	ATP synthase F0 subunit 9	13949-14186:1
NC_010212.1	tRNA	trnS(gcu)	tRNA-Ser	14277-14362:1
NC_010212.1	tRNA	trnP(ugg)	tRNA-Pro	14371-14443:1
NC_010212.1	CDS	ND4	NADH dehydrogenase subunit 4	14467-15937:1
NC_010212.1	tRNA	trnH(gug)	tRNA-His	15955-16028:1
NC_010212.1	tRNA	trnE(uuc)	tRNA-Glu	16041-16113:1
NC_010212.1	CDS	ND6	NADH dehydrogenase subunit 6	16117-16708:1
NC_010212.1	CDS	ND3	NADH dehydrogenase subunit 3	16748-17108:1
NC_010212.1	tRNA	trnR(ucg)	tRNA-Arg	17221-17292:1
NC_010212.1	CDS	ND4L	NADH dehydrogenase subunit 4L	17297-17597:1
NC_010212.1	tRNA	trnM(cau)e	tRNA-Met	17739-17812:1
NC_010212.1	tRNA	trnF(gaa)	tRNA-Phe	17847-17920:1
NC_010212.1	rRNA	rns	s-rRNA	17927-19115:1
NC_010212.1	tRNA	trnG(ucc)	tRNA-Gly	19115-19187:1
NC_010212.1	tRNA	trnV(uac)	tRNA-Val	19204-19277:1
NC_010211.1	rRNA	rnl	l-rRNA	4-2562:1
NC_010211.1	tRNA	trnR(ucg)	tRNA-Arg	2602-2673:1
NC_010211.1	CDS	ND4L	NADH dehydrogenase subunit 4L	2676-2976:1
NC_010211.1	CDS	COX1	cytochrome c oxidase subunit I	3058-4627:1
NC_010211.1	tRNA	trnS(uga)	tRNA-Ser	4725-4810:1
NC_010211.1	tRNA	trnD(guc)	tRNA-Asp	4817-4890:1
NC_010211.1	tRNA	trnC(gca)	tRNA-Cys	4890-4963:1
NC_010211.1	CDS	ND1	NADH dehydrogenase subunit 1	4997-5942:1
NC_010211.1	tRNA	trnL(uaa)	tRNA-Leu	5967-6048:1
NC_010211.1	tRNA	trnI(gau)	tRNA-Ile	6073-6147:1
NC_010211.1	tRNA	trnY(gua)	tRNA-Tyr	6159-6242:1
NC_010211.1	tRNA	trnI(cau)	tRNA-Ile	6258-6331:1
NC_010211.1	tRNA	trnM(cau)f	tRNA-Met	6341-6412:1
NC_010211.1	CDS	ND2	NADH dehydrogenase subunit 2	6440-7817:1
NC_010211.1	CDS	ND5	NADH dehydrogenase subunit 5	7849-9718:1
NC_010211.1	tRNA	trnA(ugc)	tRNA-Ala	9708-9782:1
NC_010211.1	CDS	COX2	cytochrome c oxidase subunit II	9851-10592:1
NC_010211.1	tRNA	trnK(uuu)	tRNA-Lys	10638-10711:1
NC_010211.1	CDS	ATP8	ATP synthase F0 subunit 8	10712-10943:1
NC_010211.1	CDS	ATP6	ATP synthase F0 subunit 6	10955-11690:1
NC_010211.1	tRNA	trnR(ucu)	tRNA-Arg	11708-11781:1
NC_010211.1	CDS	COX3	cytochrome c oxidase subunit III	11796-12585:1
NC_010211.1	tRNA	trnQ(uug)	tRNA-Gln	12595-12668:1
NC_010211.1	tRNA	trnW(uca)	tRNA-Trp	12676-12747:1
NC_010211.1	tRNA	trnN(guu)	tRNA-Asn	12777-12849:1
NC_010211.1	tRNA	trnL(uag)	tRNA-Leu	12854-12928:1
NC_010211.1	CDS	CYTB	cytochrome b	12930-14079:1
NC_010211.1	tRNA	trnT(ugu)	tRNA-Thr	14116-14189:1
NC_010211.1	CDS	ATP9	ATP synthase F0 subunit 9	14249-14486:1
NC_010211.1	tRNA	trnS(gcu)	tRNA-Ser	14521-14611:1
NC_010211.1	tRNA	trnP(ugg)	tRNA-Pro	14613-14686:1
NC_010211.1	CDS	ND4	NADH dehydrogenase subunit 4	14699-16154:1
NC_010211.1	tRNA	trnH(gug)	tRNA-His	16163-16237:1
NC_010211.1	tRNA	trnE(uuc)	tRNA-Glu	16254-16326:1
NC_010211.1	CDS	ND6	NADH dehydrogenase subunit 6	16328-16892:1
NC_010211.1	CDS	ND3	NADH dehydrogenase subunit 3	16934-17291:1
NC_010211.1	tRNA	trnM(cau)e	tRNA-Met	17304-17376:1
NC_010211.1	tRNA	trnF(gaa)	tRNA-Phe	17456-17529:1
NC_010211.1	rRNA	rns	s-rRNA	17529-18839:1
NC_010211.1	tRNA	trnG(ucc)	tRNA-Gly	18839-18911:1
NC_010211.1	tRNA	trnV(uac)	tRNA-Val	18915-18988:1
NC_010206.1	rRNA	rnl	l-rRNA	15-2443:1
NC_010206.1	tRNA	trnR(ucg)	tRNA-Arg	2501-2572:1
NC_010206.1	CDS	ND4L	NADH dehydrogenase subunit 4L	2575-2875:1
NC_010206.1	CDS	COX1	cytochrome c oxidase subunit I	3003-4614:1
NC_010206.1	tRNA	trnS(uga)	tRNA-Ser	4617-4699:1
NC_010206.1	tRNA	trnD(guc)	tRNA-Asp	4699-4772:1
NC_010206.1	tRNA	trnC(gca)	tRNA-Cys	5162-5234:1
NC_010206.1	CDS	ND1	NADH dehydrogenase subunit 1	5236-6193:1
NC_010206.1	tRNA	trnL(uaa)	tRNA-Leu	6210-6290:1
NC_010206.1	tRNA	trnI(gau)	tRNA-Ile	6294-6368:1
NC_010206.1	tRNA	trnY(gua)	tRNA-Tyr	6370-6449:1
NC_010206.1	tRNA	trnI(cau)	tRNA-Ile	6461-6534:1
NC_010206.1	tRNA	trnM(cau)f	tRNA-Met	6538-6609:1
NC_010206.1	CDS	ND2	NADH dehydrogenase subunit 2	6614-7973:1
NC_010206.1	CDS	ND5	NADH dehydrogenase subunit 5	8010-9871:1
NC_010206.1	tRNA	trnA(ugc)	tRNA-Ala	9871-9945:1
NC_010206.1	CDS	COX2	cytochrome c oxidase subunit II	9973-10708:1
NC_010206.1	tRNA	trnK(uuu)	tRNA-Lys	10729-10802:1
NC_010206.1	CDS	ATP8	ATP synthase F0 subunit 8	10803-11052:1
NC_010206.1	CDS	ATP6	ATP synthase F0 subunit 6	11051-11786:1
NC_010206.1	tRNA	trnR(ucu)	tRNA-Arg	11813-11886:1
NC_010206.1	CDS	COX3	cytochrome c oxidase subunit III	11897-12686:1
NC_010206.1	tRNA	trnQ(uug)	tRNA-Gln	12696-12769:1
NC_010206.1	tRNA	trnW(uca)	tRNA-Trp	12769-12840:1
NC_010206.1	tRNA	trnN(guu)	tRNA-Asn	12845-12917:1
NC_010206.1	tRNA	trnL(uag)	tRNA-Leu	12917-12990:1
NC_010206.1	CDS	CYTB	cytochrome b	12991-14140:1
NC_010206.1	tRNA	trnT(ugu)	tRNA-Thr	14167-14240:1
NC_010206.1	CDS	ATP9	ATP synthase F0 subunit 9	14286-14523:1
NC_010206.1	tRNA	trnS(gcu)	tRNA-Ser	14545-14630:1
NC_010206.1	tRNA	trnP(ugg)	tRNA-Pro	14632-14705:1
NC_010206.1	CDS	ND4	NADH dehydrogenase subunit 4	14718-16161:1
NC_010206.1	tRNA	trnH(gug)	tRNA-His	16175-16249:1
NC_010206.1	tRNA	trnE(uuc)	tRNA-Glu	16256-16328:1
NC_010206.1	CDS	ND6	NADH dehydrogenase subunit 6	16330-16882:1
NC_010206.1	CDS	ND3	NADH dehydrogenase subunit 3	16899-17256:1
NC_010206.1	tRNA	trnF(gaa)	tRNA-Phe	17409-17482:1
NC_010206.1	rRNA	rns	s-rRNA	17481-18686:1
NC_010206.1	tRNA	trnG(ucc)	tRNA-Gly	18686-18758:1
NC_010206.1	tRNA	trnV(uac)	tRNA-Val	18773-18846:1
NC_010201.1	rRNA	rnl	l-rRNA	2-2551:1
NC_010201.1	tRNA	trnR(ucg)	tRNA-Arg	2611-2682:1
NC_010201.1	CDS	ND4L	NADH dehydrogenase subunit 4L	2685-2985:1
NC_010201.1	CDS	COX1	cytochrome c oxidase subunit I	3006-4584:1
NC_010201.1	tRNA	trnS(uga)	tRNA-Ser	4598-4684:1
NC_010201.1	tRNA	trnD(guc)	tRNA-Asp	4697-4770:1
NC_010201.1	CDS	ND1	NADH dehydrogenase subunit 1	4774-5734:1
NC_010201.1	tRNA	trnL(uaa)	tRNA-Leu	5818-5893:1
NC_010201.1	tRNA	trnI(gau)	tRNA-Ile	5897-5968:1
NC_010201.1	tRNA	trnY(gua)	tRNA-Tyr	5968-6052:1
NC_010201.1	tRNA	trnI(cau)	tRNA-Ile	6062-6135:1
NC_010201.1	tRNA	trnM(cau)	tRNA-Met	6141-6212:1
NC_010201.1	CDS	ND2	NADH dehydrogenase subunit 2	6245-7598:1
NC_010201.1	CDS	ND5	NADH dehydrogenase subunit 5	7608-9480:1
NC_010201.1	tRNA	trnA(ugc)	tRNA-Ala	9480-9553:1
NC_010201.1	CDS	COX2	cytochrome c oxidase subunit II	9564-10284:1
NC_010201.1	tRNA	trnK(uuu)	tRNA-Lys	10313-10386:1
NC_010201.1	CDS	ATP8	ATP synthase F0 subunit 8	10387-10603:1
NC_010201.1	CDS	ATP6	ATP synthase F0 subunit 6	10605-11331:1
NC_010201.1	tRNA	trnR(ucu)	tRNA-Arg	11391-11465:1
NC_010201.1	CDS	COX3	cytochrome c oxidase subunit III	11505-12294:1
NC_010201.1	tRNA	trnQ(uug)	tRNA-Gln	12333-12405:1
NC_010201.1	tRNA	trnW(uca)	tRNA-Trp	12408-12479:1
NC_010201.1	tRNA	trnN(guu)	tRNA-Asn	12482-12554:1
NC_010201.1	tRNA	trnL(uag)	tRNA-Leu	12557-12630:1
NC_010201.1	CDS	CYTB	cytochrome b	12650-13799:1
NC_010201.1	tRNA	trnT(ugu)	tRNA-Thr	13827-13901:1
NC_010201.1	CDS	ATP9	ATP synthase F0 subunit 9	13957-14194:1
NC_010201.1	tRNA	trnS(agc)	tRNA-Ser	14214-14302:1
NC_010201.1	tRNA	trnP(ugg)	tRNA-Pro	14343-14416:1
NC_010201.1	CDS	ND4	NADH dehydrogenase subunit 4	14430-15885:1
NC_010201.1	tRNA	trnH(gug)	tRNA-His	15888-15962:1
NC_010201.1	tRNA	trnE(uuc)	tRNA-Glu	15965-16036:1
NC_010201.1	CDS	ND6	NADH dehydrogenase subunit 6	16075-16630:1
NC_010201.1	CDS	ND3	NADH dehydrogenase subunit 3	16688-17045:1
NC_010201.1	tRNA	trnF(gaa)	tRNA-Phe	17140-17213:1
NC_010201.1	rRNA	rns	s-rRNA	17213-18292:1
NC_010201.1	tRNA	trnG(ucc)	tRNA-Gly	18293-18365:1
NC_010201.1	tRNA	trnC(gca)	tRNA-Cys	18416-18488:1
NC_010201.1	tRNA	trnV(uac)	tRNA-Val	18491-18564:1
NC_010202.1	rRNA	rnl	l-rRNA	127-2950:1
NC_010202.1	CDS	COX2	cytochrome c oxidase subunit II	2999-3776:1
NC_010202.1	tRNA	trnK(uuu)	tRNA-Lys	4364-4437:1
NC_010202.1	CDS	ATP8	ATP synthase F0 subunit 8	4438-4693:1
NC_010202.1	CDS	ATP6	ATP synthase F0 subunit 6	4740-5475:1
NC_010202.1	tRNA	trnR(ucu)	tRNA-Arg	5755-5829:1
NC_010202.1	CDS	COX3	cytochrome c oxidase subunit III	5959-6748:1
NC_010202.1	tRNA	trnQ(uug)	tRNA-Gln	7092-7165:1
NC_010202.1	tRNA	trnW(uca)	tRNA-Trp	7245-7316:1
NC_010202.1	tRNA	trnN(guu)	tRNA-Asn	7447-7519:1
NC_010202.1	tRNA	trnL(uag)	tRNA-Leu	7523-7597:1
NC_010202.1	CDS	CYTB	cytochrome b	7598-8744:1
NC_010202.1	tRNA	trnT(ugu)	tRNA-Thr	8955-9029:1
NC_010202.1	CDS	ATP9	ATP synthase F0 subunit 9	9178-9415:1
NC_010202.1	tRNA	trnS(gcu)	tRNA-Ser	9512-9600:1
NC_010202.1	tRNA	trnP(ugg)	tRNA-Pro	9602-9675:1
NC_010202.1	CDS	ND4	NADH dehydrogenase subunit 4	9828-11280:1
NC_010202.1	tRNA	trnH(gug)	tRNA-His	11919-11993:1
NC_010202.1	tRNA	trnE(uuc)	tRNA-Glu	12192-12264:1
NC_010202.1	CDS	ND6	NADH dehydrogenase subunit 6	12266-12857:1
NC_010202.1	CDS	ND3	NADH dehydrogenase subunit 3	12943-13300:1
NC_010202.1	tRNA	trnR(ucg)	tRNA-Arg	13404-13475:1
NC_010202.1	CDS	ND4L	NADH dehydrogenase subunit 4L	13477-13777:1
NC_010202.1	CDS	COX1	cytochrome c oxidase subunit I	13872-15453:1
NC_010202.1	tRNA	trnS(uga)	tRNA-Ser	15845-15931:1
NC_010202.1	tRNA	trnD(guc)	tRNA-Asp	15932-16005:1
NC_010202.1	tRNA	trnC(gca)	tRNA-Cys	16209-16282:1
NC_010202.1	CDS	ND1	NADH dehydrogenase subunit 1	16459-17446:1
NC_010202.1	tRNA	trnL(uaa)	tRNA-Leu	17713-17789:1
NC_010202.1	tRNA	trnI(gau)	tRNA-Ile	17820-17894:1
NC_010202.1	tRNA	trnY(gua)	tRNA-Tyr	18024-18108:1
NC_010202.1	tRNA	trnI(cau)	tRNA-Ile	18260-18333:1
NC_010202.1	tRNA	trnM(cau)f	tRNA-Met	18371-18443:1
NC_010202.1	CDS	ND2	NADH dehydrogenase subunit 2	18444-19875:1
NC_010202.1	CDS	ND5	NADH dehydrogenase subunit 5	19946-21791:1
NC_010202.1	tRNA	trnA(ugc)	tRNA-Ala	21792-21866:1
NC_010202.1	tRNA	trnM(cau)e	tRNA-Met	21919-21991:1
NC_010202.1	tRNA	trnF(gaa)	tRNA-Phe	22151-22225:1
NC_010202.1	rRNA	rns	s-rRNA	22225-23741:1
NC_010202.1	tRNA	trnG(ucc)	tRNA-Gly	23741-23813:1
NC_010202.1	tRNA	trnV(uac)	tRNA-Val	23856-23929:1
NC_010171.1	rRNA	rnl	l-rRNA	0-2593:1
NC_010171.1	tRNA	trnI(CAU)	tRNA-Ile	2604-2676:1
NC_010171.1	tRNA	trnT(GUA)	tRNA-Tyr	2691-2762:1
NC_010171.1	tRNA	trnL(UUU)	tRNA-Lys	3009-3082:1
NC_010171.1	CDS	ATP8	ATP synthase F0 subunit 8	3083-3311:1
NC_010171.1	CDS	ATP6	ATP synthase F0 subunit 6	3304-4039:1
NC_010171.1	tRNA	trnR(UCU)	tRNA-Arg	4069-4141:1
NC_010171.1	tRNA	trnR(UCG)	tRNA-Arg	4292-4366:1
NC_010171.1	CDS	COX3	cytochrome c oxidase subunit III	4477-5266:1
NC_010171.1	tRNA	trnQ(UUG)	tRNA-Gln	5284-5359:1
NC_010171.1	tRNA	trnW(UCA)	tRNA-Trp	5447-5518:1
NC_010171.1	tRNA	trnL(UAG)	tRNA-Leu	5560-5633:1
NC_010171.1	tRNA	trnN(GUU)	tRNA-Asn	5637-5708:1
NC_010171.1	CDS	CYTB	cytochrome b	5709-6864:1
NC_010171.1	tRNA	trnT(UGU)	tRNA-Thr	6897-6970:1
NC_010171.1	CDS	ATP9	ATP synthase F0 subunit 9	7011-7248:1
NC_010171.1	tRNA	trnS(GCU)	tRNA-Ser	7261-7348:1
NC_010171.1	tRNA	trnP(UGG)	tRNA-Pro	7359-7432:1
NC_010171.1	CDS	ND4	NADH dehydrogenase subunit 4	7462-8911:1
NC_010171.1	tRNA	trnH(GUG)	tRNA-His	8922-8995:1
NC_010171.1	tRNA	trnE(UUC)	tRNA-Glu	9030-9102:1
NC_010171.1	CDS	ND6	NADH dehydrogenase subunit 6	9099-9687:1
NC_010171.1	tRNA	trnD(GUC)	tRNA-Asp	9877-9948:1
NC_010171.1	CDS	ND3	NADH dehydrogenase subunit 3	9980-10334:1
NC_010171.1	CDS	ND4L	NADH dehydrogenase subunit 4L	10354-10654:1
NC_010171.1	tRNA	trnY(AUA)	tRNA-Tyr	11018-11091:1
NC_010171.1	CDS	COX1	cytochrome c oxidase subunit I	11094-12654:1
NC_010171.1	tRNA	trnS(UGA)	tRNA-Ser	12644-12723:1
NC_010171.1	tRNA	trnC(GCA)	tRNA-Cys	12831-12903:1
NC_010171.1	CDS	ND1	NADH dehydrogenase subunit 1	13174-14146:1
NC_010171.1	tRNA	trnL(UAA)	tRNA-Leu	14150-14224:1
NC_010171.1	tRNA	trnI(GAU)	tRNA-Ile	14229-14302:1
NC_010171.1	tRNA	trnM(CAU)	tRNA-Met	14330-14401:1
NC_010171.1	CDS	ND2	NADH dehydrogenase subunit 2	14413-15772:1
NC_010171.1	CDS	ND5	NADH dehydrogenase subunit 5	15782-17675:1
NC_010171.1	tRNA	trnA(UGC)	tRNA-Ala	17689-17762:1
NC_010171.1	CDS	COX2	cytochrome c oxidase subunit II	17837-18581:1
NC_010171.1	tRNA	trnF(GAA)	tRNA-Phe	18571-18644:1
NC_010171.1	rRNA	rns	s-rRNA	18644-19878:1
NC_010171.1	tRNA	trnG(UCC)	tRNA-Gly	19878-19950:1
NC_010171.1	tRNA	trnV(UAC)	tRNA-Val	20008-20081:1
NC_008944.1	rRNA		l-rRNA	23-2895:1
NC_008944.1	tRNA		tRNA-Arg	2908-2979:1
NC_008944.1	CDS	ND4L	NADH dehydrogenase subunit 4L	2980-3277:1
NC_008944.1	CDS	COX1	cytochrome c oxidase subunit I	3308-4901:1
NC_008944.1	tRNA		tRNA-Cys	4961-5047:1
NC_008944.1	tRNA		tRNA-Ser	5050-5122:1
NC_008944.1	CDS	ND1	NADH dehydrogenase subunit 1	5236-6181:1
NC_008944.1	tRNA		tRNA-Tyr	6291-6373:1
NC_008944.1	tRNA		tRNA-Pro	6383-6455:1
NC_008944.1	tRNA		tRNA-Met	6499-6572:1
NC_008944.1	tRNA		tRNA-Met	6584-6655:1
NC_008944.1	CDS	ND2	NADH dehydrogenase subunit 2	6656-8021:1
NC_008944.1	CDS	ND5	NADH dehydrogenase subunit 5	8089-9910:1
NC_008944.1	tRNA		tRNA-Ala	9920-9992:1
NC_008944.1	CDS	COX2	cytochrome c oxidase subunit II	10011-10767:1
NC_008944.1	tRNA		tRNA-Lys	10842-10914:1
NC_008944.1	CDS	ATP8	ATP synthase F0 subunit 8	10905-11127:1
NC_008944.1	CDS	ATP6	ATP synthase F0 subunit 6	11140-11845:1
NC_008944.1	tRNA		tRNA-Arg	11917-11990:1
NC_008944.1	CDS	COX3	cytochrome c oxidase subunit III	11991-12771:1
NC_008944.1	tRNA		tRNA-Gln	12792-12865:1
NC_008944.1	tRNA		tRNA-Trp	12922-12993:1
NC_008944.1	tRNA		tRNA-Asn	13038-13110:1
NC_008944.1	CDS	CYTB	cytochrome b	13182-14347:1
NC_008944.1	tRNA		tRNA-Ser	14348-14423:1
NC_008944.1	CDS	ND4	NADH dehydrogenase subunit 4	14424-15876:1
NC_008944.1	tRNA		tRNA-Glu	15912-15984:1
NC_008944.1	CDS	ND6	NADH dehydrogenase subunit 6	16417-17011:1
NC_008944.1	CDS	ND3	NADH dehydrogenase subunit 3	17021-17378:1
NC_008944.1	rRNA		s-rRNA	17556-18880:1
NC_008944.1	tRNA		tRNA-Gly	18880-18952:1
NC_008944.1	tRNA		tRNA-Phe	18962-19030:1
NC_006991.1	rRNA	rnl	l-rRNA	60-2601:1
NC_006991.1	tRNA	trnE(uuc)	tRNA-Glu	2609-2681:1
NC_006991.1	CDS	ND6	NADH dehydrogenase subunit 6	2681-3245:1
NC_006991.1	tRNA	trnY(gua)	tRNA-Tyr	3277-3349:1
NC_006991.1	tRNA	trnI(cau)	tRNA-Ile	3354-3426:1
NC_006991.1	CDS	COX2	cytochrome c oxidase subunit II	3448-4180:1
NC_006991.1	tRNA	trnL(uaa)	tRNA-Leu	4217-4300:1
NC_006991.1	tRNA	trnK(uuu)	tRNA-Lys	4619-4693:1
NC_006991.1	CDS	ATP8	ATP synthase F0 subunit 8	4694-4937:1
NC_006991.1	CDS	ATP6	ATP synthase F0 subunit 6	4945-5680:1
NC_006991.1	tRNA	trnR(ucu)	tRNA-Arg	5700-5773:1
NC_006991.1	CDS	COX3	cytochrome c oxidase subunit III	5784-6573:1
NC_006991.1	tRNA	trnN(guu)	tRNA-Asn	6619-6691:1
NC_006991.1	CDS	CYTB	cytochrome b	6784-7930:1
NC_006991.1	tRNA	trnS(gcu)	tRNA-Ser	7947-8033:1
NC_006991.1	tRNA	trnI(gau)	tRNA-Ile	8045-8118:1
NC_006991.1	tRNA	trnQ(uug)	tRNA-Gln	8140-8213:1
NC_006991.1	tRNA	trnW(uca)	tRNA-Trp	8243-8314:1
NC_006991.1	CDS	ATP9	ATP synthase F0 subunit 9	8418-8655:1
NC_006991.1	CDS	ND4	NADH dehydrogenase subunit 4	8718-10167:1
NC_006991.1	tRNA	trnH(gug)	tRNA-His	10217-10291:1
NC_006991.1	tRNA	trnD(guc)	tRNA-Asp	10298-10370:1
NC_006991.1	CDS	ND3	NADH dehydrogenase subunit 3	10396-10753:1
NC_006991.1	tRNA	trnR(ucg)	tRNA-Arg	10782-10853:1
NC_006991.1	CDS	ND4L	NADH dehydrogenase subunit 4L	10853-11153:1
NC_006991.1	CDS	COX1	cytochrome c oxidase subunit I	11242-12811:1
NC_006991.1	tRNA	trnS(uga)	tRNA-Ser	12849-12930:1
NC_006991.1	CDS	ND1	NADH dehydrogenase subunit 1	12955-13972:1
NC_006991.1	tRNA	trnP(ugg)	tRNA-Pro	13996-14070:1
NC_006991.1	tRNA	trnL(uag)	tRNA-Leu	14075-14149:1
NC_006991.1	tRNA	trnC(gca)	tRNA-Cys	14173-14245:1
NC_006991.1	tRNA	trnT(ugu)	tRNA-Thr	14256-14329:1
NC_006991.1	tRNA	trnM(cau)f	tRNA-Met	14352-14423:1
NC_006991.1	CDS	ND2	NADH dehydrogenase subunit 2	14429-15875:1
NC_006991.1	CDS	ND5	NADH dehydrogenase subunit 5	15915-17784:1
NC_006991.1	tRNA	trnA(ugc)	tRNA-Ala	17812-17885:1
NC_006991.1	tRNA	trnM(cau)e	tRNA-Met	17902-17974:1
NC_006991.1	tRNA	trnF(gaa)	tRNA-Phe	18094-18167:1
NC_006991.1	rRNA	rns	s-rRNA	18170-19412:1
NC_006991.1	tRNA	trnG(ucc)	tRNA-Gly	19412-19484:1
NC_006991.1	tRNA	trnV(uac)	tRNA-Val	19494-19565:1
NC_006990.1	rRNA	rnl	l-rRNA	17-2406:1
NC_006990.1	CDS	COX2	cytochrome c oxidase subunit II	2422-3166:1
NC_006990.1	tRNA	trnK(uuu)	tRNA-Lys	3198-3271:1
NC_006990.1	CDS	ATP8	ATP synthase F0 subunit 8	3272-3464:1
NC_006990.1	CDS	ATP6	ATP synthase F0 subunit 6	3463-4198:1
NC_006990.1	tRNA	trnR(ucu)	tRNA-Arg	4206-4279:1
NC_006990.1	CDS	COX3	cytochrome c oxidase subunit III	4298-5087:1
NC_006990.1	tRNA	trnQ(uug)	tRNA-Gln	5103-5176:1
NC_006990.1	tRNA	trnW(uca)	tRNA-Trp	5180-5251:1
NC_006990.1	tRNA	trnN(guu)	tRNA-Asn	5251-5323:1
NC_006990.1	tRNA	trnL(uag)	tRNA-Leu	5324-5398:1
NC_006990.1	CDS	CYTB	cytochrome b	5400-6546:1
NC_006990.1	tRNA	trnT(ugu)	tRNA-Thr	6549-6622:1
NC_006990.1	CDS	ATP9	ATP synthase F0 subunit 9	6671-6908:1
NC_006990.1	tRNA	trnS(gcu)	tRNA-Ser	6935-7020:1
NC_006990.1	tRNA	trnP(ugg)	tRNA-Pro	7029-7101:1
NC_006990.1	CDS	ND4	NADH dehydrogenase subunit 4	7102-8548:1
NC_006990.1	tRNA	trnH(gug)	tRNA-His	8527-8599:1
NC_006990.1	tRNA	trnE(uuc)	tRNA-Glu	8610-8682:1
NC_006990.1	CDS	ND6	NADH dehydrogenase subunit 6	8684-9242:1
NC_006990.1	CDS	ND3	NADH dehydrogenase subunit 3	9243-9600:1
NC_006990.1	tRNA	trnR(ucg)	tRNA-Arg	9604-9676:1
NC_006990.1	CDS	ND4L	NADH dehydrogenase subunit 4L	9676-9997:1
NC_006990.1	CDS	COX1	cytochrome c oxidase subunit I	9984-11547:1
NC_006990.1	tRNA	trnS(uga)	tRNA-Ser	11573-11648:1
NC_006990.1	tRNA	trnI(cau)	tRNA-Ile	11662-11735:1
NC_006990.1	tRNA	trnD(guc)	tRNA-Asp	11744-11816:1
NC_006990.1	tRNA	trnC(gca)	tRNA-Cys	11816-11888:1
NC_006990.1	CDS	ND1	NADH dehydrogenase subunit 1	11900-12884:1
NC_006990.1	tRNA	trnL(uaa)	tRNA-Leu	12898-12980:1
NC_006990.1	tRNA	trnI(gau)	tRNA-Ile	12988-13062:1
NC_006990.1	tRNA	trnY(gua)	tRNA-Tyr	13066-13139:1
NC_006990.1	tRNA	trnM(cau)	tRNA-Met	13146-13217:1
NC_006990.1	CDS	ND2	NADH dehydrogenase subunit 2	13217-14615:1
NC_006990.1	CDS	ND5	NADH dehydrogenase subunit 5	14617-16429:1
NC_006990.1	tRNA	trnA(ugc)	tRNA-Ala	16419-16492:1
NC_006990.1	tRNA	trnF(gaa)	tRNA-Phe	16551-16624:1
NC_006990.1	rRNA	rns	s-rRNA	16624-17868:1
NC_006990.1	tRNA	trnG(ucc)	tRNA-Gly	17868-17940:1
NC_006990.1	tRNA	trnV(uac)	tRNA-Val	17947-18020:1
NC_006894.1	rRNA	rnl	l-rRNA	14-3501:1
NC_006894.1	CDS	COX2	cytochrome c oxidase subunit II	3701-4406:1
NC_006894.1	tRNA	trnC(gca)	tRNA-Cys	4653-4725:1
NC_006894.1	tRNA	trnN(guu)	tRNA-Asn	4829-4901:1
NC_006894.1	tRNA	trnK(uuu)	tRNA-Lys	5034-5106:1
NC_006894.1	CDS	ATP8	ATP synthase F0 subunit 8	5231-5504:1
NC_006894.1	CDS	ATP6	ATP synthase F0 subunit 6	5668-6403:1
NC_006894.1	tRNA	trnR(ucu)	tRNA-Arg	6559-6632:1
NC_006894.1	CDS	COX3	cytochrome c oxidase subunit III	6656-7445:1
NC_006894.1	tRNA	trnQ(uug)	tRNA-Gln	7665-7737:1
NC_006894.1	tRNA	trnW(uca)	tRNA-Trp	7932-8003:1
NC_006894.1	CDS	CYTB	cytochrome b	8196-9342:1
NC_006894.1	tRNA	trnA(ugc)	tRNA-Ala	9371-9444:1
NC_006894.1	tRNA	trnT(ugu)	tRNA-Thr	9699-9772:1
NC_006894.1	CDS	ATP9	ATP synthase F0 subunit 9	9933-10170:1
NC_006894.1	tRNA	trnS(gcu)	tRNA-Ser	10245-10333:1
NC_006894.1	tRNA	trnP(ugg)	tRNA-Pro	10514-10587:1
NC_006894.1	tRNA	trnL(uaa)	tRNA-Leu	10610-10693:1
NC_006894.1	CDS	ND4	NADH dehydrogenase subunit 4	10799-12254:1
NC_006894.1	tRNA	trnH(gug)	tRNA-His	12565-12638:1
NC_006894.1	tRNA	trnE(uuc)	tRNA-Glu	12658-12730:1
NC_006894.1	CDS	ND6	NADH dehydrogenase subunit 6	12730-13282:1
NC_006894.1	CDS	ND3	NADH dehydrogenase subunit 3	13479-13836:1
NC_006894.1	tRNA	trnR(ucg)	tRNA-Arg	14046-14117:1
NC_006894.1	CDS	ND4L	NADH dehydrogenase subunit 4L	14117-14417:1
NC_006894.1	tRNA	trnA(ugc)	tRNA-Ala	14477-14551:1
NC_006894.1	CDS	COX1	cytochrome c oxidase subunit I	14560-16138:1
NC_006894.1	tRNA	trnD(guc)	tRNA-Asp	17068-17140:1
NC_006894.1	tRNA	trnI(gau)	tRNA-Ile	17195-17268:1
NC_006894.1	tRNA	trnS(uga)	tRNA-Ser	17422-17501:1
NC_006894.1	CDS	ND1	NADH dehydrogenase subunit 1	17815-18817:1
NC_006894.1	tRNA	trnY(gua)	tRNA-Tyr	18914-18987:1
NC_006894.1	tRNA	trnI(cau)	tRNA-Ile	19053-19125:1
NC_006894.1	tRNA	trnM(cau)	tRNA-Met	19188-19259:1
NC_006894.1	CDS	ND2	NADH dehydrogenase subunit 2	19423-21001:1
NC_006894.1	CDS	ND5	NADH dehydrogenase subunit 5	21234-23220:1
NC_006894.1	tRNA	trnL(uag)	tRNA-Leu	23362-23435:1
NC_006894.1	tRNA	trnF(gaa)	tRNA-Phe	23691-23764:1
NC_006894.1	rRNA	rns	s-rRNA	23764-25274:1
NC_006894.1	tRNA	trnG(ucc)	tRNA-Gly	25274-25346:1
NC_006894.1	tRNA	trnV(uac)	tRNA-Val	25537-25610:1
