accession	type	gene	product	parts
BK059172.1	tRNA		tRNA-His	340-402:1
BK059172.1	CDS	nad5	NADH dehydrogenase subunit 5	405-2101:1
BK059172.1	tRNA		tRNA-Phe	2100-2168:1
BK059172.1	tRNA		tRNA-Glu	2168-2231:1
BK059172.1	tRNA		tRNA-Pro	2231-2292:1
BK059172.1	tRNA		tRNA-Thr	2292-2354:1
BK059172.1	CDS	nad4L	NADH dehydrogenase subunit 4L	2354-2648:1
BK059172.1	CDS	nad4	NADH dehydrogenase subunit 4	2641-3976:1
BK059172.1	tRNA		tRNA-Cys	4022-4086:1
BK059172.1	tRNA		tRNA-Met	4086-4151:1
BK059172.1	rRNA		small subunit ribosomal RNA	4151-4886:1
BK059172.1	tRNA		tRNA-Val	4886-4950:1
BK059172.1	rRNA		large subunit ribosomal RNA	4950-6089:1
BK059172.1	tRNA		tRNA-Leu	6089-6153:1
BK059172.1	tRNA		tRNA-Ala	6153-6219:1
BK059172.1	tRNA		tRNA-Ser	6219-6288:1
BK059172.1	tRNA		tRNA-Leu	6288-6351:1
BK059172.1	CDS	nad1	NADH dehydrogenase subunit 1	6351-7279:1
BK059172.1	tRNA		tRNA-Ile	7279-7344:1
BK059172.1	tRNA		tRNA-Lys	7345-7408:1
BK059172.1	CDS	nad3	NADH dehydrogenase subunit 3	7416-7764:1
BK059172.1	tRNA		tRNA-Ser	7762-7827:1
BK059172.1	CDS	nad2	NADH dehydrogenase subunit 2	7847-8831:1
BK059172.1	CDS	cox1	cytochrome c oxidase subunit 1	8808-10345:1
BK059172.1	tRNA		tRNA-Asn	10344-10408:1
BK059172.1	CDS	cox2	cytochrome c oxidase subunit 2	10408-11092:1
BK059172.1	tRNA		tRNA-Asp	11091-11155:1
BK059172.1	CDS	atp8	ATP synthase F0 subunit 8	11155-11314:1
BK059172.1	tRNA		tRNA-Tyr	11314-11376:1
BK059172.1	tRNA		tRNA-Gly	11376-11439:1
BK059172.1	CDS	cox3	cytochrome c oxidase subunit 3	11439-12217:1
BK059172.1	tRNA		tRNA-Gln	12217-12287:1
BK059172.1	CDS	nad6	NADH dehydrogenase subunit 6	12289-12823:1
BK059172.1	CDS	cytb	apocytochrome b	12746-13871:1
BK059172.1	tRNA		tRNA-Trp	13869-13932:1
BK059172.1	CDS	atp6	ATP synthase F0 subunit 6	13933-14630:1
BK059172.1	tRNA		tRNA-Arg	14630-14692:1
EU239688.1	CDS	COX1	cytochrome c oxidase subunit I	0-1539:1
EU239688.1	tRNA		tRNA-Asn	1558-1628:1
EU239688.1	CDS	COX2	cytochrome c oxidase subunit II	1628-2318:1
EU239688.1	tRNA		tRNA-Asp	2326-2392:1
EU239688.1	CDS	ATP8	ATP synthase F0 subunit 8	2392-2555:1
EU239688.1	tRNA		tRNA-Tyr	2555-2623:1
EU239688.1	tRNA		tRNA-Gly	2622-2688:1
EU239688.1	CDS	COX3	cytochrome c oxidase subunit III	2688-3468:1
EU239688.1	tRNA		tRNA-Gln	3471-3537:1
EU239688.1	CDS	ND6	NADH dehydrogenase subunit 6	3537-4023:1
EU239688.1	CDS	CYTB	cytochrome b	4028-5180:1
EU239688.1	tRNA		tRNA-Trp	5180-5244:1
EU239688.1	CDS	ATP6	ATP synthase F0 subunit 6	5244-5943:1
EU239688.1	tRNA		tRNA-Arg	5946-6013:1
EU239688.1	tRNA		tRNA-His	6858-6923:1
EU239688.1	CDS	ND5	NADH dehydrogenase subunit 5	6924-8650:1
EU239688.1	tRNA		tRNA-Phe	8650-8717:1
EU239688.1	tRNA		tRNA-Glu	8719-8785:1
EU239688.1	tRNA		tRNA-Pro	8786-8853:1
EU239688.1	tRNA		tRNA-Thr	8867-8934:1
EU239688.1	CDS	ND4L	NADH dehydrogenase subunit 4L	8934-9225:1
EU239688.1	CDS	ND4	NADH dehydrogenase subunit 4	9218-10565:1
EU239688.1	tRNA		tRNA-Cys	10581-10652:1
EU239688.1	tRNA		tRNA-Met	10652-10717:1
EU239688.1	tRNA		tRNA-Met	10719-10782:1
EU239688.1	rRNA		small subunit ribosomal RNA	10817-11676:1
EU239688.1	tRNA		tRNA-Val	11679-11749:1
EU239688.1	rRNA		large subunit ribosomal RNA	11792-13111:1
EU239688.1	tRNA		tRNA-Leu	13131-13199:1
EU239688.1	tRNA		tRNA-Ala	13205-13271:1
EU239688.1	tRNA		tRNA-Ser	13271-13338:1
EU239688.1	tRNA		tRNA-Leu	13339-13407:1
EU239688.1	CDS	ND1	NADH dehydrogenase subunit 1	13407-14341:1
EU239688.1	tRNA		tRNA-Ile	14346-14403:1
EU239688.1	tRNA		tRNA-Lys	14405-14474:1
EU239688.1	CDS	ND3	NADH dehydrogenase subunit 3	14473-14827:1
EU239688.1	tRNA		tRNA-Ser	14828-14895:1
EU239688.1	CDS	ND2	NADH dehydrogenase subunit 2	14895-15885:1
EU293739.1	CDS	cob	cytochrome b	0-1140:1
EU293739.1	tRNA	trnW-uca	tRNA-Trp	1138-1204:1
EU293739.1	CDS	atp6	ATP synthase F0 subunit 6	1204-1901:1
EU293739.1	tRNA	trnA-ucg	tRNA-Ala	1901-1967:1
EU293739.1	tRNA	trnH-gug	tRNA-His	1967-2031:1
EU293739.1	CDS	nad5	NADH dehydrogenase subunit 5	2031-3748:1
EU293739.1	tRNA	trnF-gaa	tRNA-Phe	3748-3814:1
EU293739.1	tRNA	trnE-uuc	tRNA-Glu	3815-3881:1
EU293739.1	tRNA	trnP-ugg	tRNA-Pro	3880-3944:1
EU293739.1	tRNA	trnT-ugu	tRNA-Thr	3944-4010:1
EU293739.1	CDS	nad4l	NADH dehydrogenase subunit 4L	4010-4302:1
EU293739.1	CDS	nad4	NADH dehydrogenase subunit 4	4300-5669:1
EU293739.1	tRNA	trnC-gca	tRNA-Cys	5669-5732:1
EU293739.1	tRNA	trnG-ucc	tRNA-Gly	5732-5798:1
EU293739.1	tRNA	trnM-cau	tRNA-Met	5798-5862:1
EU293739.1	rRNA		small ribosomal RNA subunit RNA	5862-6682:1
EU293739.1	tRNA	trnV-uac	tRNA-Val	6682-6747:1
EU293739.1	rRNA		large ribosomal RNA subunit RNA	6747-8023:1
EU293739.1	tRNA	trnL-uag	tRNA-Leu	8023-8086:1
EU293739.1	tRNA	trnA-ugc	tRNA-Ala	8086-8149:1
EU293739.1	tRNA	trnS-uga	tRNA-Ser	8854-8921:1
EU293739.1	tRNA	trnL-uaa	tRNA-Leu	8921-8985:1
EU293739.1	CDS	nad1	NADH dehydrogenase subunit 1	8985-9922:1
EU293739.1	tRNA	trnK-uuu	tRNA-Lys	9988-10054:1
EU293739.1	CDS	nad3	NADH dehydrogenase subunit 3	10054-10402:1
EU293739.1	tRNA	trnS-ucu	tRNA-Ser	10400-10467:1
EU293739.1	CDS	nad2	NADH dehydrogenase subunit 2	10467-11461:1
EU293739.1	CDS	cox1	cytochrome c oxidase subunit I	11476-12176:1,13995-14103:1,14136-14835:1
EU293739.1	tRNA	trnN-guu	tRNA-Asn	14836-14902:1
EU293739.1	CDS	cox2	cytochrome c oxidase subunit II	14902-15589:1
EU293739.1	tRNA	trnD-guc	tRNA-Asp	15589-15652:1
EU293739.1	CDS	atp8	ATP synthase F0 subunit 8	15652-15811:1
EU293739.1	tRNA	trnY-gua	tRNA-Tyr	15809-15872:1
EU293739.1	CDS	cox3	cytochrome c oxidase subunit III	15895-16675:1
EU293739.1	tRNA	trnQ-uug	tRNA-Gln	16676-16745:1
EU293739.1	CDS	nad6	NADH dehydrogenase subunit 6	16745-17217:1
KJ789171.1	CDS	atp6	ATP synthase F0 subunit 6	476-1169:1
KJ789171.1	tRNA		tRNA-Arg	1167-1229:1
KJ789171.1	tRNA		tRNA-His	1270-1333:1
KJ789171.1	CDS	nad5	NADH dehydrogenase subunit 5	1336-3011:1
KJ789171.1	tRNA		tRNA-Phe	3011-3077:1
KJ789171.1	tRNA		tRNA-Glu	3080-3143:1
KJ789171.1	tRNA		tRNA-Pro	3143-3205:1
KJ789171.1	tRNA		tRNA-Thr	3206-3267:1
KJ789171.1	CDS	nad4l	NADH dehydrogenase subunit 4L	3267-3555:1
KJ789171.1	CDS	nad4	NADH dehydrogenase subunit 4	3548-4898:1
KJ789171.1	tRNA		tRNA-Cys	4896-4958:1
KJ789171.1	tRNA		tRNA-Met	4958-5022:1
KJ789171.1	rRNA		small subunit ribosomal RNA	5024-5802:1
KJ789171.1	tRNA		tRNA-Val	5801-5864:1
KJ789171.1	rRNA		large subunit ribosomal RNA	5864-7135:1
KJ789171.1	tRNA		tRNA-Leu	7135-7195:1
KJ789171.1	tRNA		tRNA-Ala	7196-7258:1
KJ789171.1	tRNA		tRNA-Ser	7259-7326:1
KJ789171.1	tRNA		tRNA-Leu	7326-7389:1
KJ789171.1	CDS	nad1	NADH dehydrogenase subunit 1	7389-8313:1
KJ789171.1	tRNA		tRNA-Ile	8313-8379:1
KJ789171.1	tRNA		tRNA-Lys	8378-8441:1
KJ789171.1	CDS	nad3	NADH dehydrogenase subunit 3	8441-8795:1
KJ789171.1	tRNA		tRNA-Ser	8794-8856:1
KJ789171.1	CDS	nad2	NADH dehydrogenase subunit 2	8856-9862:1
KJ789171.1	CDS	cox1	cytochrome c oxidase subunit I	9862-11408:1
KJ789171.1	tRNA		tRNA-Asn	11408-11472:1
KJ789171.1	CDS	cox2	cytochrome c oxidase subunit II	11473-12160:1
KJ789171.1	tRNA		tRNA-Asp	12159-12220:1
KJ789171.1	CDS	atp8	ATP synthase F0 subunit 8	12220-12376:1
KJ789171.1	tRNA		tRNA-Tyr	12374-12436:-1
KJ789171.1	tRNA		tRNA-Gly	12435-12496:1
KJ789171.1	CDS	cox3	cytochrome c oxidase subunit III	12496-13276:1
KJ789171.1	tRNA		tRNA-Gln	13277-13344:1
KJ789171.1	CDS	nad6	NADH dehydrogenase subunit 6	13344-13812:1
KJ789171.1	CDS	cytb	cytochrome b	13824-14979:1
KJ789171.1	tRNA		tRNA-Trp	15023-15082:1
KR534503.1	tRNA		tRNA-Leu	629-692:1
KR534503.1	tRNA		tRNA-Phe	743-807:1
KR534503.1	tRNA		tRNA-Val	855-917:1
KR534503.1	tRNA		tRNA-Ile	939-1002:1
KR534503.1	CDS	NAD6	NADH dehydrogenase subunit 6	1015-1504:1
KR534503.1	CDS	NAD2	NADH dehydrogenase subunit 2	1542-2559:1
KR534503.1	tRNA		tRNA-Gln	2564-2627:1
KR534503.1	CDS	COX1	cytochrome c oxidase subunit I	2647-4183:1
KR534503.1	CDS	COX2	cytochrome c oxidase subunit II	4198-4888:1
KR534503.1	CDS	CYTB	cytochrome b	4903-6040:1
KR534503.1	tRNA		tRNA-Leu	6071-6135:1
KR534503.1	CDS	ATP6	ATP synthase F0 subunit 6	6136-6823:1
KR534503.1	CDS	NAD4L	NADH dehydrogenase subunit 4L	6824-7121:1
KR534503.1	CDS	NAD4	NADH dehydrogenase subunit 4	7114-8434:1
KR534503.1	tRNA		tRNA-Pro	8439-8504:1
KR534503.1	CDS	NAD1	NADH dehydrogenase subunit 1	8520-9441:1
KR534503.1	CDS	ATP8	ATP synthase F0 subunit 8	9461-9620:1
KR534503.1	CDS	COX3	cytochrome c oxidase subunit III	9652-10444:1
KR534503.1	tRNA		tRNA-Ser	10451-10518:1
KR534503.1	CDS	NAD5	NADH dehydrogenase subunit 5	10622-12299:1
KR534503.1	tRNA		tRNA-Gly	12304-12363:1
KR534503.1	rRNA		16S ribosomal RNA	12515-13522:1
KR534503.1	rRNA		12S ribosomal RNA	13550-14339:1
KR534503.1	CDS	NAD3	NADH dehydrogenase subunit 3	14384-14738:1
KR534503.1	tRNA		tRNA-Asn	14747-14808:1
KR534503.1	tRNA		tRNA-His	14817-14879:1
KR534503.1	tRNA		tRNA-Cys	14926-14990:1
KR534503.1	tRNA		tRNA-Asp	15032-15096:1
KR534503.1	tRNA		tRNA-Ala	15162-15225:1
KR534503.1	tRNA		tRNA-Tyr	15247-15308:1
KR534503.1	tRNA		tRNA-Met	15573-15635:1
KR534503.1	tRNA		tRNA-Arg	15901-15959:1
KR534503.1	tRNA		tRNA-Trp	16142-16206:1
KR534503.1	tRNA		tRNA-Glu	16207-16274:1
KR534503.1	tRNA		tRNA-Lys	16285-16348:1
KR534503.1	tRNA		tRNA-Thr	16351-16414:1
KR534503.1	tRNA		tRNA-Ser	16414-16477:1
KT429007.1	CDS	CO1	cytochrome c oxidase subunit I	0-1542:1
KT429007.1	tRNA		tRNA-Asn	1550-1613:1
KT429007.1	CDS	CO2	cytochrome c oxidase subunit II	1614-2301:1
KT429007.1	tRNA		tRNA-Asp	2300-2365:1
KT429007.1	CDS	ATP8	ATP synthase F0 subunit 8	2365-2545:1
KT429007.1	tRNA		tRNA-Tyr	2525-2588:1
KT429007.1	tRNA		tRNA-Gly	2586-2650:1
KT429007.1	CDS	CO3	cytochrome c oxidase subunit III	2651-3429:1
KT429007.1	tRNA		tRNA-Gln	3429-3498:1
KT429007.1	CDS	ND6	NADH dehydrogenase subunit 6	3498-3964:1
KT429007.1	CDS	CYTB	cytochrome b	3964-5104:1
KT429007.1	tRNA		tRNA-Trp	5102-5166:1
KT429007.1	CDS	ATP6	ATP synthase F0 subunit 6	5168-5864:1
KT429007.1	tRNA		tRNA-Arg	5862-5928:1
KT429007.1	tRNA		tRNA-His	6506-6569:1
KT429007.1	CDS	ND5	NADH dehydrogenase subunit 5	6569-8286:1
KT429007.1	tRNA		tRNA-Phe	8286-8348:1
KT429007.1	tRNA		tRNA-Glu	8348-8412:1
KT429007.1	tRNA		tRNA-Pro	8410-8472:1
KT429007.1	tRNA		tRNA-Thr	8472-8537:1
KT429007.1	CDS	ND4L	NADH dehydrogenase subunit 4L	8537-8834:1
KT429007.1	CDS	ND4	NADH dehydrogenase subunit 4	8827-10184:1
KT429007.1	tRNA		tRNA-Cys	10184-10248:1
KT429007.1	tRNA		tRNA-Met	10248-10311:1
KT429007.1	rRNA		12S ribosomal RNA	10311-11105:1
KT429007.1	tRNA		tRNA-Val	11105-11169:1
KT429007.1	rRNA		16S ribosomal RNA	11167-12426:1
KT429007.1	tRNA		tRNA-Leu	12428-12489:1
KT429007.1	tRNA		tRNA-Ala	12491-12553:1
KT429007.1	tRNA		tRNA-Ser	12551-12617:1
KT429007.1	tRNA		tRNA-Leu	12617-12679:1
KT429007.1	CDS	ND1	NADH dehydrogenase subunit 1	12680-13604:1
KT429007.1	tRNA		tRNA-Ile	13603-13668:1
KT429007.1	tRNA		tRNA-Lys	13668-13733:1
KT429007.1	CDS	ND3	NADH dehydrogenase subunit 3	13733-14087:1
KT429007.1	tRNA		tRNA-Ser	14089-14153:1
KT429007.1	CDS	ND2	NADH dehydrogenase subunit 2	14153-15159:1
KT429010.1	CDS	CO1	cytochrome c oxidase subunit I	0-1542:1
KT429010.1	tRNA		tRNA-Asn	1550-1611:1
KT429010.1	CDS	CO2	cytochrome c oxidase subunit II	1612-2299:1
KT429010.1	tRNA		tRNA-Asp	2298-2360:1
KT429010.1	CDS	ATP8	ATP synthase F0 subunit 8	2360-2520:1
KT429010.1	tRNA		tRNA-Tyr	2520-2583:1
KT429010.1	tRNA		tRNA-Gly	2581-2644:1
KT429010.1	CDS	CO3	cytochrome c oxidase subunit III	2645-3423:1
KT429010.1	tRNA		tRNA-Gln	3423-3492:1
KT429010.1	CDS	ND6	NADH dehydrogenase subunit 6	3492-3958:1
KT429010.1	CDS	CYTB	cytochrome b	3958-5098:1
KT429010.1	tRNA		tRNA-Trp	5096-5159:1
KT429010.1	CDS	ATP6	ATP synthase F0 subunit 6	5161-5857:1
KT429010.1	tRNA		tRNA-Arg	5855-5918:1
KT429010.1	tRNA		tRNA-His	6490-6554:1
KT429010.1	CDS	ND5	NADH dehydrogenase subunit 5	6554-8271:1
KT429010.1	tRNA		tRNA-Phe	8271-8332:1
KT429010.1	tRNA		tRNA-Glu	8332-8396:1
KT429010.1	tRNA		tRNA-Pro	8394-8456:1
KT429010.1	tRNA		tRNA-Thr	8456-8520:1
KT429010.1	CDS	ND4L	NADH dehydrogenase subunit 4L	8520-8817:1
KT429010.1	CDS	ND4	NADH dehydrogenase subunit 4	8810-10167:1
KT429010.1	tRNA		tRNA-Cys	10167-10231:1
KT429010.1	tRNA		tRNA-Met	10231-10294:1
KT429010.1	rRNA		12S ribosomal RNA	10294-11083:1
KT429010.1	tRNA		tRNA-Val	11083-11147:1
KT429010.1	rRNA		16S ribosomal RNA	11145-12401:1
KT429010.1	tRNA		tRNA-Leu	12401-12465:1
KT429010.1	tRNA		tRNA-Ala	12466-12528:1
KT429010.1	tRNA		tRNA-Ser	12526-12592:1
KT429010.1	tRNA		tRNA-Leu	12591-12652:1
KT429010.1	CDS	ND1	NADH dehydrogenase subunit 1	12653-13577:1
KT429010.1	tRNA		tRNA-Ile	13576-13641:1
KT429010.1	tRNA		tRNA-Lys	13641-13706:1
KT429010.1	CDS	ND3	NADH dehydrogenase subunit 3	13706-14060:1
KT429010.1	tRNA		tRNA-Ser	14061-14125:1
KT429010.1	CDS	ND2	NADH dehydrogenase subunit 2	14125-15131:1
KT429013.1	CDS	CO1	cytochrome c oxidase subunit I	0-1542:1
KT429013.1	tRNA		tRNA-Asn	1550-1612:1
KT429013.1	CDS	CO2	cytochrome c oxidase subunit II	1613-2300:1
KT429013.1	tRNA		tRNA-Asp	2299-2361:1
KT429013.1	CDS	ATP8	ATP synthase F0 subunit 8	2361-2521:1
KT429013.1	tRNA		tRNA-Tyr	2521-2584:1
KT429013.1	tRNA		tRNA-Gly	2582-2645:1
KT429013.1	CDS	CO3	cytochrome c oxidase subunit III	2645-3423:1
KT429013.1	tRNA		tRNA-Gln	3423-3492:1
KT429013.1	CDS	ND6	NADH dehydrogenase subunit 6	3492-3958:1
KT429013.1	CDS	CYTB	cytochrome b	3958-5098:1
KT429013.1	tRNA		tRNA-Trp	5096-5159:1
KT429013.1	CDS	ATP6	ATP synthase F0 subunit 6	5161-5857:1
KT429013.1	tRNA		tRNA-Arg	5855-5916:1
KT429013.1	tRNA		tRNA-His	6511-6575:1
KT429013.1	CDS	ND5	NADH dehydrogenase subunit 5	6575-8289:1
KT429013.1	tRNA		tRNA-Phe	8289-8351:1
KT429013.1	tRNA		tRNA-Glu	8351-8415:1
KT429013.1	tRNA		tRNA-Pro	8414-8476:1
KT429013.1	tRNA		tRNA-Thr	8476-8542:1
KT429013.1	CDS	ND4L	NADH dehydrogenase subunit 4L	8542-8839:1
KT429013.1	CDS	ND4	NADH dehydrogenase subunit 4	8832-10189:1
KT429013.1	tRNA		tRNA-Cys	10189-10253:1
KT429013.1	tRNA		tRNA-Met	10253-10316:1
KT429013.1	rRNA		12S ribosomal RNA	10316-11106:1
KT429013.1	tRNA		tRNA-Val	11106-11170:1
KT429013.1	rRNA		16S ribosomal RNA	11168-12421:1
KT429013.1	tRNA		tRNA-Leu	12423-12484:1
KT429013.1	tRNA		tRNA-Ala	12486-12548:1
KT429013.1	tRNA		tRNA-Ser	12546-12612:1
KT429013.1	tRNA		tRNA-Leu	12612-12673:1
KT429013.1	CDS	ND1	NADH dehydrogenase subunit 1	12674-13598:1
KT429013.1	tRNA		tRNA-Ile	13597-13661:1
KT429013.1	tRNA		tRNA-Lys	13661-13726:1
KT429013.1	CDS	ND3	NADH dehydrogenase subunit 3	13726-14080:1
KT429013.1	tRNA		tRNA-Ser	14082-14146:1
KT429013.1	CDS	ND2	NADH dehydrogenase subunit 2	14146-15152:1
KT429014.1	CDS	CO1	cytochrome c oxidase subunit I	0-1542:1
KT429014.1	tRNA		tRNA-Asn	1550-1611:1
KT429014.1	CDS	CO2	cytochrome c oxidase subunit II	1612-2296:1
KT429014.1	tRNA		tRNA-Asp	2298-2360:1
KT429014.1	CDS	ATP8	ATP synthase F0 subunit 8	2360-2520:1
KT429014.1	tRNA		tRNA-Tyr	2520-2584:1
KT429014.1	tRNA		tRNA-Gly	2582-2645:1
KT429014.1	CDS	CO3	cytochrome c oxidase subunit III	2645-3423:1
KT429014.1	tRNA		tRNA-Gln	3423-3492:1
KT429014.1	CDS	ND6	NADH dehydrogenase subunit 6	3492-3958:1
KT429014.1	CDS	CYTB	cytochrome b	3958-5098:1
KT429014.1	tRNA		tRNA-Trp	5096-5160:1
KT429014.1	CDS	ATP6	ATP synthase F0 subunit 6	5162-5858:1
KT429014.1	tRNA		tRNA-Arg	5856-5920:1
KT429014.1	tRNA		tRNA-His	6466-6529:1
KT429014.1	CDS	ND5	NADH dehydrogenase subunit 5	6529-8246:1
KT429014.1	tRNA		tRNA-Phe	8246-8309:1
KT429014.1	tRNA		tRNA-Glu	8309-8372:1
KT429014.1	tRNA		tRNA-Pro	8370-8432:1
KT429014.1	tRNA		tRNA-Thr	8432-8494:1
KT429014.1	CDS	ND4L	NADH dehydrogenase subunit 4L	8494-8791:1
KT429014.1	CDS	ND4	NADH dehydrogenase subunit 4	8784-10143:1
KT429014.1	tRNA		tRNA-Cys	10142-10206:1
KT429014.1	tRNA		tRNA-Met	10206-10269:1
KT429014.1	rRNA		12S ribosomal RNA	10269-11052:1
KT429014.1	tRNA		tRNA-Val	11052-11114:1
KT429014.1	rRNA		16S ribosomal RNA	11112-12357:1
KT429014.1	tRNA		tRNA-Leu	12359-12421:1
KT429014.1	tRNA		tRNA-Ala	12423-12485:1
KT429014.1	tRNA		tRNA-Ser	12483-12549:1
KT429014.1	tRNA		tRNA-Leu	12549-12610:1
KT429014.1	CDS	ND1	NADH dehydrogenase subunit 1	12611-13535:1
KT429014.1	tRNA		tRNA-Ile	13534-13599:1
KT429014.1	tRNA		tRNA-Lys	13599-13662:1
KT429014.1	CDS	ND3	NADH dehydrogenase subunit 3	13662-14016:1
KT429014.1	tRNA		tRNA-Ser	14016-14080:1
KT429014.1	CDS	ND2	NADH dehydrogenase subunit 2	14080-15086:1
KT726961.1	CDS	COX1	cytochrome c oxidase subunit I	19-1555:1
KT726961.1	tRNA		tRNA-Leu	1562-1626:1
KT726961.1	CDS	NAD1	NADH dehydrogenase subunit 1	1626-2559:1
KT726961.1	tRNA		tRNA-Thr	2565-2631:1
KT726961.1	tRNA		tRNA-Ala	2657-2723:1
KT726961.1	tRNA		tRNA-Pro	2752-2818:1
KT726961.1	tRNA		tRNA-Arg	2877-2944:1
KT726961.1	tRNA		tRNA-Asp	2944-3007:1
KT726961.1	CDS	CYTB	cytochrome b	3738-4840:1
KT726961.1	tRNA		tRNA-Ser	4849-4917:1
KT726961.1	CDS	NAD4L	NADH dehydrogenase subunit 4L	4932-5201:1
KT726961.1	CDS	NAD4	NADH dehydrogenase subunit 4	5204-6569:1
KT726961.1	tRNA		tRNA-His	6568-6628:1
KT726961.1	CDS	NAD5	NADH dehydrogenase subunit 5	6655-8327:1
KT726961.1	tRNA		tRNA-Ile	8349-8415:1
KT726961.1	CDS	NAD6	NADH dehydrogenase subunit 6	8415-8907:1
KT726961.1	tRNA		tRNA-Gly	8908-8973:1
KT726961.1	CDS	ATP6	ATP synthase F0 subunit 6	9180-9678:1
KT726961.1	tRNA		tRNA-Gln	9679-9746:1
KT726961.1	tRNA		tRNA-Trp	9748-9809:1
KT726961.1	tRNA		tRNA-Tyr	9814-9882:1
KT726961.1	tRNA		tRNA-Cys	9883-9939:1
KT726961.1	tRNA		tRNA-Met	9943-10008:1
KT726961.1	rRNA		small subunit ribosomal RNA	10008-10893:1
KT726961.1	tRNA		tRNA-Val	10893-10961:1
KT726961.1	rRNA		large subunit ribosomal RNA	10961-12261:1
KT726961.1	tRNA		tRNA-Leu	12261-12326:1
KT726961.1	CDS	NAD3	NADH dehydrogenase subunit 3	12326-12680:1
KT726961.1	tRNA		tRNA-Ser	12680-12745:1
KT726961.1	CDS	NAD2	NADH dehydrogenase subunit 2	12793-13760:1
KT726961.1	tRNA		tRNA-Glu	13796-13857:1
KT726961.1	tRNA		tRNA-Phe	13858-13922:1
KT726961.1	CDS	COX3	cytochrome c oxidase subunit III	14271-14971:1
KT726961.1	CDS	COX2	cytochrome c oxidase subunit II	15002-15677:1
KT726961.1	CDS	ATP8	ATP synthase F0 subunit 8	15708-15864:1
KT726961.1	tRNA		tRNA-Asn	15867-15931:1
KT726962.1	CDS	COX1	cytochrome c oxidase subunit I	90-1638:1
KT726962.1	tRNA		tRNA-Asn	1648-1713:1
KT726962.1	CDS	COX2	cytochrome c oxidase subunit II	1713-2398:1
KT726962.1	tRNA		tRNA-Asp	2398-2462:1
KT726962.1	CDS	ATP8	ATP synthase F0 subunit 8	2463-2620:1
KT726962.1	tRNA		tRNA-Tyr	2620-2684:1
KT726962.1	tRNA		tRNA-Glu	2686-2750:1
KT726962.1	tRNA		tRNA-Cys	2751-2813:1
KT726962.1	tRNA		tRNA-Met	2814-2878:1
KT726962.1	tRNA		tRNA-Met	2882-2948:1
KT726962.1	rRNA		small subunit ribosomal RNA	2948-3739:1
KT726962.1	tRNA		tRNA-Val	3739-3806:1
KT726962.1	rRNA		large subunit ribosomal RNA	3867-5058:1
KT726962.1	tRNA		tRNA-Leu	5058-5122:1
KT726962.1	tRNA		tRNA-Ala	5122-5187:1
KT726962.1	tRNA		tRNA-Ile	5187-5254:1
KT726962.1	tRNA		tRNA-Lys	5255-5320:1
KT726962.1	CDS	NAD3	NADH dehydrogenase subunit 3	5321-5675:1
KT726962.1	tRNA		tRNA-Ser	5675-5743:1
KT726962.1	CDS	NAD2	NADH dehydrogenase subunit 2	5752-6752:1
KT726962.1	tRNA		tRNA-Gly	6752-6816:1
KT726962.1	CDS	COX3	cytochrome c oxidase subunit III	6816-7596:1
KT726962.1	tRNA		tRNA-Gln	7603-7671:1
KT726962.1	CDS	NAD6	NADH dehydrogenase subunit 6	7671-8148:1
KT726962.1	CDS	CYTB	cytochrome b	8149-9287:1
KT726962.1	tRNA		tRNA-Ser	9287-9354:1
KT726962.1	tRNA		tRNA-Leu	9354-9418:1
KT726962.1	CDS	NAD1	NADH dehydrogenase subunit 1	9419-10356:1
KT726962.1	tRNA		tRNA-Trp	10356-10420:1
KT726962.1	CDS	ATP6	ATP synthase F0 subunit 6	10457-11123:1
KT726962.1	tRNA		tRNA-Arg	11121-11186:1
KT726962.1	tRNA		tRNA-His	11188-11249:1
KT726962.1	CDS	NAD5	NADH dehydrogenase subunit 5	11282-12969:1
KT726962.1	tRNA		tRNA-Phe	12969-13034:1
KT726962.1	tRNA		tRNA-Pro	13034-13098:1
KT726962.1	tRNA		tRNA-Thr	13100-13167:1
KT726962.1	CDS	NAD4L	NADH dehydrogenase subunit 4L	13194-13458:1
KT726962.1	CDS	NAD4	NADH dehydrogenase subunit 4	13484-14804:1
KT989318.1	CDS	cox1	cytochrome c oxidase subunit 1	0-1572:1
KT989318.1	tRNA	trnN(gtt)	tRNA-Asn	1587-1650:1
KT989318.1	CDS	cox2	cytochrome c oxidase subunit 2	1650-2341:1
KT989318.1	tRNA	trnD(gtc)	tRNA-Asp	2341-2406:1
KT989318.1	CDS	atp8	ATP synthase F0 subunit 8	2406-2565:1
KT989318.1	tRNA	trnY(gta)	tRNA-Tyr	2566-2630:1
KT989318.1	CDS	cox3	cytochrome c oxidase subunit 3	2631-3411:1
KT989318.1	tRNA	trnQ(ttg)	tRNA-Gln	3412-3481:1
KT989318.1	CDS	nad6	NADH dehydrogenase subunit 6	3481-3949:1
KT989318.1	CDS	cytb	cytochrome b	3941-5078:1
KT989318.1	tRNA	trnW(tca)	tRNA-Trp	5076-5140:1
KT989318.1	CDS	atp6	ATP synthase F0 subunit 6	5176-5833:1
KT989318.1	tRNA	trnR(tcg)	tRNA-Arg	5832-5895:1
KT989318.1	tRNA	trnH(gtg)	tRNA-His	5896-5961:1
KT989318.1	CDS	nad5	NADH dehydrogenase subunit 5	5985-7663:1
KT989318.1	tRNA	trnF(gaa)	tRNA-Phe	7663-7727:1
KT989318.1	tRNA	trnE(ttc)	tRNA-Glu	7727-7792:1
KT989318.1	tRNA	trnP(tgg)	tRNA-Pro	7792-7856:1
KT989318.1	tRNA	trnT(tgt)	tRNA-Thr	7856-7921:1
KT989318.1	CDS	nad4l	NADH dehydrogenase subunit 4L	7927-8209:1
KT989318.1	CDS	nad4	NADH dehydrogenase subunit 4	8202-9559:1
KT989318.1	tRNA	trnC(gca)	tRNA-Cys	9559-9624:1
KT989318.1	tRNA	trnG(tcc)	tRNA-Gly	9863-9926:1
KT989318.1	tRNA	trnM(cat)	tRNA-Met	10019-10083:1
KT989318.1	rRNA		12S ribosomal RNA	10082-10893:1
KT989318.1	tRNA	trnV(tac)	tRNA-Val	10887-10952:1
KT989318.1	rRNA		16S ribosomal RNA	11113-12131:1
KT989318.1	tRNA	trnS2(tga)	tRNA-Ser	12223-12291:1
KT989318.1	tRNA	trnL1(tag)	tRNA-Leu	12296-12360:1
KT989318.1	tRNA	trnA(tgc)	tRNA-Ala	12375-12437:1
KT989318.1	tRNA	trnL2(taa)	tRNA-Leu	13528-13591:1
KT989318.1	CDS	nad1	NADH dehydrogenase subunit 1	13591-14525:1
KT989318.1	tRNA	trnI(gat)	tRNA-Ile	14525-14590:1
KT989318.1	tRNA	trnK(ttt)	tRNA-Lys	14590-14657:1
KT989318.1	CDS	nad3	NADH dehydrogenase subunit 3	14657-15011:1
KT989318.1	tRNA	trnS1(tct)	tRNA-Ser	15009-15077:1
KT989318.1	CDS	nad2	NADH dehydrogenase subunit 2	15086-16076:1
KT989319.1	CDS	cox1	cytochrome c oxidase subunit 1	0-1536:1
KT989319.1	tRNA	trnN(gtt)	tRNA-Asn	1536-1599:1
KT989319.1	CDS	cox2	cytochrome c oxidase subunit 2	1599-2292:1
KT989319.1	tRNA	trnD(gtc)	tRNA-Asp	2290-2355:1
KT989319.1	CDS	atp8	ATP synthase F0 subunit 8	2356-2515:1
KT989319.1	tRNA	trnY(gta)	tRNA-Tyr	2513-2577:1
KT989319.1	CDS	cox3	cytochrome c oxidase subunit 3	2578-3358:1
KT989319.1	tRNA	trnQ(ttg)	tRNA-Gln	3360-3429:1
KT989319.1	CDS	nad6	NADH dehydrogenase subunit 6	3429-3897:1
KT989319.1	CDS	cytb	cytochrome b	3889-5026:1
KT989319.1	tRNA	trnW(tca)	tRNA-Trp	5025-5089:1
KT989319.1	CDS	atp6	ATP synthase F0 subunit 6	5125-5782:1
KT989319.1	tRNA	trnR(tcg)	tRNA-Arg	5783-5847:1
KT989319.1	tRNA	trnH(gtg)	tRNA-His	5848-5912:1
KT989319.1	CDS	nad5	NADH dehydrogenase subunit 5	5963-7614:1
KT989319.1	tRNA	trnF(gaa)	tRNA-Phe	7614-7677:1
KT989319.1	tRNA	trnE(ttc)	tRNA-Glu	7677-7740:1
KT989319.1	tRNA	trnP(tgg)	tRNA-Pro	7740-7803:1
KT989319.1	tRNA	trnT(tgt)	tRNA-Thr	7811-7875:1
KT989319.1	CDS	nad4l	NADH dehydrogenase subunit 4L	7899-8163:1
KT989319.1	CDS	nad4	NADH dehydrogenase subunit 4	8156-9510:1
KT989319.1	tRNA	trnC(gca)	tRNA-Cys	9510-9572:1
KT989319.1	tRNA	trnG(tcc)	tRNA-Gly	9573-9636:1
KT989319.1	tRNA	trnM(cat)	tRNA-Met	9636-9701:1
KT989319.1	rRNA		12S ribosomal RNA	9700-10509:1
KT989319.1	tRNA	trnV(tac)	tRNA-Val	10503-10567:1
KT989319.1	rRNA		16S ribosomal RNA	10736-11760:1
KT989319.1	tRNA	trnL1(tag)	tRNA-Leu	11809-11873:1
KT989319.1	tRNA	trnS2(tga)	tRNA-Ser	11873-11939:1
KT989319.1	tRNA	trnA(tgc)	tRNA-Ala	11942-12008:1
KT989319.1	tRNA	trnL2(taa)	tRNA-Leu	12631-12694:1
KT989319.1	CDS	nad1	NADH dehydrogenase subunit 1	12694-13628:1
KT989319.1	tRNA	trnI(gat)	tRNA-Ile	13628-13693:1
KT989319.1	tRNA	trnK(ttt)	tRNA-Lys	13693-13759:1
KT989319.1	CDS	nad3	NADH dehydrogenase subunit 3	13759-14113:1
KT989319.1	tRNA	trnS1(tct)	tRNA-Ser	14112-14180:1
KT989319.1	CDS	nad2	NADH dehydrogenase subunit 2	14180-15179:1
KT989322.1	CDS	cox1	cytochrome c oxidase subunit 1	0-1536:1
KT989322.1	tRNA	trnN(gtt)	tRNA-Asn	1545-1609:1
KT989322.1	CDS	cox2	cytochrome c oxidase subunit 2	1609-2302:1
KT989322.1	tRNA	trnD(gtc)	tRNA-Asp	2305-2372:1
KT989322.1	CDS	atp8	ATP synthase F0 subunit 8	2373-2532:1
KT989322.1	tRNA	trnY(gta)	tRNA-Tyr	2535-2599:1
KT989322.1	CDS	cox3	cytochrome c oxidase subunit 3	2600-3380:1
KT989322.1	tRNA	trnQ(ttg)	tRNA-Gln	3382-3451:1
KT989322.1	CDS	nad6	NADH dehydrogenase subunit 6	3451-3919:1
KT989322.1	CDS	cytb	cytochrome b	3911-5048:1
KT989322.1	tRNA	trnW(tca)	tRNA-Trp	5046-5112:1
KT989322.1	CDS	atp6	ATP synthase F0 subunit 6	5166-5805:1
KT989322.1	tRNA	trnR(tcg)	tRNA-Arg	5803-5865:1
KT989322.1	tRNA	trnH(gtg)	tRNA-His	5869-5932:1
KT989322.1	CDS	nad5	NADH dehydrogenase subunit 5	5983-7634:1
KT989322.1	tRNA	trnF(gaa)	tRNA-Phe	7634-7699:1
KT989322.1	tRNA	trnE(ttc)	tRNA-Glu	7704-7767:1
KT989322.1	tRNA	trnP(tgg)	tRNA-Pro	7768-7831:1
KT989322.1	tRNA	trnT(tgt)	tRNA-Thr	7832-7898:1
KT989322.1	CDS	nad4l	NADH dehydrogenase subunit 4L	7904-8186:1
KT989322.1	CDS	nad4	NADH dehydrogenase subunit 4	8179-9532:1
KT989322.1	tRNA	trnC(gca)	tRNA-Cys	9533-9595:1
KT989322.1	tRNA	trnG(tcc)	tRNA-Gly	9595-9658:1
KT989322.1	tRNA	trnM(cat)	tRNA-Met	9659-9724:1
KT989322.1	rRNA		12S ribosomal RNA	9722-10552:1
KT989322.1	tRNA	trnV(tac)	tRNA-Val	10546-10609:1
KT989322.1	rRNA		16S ribosomal RNA	10775-11796:1
KT989322.1	tRNA	trnL1(tag)	tRNA-Leu	11834-11897:1
KT989322.1	tRNA	trnS2(tga)	tRNA-Ser	11897-11965:1
KT989322.1	tRNA	trnA(tgc)	tRNA-Ala	11966-12028:1
KT989322.1	tRNA	trnL2(taa)	tRNA-Leu	12851-12916:1
KT989322.1	CDS	nad1	NADH dehydrogenase subunit 1	12916-13850:1
KT989322.1	tRNA	trnI(gat)	tRNA-Ile	13850-13915:1
KT989322.1	tRNA	trnK(ttt)	tRNA-Lys	13916-13981:1
KT989322.1	CDS	nad3	NADH dehydrogenase subunit 3	13981-14335:1
KT989322.1	tRNA	trnS1(tct)	tRNA-Ser	14333-14401:1
KT989322.1	CDS	nad2	NADH dehydrogenase subunit 2	14410-15400:1
KT989326.1	CDS	cox1	cytochrome c oxidase subunit 1	0-1542:1
KT989326.1	tRNA	trnN(gtt)	tRNA-Asn	1568-1631:1
KT989326.1	CDS	cox2	cytochrome c oxidase subunit 2	1631-2324:1
KT989326.1	tRNA	trnD(gtc)	tRNA-Asp	2322-2386:1
KT989326.1	CDS	atp8	ATP synthase F0 subunit 8	2386-2545:1
KT989326.1	tRNA	trnY(gta)	tRNA-Tyr	2543-2608:1
KT989326.1	CDS	cox3	cytochrome c oxidase subunit 3	2609-3389:1
KT989326.1	CDS	nad6	NADH dehydrogenase subunit 6	3438-3915:1
KT989326.1	CDS	cytb	cytochrome b	3907-5044:1
KT989326.1	tRNA	trnW(tca)	tRNA-Trp	5043-5108:1
KT989326.1	CDS	atp6	ATP synthase F0 subunit 6	5153-5801:1
KT989326.1	tRNA	trnR(tcg)	tRNA-Arg	5810-5874:1
KT989326.1	tRNA	trnH(gtg)	tRNA-His	5875-5940:1
KT989326.1	CDS	nad5	NADH dehydrogenase subunit 5	5979-7642:1
KT989326.1	tRNA	trnF(gaa)	tRNA-Phe	7642-7707:1
KT989326.1	tRNA	trnE(ttc)	tRNA-Glu	7713-7777:1
KT989326.1	tRNA	trnP(tgg)	tRNA-Pro	7777-7840:1
KT989326.1	tRNA	trnT(tgt)	tRNA-Thr	7841-7906:1
KT989326.1	CDS	nad4l	NADH dehydrogenase subunit 4L	7912-8194:1
KT989326.1	CDS	nad4	NADH dehydrogenase subunit 4	8187-9543:1
KT989326.1	tRNA	trnC(gca)	tRNA-Cys	9541-9603:1
KT989326.1	tRNA	trnG(tcc)	tRNA-Gly	9603-9668:1
KT989326.1	tRNA	trnM(cat)	tRNA-Met	9673-9737:1
KT989326.1	rRNA		12S ribosomal RNA	9738-10547:1
KT989326.1	tRNA	trnV(tac)	tRNA-Val	10541-10606:1
KT989326.1	rRNA		16S ribosomal RNA	10765-11777:1
KT989326.1	tRNA	trnS2(tga)	tRNA-Ser	11855-11923:1
KT989326.1	tRNA	trnA(tgc)	tRNA-Ala	11923-11988:1
KT989326.1	tRNA	trnQ(ttg)	tRNA-Gln	11993-12062:1
KT989326.1	tRNA	trnL1(tag)	tRNA-Leu	12086-12152:1
KT989326.1	tRNA	trnL2(taa)	tRNA-Leu	13031-13096:1
KT989326.1	CDS	nad1	NADH dehydrogenase subunit 1	13096-14030:1
KT989326.1	tRNA	trnI(gat)	tRNA-Ile	14030-14096:1
KT989326.1	tRNA	trnK(ttt)	tRNA-Lys	14096-14162:1
KT989326.1	CDS	nad3	NADH dehydrogenase subunit 3	14162-14516:1
KT989326.1	tRNA	trnS1(tct)	tRNA-Ser	14514-14583:1
KT989326.1	CDS	nad2	NADH dehydrogenase subunit 2	14583-15585:1
KT989327.1	CDS	cox1	cytochrome c oxidase subunit 1	0-1569:1
KT989327.1	tRNA	trnN(gtt)	tRNA-Asn	1582-1645:1
KT989327.1	CDS	cox2	cytochrome c oxidase subunit 2	1645-2336:1
KT989327.1	tRNA	trnD(gtc)	tRNA-Asp	2336-2402:1
KT989327.1	CDS	atp8	ATP synthase F0 subunit 8	2402-2561:1
KT989327.1	tRNA	trnY(gta)	tRNA-Tyr	2562-2626:1
KT989327.1	CDS	cox3	cytochrome c oxidase subunit 3	2627-3406:1
KT989327.1	tRNA	trnQ(ttg)	tRNA-Gln	3406-3475:1
KT989327.1	CDS	nad6	NADH dehydrogenase subunit 6	3475-3943:1
KT989327.1	CDS	cytb	cytochrome b	3935-5072:1
KT989327.1	tRNA	trnW(tca)	tRNA-Trp	5070-5134:1
KT989327.1	CDS	atp6	ATP synthase F0 subunit 6	5179-5825:1
KT989327.1	tRNA	trnR(tcg)	tRNA-Arg	5825-5886:1
KT989327.1	tRNA	trnH(gtg)	tRNA-His	5887-5951:1
KT989327.1	CDS	nad5	NADH dehydrogenase subunit 5	5975-7653:1
KT989327.1	tRNA	trnF(gaa)	tRNA-Phe	7653-7723:1
KT989327.1	tRNA	trnE(ttc)	tRNA-Glu	7727-7791:1
KT989327.1	tRNA	trnP(tgg)	tRNA-Pro	7791-7854:1
KT989327.1	tRNA	trnT(tgt)	tRNA-Thr	7857-7921:1
KT989327.1	CDS	nad4l	NADH dehydrogenase subunit 4L	7933-8209:1
KT989327.1	CDS	nad4	NADH dehydrogenase subunit 4	8202-9561:1
KT989327.1	tRNA	trnC(gca)	tRNA-Cys	9559-9622:1
KT989327.1	tRNA	trnG(tcc)	tRNA-Gly	9622-9685:1
KT989327.1	tRNA	trnM(cat)	tRNA-Met	9723-9787:1
KT989327.1	rRNA		12S ribosomal RNA	9785-10591:1
KT989327.1	tRNA	trnV(tac)	tRNA-Val	10585-10649:1
KT989327.1	rRNA		16S ribosomal RNA	10807-11821:1
KT989327.1	tRNA	trnS2(tga)	tRNA-Ser	11862-11929:1
KT989327.1	tRNA	trnL1(tag)	tRNA-Leu	11929-11993:1
KT989327.1	tRNA	trnA(tgc)	tRNA-Ala	11995-12057:1
KT989327.1	tRNA	trnL2(taa)	tRNA-Leu	12824-12887:1
KT989327.1	CDS	nad1	NADH dehydrogenase subunit 1	12887-13821:1
KT989327.1	tRNA	trnI(gat)	tRNA-Ile	13821-13885:1
KT989327.1	tRNA	trnK(ttt)	tRNA-Lys	13885-13953:1
KT989327.1	CDS	nad3	NADH dehydrogenase subunit 3	13953-14307:1
KT989327.1	tRNA	trnS1(tct)	tRNA-Ser	14305-14373:1
KT989327.1	CDS	nad2	NADH dehydrogenase subunit 2	14382-15373:1
KT989328.1	CDS	cox1	cytochrome c oxidase subunit 1	0-1572:1
KT989328.1	tRNA	trnN(gtt)	tRNA-Asn	1589-1652:1
KT989328.1	CDS	cox2	cytochrome c oxidase subunit 2	1652-2343:1
KT989328.1	tRNA	trnD(gtc)	tRNA-Asp	2343-2406:1
KT989328.1	CDS	atp8	ATP synthase F0 subunit 8	2406-2565:1
KT989328.1	tRNA	trnY(gta)	tRNA-Tyr	2564-2628:1
KT989328.1	CDS	cox3	cytochrome c oxidase subunit 3	2629-3409:1
KT989328.1	tRNA	trnQ(ttg)	tRNA-Gln	3410-3479:1
KT989328.1	CDS	nad6	NADH dehydrogenase subunit 6	3479-3947:1
KT989328.1	CDS	cytb	cytochrome b	3939-5076:1
KT989328.1	tRNA	trnW(tca)	tRNA-Trp	5074-5138:1
KT989328.1	CDS	atp6	ATP synthase F0 subunit 6	5183-5829:1
KT989328.1	tRNA	trnR(tcg)	tRNA-Arg	5829-5890:1
KT989328.1	tRNA	trnH(gtg)	tRNA-His	5891-5956:1
KT989328.1	CDS	nad5	NADH dehydrogenase subunit 5	5995-7658:1
KT989328.1	tRNA	trnF(gaa)	tRNA-Phe	7658-7723:1
KT989328.1	tRNA	trnE(ttc)	tRNA-Glu	7723-7787:1
KT989328.1	tRNA	trnP(tgg)	tRNA-Pro	7787-7853:1
KT989328.1	tRNA	trnT(tgt)	tRNA-Thr	7855-7920:1
KT989328.1	CDS	nad4l	NADH dehydrogenase subunit 4L	7932-8208:1
KT989328.1	CDS	nad4	NADH dehydrogenase subunit 4	8201-9560:1
KT989328.1	tRNA	trnC(gca)	tRNA-Cys	9559-9622:1
KT989328.1	tRNA	trnG(tcc)	tRNA-Gly	9622-9685:1
KT989328.1	tRNA	trnM(cat)	tRNA-Met	9720-9785:1
KT989328.1	rRNA		12S ribosomal RNA	9783-10592:1
KT989328.1	tRNA	trnV(tac)	tRNA-Val	10586-10650:1
KT989328.1	rRNA		16S ribosomal RNA	10763-11821:1
KT989328.1	tRNA	trnS2(tga)	tRNA-Ser	11871-11938:1
KT989328.1	tRNA	trnL1(tag)	tRNA-Leu	11938-12000:1
KT989328.1	tRNA	trnA(tgc)	tRNA-Ala	12003-12065:1
KT989328.1	tRNA	trnL2(taa)	tRNA-Leu	12963-13026:1
KT989328.1	CDS	nad1	NADH dehydrogenase subunit 1	13026-13960:1
KT989328.1	tRNA	trnI(gat)	tRNA-Ile	13960-14024:1
KT989328.1	tRNA	trnK(ttt)	tRNA-Lys	14024-14090:1
KT989328.1	CDS	nad3	NADH dehydrogenase subunit 3	14090-14444:1
KT989328.1	tRNA	trnS1(tct)	tRNA-Ser	14442-14510:1
KT989328.1	CDS	nad2	NADH dehydrogenase subunit 2	14519-15510:1
KU992689.1	CDS	COX1	cytochrome c oxidase subunit 1	0-1536:1
KU992689.1	tRNA		tRNA-Asn	1549-1617:1
KU992689.1	CDS	COX2	cytochrome c oxidase subunit 2	1617-2334:1
KU992689.1	tRNA		tRNA-Gly	2205-2273:-1
KU992689.1	tRNA		tRNA-Tyr	2732-2799:1
KU992689.1	CDS	ATP8	ATP synthase subunit 8	2858-3020:1
KU992689.1	tRNA		tRNA-Met	3015-3079:1
KU992689.1	tRNA		tRNA-Asp	3087-3150:1
KU992689.1	CDS	COX3	cytochrome c oxidase subunit 3	3168-3946:1
KU992689.1	tRNA		tRNA-Gln	3946-4009:1
KU992689.1	CDS	NAD6	NADH dehydrogenase subunit 6	4021-4495:1
KU992689.1	CDS	CYTB	cytochrome b	4475-5612:1
KU992689.1	tRNA		tRNA-Trp	5610-5675:1
KU992689.1	CDS	ATP6	ATP synthase subunit 6	5678-6368:1
KU992689.1	tRNA		tRNA-Arg	6375-6431:1
KU992689.1	tRNA		tRNA-His	6431-6494:1
KU992689.1	CDS	NAD5	NADH dehydrogenase subunti 5	6533-8177:1
KU992689.1	tRNA		tRNA-Phe	8183-8248:1
KU992689.1	tRNA		tRNA-Glu	8254-8319:1
KU992689.1	tRNA		tRNA-Pro	8317-8381:1
KU992689.1	tRNA		tRNA-Thr	8385-8452:1
KU992689.1	CDS	NAD4L	NADH dehydrogenase subunit 4L	8494-8740:1
KU992689.1	CDS	NAD4	NADH dehydrogenase subunit 4	8733-10053:1
KU992689.1	rRNA	12S	12S ribosomal RNA	10060-10875:1
KU992689.1	tRNA		tRNA-Val	10868-10934:1
KU992689.1	rRNA	16S	16S ribosomal RNA	11081-12088:1
KU992689.1	tRNA		tRNA-Leu	12118-12182:1
KU992689.1	tRNA		tRNA-Ser	12197-12257:1
KU992689.1	tRNA		tRNA-Ala	12261-12327:1
KU992689.1	tRNA		tRNA-Leu	12331-12393:1
KU992689.1	CDS	NAD1	NADH dehydrogenase subunit 1	12408-13318:1
KU992689.1	tRNA		tRNA-Ile	13318-13383:1
KU992689.1	tRNA		tRNA-Lys	13383-13446:1
KU992689.1	CDS	NAD3	NADH dehydrogenase subunit 3	13455-13791:1
KU992689.1	tRNA		tRNA-Ser	13789-13857:1
KU992689.1	CDS	NAD2	NADH dehydrogenase subunit 2	13872-14847:1
KU992689.1	tRNA		tRNA-Cys	14848-14913:1
KY742027.1	tRNA		tRNA-Lys	354-420:1
KY742027.1	rRNA		small subunit ribosomal RNA	418-1273:1
KY742027.1	tRNA		tRNA-Val	1272-1344:1
KY742027.1	rRNA		large subunit ribosomal RNA	1344-2666:1
KY742027.1	tRNA		tRNA-Leu	2666-2730:1
KY742027.1	tRNA		tRNA-Ala	2731-2796:1
KY742027.1	tRNA		tRNA-Ser	2799-2864:1
KY742027.1	tRNA		tRNA-Leu	2865-2931:1
KY742027.1	CDS	ND1	NADH dehydrogenase subunit 1	2940-3177:1,3567-4209:1
KY742027.1	CDS	ND3	NADH dehydrogenase subunit 3	4249-4603:1
KY742027.1	tRNA		tRNA-Ser	4608-4677:1
KY742027.1	CDS	ND2	NADH dehydrogenase subunit 2	4676-5681:1
KY742027.1	CDS	COX1	cytochrome c oxidase subunit I	5687-6176:1,7824-8880:1
KY742027.1	tRNA		tRNA-Asn	8886-8948:1
KY742027.1	CDS	COX2	cytochrome c oxidase subunit II	9002-9686:1
KY742027.1	tRNA		tRNA-Asp	9688-9752:1
KY742027.1	CDS	ATP8	ATP synthase F0 subunit 8	10019-10199:1
KY742027.1	tRNA		tRNA-Gly	10202-10266:1
KY742027.1	CDS	COX3	cytochrome c oxidase subunit III	10497-11307:1
KY742027.1	tRNA		tRNA-Gln	11310-11375:1
KY742027.1	CDS	ND6	NADH dehydrogenase subunit 6	11375-11855:1
KY742027.1	CDS	CYTB	cytochrome b	11856-12993:1
KY742027.1	tRNA		tRNA-Trp	12991-13056:1
KY742027.1	CDS	ATP6	ATP synthase F0 subunit 6	13440-14052:1
KY742027.1	tRNA		tRNA-Ile	14050-14116:1
KY742027.1	tRNA		tRNA-Glu	14122-14187:1
KY742027.1	tRNA		tRNA-Thr	14189-14255:1
KY742027.1	tRNA		tRNA-Pro	14255-14320:1
KY742027.1	tRNA		tRNA-Tyr	14320-14384:1
KY742027.1	tRNA		tRNA-His	14388-14453:1
KY742027.1	CDS	ND5	NADH dehydrogenase subunit 5	14925-16494:1
KY742027.1	tRNA		tRNA-Phe	16494-16560:1
KY742027.1	tRNA		tRNA-Arg	16560-16627:1
KY742027.1	CDS	ND4L	NADH dehydrogenase subunit 4L	16648-16936:1
KY742027.1	CDS	ND4	NADH dehydrogenase subunit 4	16929-18129:1,18394-18589:1
KY742027.1	tRNA		tRNA-Met	18595-18661:1
KY742027.1	tRNA		tRNA-Cys	18666-18731:1
LC573968.1	CDS	COI	cytochrome c oxidase subunit I	0-1542:1
LC573968.1	tRNA		tRNA-Asn	1549-1610:1
LC573968.1	CDS	COII	cytochrome c oxidase subunit II	1611-2298:1
LC573968.1	tRNA		tRNA-Asp	2296-2358:1
LC573968.1	CDS	ATP8	ATP synthase F0 subunit 8	2359-2536:1
LC573968.1	tRNA		tRNA-Tyr	2519-2581:1
LC573968.1	tRNA		tRNA-Gly	2579-2641:1
LC573968.1	CDS	COIII	cytochrome c oxidase subunit III	2641-3419:1
LC573968.1	tRNA		tRNA-Gln	3418-3489:1
LC573968.1	CDS	ND6	NADH dehydrogenase subunit 6	3488-3962:1
LC573968.1	CDS	CytB	cytochrome b	3954-5094:1
LC573968.1	tRNA		tRNA-Trp	5092-5154:1
LC573968.1	CDS	ATP6	ATP synthase F0 subunit 6	5155-5851:1
LC573968.1	tRNA		tRNA-Arg	5849-5915:1
LC573968.1	tRNA		tRNA-His	6564-6627:1
LC573968.1	CDS	ND5	NADH dehydrogenase subunit 5	6627-8344:1
LC573968.1	tRNA		tRNA-Phe	8344-8406:1
LC573968.1	tRNA		tRNA-Glu	8407-8469:1
LC573968.1	tRNA		tRNA-Pro	8467-8528:1
LC573968.1	tRNA		tRNA-Thr	8528-8594:1
LC573968.1	CDS	ND4L	NADH dehydrogenase subunit 4L	8594-8891:1
LC573968.1	CDS	ND4	NADH dehydrogenase subunit 4	8884-10241:1
LC573968.1	tRNA		tRNA-Cys	10241-10305:1
LC573968.1	tRNA		tRNA-Met	10305-10368:1
LC573968.1	rRNA		12S ribosomal RNA	10367-11152:1
LC573968.1	tRNA		tRNA-Val	11152-11215:1
LC573968.1	rRNA		16S ribosomal RNA	11213-12461:1
LC573968.1	tRNA		tRNA-Leu	12461-12522:1
LC573968.1	tRNA		tRNA-Ala	12524-12586:1
LC573968.1	tRNA		tRNA-Ser	12584-12650:1
LC573968.1	tRNA		tRNA-Leu	12646-12711:1
LC573968.1	CDS	ND1	NADH dehydrogenase subunit 1	12712-13634:1
LC573968.1	tRNA		tRNA-Ile	13634-13699:1
LC573968.1	tRNA		tRNA-Lys	13699-13764:1
LC573968.1	CDS	ND3	NADH dehydrogenase subunit 3	13764-14118:1
LC573968.1	tRNA		tRNA-Ser	14116-14180:1
LC573968.1	CDS	ND2	NADH dehydrogenase subunit 2	14180-15186:1
LC573969.1	CDS	COI	cytochrome c oxidase subunit I	0-1542:1
LC573969.1	tRNA		tRNA-Asn	1549-1610:1
LC573969.1	CDS	COII	cytochrome c oxidase subunit II	1611-2298:1
LC573969.1	tRNA		tRNA-Asp	2296-2358:1
LC573969.1	CDS	ATP8	ATP synthase F0 subunit 8	2359-2539:1
LC573969.1	tRNA		tRNA-Tyr	2519-2581:1
LC573969.1	tRNA		tRNA-Gly	2579-2641:1
LC573969.1	CDS	COIII	cytochrome c oxidase subunit III	2641-3419:1
LC573969.1	tRNA		tRNA-Gln	3418-3489:1
LC573969.1	CDS	ND6	NADH dehydrogenase subunit 6	3488-3962:1
LC573969.1	CDS	CytB	cytochrome b	3954-5094:1
LC573969.1	tRNA		tRNA-Trp	5092-5154:1
LC573969.1	CDS	ATP6	ATP synthase F0 subunit 6	5155-5851:1
LC573969.1	tRNA		tRNA-Arg	5849-5911:1
LC573969.1	tRNA		tRNA-His	6492-6555:1
LC573969.1	CDS	ND5	NADH dehydrogenase subunit 5	6555-8272:1
LC573969.1	tRNA		tRNA-Phe	8272-8334:1
LC573969.1	tRNA		tRNA-Glu	8334-8396:1
LC573969.1	tRNA		tRNA-Pro	8394-8455:1
LC573969.1	tRNA		tRNA-Thr	8455-8519:1
LC573969.1	CDS	ND4L	NADH dehydrogenase subunit 4L	8519-8816:1
LC573969.1	CDS	ND4	NADH dehydrogenase subunit 4	8809-10163:1
LC573969.1	tRNA		tRNA-Cys	10163-10227:1
LC573969.1	tRNA		tRNA-Met	10227-10290:1
LC573969.1	rRNA		12S ribosomal RNA	10289-11075:1
LC573969.1	tRNA		tRNA-Val	11075-11138:1
LC573969.1	rRNA		16S ribosomal RNA	11136-12383:1
LC573969.1	tRNA		tRNA-Leu	12383-12444:1
LC573969.1	tRNA		tRNA-Ala	12446-12508:1
LC573969.1	tRNA		tRNA-Ser	12506-12572:1
LC573969.1	tRNA		tRNA-Leu	12568-12633:1
LC573969.1	CDS	ND1	NADH dehydrogenase subunit 1	12634-13556:1
LC573969.1	tRNA		tRNA-Ile	13556-13622:1
LC573969.1	tRNA		tRNA-Lys	13622-13687:1
LC573969.1	CDS	ND3	NADH dehydrogenase subunit 3	13687-14041:1
LC573969.1	tRNA		tRNA-Ser	14039-14103:1
LC573969.1	CDS	ND2	NADH dehydrogenase subunit 2	14103-15109:1
LC582824.1	tRNA		tRNA-His	0-64:1
LC582824.1	CDS	nad5	NADH dehydrogenase subunit 5	106-1781:1
LC582824.1	tRNA		tRNA-Phe	1781-1844:1
LC582824.1	tRNA		tRNA-Glu	1844-1906:1
LC582824.1	tRNA		tRNA-Pro	1906-1968:1
LC582824.1	tRNA		tRNA-Thr	1968-2033:1
LC582824.1	CDS	nad4l	NADH dehydrogenase subunit 4L	2033-2330:1
LC582824.1	CDS	nad4	NADH dehydrogenase subunit 4	2323-3680:1
LC582824.1	tRNA		tRNA-Cys	3680-3744:1
LC582824.1	tRNA		tRNA-Met	3744-3807:1
LC582824.1	rRNA		12S ribosomal RNA	3807-4601:1
LC582824.1	tRNA		tRNA-Val	4601-4665:1
LC582824.1	rRNA		16S ribosomal RNA	4665-5926:1
LC582824.1	tRNA		tRNA-Leu	5926-5989:1
LC582824.1	tRNA		tRNA-Ala	5992-6054:1
LC582824.1	tRNA		tRNA-Ser	6052-6118:1
LC582824.1	tRNA		tRNA-Leu	6119-6180:1
LC582824.1	CDS	nad1	NADH dehydrogenase subunit 1	6181-7105:1
LC582824.1	tRNA		tRNA-Ile	7104-7170:1
LC582824.1	tRNA		tRNA-Lys	7170-7235:1
LC582824.1	CDS	nad3	NADH dehydrogenase subunit 3	7235-7589:1
LC582824.1	tRNA		tRNA-Ser	7591-7655:1
LC582824.1	CDS	nad2	NADH dehydrogenase subunit 2	7655-8661:1
LC582824.1	CDS	cox1	cytochrome c oxidase subunit 1	8661-10203:1
LC582824.1	tRNA		tRNA-Asn	10208-10269:1
LC582824.1	CDS	cox2	cytochrome c oxidase subunit 2	10270-10957:1
LC582824.1	tRNA		tRNA-Asp	10956-11018:1
LC582824.1	CDS	atp8	ATP synthase F0 subunit 8	11018-11178:1
LC582824.1	tRNA		tRNA-Tyr	11178-11242:1
LC582824.1	tRNA		tRNA-Gly	11240-11303:1
LC582824.1	CDS	cox3	cytochrome c oxidase subunit 3	11304-12082:1
LC582824.1	tRNA		tRNA-Gln	12082-12151:1
LC582824.1	CDS	nad6	NADH dehydrogenase subunit 6	12151-12617:1
LC582824.1	CDS	cob	cytochrome b	12617-13757:1
LC582824.1	tRNA		tRNA-Trp	13755-13819:1
LC582824.1	CDS	atp6	ATP synthase F0 subunit 6	13821-14517:1
LC582824.1	tRNA		tRNA-Arg	14515-14577:1
LC661358.1	CDS	cox3	cytochrome c oxidase subunit III	14997-15776:1,0-1:1
LC661358.1	CDS	cox1	cytochrome c oxidase subunit I	0-1114:1,1417-1845:1
LC661358.1	CDS	cox2	cytochrome c oxidase subunit II	1861-2533:1
LC661358.1	tRNA		tRNA-Tyr	2534-2596:1
LC661358.1	tRNA		tRNA-Met	2602-2667:1
LC661358.1	CDS	atp8	ATPase F0 subunit 8	2667-2832:1
LC661358.1	tRNA		tRNA-Gln	2842-2911:1
LC661358.1	tRNA		tRNA-Ile	2912-2978:1
LC661358.1	CDS	nad2	NADH dehydrogenase subunit 2	3109-4114:1
LC661358.1	tRNA		tRNA-Leu	4097-4161:1
LC661358.1	tRNA		tRNA-Ser	4163-4232:1
LC661358.1	tRNA		tRNA-Pro	4230-4293:1
LC661358.1	CDS	nad4	NADH dehydrogenase subunit 4	4294-5611:1
LC661358.1	tRNA		tRNA-Cys	5612-5676:1
LC661358.1	tRNA		tRNA-Lys	5674-5741:1
LC661358.1	CDS	nad3	NADH dehydrogenase subunit 3	5740-6088:1
LC661358.1	tRNA		tRNA-Trp	6089-6152:1
LC661358.1	CDS	nad4L	NADH dehydrogenase subunit 4L	6131-6443:1
LC661358.1	tRNA		tRNA-Val	6444-6508:1
LC661358.1	CDS	nad6	NADH dehydrogenase subunit 6	6507-6972:1
LC661358.1	tRNA		tRNA-Ser	6978-7047:-1
LC661358.1	tRNA		tRNA-Ser	6980-7047:1
LC661358.1	tRNA		tRNA-Ala	7049-7113:1
LC661358.1	CDS	nad1	NADH dehydrogenase subunit 1	7248-8148:1
LC661358.1	tRNA		tRNA-Arg	8154-8218:1
LC661358.1	tRNA		tRNA-Asp	8370-8433:1
LC661358.1	tRNA		tRNA-Met	8539-8604:1
LC661358.1	tRNA		tRNA-Leu	8608-8669:1
LC661358.1	tRNA		tRNA-Gly	8669-8731:1
LC661358.1	rRNA		16S ribosomal RNA	8681-9944:1
LC661358.1	CDS	atp6	ATPase F0 subunit 6	9994-10684:1
LC661358.1	tRNA		tRNA-Asp	10898-10959:-1
LC661358.1	tRNA		tRNA-Phe	10928-10990:1
LC661358.1	rRNA		12S ribosomal RNA	11002-11832:1
LC661358.1	tRNA		tRNA-Glu	11833-11895:1
LC661358.1	tRNA		tRNA-Asn	11894-11959:1
LC661358.1	CDS	cytb	cytochrome b	11982-13131:1
LC661358.1	tRNA		tRNA-His	13152-13217:1
LC661358.1	CDS	nad5	NADH dehydrogenase subunit 5	13268-14951:1
LC661359.1	CDS	cox1	cytochrome c oxidase subunit I	0-1593:1
LC661359.1	CDS	cytb	cytochrome b	1639-2782:1
LC661359.1	CDS	cox3	cytochrome c oxidase subunit III	2789-3569:1
LC661359.1	tRNA		tRNA-Ser	3566-3636:1
LC661359.1	CDS	nad2	NADH dehydrogenase subunit 2	3634-4489:1
LC661359.1	tRNA		tRNA-Ile	4484-4550:1
LC661359.1	CDS	nad3	NADH dehydrogenase subunit 3	4558-4909:1
LC661359.1	CDS	nad5	NADH dehydrogenase subunit 5	4913-6569:1
LC661359.1	tRNA		tRNA-Gly	6608-6677:1
LC661359.1	CDS	nad1	NADH dehydrogenase subunit 1	6683-7589:1
LC661359.1	CDS	nad4	NADH dehydrogenase subunit 4	7634-8933:1
LC661359.1	tRNA		tRNA-Phe	8933-8998:1
LC661359.1	tRNA		tRNA-Asp	9000-9067:1
LC661359.1	tRNA		tRNA-Pro	9066-9132:1
LC661359.1	tRNA		tRNA-Gln	9160-9229:1
LC661359.1	tRNA		tRNA-Ala	9230-9296:1
LC661359.1	tRNA		tRNA-Leu	9301-9368:1
LC661359.1	tRNA		tRNA-Tyr	9370-9437:1
LC661359.1	tRNA		tRNA-Thr	9437-9503:1
LC661359.1	rRNA		12S ribosomal RNA	9513-10279:1
LC661359.1	CDS	atp8	ATPase F0 subunit 8	10294-10450:1
LC661359.1	tRNA		tRNA-Val	10452-10517:1
LC661359.1	rRNA		16S ribosomal RNA	10494-11641:1
LC661359.1	tRNA		tRNA-His	11651-11718:1
LC661359.1	tRNA		tRNA-Ser	11719-11788:1
LC661359.1	tRNA		tRNA-Trp	11795-11859:1
LC661359.1	CDS	atp6	ATPase F0 subunit 6	11859-12555:1
LC661359.1	CDS	nad6	NADH dehydrogenase subunit 6	12565-13003:1
LC661359.1	tRNA		tRNA-Glu	13017-13082:1
LC661359.1	tRNA		tRNA-Lys	13082-13146:1
LC661359.1	tRNA		tRNA-Met	13144-13213:1
LC661359.1	tRNA		tRNA-Met	13213-13278:1
LC661359.1	tRNA		tRNA-Cys	13284-13348:1
LC661359.1	tRNA		tRNA-Arg	13350-13412:1
LC661359.1	CDS	nad4L	NADH dehydrogenase subunit 4L	13415-13676:1
LC661359.1	tRNA		tRNA-Asn	13707-13773:1
LC661359.1	CDS	cox2	cytochrome c oxidase subunit II	17772-18459:1
LC677172.1	CDS	nad5	NADH dehydrogenase subunit 5	0-1738:1
LC677172.1	tRNA		tRNA-Phe	1725-1797:1
LC677172.1	tRNA		tRNA-Glu	1798-1867:1
LC677172.1	tRNA		tRNA-Pro	1865-1940:1
LC677172.1	tRNA		tRNA-Thr	1944-2009:1
LC677172.1	CDS	nad4l	NADH dehydrogenase subunit 4l	2009-2312:1
LC677172.1	CDS	nad4	NADH dehydrogenase subunit 4	2398-3677:1
LC677172.1	tRNA		tRNA-Cys	3677-3742:1
LC677172.1	tRNA		tRNA-Met	3744-3811:1
LC677172.1	rRNA		12S ribosomal RNA	3811-4676:1
LC677172.1	tRNA		tRNA-Val	4671-4739:1
LC677172.1	rRNA		16S ribosomal RNA	4732-6062:1
LC677172.1	tRNA		tRNA-Leu	6099-6163:1
LC677172.1	tRNA		tRNA-Ala	6164-6228:1
LC677172.1	tRNA		tRNA-Ser	6228-6296:1
LC677172.1	tRNA		tRNA-Leu	6298-6365:1
LC677172.1	CDS	nad1	NADH dehydrogenase subunit 1	6364-7295:1
LC677172.1	tRNA		tRNA-Ile	7295-7362:1
LC677172.1	tRNA		tRNA-Lys	7371-7439:1
LC677172.1	CDS	nad3	NADH dehydrogenase subunit 3	7441-7795:1
LC677172.1	tRNA		tRNA-Ser	7793-7861:1
LC677172.1	CDS	nad2	NADH dehydrogenase subunit 2	7861-8879:1
LC677172.1	CDS	cox1	cytochrome c oxidase subunit I	8879-9151:1,10033-11309:1
LC677172.1	tRNA		tRNA-Asn	11328-11398:1
LC677172.1	CDS	cox2	cytochrome c oxidase subunit II	11398-12091:1
LC677172.1	tRNA		tRNA-Asp	12096-12162:1
LC677172.1	CDS	atp8	ATPase F0 subunit 8	12162-12324:1
LC677172.1	tRNA		tRNA-Tyr	12321-12389:1
LC677172.1	tRNA		tRNA-Gly	12389-12457:1
LC677172.1	CDS	cox3	cytochrome c oxidase subunit III	12458-13238:1
LC677172.1	tRNA		tRNA-Gln	13257-13329:1
LC677172.1	CDS	nad6	NADH dehydrogenase subunit 6	13328-13802:1
LC677172.1	CDS	cytb	cytochrome b	13806-14946:1
LC677172.1	tRNA		tRNA-Trp	14944-15014:1
LC677172.1	CDS	atp6	ATPase F0 subunit 6	15014-15713:1
LC677172.1	tRNA		tRNA-His	15720-15786:1
LC677172.1	tRNA		tRNA-Arg	15786-15854:1
LC707921.1	CDS	cox1	cytochrome c oxidase subunit I	0-1557:1
LC707921.1	tRNA		tRNA-Asn	1561-1630:1
LC707921.1	CDS	cox2	cytochrome c oxidase subunit II	1630-2323:1
LC707921.1	tRNA		tRNA-Asp	2322-2391:1
LC707921.1	CDS	atp8	ATPase F0 subunit 8	2392-2563:1
LC707921.1	tRNA		tRNA-Tyr	2561-2626:1
LC707921.1	tRNA		tRNA-Gly	2625-2693:1
LC707921.1	CDS	cox3	cytochrome c oxidase subunit III	2693-3473:1
LC707921.1	tRNA		tRNA-Gln	3488-3556:1
LC707921.1	CDS	nad6	NADH dehydrogenase subunit 6	3556-4039:1
LC707921.1	CDS	cytb	cytochrome b	4031-5171:1
LC707921.1	tRNA		tRNA-Trp	5169-5235:1
LC707921.1	CDS	atp6	ATPase F0 subunit 6	5235-5937:1
LC707921.1	tRNA		tRNA-Arg	5940-6007:1
LC707921.1	tRNA		tRNA-His	6626-6691:1
LC707921.1	CDS	nad5	NADH dehydrogenase subunit 5	6691-8425:1
LC707921.1	tRNA		tRNA-Phe	8429-8496:1
LC707921.1	tRNA		tRNA-Glu	8498-8568:1
LC707921.1	tRNA		tRNA-Pro	8569-8636:1
LC707921.1	tRNA		tRNA-Thr	8636-8702:1
LC707921.1	CDS	nad4l	NADH dehydrogenase subunit 4l	8702-9002:1
LC707921.1	CDS	nad4	NADH dehydrogenase subunit 4	8995-10354:1
LC707921.1	tRNA		tRNA-Cys	10355-10421:1
LC707921.1	tRNA		tRNA-Met	10421-10488:1
LC707921.1	rRNA		12S ribosomal RNA	10489-11361:1
LC707921.1	tRNA		tRNA-Val	11356-11428:1
LC707921.1	rRNA		16S ribosomal RNA	11416-12739:1
LC707921.1	tRNA		tRNA-Leu	12771-12839:1
LC707921.1	tRNA		tRNA-Ala	12844-12911:1
LC707921.1	tRNA		tRNA-Ser	12911-12978:1
LC707921.1	tRNA		tRNA-Leu	12979-13043:1
LC707921.1	CDS	nad1	NADH dehydrogenase subunit 1	13043-13977:1
LC707921.1	tRNA		tRNA-Ile	13977-14047:1
LC707921.1	tRNA		tRNA-Lys	14047-14114:1
LC707921.1	CDS	nad3	NADH dehydrogenase subunit 3	14114-14486:1
LC707921.1	tRNA		tRNA-Ser	14466-14536:1
LC707921.1	CDS	nad2	NADH dehydrogenase subunit 2	14539-15524:1
LC726496.1	tRNA		tRNA-His	0-63:1
LC726496.1	CDS	nad5	NADH dehydrogenase subunit 5	63-1780:1
LC726496.1	tRNA		tRNA-Phe	1780-1843:1
LC726496.1	tRNA		tRNA-Glu	1843-1905:1
LC726496.1	tRNA		tRNA-Pro	1904-1966:1
LC726496.1	tRNA		tRNA-Thr	1966-2031:1
LC726496.1	CDS	nad4l	NADH dehydrogenase subunit 4L	2031-2328:1
LC726496.1	CDS	nad4	NADH dehydrogenase subunit 4	2321-3678:1
LC726496.1	tRNA		tRNA-Cys	3678-3742:1
LC726496.1	tRNA		tRNA-Met	3742-3805:1
LC726496.1	rRNA		s-rRNA	3806-4599:1
LC726496.1	tRNA		tRNA-Val	4599-4663:1
LC726496.1	rRNA		l-rRNA	4661-5926:1
LC726496.1	tRNA		tRNA-Leu	5928-5990:1
LC726496.1	tRNA		tRNA-Ala	5993-6055:1
LC726496.1	tRNA		tRNA-Ser	6053-6118:1
LC726496.1	tRNA		tRNA-Leu	6120-6181:1
LC726496.1	CDS	nad1	NADH dehydrogenase subunit 1	6182-7106:1
LC726496.1	tRNA		tRNA-Ile	7105-7170:1
LC726496.1	tRNA		tRNA-Lys	7170-7235:1
LC726496.1	CDS	nad3	NADH dehydrogenase subunit 3	7235-7589:1
LC726496.1	tRNA		tRNA-Ser	7591-7655:1
LC726496.1	CDS	nad2	NADH dehydrogenase subunit 2	7655-8661:1
LC726496.1	CDS	cox1	cytochrome c oxidase subunit 1	8661-10206:1
LC726496.1	tRNA		tRNA-Asn	10214-10275:1
LC726496.1	CDS	cox2	cytochrome c oxidase subunit 2	10276-10963:1
LC726496.1	tRNA		tRNA-Asp	10962-11024:1
LC726496.1	CDS	atp8	ATP synthase F0 subunit 8	11024-11184:1
LC726496.1	tRNA		tRNA-Tyr	11184-11247:1
LC726496.1	tRNA		tRNA-Gly	11245-11311:1
LC726496.1	CDS	cox3	cytochrome c oxidase subunit 3	11312-12090:1
LC726496.1	tRNA		tRNA-Gln	12090-12159:1
LC726496.1	CDS	nad6	NADH dehydrogenase subunit 6	12159-12625:1
LC726496.1	CDS	cob	cytochrome b	12625-13765:1
LC726496.1	tRNA		tRNA-Trp	13763-13827:1
LC726496.1	CDS	atp6	ATP synthase F0 subunit 6	13829-14525:1
LC726496.1	tRNA		tRNA-Arg	14523-14586:1
LC726498.1	tRNA		tRNA-His	0-65:1
LC726498.1	CDS	nad5	NADH dehydrogenase subunit 5	65-1782:1
LC726498.1	tRNA		tRNA-Phe	1782-1844:1
LC726498.1	tRNA		tRNA-Glu	1844-1906:1
LC726498.1	tRNA		tRNA-Pro	1905-1967:1
LC726498.1	tRNA		tRNA-Thr	1967-2032:1
LC726498.1	CDS	nad4l	NADH dehydrogenase subunit 4L	2032-2329:1
LC726498.1	CDS	nad4	NADH dehydrogenase subunit 4	2322-3679:1
LC726498.1	tRNA		tRNA-Cys	3679-3743:1
LC726498.1	tRNA		tRNA-Met	3743-3806:1
LC726498.1	rRNA		s-rRNA	3807-4589:1
LC726498.1	tRNA		tRNA-Val	4589-4652:1
LC726498.1	rRNA		l-rRNA	4650-5902:1
LC726498.1	tRNA		tRNA-Leu	5903-5964:1
LC726498.1	tRNA		tRNA-Ala	5964-6026:1
LC726498.1	tRNA		tRNA-Ser	6024-6090:1
LC726498.1	tRNA		tRNA-Leu	6090-6151:1
LC726498.1	CDS	nad1	NADH dehydrogenase subunit 1	6152-7074:1
LC726498.1	tRNA		tRNA-Ile	7074-7139:1
LC726498.1	tRNA		tRNA-Lys	7139-7204:1
LC726498.1	CDS	nad3	NADH dehydrogenase subunit 3	7204-7558:1
LC726498.1	tRNA		tRNA-Ser	7556-7620:1
LC726498.1	CDS	nad2	NADH dehydrogenase subunit 2	7620-8626:1
LC726498.1	CDS	cox1	cytochrome c oxidase subunit 1	8626-10168:1
LC726498.1	tRNA		tRNA-Asn	10175-10236:1
LC726498.1	CDS	cox2	cytochrome c oxidase subunit 2	10237-10924:1
LC726498.1	tRNA		tRNA-Asp	10923-10986:1
LC726498.1	CDS	atp8	ATP synthase F0 subunit 8	10986-11146:1
LC726498.1	tRNA		tRNA-Tyr	11146-11208:1
LC726498.1	tRNA		tRNA-Gly	11206-11268:1
LC726498.1	CDS	cox3	cytochrome c oxidase subunit 3	11268-12046:1
LC726498.1	tRNA		tRNA-Gln	12046-12115:1
LC726498.1	CDS	nad6	NADH dehydrogenase subunit 6	12115-12581:1
LC726498.1	CDS	cob	cytochrome b	12581-13721:1
LC726498.1	tRNA		tRNA-Trp	13719-13783:1
LC726498.1	CDS	atp6	ATP synthase F0 subunit 6	13785-14481:1
LC726498.1	tRNA		tRNA-Arg	14479-14540:1
LC726500.1	tRNA		tRNA-His	0-63:1
LC726500.1	CDS	nad5	NADH dehydrogenase subunit 5	63-1780:1
LC726500.1	tRNA		tRNA-Phe	1780-1843:1
LC726500.1	tRNA		tRNA-Glu	1843-1905:1
LC726500.1	tRNA		tRNA-Pro	1904-1967:1
LC726500.1	tRNA		tRNA-Thr	1967-2032:1
LC726500.1	CDS	nad4l	NADH dehydrogenase subunit 4L	2032-2329:1
LC726500.1	CDS	nad4	NADH dehydrogenase subunit 4	2322-3679:1
LC726500.1	tRNA		tRNA-Cys	3679-3743:1
LC726500.1	tRNA		tRNA-Met	3743-3806:1
LC726500.1	rRNA		s-rRNA	3807-4597:1
LC726500.1	tRNA		tRNA-Val	4597-4661:1
LC726500.1	rRNA		l-rRNA	4659-5918:1
LC726500.1	tRNA		tRNA-Leu	5920-5982:1
LC726500.1	tRNA		tRNA-Ala	5985-6048:1
LC726500.1	tRNA		tRNA-Ser	6046-6111:1
LC726500.1	tRNA		tRNA-Leu	6113-6174:1
LC726500.1	CDS	nad1	NADH dehydrogenase subunit 1	6175-7099:1
LC726500.1	tRNA		tRNA-Ile	7098-7164:1
LC726500.1	tRNA		tRNA-Lys	7165-7230:1
LC726500.1	CDS	nad3	NADH dehydrogenase subunit 3	7230-7584:1
LC726500.1	tRNA		tRNA-Ser	7586-7650:1
LC726500.1	CDS	nad2	NADH dehydrogenase subunit 2	7650-8656:1
LC726500.1	CDS	cox1	cytochrome c oxidase subunit 1	8656-10201:1
LC726500.1	tRNA		tRNA-Asn	10209-10270:1
LC726500.1	CDS	cox2	cytochrome c oxidase subunit 2	10271-10958:1
LC726500.1	tRNA		tRNA-Asp	10957-11019:1
LC726500.1	CDS	atp8	ATP synthase F0 subunit 8	11019-11179:1
LC726500.1	tRNA		tRNA-Tyr	11179-11244:1
LC726500.1	tRNA		tRNA-Gly	11242-11308:1
LC726500.1	CDS	cox3	cytochrome c oxidase subunit 3	11309-12087:1
LC726500.1	tRNA		tRNA-Gln	12087-12156:1
LC726500.1	CDS	nad6	NADH dehydrogenase subunit 6	12156-12622:1
LC726500.1	CDS	cob	cytochrome b	12622-13762:1
LC726500.1	tRNA		tRNA-Trp	13760-13824:1
LC726500.1	CDS	atp6	ATP synthase F0 subunit 6	13826-14522:1
LC726500.1	tRNA		tRNA-Arg	14520-14583:1
LC726502.1	tRNA		tRNA-His	0-63:1
LC726502.1	CDS	nad5	NADH dehydrogenase subunit 5	63-1780:1
LC726502.1	tRNA		tRNA-Phe	1780-1842:1
LC726502.1	tRNA		tRNA-Glu	1842-1903:1
LC726502.1	tRNA		tRNA-Pro	1902-1963:1
LC726502.1	tRNA		tRNA-Thr	1963-2029:1
LC726502.1	CDS	nad4l	NADH dehydrogenase subunit 4L	2029-2326:1
LC726502.1	CDS	nad4	NADH dehydrogenase subunit 4	2319-3676:1
LC726502.1	tRNA		tRNA-Cys	3676-3740:1
LC726502.1	tRNA		tRNA-Met	3740-3803:1
LC726502.1	rRNA		s-rRNA	3804-4588:1
LC726502.1	tRNA		tRNA-Val	4588-4651:1
LC726502.1	rRNA		l-rRNA	4649-5902:1
LC726502.1	tRNA		tRNA-Leu	5904-5965:1
LC726502.1	tRNA		tRNA-Ala	5965-6027:1
LC726502.1	tRNA		tRNA-Ser	6025-6091:1
LC726502.1	tRNA		tRNA-Leu	6093-6154:1
LC726502.1	CDS	nad1	NADH dehydrogenase subunit 1	6155-7077:1
LC726502.1	tRNA		tRNA-Ile	7077-7141:1
LC726502.1	tRNA		tRNA-Lys	7146-7211:1
LC726502.1	CDS	nad3	NADH dehydrogenase subunit 3	7211-7565:1
LC726502.1	tRNA		tRNA-Ser	7563-7627:1
LC726502.1	CDS	nad2	NADH dehydrogenase subunit 2	7627-8633:1
LC726502.1	CDS	cox1	cytochrome c oxidase subunit 1	8633-10175:1
LC726502.1	tRNA		tRNA-Asn	10182-10243:1
LC726502.1	CDS	cox2	cytochrome c oxidase subunit 2	10244-10931:1
LC726502.1	tRNA		tRNA-Asp	10930-10992:1
LC726502.1	CDS	atp8	ATP synthase F0 subunit 8	10992-11152:1
LC726502.1	tRNA		tRNA-Tyr	11152-11214:1
LC726502.1	tRNA		tRNA-Gly	11212-11274:1
LC726502.1	CDS	cox3	cytochrome c oxidase subunit 3	11274-12052:1
LC726502.1	tRNA		tRNA-Gln	12052-12121:1
LC726502.1	CDS	nad6	NADH dehydrogenase subunit 6	12121-12587:1
LC726502.1	CDS	cob	cytochrome b	12587-13727:1
LC726502.1	tRNA		tRNA-Trp	13725-13787:1
LC726502.1	CDS	atp6	ATP synthase F0 subunit 6	13790-14486:1
LC726502.1	tRNA		tRNA-Arg	14484-14549:1
LC726503.1	tRNA		tRNA-His	0-64:1
LC726503.1	CDS	nad5	NADH dehydrogenase subunit 5	64-1781:1
LC726503.1	tRNA		tRNA-Phe	1781-1842:1
LC726503.1	tRNA		tRNA-Glu	1842-1905:1
LC726503.1	tRNA		tRNA-Pro	1904-1966:1
LC726503.1	tRNA		tRNA-Thr	1967-2032:1
LC726503.1	CDS	nad4l	NADH dehydrogenase subunit 4L	2032-2329:1
LC726503.1	CDS	nad4	NADH dehydrogenase subunit 4	2322-3679:1
LC726503.1	tRNA		tRNA-Cys	3679-3743:1
LC726503.1	tRNA		tRNA-Met	3743-3806:1
LC726503.1	rRNA		s-rRNA	3807-4598:1
LC726503.1	tRNA		tRNA-Val	4598-4662:1
LC726503.1	rRNA		l-rRNA	4660-5921:1
LC726503.1	tRNA		tRNA-Leu	5923-5984:1
LC726503.1	tRNA		tRNA-Ala	5988-6050:1
LC726503.1	tRNA		tRNA-Ser	6048-6113:1
LC726503.1	tRNA		tRNA-Leu	6113-6175:1
LC726503.1	CDS	nad1	NADH dehydrogenase subunit 1	6176-7100:1
LC726503.1	tRNA		tRNA-Ile	7099-7164:1
LC726503.1	tRNA		tRNA-Lys	7164-7228:1
LC726503.1	CDS	nad3	NADH dehydrogenase subunit 3	7228-7582:1
LC726503.1	tRNA		tRNA-Ser	7583-7647:1
LC726503.1	CDS	nad2	NADH dehydrogenase subunit 2	7648-8654:1
LC726503.1	CDS	cox1	cytochrome c oxidase subunit 1	8654-10196:1
LC726503.1	tRNA		tRNA-Asn	10203-10264:1
LC726503.1	CDS	cox2	cytochrome c oxidase subunit 2	10265-10952:1
LC726503.1	tRNA		tRNA-Asp	10951-11013:1
LC726503.1	CDS	atp8	ATP synthase F0 subunit 8	11013-11173:1
LC726503.1	tRNA		tRNA-Tyr	11173-11236:1
LC726503.1	tRNA		tRNA-Gly	11234-11298:1
LC726503.1	CDS	cox3	cytochrome c oxidase subunit 3	11299-12077:1
LC726503.1	tRNA		tRNA-Gln	12077-12146:1
LC726503.1	CDS	nad6	NADH dehydrogenase subunit 6	12146-12612:1
LC726503.1	CDS	cob	cytochrome b	12612-13752:1
LC726503.1	tRNA		tRNA-Trp	13750-13813:1
LC726503.1	CDS	atp6	ATP synthase F0 subunit 6	13815-14511:1
LC726503.1	tRNA		tRNA-Arg	14510-14579:1
LC726504.1	tRNA		tRNA-His	0-64:1
LC726504.1	CDS	nad5	NADH dehydrogenase subunit 5	64-1781:1
LC726504.1	tRNA		tRNA-Phe	1781-1842:1
LC726504.1	tRNA		tRNA-Glu	1842-1905:1
LC726504.1	tRNA		tRNA-Pro	1904-1966:1
LC726504.1	tRNA		tRNA-Thr	1967-2032:1
LC726504.1	CDS	nad4l	NADH dehydrogenase subunit 4L	2032-2329:1
LC726504.1	CDS	nad4	NADH dehydrogenase subunit 4	2322-3679:1
LC726504.1	tRNA		tRNA-Cys	3679-3743:1
LC726504.1	tRNA		tRNA-Met	3743-3806:1
LC726504.1	rRNA		s-rRNA	3807-4598:1
LC726504.1	tRNA		tRNA-Val	4598-4662:1
LC726504.1	rRNA		l-rRNA	4660-5921:1
LC726504.1	tRNA		tRNA-Leu	5923-5984:1
LC726504.1	tRNA		tRNA-Ala	5988-6050:1
LC726504.1	tRNA		tRNA-Ser	6048-6113:1
LC726504.1	tRNA		tRNA-Leu	6113-6175:1
LC726504.1	CDS	nad1	NADH dehydrogenase subunit 1	6176-7100:1
LC726504.1	tRNA		tRNA-Ile	7099-7164:1
LC726504.1	tRNA		tRNA-Lys	7164-7228:1
LC726504.1	CDS	nad3	NADH dehydrogenase subunit 3	7228-7582:1
LC726504.1	tRNA		tRNA-Ser	7583-7647:1
LC726504.1	CDS	nad2	NADH dehydrogenase subunit 2	7648-8654:1
LC726504.1	CDS	cox1	cytochrome c oxidase subunit 1	8654-10196:1
LC726504.1	tRNA		tRNA-Asn	10203-10264:1
LC726504.1	CDS	cox2	cytochrome c oxidase subunit 2	10265-10952:1
LC726504.1	tRNA		tRNA-Asp	10951-11013:1
LC726504.1	CDS	atp8	ATP synthase F0 subunit 8	11013-11173:1
LC726504.1	tRNA		tRNA-Tyr	11173-11236:1
LC726504.1	tRNA		tRNA-Gly	11234-11298:1
LC726504.1	CDS	cox3	cytochrome c oxidase subunit 3	11299-12077:1
LC726504.1	tRNA		tRNA-Gln	12077-12146:1
LC726504.1	CDS	nad6	NADH dehydrogenase subunit 6	12146-12612:1
LC726504.1	CDS	cob	cytochrome b	12612-13752:1
LC726504.1	tRNA		tRNA-Trp	13750-13813:1
LC726504.1	CDS	atp6	ATP synthase F0 subunit 6	13815-14511:1
LC726504.1	tRNA		tRNA-Arg	14510-14579:1
LC726505.1	tRNA		tRNA-His	0-65:1
LC726505.1	CDS	nad5	NADH dehydrogenase subunit 5	65-1782:1
LC726505.1	tRNA		tRNA-Phe	1782-1845:1
LC726505.1	tRNA		tRNA-Glu	1845-1908:1
LC726505.1	tRNA		tRNA-Pro	1907-1972:1
LC726505.1	tRNA		tRNA-Thr	1972-2035:1
LC726505.1	CDS	nad4l	NADH dehydrogenase subunit 4L	2035-2332:1
LC726505.1	CDS	nad4	NADH dehydrogenase subunit 4	2325-3682:1
LC726505.1	tRNA		tRNA-Cys	3682-3746:1
LC726505.1	tRNA		tRNA-Met	3750-3813:1
LC726505.1	rRNA		s-rRNA	3814-4606:1
LC726505.1	tRNA		tRNA-Val	4606-4670:1
LC726505.1	rRNA		l-rRNA	4668-5929:1
LC726505.1	tRNA		tRNA-Leu	5930-5990:1
LC726505.1	tRNA		tRNA-Ala	5993-6055:1
LC726505.1	tRNA		tRNA-Ser	6053-6118:1
LC726505.1	tRNA		tRNA-Leu	6119-6181:1
LC726505.1	CDS	nad1	NADH dehydrogenase subunit 1	6182-7106:1
LC726505.1	tRNA		tRNA-Ile	7105-7169:1
LC726505.1	tRNA		tRNA-Lys	7173-7238:1
LC726505.1	CDS	nad3	NADH dehydrogenase subunit 3	7238-7592:1
LC726505.1	tRNA		tRNA-Ser	7594-7658:1
LC726505.1	CDS	nad2	NADH dehydrogenase subunit 2	7658-8664:1
LC726505.1	CDS	cox1	cytochrome c oxidase subunit 1	8664-10203:1
LC726505.1	tRNA		tRNA-Asn	10215-10278:1
LC726505.1	CDS	cox2	cytochrome c oxidase subunit 2	10279-10966:1
LC726505.1	tRNA		tRNA-Asp	10965-11027:1
LC726505.1	CDS	atp8	ATP synthase F0 subunit 8	11027-11187:1
LC726505.1	tRNA		tRNA-Tyr	11187-11249:1
LC726505.1	tRNA		tRNA-Gly	11247-11311:1
LC726505.1	CDS	cox3	cytochrome c oxidase subunit 3	11312-12090:1
LC726505.1	tRNA		tRNA-Gln	12090-12159:1
LC726505.1	CDS	nad6	NADH dehydrogenase subunit 6	12159-12625:1
LC726505.1	CDS	cob	cytochrome b	12625-13765:1
LC726505.1	tRNA		tRNA-Trp	13763-13826:1
LC726505.1	CDS	atp6	ATP synthase F0 subunit 6	13828-14524:1
LC726505.1	tRNA		tRNA-Arg	14523-14586:1
LC726506.1	tRNA		tRNA-His	0-64:1
LC726506.1	CDS	nad5	NADH dehydrogenase subunit 5	64-1781:1
LC726506.1	tRNA		tRNA-Phe	1781-1844:1
LC726506.1	tRNA		tRNA-Glu	1844-1907:1
LC726506.1	tRNA		tRNA-Pro	1906-1968:1
LC726506.1	tRNA		tRNA-Thr	1968-2033:1
LC726506.1	CDS	nad4l	NADH dehydrogenase subunit 4L	2033-2330:1
LC726506.1	CDS	nad4	NADH dehydrogenase subunit 4	2323-3680:1
LC726506.1	tRNA		tRNA-Cys	3680-3745:1
LC726506.1	tRNA		tRNA-Met	3745-3808:1
LC726506.1	rRNA		s-rRNA	3809-4601:1
LC726506.1	tRNA		tRNA-Val	4601-4666:1
LC726506.1	rRNA		l-rRNA	4664-5922:1
LC726506.1	tRNA		tRNA-Leu	5924-5986:1
LC726506.1	tRNA		tRNA-Ala	5989-6051:1
LC726506.1	tRNA		tRNA-Ser	6049-6114:1
LC726506.1	tRNA		tRNA-Leu	6115-6177:1
LC726506.1	CDS	nad1	NADH dehydrogenase subunit 1	6178-7102:1
LC726506.1	tRNA		tRNA-Ile	7101-7166:1
LC726506.1	tRNA		tRNA-Lys	7166-7231:1
LC726506.1	CDS	nad3	NADH dehydrogenase subunit 3	7231-7585:1
LC726506.1	tRNA		tRNA-Ser	7586-7650:1
LC726506.1	CDS	nad2	NADH dehydrogenase subunit 2	7651-8657:1
LC726506.1	CDS	cox1	cytochrome c oxidase subunit 1	8657-10199:1
LC726506.1	tRNA		tRNA-Asn	10207-10269:1
LC726506.1	CDS	cox2	cytochrome c oxidase subunit 2	10270-10954:1
LC726506.1	tRNA		tRNA-Asp	10956-11018:1
LC726506.1	CDS	atp8	ATP synthase F0 subunit 8	11018-11178:1
LC726506.1	tRNA		tRNA-Tyr	11178-11241:1
LC726506.1	tRNA		tRNA-Gly	11239-11303:1
LC726506.1	CDS	cox3	cytochrome c oxidase subunit 3	11304-12082:1
LC726506.1	tRNA		tRNA-Gln	12082-12151:1
LC726506.1	CDS	nad6	NADH dehydrogenase subunit 6	12151-12617:1
LC726506.1	CDS	cob	cytochrome b	12617-13757:1
LC726506.1	tRNA		tRNA-Trp	13755-13819:1
LC726506.1	CDS	atp6	ATP synthase F0 subunit 6	13821-14517:1
LC726506.1	tRNA		tRNA-Arg	14515-14579:1
LC726507.1	tRNA		tRNA-His	0-64:1
LC726507.1	CDS	nad5	NADH dehydrogenase subunit 5	64-1781:1
LC726507.1	tRNA		tRNA-Phe	1781-1843:1
LC726507.1	tRNA		tRNA-Glu	1843-1906:1
LC726507.1	tRNA		tRNA-Pro	1905-1967:1
LC726507.1	tRNA		tRNA-Thr	1968-2033:1
LC726507.1	CDS	nad4l	NADH dehydrogenase subunit 4L	2033-2330:1
LC726507.1	CDS	nad4	NADH dehydrogenase subunit 4	2323-3680:1
LC726507.1	tRNA		tRNA-Cys	3680-3744:1
LC726507.1	tRNA		tRNA-Met	3744-3807:1
LC726507.1	rRNA		s-rRNA	3808-4600:1
LC726507.1	tRNA		tRNA-Val	4600-4664:1
LC726507.1	rRNA		l-rRNA	4662-5922:1
LC726507.1	tRNA		tRNA-Leu	5924-5986:1
LC726507.1	tRNA		tRNA-Ala	5990-6052:1
LC726507.1	tRNA		tRNA-Ser	6050-6115:1
LC726507.1	tRNA		tRNA-Leu	6115-6177:1
LC726507.1	CDS	nad1	NADH dehydrogenase subunit 1	6178-7102:1
LC726507.1	tRNA		tRNA-Ile	7101-7166:1
LC726507.1	tRNA		tRNA-Lys	7166-7230:1
LC726507.1	CDS	nad3	NADH dehydrogenase subunit 3	7230-7584:1
LC726507.1	tRNA		tRNA-Ser	7585-7649:1
LC726507.1	CDS	nad2	NADH dehydrogenase subunit 2	7650-8656:1
LC726507.1	CDS	cox1	cytochrome c oxidase subunit 1	8656-10198:1
LC726507.1	tRNA		tRNA-Asn	10206-10267:1
LC726507.1	CDS	cox2	cytochrome c oxidase subunit 2	10268-10955:1
LC726507.1	tRNA		tRNA-Asp	10954-11016:1
LC726507.1	CDS	atp8	ATP synthase F0 subunit 8	11016-11176:1
LC726507.1	tRNA		tRNA-Tyr	11176-11239:1
LC726507.1	tRNA		tRNA-Gly	11237-11301:1
LC726507.1	CDS	cox3	cytochrome c oxidase subunit 3	11302-12080:1
LC726507.1	tRNA		tRNA-Gln	12080-12149:1
LC726507.1	CDS	nad6	NADH dehydrogenase subunit 6	12149-12615:1
LC726507.1	CDS	cob	cytochrome b	12615-13755:1
LC726507.1	tRNA		tRNA-Trp	13753-13817:1
LC726507.1	CDS	atp6	ATP synthase F0 subunit 6	13819-14515:1
LC726507.1	tRNA		tRNA-Arg	14513-14580:1
LC726508.1	tRNA		tRNA-His	0-65:1
LC726508.1	CDS	nad5	NADH dehydrogenase subunit 5	65-1782:1
LC726508.1	tRNA		tRNA-Phe	1782-1843:1
LC726508.1	tRNA		tRNA-Glu	1843-1904:1
LC726508.1	tRNA		tRNA-Pro	1903-1964:1
LC726508.1	tRNA		tRNA-Thr	1964-2030:1
LC726508.1	CDS	nad4l	NADH dehydrogenase subunit 4L	2030-2327:1
LC726508.1	CDS	nad4	NADH dehydrogenase subunit 4	2320-3677:1
LC726508.1	tRNA		tRNA-Cys	3677-3741:1
LC726508.1	tRNA		tRNA-Met	3741-3804:1
LC726508.1	rRNA		s-rRNA	3805-4588:1
LC726508.1	tRNA		tRNA-Val	4588-4650:1
LC726508.1	rRNA		l-rRNA	4648-5903:1
LC726508.1	tRNA		tRNA-Leu	5903-5964:1
LC726508.1	tRNA		tRNA-Ala	5964-6026:1
LC726508.1	tRNA		tRNA-Ser	6024-6090:1
LC726508.1	tRNA		tRNA-Leu	6090-6152:1
LC726508.1	CDS	nad1	NADH dehydrogenase subunit 1	6153-7075:1
LC726508.1	tRNA		tRNA-Ile	7075-7139:1
LC726508.1	tRNA		tRNA-Lys	7139-7204:1
LC726508.1	CDS	nad3	NADH dehydrogenase subunit 3	7204-7558:1
LC726508.1	tRNA		tRNA-Ser	7556-7620:1
LC726508.1	CDS	nad2	NADH dehydrogenase subunit 2	7620-8626:1
LC726508.1	CDS	cox1	cytochrome c oxidase subunit 1	8626-10168:1
LC726508.1	tRNA		tRNA-Asn	10175-10236:1
LC726508.1	CDS	cox2	cytochrome c oxidase subunit 2	10237-10924:1
LC726508.1	tRNA		tRNA-Asp	10923-10985:1
LC726508.1	CDS	atp8	ATP synthase F0 subunit 8	10985-11145:1
LC726508.1	tRNA		tRNA-Tyr	11145-11207:1
LC726508.1	tRNA		tRNA-Gly	11205-11268:1
LC726508.1	CDS	cox3	cytochrome c oxidase subunit 3	11268-12046:1
LC726508.1	tRNA		tRNA-Gln	12046-12115:1
LC726508.1	CDS	nad6	NADH dehydrogenase subunit 6	12115-12581:1
LC726508.1	CDS	cob	cytochrome b	12581-13721:1
LC726508.1	tRNA		tRNA-Trp	13719-13782:1
LC726508.1	CDS	atp6	ATP synthase F0 subunit 6	13783-14479:1
LC726508.1	tRNA		tRNA-Arg	14477-14540:1
LC726509.1	tRNA		tRNA-His	0-65:1
LC726509.1	CDS	nad5	NADH dehydrogenase subunit 5	65-1782:1
LC726509.1	tRNA		tRNA-Phe	1782-1843:1
LC726509.1	tRNA		tRNA-Glu	1843-1906:1
LC726509.1	tRNA		tRNA-Pro	1905-1967:1
LC726509.1	tRNA		tRNA-Thr	1968-2032:1
LC726509.1	CDS	nad4l	NADH dehydrogenase subunit 4L	2032-2329:1
LC726509.1	CDS	nad4	NADH dehydrogenase subunit 4	2322-3679:1
LC726509.1	tRNA		tRNA-Cys	3679-3743:1
LC726509.1	tRNA		tRNA-Met	3743-3806:1
LC726509.1	rRNA		s-rRNA	3807-4598:1
LC726509.1	tRNA		tRNA-Val	4598-4662:1
LC726509.1	rRNA		l-rRNA	4660-5918:1
LC726509.1	tRNA		tRNA-Leu	5920-5981:1
LC726509.1	tRNA		tRNA-Ala	5985-6047:1
LC726509.1	tRNA		tRNA-Ser	6045-6110:1
LC726509.1	tRNA		tRNA-Leu	6110-6172:1
LC726509.1	CDS	nad1	NADH dehydrogenase subunit 1	6173-7097:1
LC726509.1	tRNA		tRNA-Ile	7096-7160:1
LC726509.1	tRNA		tRNA-Lys	7160-7226:1
LC726509.1	CDS	nad3	NADH dehydrogenase subunit 3	7226-7580:1
LC726509.1	tRNA		tRNA-Ser	7581-7645:1
LC726509.1	CDS	nad2	NADH dehydrogenase subunit 2	7646-8652:1
LC726509.1	CDS	cox1	cytochrome c oxidase subunit 1	8652-10194:1
LC726509.1	tRNA		tRNA-Asn	10200-10261:1
LC726509.1	CDS	cox2	cytochrome c oxidase subunit 2	10262-10949:1
LC726509.1	tRNA		tRNA-Asp	10948-11010:1
LC726509.1	CDS	atp8	ATP synthase F0 subunit 8	11010-11170:1
LC726509.1	tRNA		tRNA-Tyr	11170-11232:1
LC726509.1	tRNA		tRNA-Gly	11230-11293:1
LC726509.1	CDS	cox3	cytochrome c oxidase subunit 3	11294-12072:1
LC726509.1	tRNA		tRNA-Gln	12072-12141:1
LC726509.1	CDS	nad6	NADH dehydrogenase subunit 6	12141-12607:1
LC726509.1	CDS	cob	cytochrome b	12607-13747:1
LC726509.1	tRNA		tRNA-Trp	13745-13808:1
LC726509.1	CDS	atp6	ATP synthase F0 subunit 6	13810-14504:1
LC726509.1	tRNA		tRNA-Arg	14504-14568:1
LC726510.1	tRNA		tRNA-His	0-63:1
LC726510.1	CDS	nad5	NADH dehydrogenase subunit 5	63-1780:1
LC726510.1	tRNA		tRNA-Phe	1780-1842:1
LC726510.1	tRNA		tRNA-Glu	1842-1904:1
LC726510.1	tRNA		tRNA-Pro	1903-1965:1
LC726510.1	tRNA		tRNA-Thr	1965-2031:1
LC726510.1	CDS	nad4l	NADH dehydrogenase subunit 4L	2031-2328:1
LC726510.1	CDS	nad4	NADH dehydrogenase subunit 4	2321-3678:1
LC726510.1	tRNA		tRNA-Cys	3678-3742:1
LC726510.1	tRNA		tRNA-Met	3742-3805:1
LC726510.1	rRNA		s-rRNA	3806-4600:1
LC726510.1	tRNA		tRNA-Val	4600-4664:1
LC726510.1	rRNA		l-rRNA	4662-5922:1
LC726510.1	tRNA		tRNA-Leu	5924-5986:1
LC726510.1	tRNA		tRNA-Ala	5989-6052:1
LC726510.1	tRNA		tRNA-Ser	6050-6115:1
LC726510.1	tRNA		tRNA-Leu	6117-6179:1
LC726510.1	CDS	nad1	NADH dehydrogenase subunit 1	6180-7104:1
LC726510.1	tRNA		tRNA-Ile	7103-7169:1
LC726510.1	tRNA		tRNA-Lys	7169-7234:1
LC726510.1	CDS	nad3	NADH dehydrogenase subunit 3	7234-7588:1
LC726510.1	tRNA		tRNA-Ser	7589-7653:1
LC726510.1	CDS	nad2	NADH dehydrogenase subunit 2	7653-8659:1
LC726510.1	CDS	cox1	cytochrome c oxidase subunit 1	8659-10201:1
LC726510.1	tRNA		tRNA-Asn	10209-10270:1
LC726510.1	CDS	cox2	cytochrome c oxidase subunit 2	10271-10958:1
LC726510.1	tRNA		tRNA-Asp	10957-11019:1
LC726510.1	CDS	atp8	ATP synthase F0 subunit 8	11019-11179:1
LC726510.1	tRNA		tRNA-Tyr	11179-11242:1
LC726510.1	tRNA		tRNA-Gly	11240-11306:1
LC726510.1	CDS	cox3	cytochrome c oxidase subunit 3	11307-12085:1
LC726510.1	tRNA		tRNA-Gln	12085-12154:1
LC726510.1	CDS	nad6	NADH dehydrogenase subunit 6	12155-12621:1
LC726510.1	CDS	cob	cytochrome b	12621-13758:1
LC726510.1	tRNA		tRNA-Trp	13759-13822:1
LC726510.1	CDS	atp6	ATP synthase F0 subunit 6	13824-14520:1
LC726510.1	tRNA		tRNA-Arg	14518-14581:1
LC726515.1	tRNA		tRNA-His	0-63:1
LC726515.1	CDS	nad5	NADH dehydrogenase subunit 5	63-1780:1
LC726515.1	tRNA		tRNA-Phe	1780-1842:1
LC726515.1	tRNA		tRNA-Glu	1842-1904:1
LC726515.1	tRNA		tRNA-Pro	1903-1966:1
LC726515.1	tRNA		tRNA-Thr	1966-2031:1
LC726515.1	CDS	nad4l	NADH dehydrogenase subunit 4L	2031-2328:1
LC726515.1	CDS	nad4	NADH dehydrogenase subunit 4	2321-3678:1
LC726515.1	tRNA		tRNA-Cys	3678-3743:1
LC726515.1	tRNA		tRNA-Met	3743-3806:1
LC726515.1	rRNA		s-rRNA	3807-4597:1
LC726515.1	tRNA		tRNA-Val	4597-4661:1
LC726515.1	rRNA		l-rRNA	4659-5915:1
LC726515.1	tRNA		tRNA-Leu	5918-5979:1
LC726515.1	tRNA		tRNA-Ala	5981-6044:1
LC726515.1	tRNA		tRNA-Ser	6042-6107:1
LC726515.1	tRNA		tRNA-Leu	6108-6169:1
LC726515.1	CDS	nad1	NADH dehydrogenase subunit 1	6170-7094:1
LC726515.1	tRNA		tRNA-Ile	7093-7159:1
LC726515.1	tRNA		tRNA-Lys	7159-7225:1
LC726515.1	CDS	nad3	NADH dehydrogenase subunit 3	7225-7579:1
LC726515.1	tRNA		tRNA-Ser	7580-7644:1
LC726515.1	CDS	nad2	NADH dehydrogenase subunit 2	7644-8650:1
LC726515.1	CDS	cox1	cytochrome c oxidase subunit 1	8650-10192:1
LC726515.1	tRNA		tRNA-Asn	10200-10262:1
LC726515.1	CDS	cox2	cytochrome c oxidase subunit 2	10263-10947:1
LC726515.1	tRNA		tRNA-Asp	10949-11011:1
LC726515.1	CDS	atp8	ATP synthase F0 subunit 8	11011-11171:1
LC726515.1	tRNA		tRNA-Tyr	11171-11235:1
LC726515.1	tRNA		tRNA-Gly	11233-11297:1
LC726515.1	CDS	cox3	cytochrome c oxidase subunit 3	11298-12076:1
LC726515.1	tRNA		tRNA-Gln	12076-12145:1
LC726515.1	CDS	nad6	NADH dehydrogenase subunit 6	12145-12611:1
LC726515.1	CDS	cob	cytochrome b	12611-13751:1
LC726515.1	tRNA		tRNA-Trp	13749-13812:1
LC726515.1	CDS	atp6	ATP synthase F0 subunit 6	13814-14510:1
LC726515.1	tRNA		tRNA-Arg	14508-14572:1
LC726520.1	tRNA		tRNA-His	0-65:1
LC726520.1	CDS	nad5	NADH dehydrogenase subunit 5	65-1782:1
LC726520.1	tRNA		tRNA-Phe	1782-1845:1
LC726520.1	tRNA		tRNA-Glu	1845-1906:1
LC726520.1	tRNA		tRNA-Pro	1905-1966:1
LC726520.1	tRNA		tRNA-Thr	1966-2031:1
LC726520.1	CDS	nad4l	NADH dehydrogenase subunit 4L	2031-2328:1
LC726520.1	CDS	nad4	NADH dehydrogenase subunit 4	2321-3678:1
LC726520.1	tRNA		tRNA-Cys	3678-3742:1
LC726520.1	tRNA		tRNA-Met	3742-3805:1
LC726520.1	rRNA		s-rRNA	3806-4590:1
LC726520.1	tRNA		tRNA-Val	4590-4652:1
LC726520.1	rRNA		l-rRNA	4650-5897:1
LC726520.1	tRNA		tRNA-Leu	5897-5958:1
LC726520.1	tRNA		tRNA-Ala	5963-6025:1
LC726520.1	tRNA		tRNA-Ser	6023-6089:1
LC726520.1	tRNA		tRNA-Leu	6089-6150:1
LC726520.1	CDS	nad1	NADH dehydrogenase subunit 1	6151-7073:1
LC726520.1	tRNA		tRNA-Ile	7073-7139:1
LC726520.1	tRNA		tRNA-Lys	7140-7204:1
LC726520.1	CDS	nad3	NADH dehydrogenase subunit 3	7204-7558:1
LC726520.1	tRNA		tRNA-Ser	7556-7620:1
LC726520.1	CDS	nad2	NADH dehydrogenase subunit 2	7620-8625:1
LC726520.1	CDS	cox1	cytochrome c oxidase subunit 1	8626-10168:1
LC726520.1	tRNA		tRNA-Asn	10175-10236:1
LC726520.1	CDS	cox2	cytochrome c oxidase subunit 2	10237-10924:1
LC726520.1	tRNA		tRNA-Asp	10923-10985:1
LC726520.1	CDS	atp8	ATP synthase F0 subunit 8	10985-11145:1
LC726520.1	tRNA		tRNA-Tyr	11145-11207:1
LC726520.1	tRNA		tRNA-Gly	11205-11268:1
LC726520.1	CDS	cox3	cytochrome c oxidase subunit 3	11268-12046:1
LC726520.1	tRNA		tRNA-Gln	12046-12115:1
LC726520.1	CDS	nad6	NADH dehydrogenase subunit 6	12115-12581:1
LC726520.1	CDS	cob	cytochrome b	12581-13721:1
LC726520.1	tRNA		tRNA-Trp	13719-13781:1
LC726520.1	CDS	atp6	ATP synthase F0 subunit 6	13782-14476:1
LC726520.1	tRNA		tRNA-Arg	14476-14538:1
LC726525.1	tRNA		tRNA-His	0-66:1
LC726525.1	CDS	nad5	NADH dehydrogenase subunit 5	66-1783:1
LC726525.1	tRNA		tRNA-Phe	1783-1845:1
LC726525.1	tRNA		tRNA-Glu	1845-1906:1
LC726525.1	tRNA		tRNA-Pro	1905-1966:1
LC726525.1	tRNA		tRNA-Thr	1966-2031:1
LC726525.1	CDS	nad4l	NADH dehydrogenase subunit 4L	2031-2328:1
LC726525.1	CDS	nad4	NADH dehydrogenase subunit 4	2321-3678:1
LC726525.1	tRNA		tRNA-Cys	3678-3742:1
LC726525.1	tRNA		tRNA-Met	3742-3805:1
LC726525.1	rRNA		s-rRNA	3806-4590:1
LC726525.1	tRNA		tRNA-Val	4590-4653:1
LC726525.1	rRNA		l-rRNA	4651-5899:1
LC726525.1	tRNA		tRNA-Leu	5899-5960:1
LC726525.1	tRNA		tRNA-Ala	5962-6024:1
LC726525.1	tRNA		tRNA-Ser	6022-6088:1
LC726525.1	tRNA		tRNA-Leu	6088-6149:1
LC726525.1	CDS	nad1	NADH dehydrogenase subunit 1	6150-7072:1
LC726525.1	tRNA		tRNA-Ile	7072-7138:1
LC726525.1	tRNA		tRNA-Lys	7138-7203:1
LC726525.1	CDS	nad3	NADH dehydrogenase subunit 3	7203-7557:1
LC726525.1	tRNA		tRNA-Ser	7555-7619:1
LC726525.1	CDS	nad2	NADH dehydrogenase subunit 2	7619-8625:1
LC726525.1	CDS	cox1	cytochrome c oxidase subunit 1	8625-10167:1
LC726525.1	tRNA		tRNA-Asn	10174-10235:1
LC726525.1	CDS	cox2	cytochrome c oxidase subunit 2	10236-10923:1
LC726525.1	tRNA		tRNA-Asp	10922-10984:1
LC726525.1	CDS	atp8	ATP synthase F0 subunit 8	10984-11144:1
LC726525.1	tRNA		tRNA-Tyr	11144-11206:1
LC726525.1	tRNA		tRNA-Gly	11204-11266:1
LC726525.1	CDS	cox3	cytochrome c oxidase subunit 3	11266-12044:1
LC726525.1	tRNA		tRNA-Gln	12044-12113:1
LC726525.1	CDS	nad6	NADH dehydrogenase subunit 6	12113-12579:1
LC726525.1	CDS	cob	cytochrome b	12579-13719:1
LC726525.1	tRNA		tRNA-Trp	13717-13779:1
LC726525.1	CDS	atp6	ATP synthase F0 subunit 6	13780-14474:1
LC726525.1	tRNA		tRNA-Arg	14474-14535:1
LC726532.1	tRNA		tRNA-His	0-63:1
LC726532.1	CDS	nad5	NADH dehydrogenase subunit 5	63-1780:1
LC726532.1	tRNA		tRNA-Phe	1780-1842:1
LC726532.1	tRNA		tRNA-Glu	1842-1905:1
LC726532.1	tRNA		tRNA-Pro	1904-1966:1
LC726532.1	tRNA		tRNA-Thr	1966-2031:1
LC726532.1	CDS	nad4l	NADH dehydrogenase subunit 4L	2031-2328:1
LC726532.1	CDS	nad4	NADH dehydrogenase subunit 4	2321-3678:1
LC726532.1	tRNA		tRNA-Cys	3678-3742:1
LC726532.1	tRNA		tRNA-Met	3742-3805:1
LC726532.1	rRNA		s-rRNA	3806-4599:1
LC726532.1	tRNA		tRNA-Val	4599-4663:1
LC726532.1	rRNA		l-rRNA	4661-5923:1
LC726532.1	tRNA		tRNA-Leu	5925-5988:1
LC726532.1	tRNA		tRNA-Ala	5991-6053:1
LC726532.1	tRNA		tRNA-Ser	6051-6118:1
LC726532.1	tRNA		tRNA-Leu	6118-6179:1
LC726532.1	CDS	nad1	NADH dehydrogenase subunit 1	6180-7104:1
LC726532.1	tRNA		tRNA-Ile	7103-7168:1
LC726532.1	tRNA		tRNA-Lys	7168-7233:1
LC726532.1	CDS	nad3	NADH dehydrogenase subunit 3	7233-7587:1
LC726532.1	tRNA		tRNA-Ser	7589-7653:1
LC726532.1	CDS	nad2	NADH dehydrogenase subunit 2	7653-8665:1
LC726532.1	CDS	cox1	cytochrome c oxidase subunit 1	8665-10207:1
LC726532.1	tRNA		tRNA-Asn	10216-10277:1
LC726532.1	CDS	cox2	cytochrome c oxidase subunit 2	10278-10965:1
LC726532.1	tRNA		tRNA-Asp	10964-11026:1
LC726532.1	CDS	atp8	ATP synthase F0 subunit 8	11026-11186:1
LC726532.1	tRNA		tRNA-Tyr	11186-11251:1
LC726532.1	tRNA		tRNA-Gly	11249-11312:1
LC726532.1	CDS	cox3	cytochrome c oxidase subunit 3	11313-12091:1
LC726532.1	tRNA		tRNA-Gln	12091-12160:1
LC726532.1	CDS	nad6	NADH dehydrogenase subunit 6	12160-12626:1
LC726532.1	CDS	cob	cytochrome b	12626-13766:1
LC726532.1	tRNA		tRNA-Trp	13764-13828:1
LC726532.1	CDS	atp6	ATP synthase F0 subunit 6	13829-14525:1
LC726532.1	tRNA		tRNA-Arg	14523-14588:1
LC726533.1	tRNA		tRNA-His	0-64:1
LC726533.1	CDS	nad5	NADH dehydrogenase subunit 5	64-1781:1
LC726533.1	tRNA		tRNA-Phe	1781-1843:1
LC726533.1	tRNA		tRNA-Glu	1843-1904:1
LC726533.1	tRNA		tRNA-Pro	1903-1965:1
LC726533.1	tRNA		tRNA-Thr	1965-2031:1
LC726533.1	CDS	nad4l	NADH dehydrogenase subunit 4L	2031-2328:1
LC726533.1	CDS	nad4	NADH dehydrogenase subunit 4	2321-3678:1
LC726533.1	tRNA		tRNA-Cys	3678-3742:1
LC726533.1	tRNA		tRNA-Met	3742-3805:1
LC726533.1	rRNA		s-rRNA	3806-4590:1
LC726533.1	tRNA		tRNA-Val	4590-4654:1
LC726533.1	rRNA		l-rRNA	4652-5904:1
LC726533.1	tRNA		tRNA-Leu	5904-5965:1
LC726533.1	tRNA		tRNA-Ala	5965-6027:1
LC726533.1	tRNA		tRNA-Ser	6025-6091:1
LC726533.1	tRNA		tRNA-Leu	6091-6152:1
LC726533.1	CDS	nad1	NADH dehydrogenase subunit 1	6153-7075:1
LC726533.1	tRNA		tRNA-Ile	7075-7140:1
LC726533.1	tRNA		tRNA-Lys	7140-7205:1
LC726533.1	CDS	nad3	NADH dehydrogenase subunit 3	7205-7559:1
LC726533.1	tRNA		tRNA-Ser	7557-7621:1
LC726533.1	CDS	nad2	NADH dehydrogenase subunit 2	7621-8627:1
LC726533.1	CDS	cox1	cytochrome c oxidase subunit 1	8627-10169:1
LC726533.1	tRNA		tRNA-Asn	10175-10236:1
LC726533.1	CDS	cox2	cytochrome c oxidase subunit 2	10237-10924:1
LC726533.1	tRNA		tRNA-Asp	10923-10985:1
LC726533.1	CDS	atp8	ATP synthase F0 subunit 8	10985-11145:1
LC726533.1	tRNA		tRNA-Tyr	11145-11207:1
LC726533.1	tRNA		tRNA-Gly	11205-11267:1
LC726533.1	CDS	cox3	cytochrome c oxidase subunit 3	11267-12045:1
LC726533.1	tRNA		tRNA-Gln	12045-12114:1
LC726533.1	CDS	nad6	NADH dehydrogenase subunit 6	12114-12580:1
LC726533.1	CDS	cob	cytochrome b	12580-13720:1
LC726533.1	tRNA		tRNA-Trp	13718-13780:1
LC726533.1	CDS	atp6	ATP synthase F0 subunit 6	13781-14477:1
LC726533.1	tRNA		tRNA-Arg	14475-14536:1
LC726536.1	tRNA		tRNA-His	0-64:1
LC726536.1	CDS	nad5	NADH dehydrogenase subunit 5	64-1781:1
LC726536.1	tRNA		tRNA-Phe	1781-1843:1
LC726536.1	tRNA		tRNA-Glu	1843-1904:1
LC726536.1	tRNA		tRNA-Pro	1903-1964:1
LC726536.1	tRNA		tRNA-Thr	1964-2029:1
LC726536.1	CDS	nad4l	NADH dehydrogenase subunit 4L	2029-2326:1
LC726536.1	CDS	nad4	NADH dehydrogenase subunit 4	2319-3676:1
LC726536.1	tRNA		tRNA-Cys	3676-3740:1
LC726536.1	tRNA		tRNA-Met	3740-3803:1
LC726536.1	rRNA		s-rRNA	3804-4587:1
LC726536.1	tRNA		tRNA-Val	4587-4650:1
LC726536.1	rRNA		l-rRNA	4648-5895:1
LC726536.1	tRNA		tRNA-Leu	5895-5956:1
LC726536.1	tRNA		tRNA-Ala	5956-6018:1
LC726536.1	tRNA		tRNA-Ser	6016-6082:1
LC726536.1	tRNA		tRNA-Leu	6082-6143:1
LC726536.1	CDS	nad1	NADH dehydrogenase subunit 1	6144-7066:1
LC726536.1	tRNA		tRNA-Ile	7066-7131:1
LC726536.1	tRNA		tRNA-Lys	7131-7195:1
LC726536.1	CDS	nad3	NADH dehydrogenase subunit 3	7195-7549:1
LC726536.1	tRNA		tRNA-Ser	7547-7611:1
LC726536.1	CDS	nad2	NADH dehydrogenase subunit 2	7611-8617:1
LC726536.1	CDS	cox1	cytochrome c oxidase subunit 1	8617-10159:1
LC726536.1	tRNA		tRNA-Asn	10165-10226:1
LC726536.1	CDS	cox2	cytochrome c oxidase subunit 2	10227-10914:1
LC726536.1	tRNA		tRNA-Asp	10913-10975:1
LC726536.1	CDS	atp8	ATP synthase F0 subunit 8	10975-11135:1
LC726536.1	tRNA		tRNA-Tyr	11135-11197:1
LC726536.1	tRNA		tRNA-Gly	11195-11257:1
LC726536.1	CDS	cox3	cytochrome c oxidase subunit 3	11257-12035:1
LC726536.1	tRNA		tRNA-Gln	12035-12104:1
LC726536.1	CDS	nad6	NADH dehydrogenase subunit 6	12104-12570:1
LC726536.1	CDS	cob	cytochrome b	12570-13710:1
LC726536.1	tRNA		tRNA-Trp	13708-13770:1
LC726536.1	CDS	atp6	ATP synthase F0 subunit 6	13771-14467:1
LC726537.1	tRNA		tRNA-His	0-64:1
LC726537.1	CDS	nad5	NADH dehydrogenase subunit 5	64-1781:1
LC726537.1	tRNA		tRNA-Phe	1781-1843:1
LC726537.1	tRNA		tRNA-Glu	1843-1906:1
LC726537.1	tRNA		tRNA-Pro	1905-1967:1
LC726537.1	tRNA		tRNA-Thr	1968-2033:1
LC726537.1	CDS	nad4l	NADH dehydrogenase subunit 4L	2033-2330:1
LC726537.1	CDS	nad4	NADH dehydrogenase subunit 4	2323-3680:1
LC726537.1	tRNA		tRNA-Cys	3680-3744:1
LC726537.1	tRNA		tRNA-Met	3744-3808:1
LC726537.1	rRNA		s-rRNA	3809-4599:1
LC726537.1	tRNA		tRNA-Val	4599-4663:1
LC726537.1	rRNA		l-rRNA	4661-5920:1
LC726537.1	tRNA		tRNA-Leu	5922-5985:1
LC726537.1	tRNA		tRNA-Ala	5989-6051:1
LC726537.1	tRNA		tRNA-Ser	6049-6114:1
LC726537.1	tRNA		tRNA-Leu	6114-6176:1
LC726537.1	CDS	nad1	NADH dehydrogenase subunit 1	6177-7101:1
LC726537.1	tRNA		tRNA-Ile	7100-7165:1
LC726537.1	tRNA		tRNA-Lys	7165-7228:1
LC726537.1	CDS	nad3	NADH dehydrogenase subunit 3	7228-7582:1
LC726537.1	tRNA		tRNA-Ser	7583-7647:1
LC726537.1	CDS	nad2	NADH dehydrogenase subunit 2	7648-8654:1
LC726537.1	CDS	cox1	cytochrome c oxidase subunit 1	8654-10196:1
LC726537.1	tRNA		tRNA-Asn	10203-10264:1
LC726537.1	CDS	cox2	cytochrome c oxidase subunit 2	10265-10952:1
LC726537.1	tRNA		tRNA-Asp	10951-11014:1
LC726537.1	CDS	atp8	ATP synthase F0 subunit 8	11014-11174:1
LC726537.1	tRNA		tRNA-Tyr	11174-11237:1
LC726537.1	tRNA		tRNA-Gly	11235-11299:1
LC726537.1	CDS	cox3	cytochrome c oxidase subunit 3	11300-12078:1
LC726537.1	tRNA		tRNA-Gln	12078-12147:1
LC726537.1	CDS	nad6	NADH dehydrogenase subunit 6	12147-12613:1
LC726537.1	CDS	cob	cytochrome b	12613-13753:1
LC726537.1	tRNA		tRNA-Trp	13751-13815:1
LC726537.1	CDS	atp6	ATP synthase F0 subunit 6	13817-14513:1
LC726537.1	tRNA		tRNA-Arg	14511-14576:1
LC726538.1	tRNA		tRNA-His	0-65:1
LC726538.1	CDS	nad5	NADH dehydrogenase subunit 5	65-1782:1
LC726538.1	tRNA		tRNA-Phe	1782-1844:1
LC726538.1	tRNA		tRNA-Glu	1844-1905:1
LC726538.1	tRNA		tRNA-Pro	1904-1966:1
LC726538.1	tRNA		tRNA-Thr	1966-2031:1
LC726538.1	CDS	nad4l	NADH dehydrogenase subunit 4L	2031-2328:1
LC726538.1	CDS	nad4	NADH dehydrogenase subunit 4	2321-3678:1
LC726538.1	tRNA		tRNA-Cys	3678-3742:1
LC726538.1	tRNA		tRNA-Met	3742-3805:1
LC726538.1	rRNA		s-rRNA	3806-4588:1
LC726538.1	tRNA		tRNA-Val	4588-4650:1
LC726538.1	rRNA		l-rRNA	4648-5898:1
LC726538.1	tRNA		tRNA-Leu	5898-5959:1
LC726538.1	tRNA		tRNA-Ala	5959-6021:1
LC726538.1	tRNA		tRNA-Ser	6019-6085:1
LC726538.1	tRNA		tRNA-Leu	6085-6147:1
LC726538.1	CDS	nad1	NADH dehydrogenase subunit 1	6148-7070:1
LC726538.1	tRNA		tRNA-Ile	7070-7135:1
LC726538.1	tRNA		tRNA-Lys	7135-7200:1
LC726538.1	CDS	nad3	NADH dehydrogenase subunit 3	7200-7554:1
LC726538.1	tRNA		tRNA-Ser	7552-7616:1
LC726538.1	CDS	nad2	NADH dehydrogenase subunit 2	7616-8619:1
LC726538.1	CDS	cox1	cytochrome c oxidase subunit 1	8619-10161:1
LC726538.1	tRNA		tRNA-Asn	10167-10228:1
LC726538.1	CDS	cox2	cytochrome c oxidase subunit 2	10229-10916:1
LC726538.1	tRNA		tRNA-Asp	10915-10977:1
LC726538.1	CDS	atp8	ATP synthase F0 subunit 8	10977-11137:1
LC726538.1	tRNA		tRNA-Tyr	11137-11199:1
LC726538.1	tRNA		tRNA-Gly	11197-11259:1
LC726538.1	CDS	cox3	cytochrome c oxidase subunit 3	11259-12037:1
LC726538.1	tRNA		tRNA-Gln	12037-12106:1
LC726538.1	CDS	nad6	NADH dehydrogenase subunit 6	12106-12572:1
LC726538.1	CDS	cob	cytochrome b	12572-13712:1
LC726538.1	tRNA		tRNA-Trp	13710-13772:1
LC726538.1	CDS	atp6	ATP synthase F0 subunit 6	13773-14469:1
LC726538.1	tRNA		tRNA-Arg	14467-14531:1
LC726539.1	tRNA		tRNA-His	0-65:1
LC726539.1	CDS	nad5	NADH dehydrogenase subunit 5	65-1782:1
LC726539.1	tRNA		tRNA-Phe	1782-1843:1
LC726539.1	tRNA		tRNA-Glu	1843-1904:1
LC726539.1	tRNA		tRNA-Pro	1903-1964:1
LC726539.1	tRNA		tRNA-Thr	1964-2029:1
LC726539.1	CDS	nad4l	NADH dehydrogenase subunit 4L	2029-2326:1
LC726539.1	CDS	nad4	NADH dehydrogenase subunit 4	2319-3676:1
LC726539.1	tRNA		tRNA-Cys	3676-3740:1
LC726539.1	tRNA		tRNA-Met	3740-3803:1
LC726539.1	rRNA		s-rRNA	3804-4586:1
LC726539.1	tRNA		tRNA-Val	4586-4649:1
LC726539.1	rRNA		l-rRNA	4647-5901:1
LC726539.1	tRNA		tRNA-Leu	5901-5962:1
LC726539.1	tRNA		tRNA-Ala	5962-6024:1
LC726539.1	tRNA		tRNA-Ser	6022-6088:1
LC726539.1	tRNA		tRNA-Leu	6088-6151:1
LC726539.1	CDS	nad1	NADH dehydrogenase subunit 1	6152-7074:1
LC726539.1	tRNA		tRNA-Ile	7074-7139:1
LC726539.1	tRNA		tRNA-Lys	7139-7204:1
LC726539.1	CDS	nad3	NADH dehydrogenase subunit 3	7204-7558:1
LC726539.1	tRNA		tRNA-Ser	7556-7620:1
LC726539.1	CDS	nad2	NADH dehydrogenase subunit 2	7620-8626:1
LC726539.1	CDS	cox1	cytochrome c oxidase subunit 1	8626-10168:1
LC726539.1	tRNA		tRNA-Asn	10174-10235:1
LC726539.1	CDS	cox2	cytochrome c oxidase subunit 2	10236-10923:1
LC726539.1	tRNA		tRNA-Asp	10922-10984:1
LC726539.1	CDS	atp8	ATP synthase F0 subunit 8	10984-11144:1
LC726539.1	tRNA		tRNA-Tyr	11144-11206:1
LC726539.1	tRNA		tRNA-Gly	11204-11267:1
LC726539.1	CDS	cox3	cytochrome c oxidase subunit 3	11267-12045:1
LC726539.1	tRNA		tRNA-Gln	12045-12114:1
LC726539.1	CDS	nad6	NADH dehydrogenase subunit 6	12114-12580:1
LC726539.1	CDS	cob	cytochrome b	12580-13720:1
LC726539.1	tRNA		tRNA-Trp	13718-13781:1
LC726539.1	CDS	atp6	ATP synthase F0 subunit 6	13782-14478:1
LC726539.1	tRNA		tRNA-Arg	14476-14538:1
LC726540.1	tRNA		tRNA-His	0-63:1
LC726540.1	CDS	nad5	NADH dehydrogenase subunit 5	63-1780:1
LC726540.1	tRNA		tRNA-Phe	1780-1843:1
LC726540.1	tRNA		tRNA-Glu	1843-1906:1
LC726540.1	tRNA		tRNA-Pro	1905-1967:1
LC726540.1	tRNA		tRNA-Thr	1967-2032:1
LC726540.1	CDS	nad4l	NADH dehydrogenase subunit 4L	2032-2329:1
LC726540.1	CDS	nad4	NADH dehydrogenase subunit 4	2322-3679:1
LC726540.1	tRNA		tRNA-Cys	3679-3743:1
LC726540.1	tRNA		tRNA-Met	3743-3806:1
LC726540.1	rRNA		s-rRNA	3807-4600:1
LC726540.1	tRNA		tRNA-Val	4600-4664:1
LC726540.1	rRNA		l-rRNA	4662-5920:1
LC726540.1	tRNA		tRNA-Leu	5922-5985:1
LC726540.1	tRNA		tRNA-Ala	5988-6050:1
LC726540.1	tRNA		tRNA-Ser	6048-6113:1
LC726540.1	tRNA		tRNA-Leu	6115-6176:1
LC726540.1	CDS	nad1	NADH dehydrogenase subunit 1	6177-7101:1
LC726540.1	tRNA		tRNA-Ile	7100-7165:1
LC726540.1	tRNA		tRNA-Lys	7165-7230:1
LC726540.1	CDS	nad3	NADH dehydrogenase subunit 3	7230-7584:1
LC726540.1	tRNA		tRNA-Ser	7586-7650:1
LC726540.1	CDS	nad2	NADH dehydrogenase subunit 2	7650-8656:1
LC726540.1	CDS	cox1	cytochrome c oxidase subunit 1	8656-10201:1
LC726540.1	tRNA		tRNA-Asn	10206-10267:1
LC726540.1	CDS	cox2	cytochrome c oxidase subunit 2	10268-10955:1
LC726540.1	tRNA		tRNA-Asp	10954-11016:1
LC726540.1	CDS	atp8	ATP synthase F0 subunit 8	11016-11176:1
LC726540.1	tRNA		tRNA-Tyr	11176-11241:1
LC726540.1	tRNA		tRNA-Gly	11239-11302:1
LC726540.1	CDS	cox3	cytochrome c oxidase subunit 3	11303-12081:1
LC726540.1	tRNA		tRNA-Gln	12081-12150:1
LC726540.1	CDS	nad6	NADH dehydrogenase subunit 6	12150-12616:1
LC726540.1	CDS	cob	cytochrome b	12616-13756:1
LC726540.1	tRNA		tRNA-Trp	13754-13818:1
LC726540.1	CDS	atp6	ATP synthase F0 subunit 6	13819-14515:1
LC726540.1	tRNA		tRNA-Arg	14513-14578:1
LC726544.1	tRNA		tRNA-His	0-64:1
LC726544.1	CDS	nad5	NADH dehydrogenase subunit 5	64-1781:1
LC726544.1	tRNA		tRNA-Phe	1781-1843:1
LC726544.1	tRNA		tRNA-Glu	1843-1906:1
LC726544.1	tRNA		tRNA-Pro	1905-1967:1
LC726544.1	tRNA		tRNA-Thr	1968-2033:1
LC726544.1	CDS	nad4l	NADH dehydrogenase subunit 4L	2033-2330:1
LC726544.1	CDS	nad4	NADH dehydrogenase subunit 4	2323-3680:1
LC726544.1	tRNA		tRNA-Cys	3680-3744:1
LC726544.1	tRNA		tRNA-Met	3744-3807:1
LC726544.1	rRNA		s-rRNA	3808-4599:1
LC726544.1	tRNA		tRNA-Val	4599-4663:1
LC726544.1	rRNA		l-rRNA	4661-5921:1
LC726544.1	tRNA		tRNA-Leu	5923-5985:1
LC726544.1	tRNA		tRNA-Ala	5989-6051:1
LC726544.1	tRNA		tRNA-Ser	6049-6114:1
LC726544.1	tRNA		tRNA-Leu	6114-6176:1
LC726544.1	CDS	nad1	NADH dehydrogenase subunit 1	6177-7101:1
LC726544.1	tRNA		tRNA-Ile	7100-7165:1
LC726544.1	tRNA		tRNA-Lys	7165-7229:1
LC726544.1	CDS	nad3	NADH dehydrogenase subunit 3	7229-7583:1
LC726544.1	tRNA		tRNA-Ser	7584-7648:1
LC726544.1	CDS	nad2	NADH dehydrogenase subunit 2	7649-8655:1
LC726544.1	CDS	cox1	cytochrome c oxidase subunit 1	8655-10197:1
LC726544.1	tRNA		tRNA-Asn	10205-10266:1
LC726544.1	CDS	cox2	cytochrome c oxidase subunit 2	10267-10951:1
LC726544.1	tRNA		tRNA-Asp	10953-11015:1
LC726544.1	CDS	atp8	ATP synthase F0 subunit 8	11015-11175:1
LC726544.1	tRNA		tRNA-Tyr	11175-11238:1
LC726544.1	tRNA		tRNA-Gly	11236-11300:1
LC726544.1	CDS	cox3	cytochrome c oxidase subunit 3	11301-12079:1
LC726544.1	tRNA		tRNA-Gln	12079-12148:1
LC726544.1	CDS	nad6	NADH dehydrogenase subunit 6	12148-12614:1
LC726544.1	CDS	cob	cytochrome b	12614-13754:1
LC726544.1	tRNA		tRNA-Trp	13752-13816:1
LC726544.1	CDS	atp6	ATP synthase F0 subunit 6	13818-14514:1
LC726544.1	tRNA		tRNA-Arg	14512-14575:1
LC726545.1	tRNA		tRNA-His	0-64:1
LC726545.1	CDS	nad5	NADH dehydrogenase subunit 5	64-1781:1
LC726545.1	tRNA		tRNA-Phe	1781-1843:1
LC726545.1	tRNA		tRNA-Glu	1843-1906:1
LC726545.1	tRNA		tRNA-Pro	1905-1967:1
LC726545.1	tRNA		tRNA-Thr	1968-2033:1
LC726545.1	CDS	nad4l	NADH dehydrogenase subunit 4L	2033-2330:1
LC726545.1	CDS	nad4	NADH dehydrogenase subunit 4	2323-3680:1
LC726545.1	tRNA		tRNA-Cys	3680-3744:1
LC726545.1	tRNA		tRNA-Met	3744-3807:1
LC726545.1	rRNA		s-rRNA	3808-4597:1
LC726545.1	tRNA		tRNA-Val	4597-4661:1
LC726545.1	rRNA		l-rRNA	4659-5921:1
LC726545.1	tRNA		tRNA-Leu	5923-5985:1
LC726545.1	tRNA		tRNA-Ala	5989-6051:1
LC726545.1	tRNA		tRNA-Ser	6049-6114:1
LC726545.1	tRNA		tRNA-Leu	6114-6176:1
LC726545.1	CDS	nad1	NADH dehydrogenase subunit 1	6177-7101:1
LC726545.1	tRNA		tRNA-Ile	7100-7165:1
LC726545.1	tRNA		tRNA-Lys	7165-7229:1
LC726545.1	CDS	nad3	NADH dehydrogenase subunit 3	7229-7583:1
LC726545.1	tRNA		tRNA-Ser	7582-7646:1
LC726545.1	CDS	nad2	NADH dehydrogenase subunit 2	7647-8653:1
LC726545.1	CDS	cox1	cytochrome c oxidase subunit 1	8653-10195:1
LC726545.1	tRNA		tRNA-Asn	10203-10264:1
LC726545.1	CDS	cox2	cytochrome c oxidase subunit 2	10265-10952:1
LC726545.1	tRNA		tRNA-Asp	10951-11013:1
LC726545.1	CDS	atp8	ATP synthase F0 subunit 8	11013-11173:1
LC726545.1	tRNA		tRNA-Tyr	11173-11236:1
LC726545.1	tRNA		tRNA-Gly	11234-11298:1
LC726545.1	CDS	cox3	cytochrome c oxidase subunit 3	11299-12077:1
LC726545.1	tRNA		tRNA-Gln	12077-12146:1
LC726545.1	CDS	nad6	NADH dehydrogenase subunit 6	12146-12612:1
LC726545.1	CDS	cob	cytochrome b	12612-13752:1
LC726545.1	tRNA		tRNA-Trp	13750-13813:1
LC726545.1	CDS	atp6	ATP synthase F0 subunit 6	13815-14511:1
LC726545.1	tRNA		tRNA-Arg	14509-14573:1
LC726546.1	tRNA		tRNA-His	0-64:1
LC726546.1	CDS	nad5	NADH dehydrogenase subunit 5	64-1781:1
LC726546.1	tRNA		tRNA-Phe	1781-1844:1
LC726546.1	tRNA		tRNA-Glu	1844-1907:1
LC726546.1	tRNA		tRNA-Pro	1906-1968:1
LC726546.1	tRNA		tRNA-Thr	1969-2034:1
LC726546.1	CDS	nad4l	NADH dehydrogenase subunit 4L	2034-2331:1
LC726546.1	CDS	nad4	NADH dehydrogenase subunit 4	2324-3678:1
LC726546.1	tRNA		tRNA-Cys	3681-3745:1
LC726546.1	tRNA		tRNA-Met	3745-3808:1
LC726546.1	rRNA		s-rRNA	3809-4602:1
LC726546.1	tRNA		tRNA-Val	4602-4665:1
LC726546.1	rRNA		l-rRNA	4663-5923:1
LC726546.1	tRNA		tRNA-Leu	5924-5985:1
LC726546.1	tRNA		tRNA-Ala	5988-6050:1
LC726546.1	tRNA		tRNA-Ser	6048-6113:1
LC726546.1	tRNA		tRNA-Leu	6113-6175:1
LC726546.1	CDS	nad1	NADH dehydrogenase subunit 1	6176-7100:1
LC726546.1	tRNA		tRNA-Ile	7099-7164:1
LC726546.1	tRNA		tRNA-Lys	7166-7232:1
LC726546.1	CDS	nad3	NADH dehydrogenase subunit 3	7232-7586:1
LC726546.1	tRNA		tRNA-Ser	7587-7651:1
LC726546.1	CDS	nad2	NADH dehydrogenase subunit 2	7652-8658:1
LC726546.1	CDS	cox1	cytochrome c oxidase subunit 1	8658-10200:1
LC726546.1	tRNA		tRNA-Asn	10209-10270:1
LC726546.1	CDS	cox2	cytochrome c oxidase subunit 2	10271-10958:1
LC726546.1	tRNA		tRNA-Asp	10957-11019:1
LC726546.1	CDS	atp8	ATP synthase F0 subunit 8	11019-11179:1
LC726546.1	tRNA		tRNA-Tyr	11179-11242:1
LC726546.1	tRNA		tRNA-Gly	11240-11304:1
LC726546.1	CDS	cox3	cytochrome c oxidase subunit 3	11305-12083:1
LC726546.1	tRNA		tRNA-Gln	12083-12152:1
LC726546.1	CDS	nad6	NADH dehydrogenase subunit 6	12152-12618:1
LC726546.1	CDS	cob	cytochrome b	12618-13758:1
LC726546.1	tRNA		tRNA-Trp	13756-13819:1
LC726546.1	CDS	atp6	ATP synthase F0 subunit 6	13821-14517:1
LC726546.1	tRNA		tRNA-Arg	14515-14580:1
LC726550.1	tRNA		tRNA-His	0-64:1
LC726550.1	CDS	nad5	NADH dehydrogenase subunit 5	64-1781:1
LC726550.1	tRNA		tRNA-Phe	1781-1844:1
LC726550.1	tRNA		tRNA-Glu	1844-1913:1
LC726550.1	tRNA		tRNA-Pro	1912-1974:1
LC726550.1	tRNA		tRNA-Thr	1974-2039:1
LC726550.1	CDS	nad4l	NADH dehydrogenase subunit 4L	2039-2336:1
LC726550.1	CDS	nad4	NADH dehydrogenase subunit 4	2329-3686:1
LC726550.1	tRNA		tRNA-Cys	3686-3750:1
LC726550.1	tRNA		tRNA-Met	3750-3812:1
LC726550.1	rRNA		s-rRNA	3813-4606:1
LC726550.1	tRNA		tRNA-Val	4606-4671:1
LC726550.1	rRNA		l-rRNA	4669-5934:1
LC726550.1	tRNA		tRNA-Leu	5936-5999:1
LC726550.1	tRNA		tRNA-Ala	6002-6064:1
LC726550.1	tRNA		tRNA-Ser	6062-6127:1
LC726550.1	tRNA		tRNA-Leu	6132-6193:1
LC726550.1	CDS	nad1	NADH dehydrogenase subunit 1	6194-7118:1
LC726550.1	tRNA		tRNA-Ile	7117-7181:1
LC726550.1	tRNA		tRNA-Lys	7181-7246:1
LC726550.1	CDS	nad3	NADH dehydrogenase subunit 3	7246-7600:1
LC726550.1	tRNA		tRNA-Ser	7599-7663:1
LC726550.1	CDS	nad2	NADH dehydrogenase subunit 2	7663-8669:1
LC726550.1	CDS	cox1	cytochrome c oxidase subunit 1	8669-10211:1
LC726550.1	tRNA		tRNA-Asn	10221-10282:1
LC726550.1	CDS	cox2	cytochrome c oxidase subunit 2	10283-10967:1
LC726550.1	tRNA		tRNA-Asp	10969-11031:1
LC726550.1	CDS	atp8	ATP synthase F0 subunit 8	11031-11191:1
LC726550.1	tRNA		tRNA-Tyr	11191-11256:1
LC726550.1	tRNA		tRNA-Gly	11254-11318:1
LC726550.1	CDS	cox3	cytochrome c oxidase subunit 3	11319-12097:1
LC726550.1	tRNA		tRNA-Gln	12097-12166:1
LC726550.1	CDS	nad6	NADH dehydrogenase subunit 6	12166-12632:1
LC726550.1	CDS	cob	cytochrome b	12632-13772:1
LC726550.1	tRNA		tRNA-Trp	13770-13834:1
LC726550.1	CDS	atp6	ATP synthase F0 subunit 6	13836-14532:1
LC726550.1	tRNA		tRNA-Arg	14530-14594:1
LC726551.1	tRNA		tRNA-His	0-64:1
LC726551.1	CDS	nad5	NADH dehydrogenase subunit 5	64-1781:1
LC726551.1	tRNA		tRNA-Phe	1781-1843:1
LC726551.1	tRNA		tRNA-Glu	1844-1906:1
LC726551.1	tRNA		tRNA-Pro	1905-1968:1
LC726551.1	tRNA		tRNA-Thr	1969-2033:1
LC726551.1	CDS	nad4l	NADH dehydrogenase subunit 4L	2033-2330:1
LC726551.1	CDS	nad4	NADH dehydrogenase subunit 4	2323-3680:1
LC726551.1	tRNA		tRNA-Cys	3680-3744:1
LC726551.1	tRNA		tRNA-Met	3745-3808:1
LC726551.1	rRNA		s-rRNA	3809-4604:1
LC726551.1	tRNA		tRNA-Val	4604-4668:1
LC726551.1	rRNA		l-rRNA	4666-5927:1
LC726551.1	tRNA		tRNA-Leu	5928-5990:1
LC726551.1	tRNA		tRNA-Ala	5996-6058:1
LC726551.1	tRNA		tRNA-Ser	6056-6121:1
LC726551.1	tRNA		tRNA-Leu	6122-6183:1
LC726551.1	CDS	nad1	NADH dehydrogenase subunit 1	6184-7108:1
LC726551.1	tRNA		tRNA-Ile	7107-7172:1
LC726551.1	tRNA		tRNA-Lys	7173-7238:1
LC726551.1	CDS	nad3	NADH dehydrogenase subunit 3	7238-7592:1
LC726551.1	tRNA		tRNA-Ser	7593-7657:1
LC726551.1	CDS	nad2	NADH dehydrogenase subunit 2	7658-8661:1
LC726551.1	CDS	cox1	cytochrome c oxidase subunit 1	8661-10203:1
LC726551.1	tRNA		tRNA-Asn	10211-10273:1
LC726551.1	CDS	cox2	cytochrome c oxidase subunit 2	10274-10961:1
LC726551.1	tRNA		tRNA-Asp	10960-11022:1
LC726551.1	CDS	atp8	ATP synthase F0 subunit 8	11022-11182:1
LC726551.1	tRNA		tRNA-Tyr	11182-11247:1
LC726551.1	tRNA		tRNA-Gly	11245-11308:1
LC726551.1	CDS	cox3	cytochrome c oxidase subunit 3	11309-12087:1
LC726551.1	tRNA		tRNA-Gln	12087-12156:1
LC726551.1	CDS	nad6	NADH dehydrogenase subunit 6	12156-12622:1
LC726551.1	CDS	cob	cytochrome b	12622-13762:1
LC726551.1	tRNA		tRNA-Trp	13760-13823:1
LC726551.1	CDS	atp6	ATP synthase F0 subunit 6	13825-14521:1
LC726551.1	tRNA		tRNA-Arg	14519-14583:1
LC726552.1	tRNA		tRNA-His	0-63:1
LC726552.1	CDS	nad5	NADH dehydrogenase subunit 5	63-1780:1
LC726552.1	tRNA		tRNA-Phe	1780-1842:1
LC726552.1	tRNA		tRNA-Glu	1842-1905:1
LC726552.1	tRNA		tRNA-Pro	1904-1966:1
LC726552.1	tRNA		tRNA-Thr	1967-2032:1
LC726552.1	CDS	nad4l	NADH dehydrogenase subunit 4L	2032-2329:1
LC726552.1	CDS	nad4	NADH dehydrogenase subunit 4	2322-3679:1
LC726552.1	tRNA		tRNA-Cys	3679-3743:1
LC726552.1	tRNA		tRNA-Met	3743-3806:1
LC726552.1	rRNA		s-rRNA	3807-4598:1
LC726552.1	tRNA		tRNA-Val	4598-4662:1
LC726552.1	rRNA		l-rRNA	4660-5917:1
LC726552.1	tRNA		tRNA-Leu	5919-5980:1
LC726552.1	tRNA		tRNA-Ala	5984-6046:1
LC726552.1	tRNA		tRNA-Ser	6044-6109:1
LC726552.1	tRNA		tRNA-Leu	6109-6171:1
LC726552.1	CDS	nad1	NADH dehydrogenase subunit 1	6172-7096:1
LC726552.1	tRNA		tRNA-Ile	7095-7160:1
LC726552.1	tRNA		tRNA-Lys	7160-7224:1
LC726552.1	CDS	nad3	NADH dehydrogenase subunit 3	7224-7578:1
LC726552.1	tRNA		tRNA-Ser	7579-7643:1
LC726552.1	CDS	nad2	NADH dehydrogenase subunit 2	7644-8650:1
LC726552.1	CDS	cox1	cytochrome c oxidase subunit 1	8650-10192:1
LC726552.1	tRNA		tRNA-Asn	10201-10262:1
LC726552.1	CDS	cox2	cytochrome c oxidase subunit 2	10263-10950:1
LC726552.1	tRNA		tRNA-Asp	10949-11011:1
LC726552.1	CDS	atp8	ATP synthase F0 subunit 8	11011-11171:1
LC726552.1	tRNA		tRNA-Tyr	11171-11234:1
LC726552.1	tRNA		tRNA-Gly	11232-11296:1
LC726552.1	CDS	cox3	cytochrome c oxidase subunit 3	11297-12075:1
LC726552.1	tRNA		tRNA-Gln	12075-12144:1
LC726552.1	CDS	nad6	NADH dehydrogenase subunit 6	12144-12610:1
LC726552.1	CDS	cob	cytochrome b	12610-13750:1
LC726552.1	tRNA		tRNA-Trp	13748-13811:1
LC726552.1	CDS	atp6	ATP synthase F0 subunit 6	13813-14509:1
LC726552.1	tRNA		tRNA-Arg	14507-14573:1
LC726553.1	tRNA		tRNA-His	0-65:1
LC726553.1	CDS	nad5	NADH dehydrogenase subunit 5	65-1782:1
LC726553.1	tRNA		tRNA-Phe	1782-1846:1
LC726553.1	tRNA		tRNA-Glu	1846-1907:1
LC726553.1	tRNA		tRNA-Pro	1906-1968:1
LC726553.1	tRNA		tRNA-Thr	1968-2032:1
LC726553.1	CDS	nad4l	NADH dehydrogenase subunit 4L	2032-2329:1
LC726553.1	CDS	nad4	NADH dehydrogenase subunit 4	2322-3679:1
LC726553.1	tRNA		tRNA-Cys	3679-3743:1
LC726553.1	tRNA		tRNA-Met	3743-3805:1
LC726553.1	rRNA		s-rRNA	3806-4595:1
LC726553.1	tRNA		tRNA-Val	4595-4659:1
LC726553.1	rRNA		l-rRNA	4657-5912:1
LC726553.1	tRNA		tRNA-Leu	5911-5973:1
LC726553.1	tRNA		tRNA-Ala	5975-6037:1
LC726553.1	tRNA		tRNA-Ser	6035-6101:1
LC726553.1	tRNA		tRNA-Leu	6103-6164:1
LC726553.1	CDS	nad1	NADH dehydrogenase subunit 1	6165-7089:1
LC726553.1	tRNA		tRNA-Ile	7088-7155:1
LC726553.1	tRNA		tRNA-Lys	7155-7220:1
LC726553.1	CDS	nad3	NADH dehydrogenase subunit 3	7220-7574:1
LC726553.1	tRNA		tRNA-Ser	7572-7636:1
LC726553.1	CDS	nad2	NADH dehydrogenase subunit 2	7636-8642:1
LC726553.1	CDS	cox1	cytochrome c oxidase subunit 1	8642-10184:1
LC726553.1	tRNA		tRNA-Asn	10190-10251:1
LC726553.1	CDS	cox2	cytochrome c oxidase subunit 2	10252-10939:1
LC726553.1	tRNA		tRNA-Asp	10938-11000:1
LC726553.1	CDS	atp8	ATP synthase F0 subunit 8	11000-11160:1
LC726553.1	tRNA		tRNA-Tyr	11160-11225:1
LC726553.1	tRNA		tRNA-Gly	11223-11288:1
LC726553.1	CDS	cox3	cytochrome c oxidase subunit 3	11289-12067:1
LC726553.1	tRNA		tRNA-Gln	12067-12136:1
LC726553.1	CDS	nad6	NADH dehydrogenase subunit 6	12136-12602:1
LC726553.1	CDS	cob	cytochrome b	12602-13742:1
LC726553.1	tRNA		tRNA-Trp	13740-13803:1
LC726553.1	CDS	atp6	ATP synthase F0 subunit 6	13805-14501:1
LC726553.1	tRNA		tRNA-Arg	14499-14563:1
LC726554.1	tRNA		tRNA-His	0-63:1
LC726554.1	CDS	nad5	NADH dehydrogenase subunit 5	63-1780:1
LC726554.1	tRNA		tRNA-Phe	1780-1843:1
LC726554.1	tRNA		tRNA-Glu	1843-1905:1
LC726554.1	tRNA		tRNA-Pro	1904-1966:1
LC726554.1	tRNA		tRNA-Thr	1966-2031:1
LC726554.1	CDS	nad4l	NADH dehydrogenase subunit 4L	2031-2328:1
LC726554.1	CDS	nad4	NADH dehydrogenase subunit 4	2321-3678:1
LC726554.1	tRNA		tRNA-Cys	3678-3742:1
LC726554.1	tRNA		tRNA-Met	3742-3805:1
LC726554.1	rRNA		s-rRNA	3806-4599:1
LC726554.1	tRNA		tRNA-Val	4599-4663:1
LC726554.1	rRNA		l-rRNA	4661-5920:1
LC726554.1	tRNA		tRNA-Leu	5922-5984:1
LC726554.1	tRNA		tRNA-Ala	5986-6048:1
LC726554.1	tRNA		tRNA-Ser	6046-6111:1
LC726554.1	tRNA		tRNA-Leu	6112-6173:1
LC726554.1	CDS	nad1	NADH dehydrogenase subunit 1	6174-7098:1
LC726554.1	tRNA		tRNA-Ile	7097-7161:1
LC726554.1	tRNA		tRNA-Lys	7161-7226:1
LC726554.1	CDS	nad3	NADH dehydrogenase subunit 3	7226-7580:1
LC726554.1	tRNA		tRNA-Ser	7582-7646:1
LC726554.1	CDS	nad2	NADH dehydrogenase subunit 2	7646-8652:1
LC726554.1	CDS	cox1	cytochrome c oxidase subunit 1	8652-10197:1
LC726554.1	tRNA		tRNA-Asn	10203-10264:1
LC726554.1	CDS	cox2	cytochrome c oxidase subunit 2	10265-10952:1
LC726554.1	tRNA		tRNA-Asp	10951-11013:1
LC726554.1	CDS	atp8	ATP synthase F0 subunit 8	11013-11173:1
LC726554.1	tRNA		tRNA-Tyr	11173-11238:1
LC726554.1	tRNA		tRNA-Gly	11236-11300:1
LC726554.1	CDS	cox3	cytochrome c oxidase subunit 3	11301-12079:1
LC726554.1	tRNA		tRNA-Gln	12079-12148:1
LC726554.1	CDS	nad6	NADH dehydrogenase subunit 6	12148-12614:1
LC726554.1	CDS	cob	cytochrome b	12614-13754:1
LC726554.1	tRNA		tRNA-Trp	13752-13816:1
LC726554.1	CDS	atp6	ATP synthase F0 subunit 6	13818-14514:1
LC726554.1	tRNA		tRNA-Arg	14512-14576:1
LC726555.1	tRNA		tRNA-His	0-64:1
LC726555.1	CDS	nad5	NADH dehydrogenase subunit 5	64-1781:1
LC726555.1	tRNA		tRNA-Phe	1781-1841:1
LC726555.1	tRNA		tRNA-Glu	1841-1904:1
LC726555.1	tRNA		tRNA-Pro	1903-1965:1
LC726555.1	tRNA		tRNA-Thr	1965-2028:1
LC726555.1	CDS	nad4l	NADH dehydrogenase subunit 4L	2028-2325:1
LC726555.1	CDS	nad4	NADH dehydrogenase subunit 4	2318-3675:1
LC726555.1	tRNA		tRNA-Cys	3675-3739:1
LC726555.1	tRNA		tRNA-Met	3739-3802:1
LC726555.1	rRNA		s-rRNA	3803-4592:1
LC726555.1	tRNA		tRNA-Val	4592-4655:1
LC726555.1	rRNA		l-rRNA	4653-5903:1
LC726555.1	tRNA		tRNA-Leu	5904-5965:1
LC726555.1	tRNA		tRNA-Ala	5968-6030:1
LC726555.1	tRNA		tRNA-Ser	6028-6094:1
LC726555.1	tRNA		tRNA-Leu	6094-6155:1
LC726555.1	CDS	nad1	NADH dehydrogenase subunit 1	6156-7080:1
LC726555.1	tRNA		tRNA-Ile	7079-7142:1
LC726555.1	tRNA		tRNA-Lys	7142-7205:1
LC726555.1	CDS	nad3	NADH dehydrogenase subunit 3	7205-7559:1
LC726555.1	tRNA		tRNA-Ser	7559-7623:1
LC726555.1	CDS	nad2	NADH dehydrogenase subunit 2	7623-8626:1
LC726555.1	CDS	cox1	cytochrome c oxidase subunit 1	8626-10168:1
LC726555.1	tRNA		tRNA-Asn	10175-10236:1
LC726555.1	CDS	cox2	cytochrome c oxidase subunit 2	10237-10924:1
LC726555.1	tRNA		tRNA-Asp	10923-10985:1
LC726555.1	CDS	atp8	ATP synthase F0 subunit 8	10985-11148:1
LC726555.1	tRNA		tRNA-Tyr	11148-11210:1
LC726555.1	tRNA		tRNA-Gly	11208-11271:1
LC726555.1	CDS	cox3	cytochrome c oxidase subunit 3	11272-12050:1
LC726555.1	tRNA		tRNA-Gln	12050-12119:1
LC726555.1	CDS	nad6	NADH dehydrogenase subunit 6	12119-12585:1
LC726555.1	CDS	cob	cytochrome b	12585-13725:1
LC726555.1	tRNA		tRNA-Trp	13723-13786:1
LC726555.1	CDS	atp6	ATP synthase F0 subunit 6	13788-14482:1
LC726555.1	tRNA		tRNA-Arg	14482-14546:1
LC726559.1	tRNA		tRNA-His	0-63:1
LC726559.1	CDS	nad5	NADH dehydrogenase subunit 5	63-1780:1
LC726559.1	tRNA		tRNA-Phe	1780-1843:1
LC726559.1	tRNA		tRNA-Glu	1843-1906:1
LC726559.1	tRNA		tRNA-Pro	1905-1967:1
LC726559.1	tRNA		tRNA-Thr	1967-2032:1
LC726559.1	CDS	nad4l	NADH dehydrogenase subunit 4L	2032-2329:1
LC726559.1	CDS	nad4	NADH dehydrogenase subunit 4	2322-3679:1
LC726559.1	tRNA		tRNA-Cys	3679-3743:1
LC726559.1	tRNA		tRNA-Met	3743-3806:1
LC726559.1	rRNA		s-rRNA	3807-4605:1
LC726559.1	tRNA		tRNA-Val	4605-4669:1
LC726559.1	rRNA		l-rRNA	4667-5924:1
LC726559.1	tRNA		tRNA-Leu	5926-5989:1
LC726559.1	tRNA		tRNA-Ala	5995-6057:1
LC726559.1	tRNA		tRNA-Ser	6055-6121:1
LC726559.1	tRNA		tRNA-Leu	6121-6182:1
LC726559.1	CDS	nad1	NADH dehydrogenase subunit 1	6183-7107:1
LC726559.1	tRNA		tRNA-Ile	7106-7170:1
LC726559.1	tRNA		tRNA-Lys	7171-7237:1
LC726559.1	CDS	nad3	NADH dehydrogenase subunit 3	7237-7591:1
LC726559.1	tRNA		tRNA-Ser	7592-7656:1
LC726559.1	CDS	nad2	NADH dehydrogenase subunit 2	7656-8662:1
LC726559.1	CDS	cox1	cytochrome c oxidase subunit 1	8662-10204:1
LC726559.1	tRNA		tRNA-Asn	10214-10275:1
LC726559.1	CDS	cox2	cytochrome c oxidase subunit 2	10276-10963:1
LC726559.1	tRNA		tRNA-Asp	10962-11024:1
LC726559.1	CDS	atp8	ATP synthase F0 subunit 8	11024-11184:1
LC726559.1	tRNA		tRNA-Tyr	11184-11249:1
LC726559.1	tRNA		tRNA-Gly	11247-11310:1
LC726559.1	CDS	cox3	cytochrome c oxidase subunit 3	11310-12088:1
LC726559.1	tRNA		tRNA-Gln	12088-12157:1
LC726559.1	CDS	nad6	NADH dehydrogenase subunit 6	12157-12623:1
LC726559.1	CDS	cob	cytochrome b	12623-13766:1
LC726559.1	tRNA		tRNA-Trp	13764-13827:1
LC726559.1	CDS	atp6	ATP synthase F0 subunit 6	13829-14525:1
LC726559.1	tRNA		tRNA-Arg	14523-14585:1
LC726562.1	tRNA		tRNA-His	0-63:1
LC726562.1	CDS	nad5	NADH dehydrogenase subunit 5	63-1780:1
LC726562.1	tRNA		tRNA-Phe	1780-1842:1
LC726562.1	tRNA		tRNA-Glu	1842-1903:1
LC726562.1	tRNA		tRNA-Pro	1902-1963:1
LC726562.1	tRNA		tRNA-Thr	1963-2029:1
LC726562.1	CDS	nad4l	NADH dehydrogenase subunit 4L	2029-2326:1
LC726562.1	CDS	nad4	NADH dehydrogenase subunit 4	2319-3676:1
LC726562.1	tRNA		tRNA-Cys	3676-3740:1
LC726562.1	tRNA		tRNA-Met	3740-3803:1
LC726562.1	rRNA		s-rRNA	3804-4587:1
LC726562.1	tRNA		tRNA-Val	4587-4650:1
LC726562.1	rRNA		l-rRNA	4648-5894:1
LC726562.1	tRNA		tRNA-Leu	5894-5955:1
LC726562.1	tRNA		tRNA-Ala	5956-6018:1
LC726562.1	tRNA		tRNA-Ser	6016-6082:1
LC726562.1	tRNA		tRNA-Leu	6082-6143:1
LC726562.1	CDS	nad1	NADH dehydrogenase subunit 1	6144-7066:1
LC726562.1	tRNA		tRNA-Ile	7066-7131:1
LC726562.1	tRNA		tRNA-Lys	7131-7196:1
LC726562.1	CDS	nad3	NADH dehydrogenase subunit 3	7196-7550:1
LC726562.1	tRNA		tRNA-Ser	7548-7612:1
LC726562.1	CDS	nad2	NADH dehydrogenase subunit 2	7612-8618:1
LC726562.1	CDS	cox1	cytochrome c oxidase subunit 1	8618-10160:1
LC726562.1	tRNA		tRNA-Asn	10167-10228:1
LC726562.1	CDS	cox2	cytochrome c oxidase subunit 2	10229-10916:1
LC726562.1	tRNA		tRNA-Asp	10915-10977:1
LC726562.1	CDS	atp8	ATP synthase F0 subunit 8	10977-11137:1
LC726562.1	tRNA		tRNA-Tyr	11137-11199:1
LC726562.1	tRNA		tRNA-Gly	11197-11259:1
LC726562.1	CDS	cox3	cytochrome c oxidase subunit 3	11259-12037:1
LC726562.1	tRNA		tRNA-Gln	12037-12106:1
LC726562.1	CDS	nad6	NADH dehydrogenase subunit 6	12106-12572:1
LC726562.1	CDS	cob	cytochrome b	12572-13712:1
LC726562.1	tRNA		tRNA-Trp	13710-13772:1
LC726562.1	CDS	atp6	ATP synthase F0 subunit 6	13773-14469:1
LC726562.1	tRNA		tRNA-Arg	14467-14528:1
LC726565.1	tRNA		tRNA-His	0-64:1
LC726565.1	CDS	nad5	NADH dehydrogenase subunit 5	64-1781:1
LC726565.1	tRNA		tRNA-Phe	1781-1844:1
LC726565.1	tRNA		tRNA-Glu	1844-1907:1
LC726565.1	tRNA		tRNA-Pro	1906-1968:1
LC726565.1	tRNA		tRNA-Thr	1968-2033:1
LC726565.1	CDS	nad4l	NADH dehydrogenase subunit 4L	2033-2330:1
LC726565.1	CDS	nad4	NADH dehydrogenase subunit 4	2323-3680:1
LC726565.1	tRNA		tRNA-Cys	3680-3744:1
LC726565.1	tRNA		tRNA-Met	3744-3807:1
LC726565.1	rRNA		s-rRNA	3808-4601:1
LC726565.1	tRNA		tRNA-Val	4601-4665:1
LC726565.1	rRNA		l-rRNA	4663-5920:1
LC726565.1	tRNA		tRNA-Leu	5922-5985:1
LC726565.1	tRNA		tRNA-Ala	5988-6050:1
LC726565.1	tRNA		tRNA-Ser	6048-6113:1
LC726565.1	tRNA		tRNA-Leu	6115-6176:1
LC726565.1	CDS	nad1	NADH dehydrogenase subunit 1	6177-7101:1
LC726565.1	tRNA		tRNA-Ile	7100-7165:1
LC726565.1	tRNA		tRNA-Lys	7165-7230:1
LC726565.1	CDS	nad3	NADH dehydrogenase subunit 3	7230-7584:1
LC726565.1	tRNA		tRNA-Ser	7586-7650:1
LC726565.1	CDS	nad2	NADH dehydrogenase subunit 2	7650-8656:1
LC726565.1	CDS	cox1	cytochrome c oxidase subunit 1	8656-10198:1
LC726565.1	tRNA		tRNA-Asn	10203-10264:1
LC726565.1	CDS	cox2	cytochrome c oxidase subunit 2	10265-10952:1
LC726565.1	tRNA		tRNA-Asp	10951-11013:1
LC726565.1	CDS	atp8	ATP synthase F0 subunit 8	11013-11173:1
LC726565.1	tRNA		tRNA-Tyr	11173-11238:1
LC726565.1	tRNA		tRNA-Gly	11236-11299:1
LC726565.1	CDS	cox3	cytochrome c oxidase subunit 3	11300-12078:1
LC726565.1	tRNA		tRNA-Gln	12078-12147:1
LC726565.1	CDS	nad6	NADH dehydrogenase subunit 6	12147-12613:1
LC726565.1	CDS	cob	cytochrome b	12613-13753:1
LC726565.1	tRNA		tRNA-Trp	13751-13816:1
LC726565.1	CDS	atp6	ATP synthase F0 subunit 6	13817-14513:1
LC726565.1	tRNA		tRNA-Arg	14511-14574:1
LC726566.1	tRNA		tRNA-His	0-64:1
LC726566.1	CDS	nad5	NADH dehydrogenase subunit 5	64-1781:1
LC726566.1	tRNA		tRNA-Phe	1781-1844:1
LC726566.1	tRNA		tRNA-Glu	1844-1905:1
LC726566.1	tRNA		tRNA-Pro	1904-1966:1
LC726566.1	tRNA		tRNA-Thr	1966-2033:1
LC726566.1	CDS	nad4l	NADH dehydrogenase subunit 4L	2033-2330:1
LC726566.1	CDS	nad4	NADH dehydrogenase subunit 4	2323-3680:1
LC726566.1	tRNA		tRNA-Cys	3680-3744:1
LC726566.1	tRNA		tRNA-Met	3744-3807:1
LC726566.1	rRNA		s-rRNA	3808-4592:1
LC726566.1	tRNA		tRNA-Val	4592-4655:1
LC726566.1	rRNA		l-rRNA	4653-5902:1
LC726566.1	tRNA		tRNA-Leu	5902-5963:1
LC726566.1	tRNA		tRNA-Ala	5965-6027:1
LC726566.1	tRNA		tRNA-Ser	6025-6091:1
LC726566.1	tRNA		tRNA-Leu	6091-6152:1
LC726566.1	CDS	nad1	NADH dehydrogenase subunit 1	6153-7075:1
LC726566.1	tRNA		tRNA-Ile	7075-7141:1
LC726566.1	tRNA		tRNA-Lys	7141-7206:1
LC726566.1	CDS	nad3	NADH dehydrogenase subunit 3	7206-7560:1
LC726566.1	tRNA		tRNA-Ser	7558-7622:1
LC726566.1	CDS	nad2	NADH dehydrogenase subunit 2	7622-8628:1
LC726566.1	CDS	cox1	cytochrome c oxidase subunit 1	8628-10170:1
LC726566.1	tRNA		tRNA-Asn	10177-10238:1
LC726566.1	CDS	cox2	cytochrome c oxidase subunit 2	10239-10926:1
LC726566.1	tRNA		tRNA-Asp	10925-10987:1
LC726566.1	CDS	atp8	ATP synthase F0 subunit 8	10987-11147:1
LC726566.1	tRNA		tRNA-Tyr	11147-11209:1
LC726566.1	tRNA		tRNA-Gly	11207-11269:1
LC726566.1	CDS	cox3	cytochrome c oxidase subunit 3	11269-12047:1
LC726566.1	tRNA		tRNA-Gln	12047-12116:1
LC726566.1	CDS	nad6	NADH dehydrogenase subunit 6	12116-12582:1
LC726566.1	CDS	cob	cytochrome b	12582-13722:1
LC726566.1	tRNA		tRNA-Trp	13720-13782:1
LC726566.1	CDS	atp6	ATP synthase F0 subunit 6	13783-14477:1
LC726566.1	tRNA		tRNA-Arg	14477-14539:1
LC726567.1	tRNA		tRNA-His	0-62:1
LC726567.1	CDS	nad5	NADH dehydrogenase subunit 5	62-1779:1
LC726567.1	tRNA		tRNA-Phe	1779-1841:1
LC726567.1	tRNA		tRNA-Glu	1841-1902:1
LC726567.1	tRNA		tRNA-Pro	1901-1962:1
LC726567.1	tRNA		tRNA-Thr	1963-2029:1
LC726567.1	CDS	nad4l	NADH dehydrogenase subunit 4L	2029-2326:1
LC726567.1	CDS	nad4	NADH dehydrogenase subunit 4	2319-3676:1
LC726567.1	tRNA		tRNA-Cys	3676-3740:1
LC726567.1	tRNA		tRNA-Met	3740-3803:1
LC726567.1	rRNA		s-rRNA	3804-4586:1
LC726567.1	tRNA		tRNA-Val	4586-4649:1
LC726567.1	rRNA		l-rRNA	4647-5892:1
LC726567.1	tRNA		tRNA-Leu	5892-5953:1
LC726567.1	tRNA		tRNA-Ala	5953-6015:1
LC726567.1	tRNA		tRNA-Ser	6013-6079:1
LC726567.1	tRNA		tRNA-Leu	6079-6140:1
LC726567.1	CDS	nad1	NADH dehydrogenase subunit 1	6141-7063:1
LC726567.1	tRNA		tRNA-Ile	7063-7128:1
LC726567.1	tRNA		tRNA-Lys	7128-7193:1
LC726567.1	CDS	nad3	NADH dehydrogenase subunit 3	7193-7547:1
LC726567.1	tRNA		tRNA-Ser	7545-7609:1
LC726567.1	CDS	nad2	NADH dehydrogenase subunit 2	7609-8615:1
LC726567.1	CDS	cox1	cytochrome c oxidase subunit 1	8615-10157:1
LC726567.1	tRNA		tRNA-Asn	10164-10225:1
LC726567.1	CDS	cox2	cytochrome c oxidase subunit 2	10226-10910:1
LC726567.1	tRNA		tRNA-Asp	10912-10974:1
LC726567.1	CDS	atp8	ATP synthase F0 subunit 8	10974-11134:1
LC726567.1	tRNA		tRNA-Tyr	11134-11196:1
LC726567.1	tRNA		tRNA-Gly	11194-11256:1
LC726567.1	CDS	cox3	cytochrome c oxidase subunit 3	11256-12034:1
LC726567.1	tRNA		tRNA-Gln	12034-12103:1
LC726567.1	CDS	nad6	NADH dehydrogenase subunit 6	12103-12569:1
LC726567.1	CDS	cob	cytochrome b	12569-13709:1
LC726567.1	tRNA		tRNA-Trp	13707-13769:1
LC726567.1	CDS	atp6	ATP synthase F0 subunit 6	13770-14464:1
LC726567.1	tRNA		tRNA-Arg	14464-14525:1
LC726572.1	tRNA		tRNA-His	0-63:1
LC726572.1	CDS	nad5	NADH dehydrogenase subunit 5	63-1780:1
LC726572.1	tRNA		tRNA-Phe	1780-1842:1
LC726572.1	tRNA		tRNA-Glu	1842-1903:1
LC726572.1	tRNA		tRNA-Pro	1902-1963:1
LC726572.1	tRNA		tRNA-Thr	1963-2028:1
LC726572.1	CDS	nad4l	NADH dehydrogenase subunit 4L	2028-2325:1
LC726572.1	CDS	nad4	NADH dehydrogenase subunit 4	2318-3675:1
LC726572.1	tRNA		tRNA-Cys	3675-3739:1
LC726572.1	tRNA		tRNA-Met	3739-3802:1
LC726572.1	rRNA		s-rRNA	3803-4588:1
LC726572.1	tRNA		tRNA-Val	4588-4651:1
LC726572.1	rRNA		l-rRNA	4649-5899:1
LC726572.1	tRNA		tRNA-Leu	5899-5960:1
LC726572.1	tRNA		tRNA-Ala	5960-6022:1
LC726572.1	tRNA		tRNA-Ser	6020-6084:1
LC726572.1	tRNA		tRNA-Leu	6086-6147:1
LC726572.1	CDS	nad1	NADH dehydrogenase subunit 1	6148-7070:1
LC726572.1	tRNA		tRNA-Ile	7070-7136:1
LC726572.1	tRNA		tRNA-Lys	7136-7201:1
LC726572.1	CDS	nad3	NADH dehydrogenase subunit 3	7201-7555:1
LC726572.1	tRNA		tRNA-Ser	7553-7618:1
LC726572.1	CDS	nad2	NADH dehydrogenase subunit 2	7618-8624:1
LC726572.1	CDS	cox1	cytochrome c oxidase subunit 1	8624-10166:1
LC726572.1	tRNA		tRNA-Asn	10173-10234:1
LC726572.1	CDS	cox2	cytochrome c oxidase subunit 2	10235-10922:1
LC726572.1	tRNA		tRNA-Asp	10921-10983:1
LC726572.1	CDS	atp8	ATP synthase F0 subunit 8	10983-11143:1
LC726572.1	tRNA		tRNA-Tyr	11143-11205:1
LC726572.1	tRNA		tRNA-Gly	11203-11266:1
LC726572.1	CDS	cox3	cytochrome c oxidase subunit 3	11266-12044:1
LC726572.1	tRNA		tRNA-Gln	12044-12113:1
LC726572.1	CDS	nad6	NADH dehydrogenase subunit 6	12113-12579:1
LC726572.1	CDS	cob	cytochrome b	12579-13719:1
LC726572.1	tRNA		tRNA-Trp	13717-13779:1
LC726572.1	CDS	atp6	ATP synthase F0 subunit 6	13780-14476:1
LC726572.1	tRNA		tRNA-Arg	14474-14536:1
LC757642.1	CDS	cox1	cytochrome c oxidase subunit I	0-1521:1
LC757642.1	tRNA		tRNA-Gly	1523-1591:1
LC757642.1	CDS	nad1	NADH dehydrogenase subunit 1	1670-2579:1
LC757642.1	tRNA		tRNA-Val	2607-2669:1
LC757642.1	CDS	nad5	NADH dehydrogenase subunit 5	2701-4228:1
LC757642.1	tRNA		tRNA-Arg	4248-4319:1
LC757642.1	CDS	atp6	ATPase F0 subunit 6	4560-5166:1
LC757642.1	tRNA		tRNA-Tyr	5198-5263:1
LC757642.1	tRNA		tRNA-Gln	5281-5350:1
LC757642.1	tRNA		tRNA-Met	5370-5447:1
LC757642.1	CDS	cytb	cytochrome b	5461-6611:1
LC757642.1	tRNA		tRNA-Asn	6932-7001:1
LC757642.1	tRNA		tRNA-Thr	7007-7080:1
LC757642.1	tRNA		tRNA-Ser	7099-7175:1
LC757642.1	CDS	nad6	NADH dehydrogenase subunit 6	7183-7684:1
LC757642.1	CDS	nad4l	NADH dehydrogenase subunit 4l	7676-7952:1
LC757642.1	tRNA		tRNA-Ala	8046-8114:1
LC757642.1	CDS	nad4	NADH dehydrogenase subunit 4	8128-9439:1
LC757642.1	tRNA		tRNA-Ile	9457-9527:1
LC757642.1	CDS	nad2	NADH dehydrogenase subunit 2	9545-10520:1
LC757642.1	tRNA		tRNA-Glu	10479-10551:1
LC757642.1	tRNA		tRNA-Cys	10569-10642:1
LC757642.1	CDS	nad3	NADH dehydrogenase subunit 3	10675-11020:1
LC757642.1	tRNA		tRNA-Asp	11250-11335:1
LC757642.1	tRNA		tRNA-Pro	11484-11555:1
LC757642.1	tRNA		tRNA-His	11574-11646:1
LC757642.1	rRNA		16S ribosomal RNA	11670-12764:1
LC757642.1	tRNA		tRNA-Met	12791-12865:1
LC757642.1	tRNA		tRNA-Lys	12879-12947:1
LC757642.1	tRNA		tRNA-Leu	12967-13035:1
LC757642.1	tRNA		tRNA-Phe	13042-13110:1
LC757642.1	rRNA		12S ribosomal RNA	13136-13988:1
LC757642.1	tRNA		tRNA-Trp	13988-14057:1
LC757642.1	CDS	cox2	cytochrome c oxidase subunit II	14068-14761:1
LC757642.1	tRNA		tRNA-Leu	14756-14822:1
LC757642.1	CDS	cox3	cytochrome c oxidase subunit III	14833-15643:1
LC757642.1	tRNA		tRNA-Ser	15690-15757:1
LC874204.1	tRNA		tRNA-Phe	1357-1423:-1
LC874204.1	tRNA		tRNA-Arg	1499-1564:-1
LC874204.1	tRNA		tRNA-Leu	1569-1633:-1
LC874204.1	tRNA		tRNA-Cys	1669-1730:-1
LC874204.1	tRNA		tRNA-Gly	1729-1792:-1
LC874204.1	tRNA		tRNA-Trp	1795-1858:-1
LC874204.1	tRNA		tRNA-Ala	1856-1920:-1
LC874204.1	rRNA		12S ribosomal RNA	1933-2720:-1
LC874204.1	tRNA		tRNA-Met	2718-2781:-1
LC874204.1	tRNA		tRNA-Ser	2780-2847:-1
LC874204.1	CDS	ND4	NADH dehydrogenase subunit 4	2852-4190:-1
LC874204.1	CDS	ND4L	NADH dehydrogenase subunit 4L	4183-4471:-1
LC874204.1	tRNA		tRNA-Pro	4480-4547:-1
LC874204.1	tRNA		tRNA-Glu	4546-4610:-1
LC874204.1	CDS	ND5	NADH dehydrogenase subunit 5	4629-6312:-1
LC874204.1	tRNA		tRNA-His	6365-6429:-1
LC874204.1	CDS	ATP6	ATP synthase F0 subunit 6	6436-7129:-1
LC874204.1	CDS	ND6	NADH dehydrogenase subunit 6	7088-7576:-1
LC874204.1	tRNA		tRNA-Gln	7593-7661:-1
LC874204.1	CDS	COX3	cytochrome c oxidase subunit 3	7669-8452:-1
LC874204.1	CDS	ATP8	ATP synthase F0 subunit 8	8458-8614:-1
LC874204.1	tRNA		tRNA-Asp	8614-8678:-1
LC874204.1	CDS	COX2	cytochrome c oxidase subunit 2	8676-9363:-1
LC874204.1	tRNA		tRNA-Asn	9363-9424:-1
LC874204.1	CDS	COX1	cytochrome c oxidase subunit 1	9398-10931:-1
LC874204.1	tRNA		tRNA-Ser	11949-12008:-1
LC874204.1	CDS	ND3	NADH dehydrogenase subunit 3	12014-12362:-1
LC874204.1	tRNA		tRNA-Ile	12362-12427:-1
LC874204.1	CDS	ND1	NADH dehydrogenase subunit 1	12425-13421:-1
LC874204.1	tRNA		tRNA-Tyr	13430-13491:-1
LC874204.1	tRNA		tRNA-Thr	13497-13560:-1
LC874204.1	tRNA		tRNA-Val	13569-13627:-1
LC874204.1	CDS	CYTB	cytochrome b	13628-14762:-1
LC874204.1	rRNA		16S ribosomal RNA	14803-15825:-1
LC874204.1	tRNA		tRNA-Leu	15823-15886:-1
LC874205.1	tRNA		tRNA-Arg	415-476:-1
LC874205.1	tRNA		tRNA-Leu	479-540:-1
LC874205.1	tRNA		tRNA-Phe	543-608:-1
LC874205.1	tRNA		tRNA-Cys	610-678:-1
LC874205.1	tRNA		tRNA-Gly	677-739:-1
LC874205.1	tRNA		tRNA-Trp	740-802:-1
LC874205.1	tRNA		tRNA-Ala	801-864:-1
LC874205.1	rRNA		12S ribosomal RNA	880-1669:-1
LC874205.1	tRNA		tRNA-Met	1667-1730:-1
LC874205.1	tRNA		tRNA-Ser	1730-1798:-1
LC874205.1	CDS	ND4	NADH dehydrogenase subunit 4	1797-3135:-1
LC874205.1	CDS	ND4L	NADH dehydrogenase subunit 4L	3128-3416:-1
LC874205.1	tRNA		tRNA-Pro	3425-3491:-1
LC874205.1	tRNA		tRNA-Glu	3490-3552:-1
LC874205.1	CDS	ND5	NADH dehydrogenase subunit 5	3552-5235:-1
LC874205.1	tRNA		tRNA-His	5265-5327:-1
LC874205.1	CDS	ATP6	ATP synthase F0 subunit 6	5326-6019:-1
LC874205.1	CDS	ND6	NADH dehydrogenase subunit 6	6025-6475:-1
LC874205.1	tRNA		tRNA-Gln	6482-6548:-1
LC874205.1	CDS	COX3	cytochrome c oxidase subunit 3	6549-7332:-1
LC874205.1	CDS	ATP8	ATP synthase F0 subunit 8	7339-7495:-1
LC874205.1	tRNA		tRNA-Asp	7495-7559:-1
LC874205.1	CDS	COX2	cytochrome c oxidase subunit 2	7557-8244:-1
LC874205.1	tRNA		tRNA-Asn	8244-8307:-1
LC874205.1	CDS	COX1	cytochrome c oxidase subunit 1	8297-9833:-1
LC874205.1	CDS	ND2	NADH dehydrogenase subunit 2	9819-10815:-1
LC874205.1	tRNA		tRNA-Ser	10824-10881:-1
LC874205.1	CDS	ND3	NADH dehydrogenase subunit 3	10879-11224:-1
LC874205.1	tRNA		tRNA-Ile	11228-11292:-1
LC874205.1	tRNA	ND1	tRNA-Lys	11290-11354:-1
LC874205.1	tRNA		tRNA-Tyr	12297-12361:-1
LC874205.1	tRNA		tRNA-Thr	12364-12430:-1
LC874205.1	tRNA		tRNA-Val	12435-12491:-1
LC874205.1	CDS	CYTB	cytochrome b	12477-13629:-1
LC874205.1	rRNA		16S ribosomal RNA	13668-14686:-1
LC874205.1	tRNA		tRNA-Leu	14691-14752:-1
MF538532.1	CDS	COX1	cytochrome c oxidase subunit I	0-1534:1
MF538532.1	tRNA		tRNA-Asn	1534-1598:1
MF538532.1	CDS	COX2	cytochrome c oxidase subunit II	1598-2288:1
MF538532.1	tRNA		tRNA-Gly	2350-2416:1
MF538532.1	tRNA		tRNA-Tyr	2799-2863:1
MF538532.1	CDS	ATP8	ATP synthase F0 subunit 8	2923-3077:1
MF538532.1	tRNA		tRNA-Met	3077-3143:1
MF538532.1	tRNA		tRNA-Asp	3153-3216:1
MF538532.1	CDS	COX3	cytochrome c oxidase subunit III	3258-4036:1
MF538532.1	tRNA		tRNA-Gln	4036-4099:1
MF538532.1	CDS	ND6	NADH dehydrogenase subunit 6	4108-4565:1
MF538532.1	CDS	CYTB	cytochrome b	4565-5708:1
MF538532.1	tRNA		tRNA-Trp	5713-5779:1
MF538532.1	CDS	ATP6	ATP synthase F0 subunit 6	5779-6472:1
MF538532.1	tRNA		tRNA-Arg	6471-6531:1
MF538532.1	tRNA		tRNA-His	6529-6591:1
MF538532.1	CDS	ND5	NADH dehydrogenase subunit 5	6591-8278:1
MF538532.1	tRNA		tRNA-Phe	8278-8340:1
MF538532.1	tRNA		tRNA-Glu	8340-8404:1
MF538532.1	tRNA		tRNA-Pro	8402-8465:1
MF538532.1	tRNA		tRNA-Thr	8473-8541:1
MF538532.1	CDS	ND4L	NADH dehydrogenase subunit 4L	8541-8829:1
MF538532.1	CDS	ND4	NADH dehydrogenase subunit 4	8822-10154:1
MF538532.1	rRNA		small subunit ribosomal RNA	10154-10954:1
MF538532.1	tRNA		tRNA-Val	10954-11018:1
MF538532.1	rRNA		large subunit ribosomal RNA	11018-12201:1
MF538532.1	tRNA		tRNA-Leu	12201-12265:1
MF538532.1	tRNA		tRNA-Ser	12280-12336:1
MF538532.1	tRNA		tRNA-Ala	12336-12400:1
MF538532.1	tRNA		tRNA-Leu	12400-12462:1
MF538532.1	CDS	ND1	NADH dehydrogenase subunit 1	12477-13381:1
MF538532.1	tRNA		tRNA-Ile	13381-13447:1
MF538532.1	tRNA		tRNA-Lys	13447-13510:1
MF538532.1	CDS	ND3	NADH dehydrogenase subunit 3	13510-13855:1
MF538532.1	tRNA		tRNA-Ser	13853-13921:1
MF538532.1	CDS	ND2	NADH dehydrogenase subunit 2	13921-14905:1
MF538532.1	tRNA		tRNA-Cys	14907-14969:1
MF960765.1	CDS	COX1	cytochrome c oxidase subunit I	0-1534:1
MF960765.1	tRNA		tRNA-Asn	1534-1597:1
MF960765.1	CDS	COX2	cytochrome c oxidase subunit II	1597-2287:1
MF960765.1	tRNA		tRNA-Gly	2354-2417:1
MF960765.1	tRNA		tRNA-Tyr	3534-3598:1
MF960765.1	CDS	ATP8	ATP synthase F0 subunit 8	3661-3820:1
MF960765.1	tRNA		tRNA-Met	3815-3880:1
MF960765.1	tRNA		tRNA-Asp	3883-3946:1
MF960765.1	CDS	COX3	cytochrome c oxidase subunit III	3981-4759:1
MF960765.1	tRNA		tRNA-Gln	4759-4823:1
MF960765.1	CDS	ND6	NADH dehydrogenase subunit 6	4832-5297:1
MF960765.1	CDS	CYTB	cytochrome b	5289-6432:1
MF960765.1	tRNA		tRNA-Trp	6430-6494:1
MF960765.1	CDS	ATP6	ATP synthase F0 subunit 6	6494-7187:1
MF960765.1	tRNA		tRNA-Arg	7192-7245:1
MF960765.1	tRNA		tRNA-His	7244-7306:1
MF960765.1	CDS	ND5	NADH dehydrogenase subunit 5	7306-8994:1
MF960765.1	tRNA		tRNA-Phe	8994-9054:1
MF960765.1	tRNA		tRNA-Glu	9054-9116:1
MF960765.1	tRNA		tRNA-Pro	9114-9177:1
MF960765.1	tRNA		tRNA-Thr	9185-9251:1
MF960765.1	CDS	ND4L	NADH dehydrogenase subunit 4L	9251-9539:1
MF960765.1	CDS	ND4	NADH dehydrogenase subunit 4	9532-10864:1
MF960765.1	rRNA		12S ribosomal RNA	10864-11660:1
MF960765.1	tRNA		tRNA-Val	11660-11723:1
MF960765.1	rRNA		16S ribosomal RNA	11723-12905:1
MF960765.1	tRNA		tRNA-Leu	12906-12965:1
MF960765.1	tRNA		tRNA-Ser	12969-13027:1
MF960765.1	tRNA		tRNA-Ala	13028-13091:1
MF960765.1	tRNA		tRNA-Leu	13095-13157:1
MF960765.1	CDS	ND1	NADH dehydrogenase subunit 1	13157-14076:1
MF960765.1	tRNA		tRNA-Ile	14076-14142:1
MF960765.1	tRNA		tRNA-Lys	14142-14205:1
MF960765.1	CDS	ND3	NADH dehydrogenase subunit 3	14205-14550:1
MF960765.1	tRNA		tRNA-Ser	14549-14615:1
MF960765.1	CDS	ND2	NADH dehydrogenase subunit 2	14616-15600:1
MF960765.1	tRNA		tRNA-Cys	15603-15665:1
MK904500.1	CDS	cox1	cytochrome c oxidase subunit I	0-1543:1
MK904500.1	tRNA		tRNA-Asn	1547-1609:1
MK904500.1	CDS	cox2	cytochrome c oxidase subunit II	1614-2298:1
MK904500.1	tRNA		tRNA-Asp	2302-2370:1
MK904500.1	CDS	atp8	ATP synthase subunit 8	2370-2535:1
MK904500.1	tRNA		tRNA-Tyr	2538-2604:1
MK904500.1	tRNA		tRNA-Gly	2607-2674:1
MK904500.1	CDS	cox3	cytochrome c oxidase subunit III	2674-3454:1
MK904500.1	tRNA		tRNA-Gln	3483-3549:1
MK904500.1	CDS	nad6	NADH dehydrogenase subunit 6	3549-4032:1
MK904500.1	CDS	cob	cytochrome b	4038-5178:1
MK904500.1	tRNA		tRNA-Trp	5176-5242:1
MK904500.1	CDS	atp6	ATP synthase subunit 6	5242-5947:1
MK904500.1	tRNA		tRNA-Arg	5946-6016:1
MK904500.1	tRNA		tRNA-His	6899-6963:1
MK904500.1	CDS	nad5	NADH dehydrogenase subunit 5	6964-8690:1
MK904500.1	tRNA		tRNA-Phe	8693-8762:1
MK904500.1	tRNA		tRNA-Glu	8781-8848:1
MK904500.1	tRNA		tRNA-Pro	8852-8919:1
MK904500.1	tRNA		tRNA-Thr	8921-8988:1
MK904500.1	CDS	nad4l	NADH dehydrogenase subunit 4L	8991-9279:1
MK904500.1	CDS	nad4	NADH dehydrogenase subunit 4	9272-10634:1
MK904500.1	tRNA		tRNA-Cys	10633-10700:1
MK904500.1	tRNA		tRNA-Met	10700-10766:1
MK904500.1	tRNA		tRNA-Met	10768-10834:1
MK904500.1	rRNA		12S ribosomal RNA	10858-11728:1
MK904500.1	tRNA		tRNA-Val	11727-11797:1
MK904500.1	rRNA		16S ribosomal RNA	11803-13153:1
MK904500.1	tRNA		tRNA-Leu	13173-13238:1
MK904500.1	tRNA		tRNA-Ala	13243-13309:1
MK904500.1	tRNA		tRNA-Ser	13309-13377:1
MK904500.1	tRNA		tRNA-Leu	13378-13443:1
MK904500.1	CDS	nad1	NADH dehydrogenase subunit 1	13443-14376:1
MK904500.1	tRNA		tRNA-Ile	14375-14442:1
MK904500.1	tRNA		tRNA-Lys	14445-14512:1
MK904500.1	CDS	nad3	NADH dehydrogenase subunit 3	14512-14866:1
MK904500.1	tRNA		tRNA-Ser	14876-14945:1
MK904500.1	CDS	nad2	NADH dehydrogenase subunit 2	14945-15941:1
MN102127.1	CDS	COX1	cytochrome c oxidase subunit I	0-1540:1
MN102127.1	tRNA		tRNA-Asn	1540-1601:1
MN102127.1	CDS	COX2	cytochrome c oxidase subunit II	1601-2287:1
MN102127.1	tRNA		tRNA-Asp	2287-2348:1
MN102127.1	CDS	ATP8	ATP synthase F0 subunit 8	2348-2508:1
MN102127.1	tRNA		tRNA-Tyr	2508-2571:1
MN102127.1	tRNA		tRNA-Gly	2569-2632:1
MN102127.1	CDS	COX3	cytochrome c oxidase subunit III	2633-3412:1
MN102127.1	tRNA		tRNA-Gln	3412-3481:1
MN102127.1	CDS	ND6	NADH dehydrogenase subunit 6	3481-3955:1
MN102127.1	CDS	CYTB	cytochrome b	4387-5539:1
MN102127.1	tRNA		tRNA-Trp	5565-5627:1
MN102127.1	CDS	ATP6	ATP synthase F0 subunit 6	5629-6323:1
MN102127.1	tRNA		tRNA-Arg	6323-6394:1
MN102127.1	tRNA		tRNA-His	6827-6893:1
MN102127.1	CDS	ND5	NADH dehydrogenase subunit 5	6893-8620:1
MN102127.1	tRNA		tRNA-Phe	8620-8682:1
MN102127.1	tRNA		tRNA-Glu	8682-8746:1
MN102127.1	tRNA		tRNA-Pro	8744-8807:1
MN102127.1	tRNA		tRNA-Thr	8807-8869:1
MN102127.1	CDS	ND4L	NADH dehydrogenase subunit 4L	8869-9166:1
MN102127.1	CDS	ND4	NADH dehydrogenase subunit 4	9159-10516:1
MN102127.1	tRNA		tRNA-Cys	10516-10581:1
MN102127.1	tRNA		tRNA-Met	10581-10644:1
MN102127.1	rRNA		12S ribosomal RNA	10644-11428:1
MN102127.1	tRNA		tRNA-Val	11428-11492:1
MN102127.1	rRNA		16S ribosomal RNA	11493-12735:1
MN102127.1	tRNA		tRNA-Leu	12735-12796:1
MN102127.1	tRNA		tRNA-Ala	12796-12858:1
MN102127.1	tRNA		tRNA-Ser	12858-12921:1
MN102127.1	tRNA		tRNA-Leu	12922-12986:1
MN102127.1	CDS	ND1	NADH dehydrogenase subunit 1	12987-13912:1
MN102127.1	tRNA		tRNA-Ile	13912-13976:1
MN102127.1	tRNA		tRNA-Lys	13976-14042:1
MN102127.1	CDS	ND3	NADH dehydrogenase subunit 3	14042-14394:1
MN102127.1	tRNA		tRNA-Ser	14394-14458:1
MN102127.1	CDS	ND2	NADH dehydrogenase subunit 2	14458-15464:1
MN106285.1	CDS	cox1	cytochrome c oxidase subunit 1	0-1537:1
MN106285.1	tRNA		tRNA-Asn	1537-1600:1
MN106285.1	CDS	cox2	cytochrome c oxidase subunit 2	1600-2281:1
MN106285.1	tRNA		tRNA-Asp	2279-2344:1
MN106285.1	CDS	atp8	ATP synthase F0 subunit 8	2344-2503:1
MN106285.1	tRNA		tRNA-Tyr	2501-2568:1
MN106285.1	tRNA		tRNA-Gly	2566-2628:1
MN106285.1	CDS	cox3	cytochrome c oxidase subunit 3	2628-3406:1
MN106285.1	tRNA		tRNA-Gln	3406-3475:1
MN106285.1	CDS	nad6	NADH dehydrogenase subunit 6	3476-3947:1
MN106285.1	CDS	cytb	cytochrome b	3939-5076:1
MN106285.1	tRNA		tRNA-Trp	5074-5139:1
MN106285.1	CDS	atp6	ATP synthase F0 subunit 6	5140-5845:1
MN106285.1	tRNA		tRNA-Arg	5846-5905:1
MN106285.1	tRNA		tRNA-His	6519-6582:1
MN106285.1	CDS	nad5	NADH dehydrogenase subunit 5	6582-8284:1
MN106285.1	tRNA		tRNA-Phe	8284-8346:1
MN106285.1	tRNA		tRNA-Glu	8346-8416:1
MN106285.1	tRNA		tRNA-Pro	8408-8472:1
MN106285.1	tRNA		tRNA-Thr	8472-8534:1
MN106285.1	CDS	nad4L	NADH dehydrogenase subunit 4L	8534-8828:1
MN106285.1	CDS	nad4	NADH dehydrogenase subunit 4	8821-10156:1
MN106285.1	tRNA		tRNA-Cys	10154-10218:1
MN106285.1	tRNA		tRNA-Met	10218-10280:1
MN106285.1	rRNA		12S ribosomal RNA	10280-11019:1
MN106285.1	tRNA		tRNA-Val	11019-11083:1
MN106285.1	rRNA		16S ribosomal RNA	11083-12247:1
MN106285.1	tRNA		tRNA-Leu	12247-12309:1
MN106285.1	tRNA		tRNA-Ala	12309-12371:1
MN106285.1	tRNA		tRNA-Ser	12369-12436:1
MN106285.1	tRNA		tRNA-Leu	12436-12497:1
MN106285.1	CDS	nad1	NADH dehydrogenase subunit 1	12497-13433:1
MN106285.1	tRNA		tRNA-Ile	13431-13493:1
MN106285.1	tRNA		tRNA-Lys	13493-13557:1
MN106285.1	CDS	nad3	NADH dehydrogenase subunit 3	13557-13909:1
MN106285.1	tRNA		tRNA-Ser	13908-13976:1
MN106285.1	CDS	nad2	NADH dehydrogenase subunit 2	13977-14979:1
MN398902.1	CDS	cox1	cytochrome c oxidase subunit I	0-1542:1
MN398902.1	tRNA		tRNA-Asn	1547-1614:1
MN398902.1	CDS	cox2	cytochrome c oxidase subunit II	1614-2301:1
MN398902.1	tRNA		tRNA-Asp	2299-2366:1
MN398902.1	CDS	atp8	ATP synthase F0 subunit 8	2367-2526:1
MN398902.1	tRNA		tRNA-Tyr	2524-2590:1
MN398902.1	tRNA		tRNA-Gly	3207-3272:1
MN398902.1	CDS	cox3	cytochrome c oxidase subunit III	3272-4052:1
MN398902.1	tRNA		tRNA-Gln	4067-4137:1
MN398902.1	CDS	nad6	NADH dehydrogenase subunit 6	4137-4641:1
MN398902.1	CDS	cytb	cytochrome b	4603-5740:1
MN398902.1	tRNA		tRNA-Trp	5738-5802:1
MN398902.1	CDS	atp6	ATP synthase F0 subunit 6	5803-6502:1
MN398902.1	tRNA		tRNA-Arg	6513-6569:1
MN398902.1	tRNA		tRNA-His	6569-6636:1
MN398902.1	CDS	nad5	NADH dehydrogenase subunit 5	6636-8343:1
MN398902.1	tRNA		tRNA-Phe	8342-8407:1
MN398902.1	tRNA		tRNA-Glu	8418-8482:1
MN398902.1	tRNA		tRNA-Pro	8483-8549:1
MN398902.1	tRNA		tRNA-Thr	8549-8621:1
MN398902.1	CDS	nad4l	NADH dehydrogenase subunit 4L	8621-8912:1
MN398902.1	CDS	nad4	NADH dehydrogenase subunit 4	8905-10267:1
MN398902.1	tRNA		tRNA-Cys	10266-10328:1
MN398902.1	tRNA		tRNA-Met	10330-10394:1
MN398902.1	rRNA		12S ribosomal RNA	10394-11226:1
MN398902.1	tRNA		tRNA-Val	11226-11285:1
MN398902.1	rRNA		16S ribosomal RNA	11285-12573:1
MN398902.1	tRNA		tRNA-Leu	12577-12642:1
MN398902.1	tRNA		tRNA-Ala	12644-12706:1
MN398902.1	tRNA		tRNA-Ser	12708-12771:1
MN398902.1	tRNA		tRNA-Leu	12771-12834:1
MN398902.1	CDS	nad1	NADH dehydrogenase subunit 1	12834-13779:1
MN398902.1	tRNA		tRNA-Ile	13800-13864:1
MN398902.1	tRNA		tRNA-Lys	13876-13943:1
MN398902.1	CDS	nad3	NADH dehydrogenase subunit 3	13947-14295:1
MN398902.1	tRNA		tRNA-Ser	14293-14361:1
MN398902.1	CDS	nad2	NADH dehydrogenase subunit 2	14381-15366:1
MN398903.1	CDS	cox1	cytochrome c oxidase subunit I	0-1539:1
MN398903.1	tRNA		tRNA-Asn	1544-1611:1
MN398903.1	CDS	cox2	cytochrome c oxidase subunit II	1611-2298:1
MN398903.1	tRNA		tRNA-Asp	2296-2359:1
MN398903.1	CDS	atp8	ATP synthase F0 subunit 8	2360-2519:1
MN398903.1	tRNA		tRNA-Tyr	2517-2580:1
MN398903.1	tRNA		tRNA-Gly	3382-3447:1
MN398903.1	CDS	cox3	cytochrome c oxidase subunit III	3447-4227:1
MN398903.1	tRNA		tRNA-Gln	4238-4307:1
MN398903.1	CDS	nad6	NADH dehydrogenase subunit 6	4308-4776:1
MN398903.1	CDS	cytb	cytochrome b	4801-5938:1
MN398903.1	tRNA		tRNA-Trp	5936-6001:1
MN398903.1	CDS	atp6	ATP synthase F0 subunit 6	6002-6701:1
MN398903.1	tRNA		tRNA-Arg	6710-6764:1
MN398903.1	tRNA		tRNA-His	6764-6829:1
MN398903.1	CDS	nad5	NADH dehydrogenase subunit 5	6829-8536:1
MN398903.1	tRNA		tRNA-Phe	8535-8602:1
MN398903.1	tRNA		tRNA-Glu	8611-8676:1
MN398903.1	tRNA		tRNA-Pro	8677-8744:1
MN398903.1	tRNA		tRNA-Thr	8744-8810:1
MN398903.1	CDS	nad4l	NADH dehydrogenase subunit 4L	8810-9101:1
MN398903.1	CDS	nad4	NADH dehydrogenase subunit 4	9094-10456:1
MN398903.1	tRNA		tRNA-Cys	10465-10529:1
MN398903.1	tRNA		tRNA-Met	10576-10640:1
MN398903.1	rRNA		12S ribosomal RNA	10641-11487:1
MN398903.1	tRNA		tRNA-Val	11481-11539:1
MN398903.1	rRNA		16S ribosomal RNA	11539-12784:1
MN398903.1	tRNA		tRNA-Leu	12808-12870:1
MN398903.1	tRNA		tRNA-Ala	12872-12935:1
MN398903.1	tRNA		tRNA-Ser	12936-12999:1
MN398903.1	tRNA		tRNA-Leu	12999-13063:1
MN398903.1	CDS	nad1	NADH dehydrogenase subunit 1	13063-14005:1
MN398903.1	tRNA		tRNA-Ile	14011-14075:1
MN398903.1	tRNA		tRNA-Lys	14082-14149:1
MN398903.1	CDS	nad3	NADH dehydrogenase subunit 3	14150-14501:1
MN398903.1	tRNA		tRNA-Ser	14499-14567:1
MN398903.1	CDS	nad2	NADH dehydrogenase subunit 2	14566-15560:1
MN539268.1	CDS	cox1	cytochrome c oxidase subunit I	0-1551:1
MN539268.1	CDS	nad4l	NADH dehydrogenase subunit 4L	1589-1883:1
MN539268.1	CDS	nad4	NADH dehydrogenase subunit 4	1876-3229:1
MN539268.1	rRNA		12S ribosomal RNA	4436-5301:-1
MN539268.1	tRNA		tRNA-Met	5302-5366:-1
MN539268.1	CDS	nad5	NADH dehydrogenase subunit 5	5374-7090:-1
MN539268.1	tRNA		tRNA-Phe	7090-7155:-1
MN539268.1	tRNA		tRNA-Pro	7157-7223:-1
MN539268.1	tRNA		tRNA-Arg	7223-7286:-1
MN539268.1	tRNA		tRNA-Glu	7286-7350:-1
MN539268.1	tRNA		tRNA-Val	7355-7420:-1
MN539268.1	tRNA		tRNA-Cys	7421-7484:-1
MN539268.1	tRNA		tRNA-Asp	7485-7551:-1
MN539268.1	CDS	atp6	ATP synthase F0 subunit 6	7558-8248:-1
MN539268.1	tRNA		tRNA-Thr	8248-8311:-1
MN539268.1	tRNA		tRNA-His	8312-8379:-1
MN539268.1	tRNA		tRNA-Trp	8381-8442:-1
MN539268.1	CDS	cytb	cytochrome b	8452-9598:-1
MN539268.1	CDS	nad6	NADH dehydrogenase subunit 6	9552-10071:-1
MN539268.1	tRNA		tRNA-Gln	10090-10153:-1
MN539268.1	CDS	cox3	cytochrome c oxidase subunit III	10153-10931:-1
MN539268.1	tRNA		tRNA-Tyr	10935-11000:-1
MN539268.1	tRNA		tRNA-Gly	11001-11068:-1
MN539268.1	CDS	atp8	ATP synthase F0 subunit 8	11068-11225:-1
MN539268.1	CDS	cox2	cytochrome c oxidase subunit II	11234-11921:-1
MN539268.1	tRNA		tRNA-Ala	11925-11991:-1
MN539268.1	tRNA		tRNA-Asn	12099-12165:1
MN539268.1	tRNA		tRNA-Lys	12172-12236:1
MN539268.1	tRNA		tRNA-Ile	12243-12310:1
MN539268.1	rRNA		16S ribosomal RNA	12343-13671:1
MN539268.1	tRNA		tRNA-Leu	13688-13755:1
MN539268.1	tRNA		tRNA-Ser	13755-13822:1
MN539268.1	CDS	nad1	NADH dehydrogenase subunit 1	13823-14750:1
MN539268.1	CDS	nad3	NADH dehydrogenase subunit 3	14798-15144:1
MN539268.1	tRNA		tRNA-Ser	15146-15217:1
MN539268.1	CDS	nad2	NADH dehydrogenase subunit 2	15265-16262:1
MN830365.1	CDS	cox1	cytochrome c oxidase subunit 1	0-1534:1
MN830365.1	tRNA	trnN(aac)	tRNA-Asn	1534-1598:1
MN830365.1	CDS	cox2	cytochrome c oxidase subunit 2	1598-2288:1
MN830365.1	tRNA	trnG(gga)	tRNA-Gly	2329-2391:1
MN830365.1	tRNA	trnY(tac)	tRNA-Tyr	3463-3529:1
MN830365.1	CDS	atp8	ATP synthase F0 subunit 8	3589-3754:1
MN830365.1	tRNA	trnM(atg)	tRNA-Met	3749-3815:1
MN830365.1	tRNA	trnD(gac)	tRNA-Asp	3817-3881:1
MN830365.1	CDS	cox3	cytochrome c oxidase subunit 3	3908-4691:1
MN830365.1	tRNA	trnQ(caa)	tRNA-Gln	4691-4749:1
MN830365.1	CDS	nad6	NADH dehydrogenase subunit 6	4758-5253:1
MN830365.1	CDS	cob	cytochrome b	5215-6352:1
MN830365.1	tRNA	trnW(tga)	tRNA-Trp	6352-6413:1
MN830365.1	CDS	atp6	ATP synthase F0 subunit 6	6413-7109:1
MN830365.1	tRNA	trnR(cga)	tRNA-Arg	7116-7169:1
MN830365.1	tRNA	trnH(cac)	tRNA-His	7169-7232:1
MN830365.1	CDS	nad5	NADH dehydrogenase subunit 5	7232-8913:1
MN830365.1	tRNA	trnF(ttc)	tRNA-Phe	8913-8976:1
MN830365.1	tRNA	trnE(gaa)	tRNA-Glu	8979-9045:1
MN830365.1	tRNA	trnP(cca)	tRNA-Pro	9043-9107:1
MN830365.1	tRNA	trnT(aca)	tRNA-Thr	9108-9175:1
MN830365.1	CDS	nad4l	NADH dehydrogenase subunit 4L	9175-9463:1
MN830365.1	CDS	nad4	NADH dehydrogenase subunit 4	9456-10785:1
MN830365.1	rRNA		12S ribosomal RNA	10785-11586:1
MN830365.1	tRNA	trnV(gta)	tRNA-Val	11586-11650:1
MN830365.1	rRNA		16S ribosomal RNA	11650-12829:1
MN830365.1	tRNA	trnL1(cta)	tRNA-Leu	12829-12892:1
MN830365.1	tRNA	trnS2(tca)	tRNA-Ser	12892-12951:1
MN830365.1	tRNA	trnA(gca)	tRNA-Ala	12951-13014:1
MN830365.1	tRNA	trnL2(tta)	tRNA-Leu	13014-13077:1
MN830365.1	CDS	nad1	NADH dehydrogenase subunit 1	13077-14002:1
MN830365.1	tRNA	trnI(atc)	tRNA-Ile	14002-14066:1
MN830365.1	tRNA	trnK(aaa)	tRNA-Lys	14066-14129:1
MN830365.1	CDS	nad3	NADH dehydrogenase subunit 3	14129-14474:1
MN830365.1	tRNA	trnS1(aga)	tRNA-Ser	14474-14540:1
MN830365.1	CDS	nad2	NADH dehydrogenase subunit 2	14540-15530:1
MN830365.1	tRNA	trnC(tgc)	tRNA-Cys	15530-15592:1
MN830366.1	CDS	cox1	cytochrome c oxidase subunit 1	0-1534:1
MN830366.1	tRNA	trnN(aac)	tRNA-Asn	1534-1598:1
MN830366.1	CDS	cox2	cytochrome c oxidase subunit 2	1598-2291:1
MN830366.1	tRNA	trnG(gga)	tRNA-Gly	2341-2403:1
MN830366.1	tRNA	trnY(tac)	tRNA-Tyr	3487-3552:1
MN830366.1	CDS	atp8	ATP synthase F0 subunit 8	3610-3775:1
MN830366.1	tRNA	trnM(atg)	tRNA-Met	3775-3835:1
MN830366.1	tRNA	trnD(gac)	tRNA-Asp	3836-3900:1
MN830366.1	CDS	cox3	cytochrome c oxidase subunit 3	3927-4710:1
MN830366.1	tRNA	trnQ(caa)	tRNA-Gln	4710-4768:1
MN830366.1	CDS	nad6	NADH dehydrogenase subunit 6	4777-5281:1
MN830366.1	CDS	cob	cytochrome b	5234-6374:1
MN830366.1	tRNA	trnW(tga)	tRNA-Trp	6374-6436:1
MN830366.1	CDS	atp6	ATP synthase F0 subunit 6	6436-7132:1
MN830366.1	tRNA	trnR(cga)	tRNA-Arg	7141-7194:1
MN830366.1	tRNA	trnH(cac)	tRNA-His	7194-7257:1
MN830366.1	CDS	nad5	NADH dehydrogenase subunit 5	7257-8938:1
MN830366.1	tRNA	trnF(ttc)	tRNA-Phe	8938-9001:1
MN830366.1	tRNA	trnE(gaa)	tRNA-Glu	9002-9065:1
MN830366.1	tRNA	trnP(cca)	tRNA-Pro	9063-9126:1
MN830366.1	tRNA	trnT(aca)	tRNA-Thr	9128-9195:1
MN830366.1	CDS	nad4l	NADH dehydrogenase subunit 4L	9195-9483:1
MN830366.1	CDS	nad4	NADH dehydrogenase subunit 4	9476-10805:1
MN830366.1	rRNA		12S ribosomal RNA	10805-11606:1
MN830366.1	tRNA	trnV(gta)	tRNA-Val	11606-11672:1
MN830366.1	rRNA		16S ribosomal RNA	11672-12859:1
MN830366.1	tRNA	trnL1(cta)	tRNA-Leu	12859-12922:1
MN830366.1	tRNA	trnS2(tca)	tRNA-Ser	12929-12987:1
MN830366.1	tRNA	trnA(gca)	tRNA-Ala	12987-13051:1
MN830366.1	tRNA	trnL2(tta)	tRNA-Leu	13050-13113:1
MN830366.1	CDS	nad1	NADH dehydrogenase subunit 1	13113-14038:1
MN830366.1	tRNA	trnI(atc)	tRNA-Ile	14038-14102:1
MN830366.1	tRNA	trnK(aaa)	tRNA-Lys	14102-14165:1
MN830366.1	CDS	nad3	NADH dehydrogenase subunit 3	14165-14510:1
MN830366.1	tRNA	trnS1(aga)	tRNA-Ser	14510-14576:1
MN830366.1	CDS	nad2	NADH dehydrogenase subunit 2	14576-15569:1
MN830366.1	tRNA	trnC(tgc)	tRNA-Cys	15569-15632:1
MT108937.1	tRNA	trnH	tRNA-His	1182-1244:1
MT108937.1	CDS	nad5	NADH dehydrogenase subunit 5	1244-2934:1
MT108937.1	tRNA	trnF	tRNA-Phe	2934-2998:1
MT108937.1	tRNA	trnE	tRNA-Glu	2998-3064:1
MT108937.1	tRNA	trnP	tRNA-Pro	3064-3127:1
MT108937.1	tRNA	trnT	tRNA-Thr	3129-3193:1
MT108937.1	CDS	nad4l	NADH dehydrogenase subunit 4L	3193-3484:1
MT108937.1	CDS	nad4	NADH dehydrogenase subunit 4	3477-4821:1
MT108937.1	tRNA	trnC	tRNA-Cys	4819-4882:1
MT108937.1	tRNA	trnM	tRNA-Met	4883-4946:1
MT108937.1	rRNA	rrnS	12S ribosomal RNA	4943-5739:1
MT108937.1	tRNA	trnV	tRNA-Val	5733-5799:1
MT108937.1	rRNA	rrnL	16S ribosomal RNA	5907-6946:1
MT108937.1	tRNA	trnL1	tRNA-Leu	7001-7066:1
MT108937.1	tRNA	trnA	tRNA-Ala	7068-7132:1
MT108937.1	tRNA	trnS1	tRNA-Ser	7131-7198:1
MT108937.1	tRNA	trnL2	tRNA-Leu	7199-7259:1
MT108937.1	CDS	nad1	NADH dehydrogenase subunit 1	7260-8187:1
MT108937.1	tRNA	trnI	tRNA-Ile	8186-8250:1
MT108937.1	tRNA	trnK	tRNA-Lys	8252-8317:1
MT108937.1	CDS	nad3	NADH dehydrogenase subunit 3	8317-8659:1
MT108937.1	tRNA	trnS2	tRNA-Ser	8657-8724:1
MT108937.1	CDS	nad2	NADH dehydrogenase subunit 2	8724-9724:1
MT108937.1	CDS	cox1	cytochrome c oxidase subunit 1	9724-11265:1
MT108937.1	tRNA	trnN	tRNA-Asn	11265-11327:1
MT108937.1	CDS	cox2	cytochrome c oxidase subunit 2	11327-12017:1
MT108937.1	tRNA	trnD	tRNA-Asp	12015-12078:1
MT108937.1	CDS	ATP8	ATP synthase subunit 8	12078-12234:1
MT108937.1	tRNA	trnY	tRNA-Tyr	12232-12297:1
MT108937.1	tRNA	trnG	tRNA-Gly	12296-12361:1
MT108937.1	CDS	cox3	cytochrome c oxidase subunit 3	12361-13141:1
MT108937.1	tRNA	trnQ	tRNA-Gln	13144-13212:1
MT108937.1	CDS	nad6	NADH dehydrogenase subunit 6	13212-13689:1
MT108937.1	CDS	cob	cytochrome b	13681-14821:1
MT108937.1	tRNA	trnW	tRNA-Trp	14821-14884:1
MT108937.1	CDS	ATP6	ATP synthase subunit 6	14884-15574:1
MT108937.1	tRNA	trnR	tRNA-Arg	15572-15636:1
MT239480.1	CDS	cox1	cytochrome c oxidase subunit 1	0-1560:1
MT239480.1	tRNA	trnD(gtc)	tRNA-Asp	1562-1628:1
MT239480.1	CDS	cox2	cytochrome c oxidase subunit 2	1673-2363:1
MT239480.1	tRNA	trnL1(tag)	tRNA-Leu	2382-2444:1
MT239480.1	tRNA	trnN(gtt)	tRNA-Asn	2444-2513:1
MT239480.1	tRNA	trnY(gta)	tRNA-Tyr	2513-2581:1
MT239480.1	tRNA	trnE(ttc)	tRNA-Glu	2580-2647:1
MT239480.1	tRNA	trnG(tcc)	tRNA-Gly	2644-2708:1
MT239480.1	tRNA	trnV(tac)	tRNA-Val	2711-2773:1
MT239480.1	CDS	atp8	ATP synthase F0 subunit 8	2788-2953:1
MT239480.1	tRNA	trnQ(ttg)	tRNA-Gln	2958-3025:1
MT239480.1	CDS	cox3	cytochrome c oxidase subunit 3	3061-3937:1
MT239480.1	CDS	nad6	NADH dehydrogenase subunit 6	3941-4415:1
MT239480.1	CDS	cob	cytochrome b	4417-5553:1
MT239480.1	tRNA	trnP(tgg)	tRNA-Pro	5553-5618:1
MT239480.1	tRNA	trnS2(tga)	tRNA-Ser	5618-5683:1
MT239480.1	tRNA	trnC(gca)	tRNA-Cys	5683-5744:1
MT239480.1	tRNA	trnM_0(cat)	tRNA-Met	5746-5808:1
MT239480.1	tRNA	trnM_1(cat)	tRNA-Met	5808-5870:1
MT239480.1	rRNA		12S ribosomal RNA	5870-6720:1
MT239480.1	rRNA		16S ribosomal RNA	6744-7948:1
MT239480.1	tRNA	trnI(gat)	tRNA-Ile	7984-8048:1
MT239480.1	tRNA	trnK(ttt)	tRNA-Lys	8048-8113:1
MT239480.1	CDS	nad3	NADH dehydrogenase subunit 3	8113-8477:1
MT239480.1	tRNA		tRNA-Phe	8476-8542:1
MT239480.1	tRNA	trnT(tgt)	tRNA-Thr	8542-8604:1
MT239480.1	CDS	nad4l	NADH dehydrogenase subunit 4L	8605-8890:1
MT239480.1	CDS	nad4	NADH dehydrogenase subunit 4	8883-10237:1
MT239480.1	tRNA	trnL2(taa)	tRNA-Leu	10237-10302:1
MT239480.1	CDS	nad1	NADH dehydrogenase subunit 1	10890-11805:1
MT239480.1	tRNA	trnW(tca)	tRNA-Trp	11808-11870:1
MT239480.1	CDS	atp6	ATP synthase F0 subunit 6	11870-12566:1
MT239480.1	tRNA	trnR(tcg)	tRNA-Arg	12565-12629:1
MT239480.1	tRNA	trnH(gtg)	tRNA-His	12629-12691:1
MT239480.1	CDS	nad5	NADH dehydrogenase subunit 5	12691-14410:1
MT239480.1	tRNA	trnS1(tct)	tRNA-Ser	14408-14477:1
MT239480.1	tRNA	trnA(tgc)	tRNA-Ala	14483-14546:1
MT239480.1	CDS	nad2	NADH dehydrogenase subunit 2	14548-15509:1
MT822294.1	CDS	COX1	cytochrome c oxidase subunit I	4-1565:1
MT822294.1	tRNA		tRNA-Asn	1565-1631:1
MT822294.1	CDS	COX2	cytochrome c oxidase subunit II	1631-2318:1
MT822294.1	tRNA		tRNA-Asp	2316-2381:1
MT822294.1	CDS	ATP8	ATP synthase subunit 8	2382-2568:1
MT822294.1	tRNA		tRNA-Tyr	2539-2604:1
MT822294.1	tRNA		tRNA-Glu	2604-2668:1
MT822294.1	tRNA		tRNA-Cys	2668-2730:1
MT822294.1	tRNA		tRNA-Met	2732-2798:1
MT822294.1	tRNA		tRNA-Met	2800-2866:1
MT822294.1	rRNA		12S ribosomal RNA	2869-3699:1
MT822294.1	tRNA		tRNA-Val	3694-3760:1
MT822294.1	rRNA		16S ribosomal RNA	3760-5014:1
MT822294.1	tRNA		tRNA-Leu	5024-5088:1
MT822294.1	tRNA		tRNA-Ala	5089-5154:1
MT822294.1	tRNA		tRNA-Ile	5154-5218:1
MT822294.1	CDS	ND3	NADH dehydrogenase subunit 3	5252-5606:1
MT822294.1	tRNA		tRNA-Ser	5604-5672:1
MT822294.1	CDS	ND2	NADH dehydrogenase subunit 2	5672-6693:1
MT822294.1	tRNA		tRNA-Gly	6693-6757:1
MT822294.1	CDS	COX3	cytochrome c oxidase subunit III	6757-7535:1
MT822294.1	tRNA		tRNA-Lys	7535-7600:1
MT822294.1	tRNA		tRNA-Gln	9089-9154:1
MT822294.1	CDS	ND6	NADH dehydrogenase subunit 6	9154-9634:1
MT822294.1	CDS	COB	cytochrome b	9636-10767:1
MT822294.1	tRNA		tRNA-Ser	10768-10835:1
MT822294.1	tRNA		tRNA-Leu	10835-10898:1
MT822294.1	CDS	ND1	NADH dehydrogenase subunit 1	10898-11819:1
MT822294.1	tRNA		tRNA-Trp	11818-11881:1
MT822294.1	CDS	ATP6	ATP synthase subunit 6	11883-12594:1
MT822294.1	tRNA		tRNA-Arg	12596-12660:1
MT822294.1	tRNA		tRNA-His	12660-12723:1
MT822294.1	CDS	ND5	NADH dehydrogenase subunit 5	12723-14443:1
MT822294.1	tRNA		tRNA-Phe	14443-14506:1
MT822294.1	tRNA		tRNA-Pro	14506-14570:1
MT822294.1	tRNA		tRNA-Thr	14571-14640:1
MT822294.1	CDS	ND4L	NADH dehydrogenase subunit 4L	14640-14931:1
MT822294.1	CDS	ND4	NADH dehydrogenase subunit 4	14924-16268:1
MT919975.1	rRNA		16S ribosomal RNA	19-1196:1
MT919975.1	tRNA	trnN(gtt)	tRNA-Asn	1203-1266:1
MT919975.1	rRNA		12S ribosomal RNA	1496-2335:1
MT919975.1	CDS	cox2	cytochrome c oxidase subunit 2	2415-3097:1
MT919975.1	CDS	nad1	NADH dehydrogenase subunit 1	3373-4297:1
MT919975.1	tRNA	trnH(gtg)	tRNA-His	4296-4359:1
MT919975.1	tRNA	trnI(gat)	tRNA-Ile	4359-4428:1
MT919975.1	tRNA	trnL1(tag)	tRNA-Leu	4439-4505:1
MT919975.1	tRNA	trnF(gaa)	tRNA-Phe	4504-4570:1
MT919975.1	CDS	cox1	cytochrome c oxidase subunit 1	5038-6577:1
MT919975.1	tRNA	trnC(gca)	tRNA-Cys	6576-6647:1
MT919975.1	CDS	nad5	NADH dehydrogenase subunit 5	6656-8189:1
MT919975.1	tRNA	trnE(ttc)	tRNA-Glu	8195-8259:1
MT919975.1	CDS	nad4	NADH dehydrogenase subunit 4	8259-9576:1
MT919975.1	CDS	cob	cytochrome b	9611-10747:1
MT919975.1	CDS	atp6	ATP synthase F0 subunit 6	11183-11837:1
MT919975.1	tRNA	trnW(tca)	tRNA-Trp	11836-11899:1
MT919975.1	CDS	nad2	NADH dehydrogenase subunit 2	11946-12945:1
MT919975.1	CDS	nad6	NADH dehydrogenase subunit 6	13008-13488:1
MT919975.1	tRNA	trnV(tac)	tRNA-Val	13493-13561:1
MT919975.1	tRNA	trnL2(taa)	tRNA-Leu	13569-13632:1
MT919975.1	tRNA	trnP(tgg)	tRNA-Pro	13635-13698:1
MT919975.1	tRNA	trnM(cat)	tRNA-Met	13697-13762:1
MT919975.1	tRNA	trnS1(tct)	tRNA-Ser	13797-13864:1
MT919975.1	tRNA	trnD(gtc)	tRNA-Asp	13873-13935:1
MT919975.1	tRNA	trnQ(ttg)	tRNA-Gln	14424-14487:1
MT919975.1	CDS	nad3	NADH dehydrogenase subunit 3	14490-14853:1
MT919975.1	tRNA	trnA(tgc)	tRNA-Ala	14838-14902:1
MT919975.1	tRNA	trnS2(tga)	tRNA-Ser	14904-14970:1
MT919975.1	tRNA	trnY(gta)	tRNA-Tyr	14970-15038:1
MT919975.1	CDS	nad4l	NADH dehydrogenase subunit 4L	15271-15556:1
MT919975.1	tRNA	trnR(tcg)	tRNA-Arg	15572-15641:1
MT919975.1	tRNA	trnT(tgt)	tRNA-Thr	15642-15698:1
MT919975.1	tRNA	trnK(ttt)	tRNA-Lys	15704-15768:1
MT919975.1	CDS	cox3	cytochrome c oxidase subunit 3	15815-16697:1
MW222472.1	tRNA		tRNA-His	376-439:1
MW222472.1	CDS	ND5	NADH dehydrogenase subunit 5	439-2156:1
MW222472.1	tRNA		tRNA-Phe	2156-2220:1
MW222472.1	tRNA		tRNA-Glu	2220-2284:1
MW222472.1	tRNA		tRNA-Pro	2282-2344:1
MW222472.1	tRNA		tRNA-Thr	2344-2409:1
MW222472.1	CDS	ND4L	NADH dehydrogenase subunit 4L	2409-2706:1
MW222472.1	CDS	ND4	NADH dehydrogenase subunit 4	2699-4056:1
MW222472.1	tRNA		tRNA-Cys	4056-4120:1
MW222472.1	tRNA		tRNA-Met	4125-4188:1
MW222472.1	rRNA		12S ribosomal RNA	4188-4982:1
MW222472.1	tRNA		tRNA-Val	4982-5046:1
MW222472.1	rRNA		16S ribosomal RNA	5046-6314:1
MW222472.1	tRNA		tRNA-Leu	6315-6377:1
MW222472.1	tRNA		tRNA-Ala	6378-6439:1
MW222472.1	tRNA		tRNA-Ser	6438-6504:1
MW222472.1	tRNA		tRNA-Leu	6504-6566:1
MW222472.1	CDS	ND1	NADH dehydrogenase subunit 1	6567-7491:1
MW222472.1	tRNA		tRNA-Ile	7490-7556:1
MW222472.1	tRNA		tRNA-Lys	7558-7623:1
MW222472.1	CDS	ND3	NADH dehydrogenase subunit 3	7623-7977:1
MW222472.1	tRNA		tRNA-Ser	7979-8043:1
MW222472.1	CDS	ND2	NADH dehydrogenase subunit 2	8044-9050:1
MW222472.1	CDS	COX1	cytochrome c oxidase subunit I	9050-10592:1
MW222472.1	tRNA		tRNA-Asn	10600-10661:1
MW222472.1	CDS	COX2	cytochrome c oxidase subunit II	10662-11349:1
MW222472.1	tRNA		tRNA-Asp	11348-11410:1
MW222472.1	CDS	ATP8	ATP synthase F0 subunit 8	11410-11570:1
MW222472.1	tRNA		tRNA-Tyr	11570-11633:1
MW222472.1	tRNA		tRNA-Gly	11631-11694:1
MW222472.1	CDS	COX3	cytochrome c oxidase subunit III	11695-12473:1
MW222472.1	tRNA		tRNA-Gln	12473-12542:1
MW222472.1	CDS	ND6	NADH dehydrogenase subunit 6	12542-13008:1
MW222472.1	CDS	CYTB	cytochrome b	13008-14146:1
MW222472.1	tRNA		tRNA-Trp	14146-14208:1
MW222472.1	CDS	ATP6	ATP synthase F0 subunit 6	14210-14904:1
MW222472.1	tRNA		tRNA-Arg	14904-14969:1
MW435182.1	CDS	ND2	NADH dehydrogenase subunit 2	14520-15469:1,0-29:1
MW435182.1	CDS	COX1	cytochrome c oxidase subunit I	0-1534:1
MW435182.1	tRNA	trnN(guu)	tRNA-Asn	1534-1596:1
MW435182.1	CDS	COX2	cytochrome c oxidase subunit II	1596-2277:1
MW435182.1	tRNA	trnD(guc)	tRNA-Asp	2284-2347:1
MW435182.1	CDS	ATP8	ATP synthase F0 subunit 8	2347-2503:1
MW435182.1	tRNA	trnY(gua)	tRNA-Tyr	2504-2565:1
MW435182.1	tRNA	trnG(ucc)	tRNA-Gly	2563-2626:1
MW435182.1	CDS	COX3	cytochrome c oxidase subunit III	2680-3461:1
MW435182.1	tRNA	trnQ(uug)	tRNA-Gln	3461-3530:1
MW435182.1	CDS	ND6	NADH dehydrogenase subunit 6	3530-3996:1
MW435182.1	CDS	CYTB	cytochrome b	3996-5133:1
MW435182.1	tRNA	trnW(uca)	tRNA-Trp	5131-5196:1
MW435182.1	CDS	ATP6	ATP synthase F0 subunit 6	5196-5910:1
MW435182.1	tRNA	trnR(ucg)	tRNA-Arg	5918-5977:1
MW435182.1	tRNA	trnH(gug)	tRNA-His	7017-7078:1
MW435182.1	CDS	ND5	NADH dehydrogenase subunit 5	7087-8780:1
MW435182.1	tRNA	trnF(gaa)	tRNA-Phe	8780-8843:1
MW435182.1	tRNA	trnE(uuc)	tRNA-Glu	8843-8906:1
MW435182.1	tRNA	trnP(ugg)	tRNA-Pro	8906-8971:1
MW435182.1	tRNA	trnT(ugu)	tRNA-Thr	8972-9031:1
MW435182.1	CDS	ND4L	NADH dehydrogenase subunit 4L	9047-9326:1
MW435182.1	CDS	ND4	NADH dehydrogenase subunit 4	9319-10654:1
MW435182.1	tRNA	trnC(gca)	tRNA-Cys	10655-10721:1
MW435182.1	tRNA	trnM(cau)	tRNA-Met	10721-10784:1
MW435182.1	rRNA		12S ribosomal RNA	10782-11527:1
MW435182.1	tRNA		tRNA-Val	11521-11596:1
MW435182.1	rRNA		16S ribosomal RNA	11577-12752:1
MW435182.1	tRNA	trnL(uag)	tRNA-Leu	12751-12811:1
MW435182.1	tRNA	trnA(ugc)	tRNA-Ala	12813-12873:1
MW435182.1	tRNA	trnS(uga)	tRNA-Ser	12872-12939:1
MW435182.1	tRNA	trnL(uaa)	tRNA-Leu	12945-13007:1
MW435182.1	CDS	ND1	NADH dehydrogenase subunit 1	13007-13937:1
MW435182.1	tRNA	trnI(gau)	tRNA-Ile	13935-14000:1
MW435182.1	tRNA	trnK(uuu)	tRNA-Lys	14000-14064:1
MW435182.1	CDS	ND3	NADH dehydrogenase subunit 3	14064-14418:1
MW435182.1	tRNA	trnS(ucu)	tRNA-Ser	14416-14481:1
MW528029.1	CDS	Nad2	NADH dehydrogenase subunit 2	0-972:1
MW528029.1	CDS	Cox1	cytochrome oxidase subunit 1	952-2500:1
MW528029.1	tRNA		tRNA-His	2537-2601:1
MW528029.1	tRNA		tRNA-Asp	2605-2670:1
MW528029.1	tRNA		tRNA-Glu	2670-2735:1
MW528029.1	tRNA		tRNA-Lys	3298-3365:1
MW528029.1	tRNA		tRNA-Met	3365-3430:1
MW528029.1	rRNA		16S ribosomal RNA	3430-4643:1
MW528029.1	tRNA		tRNA-Tyr	4643-4708:1
MW528029.1	CDS	Nad6	NADH dehydrogenase subunit 6	4714-5206:1
MW528029.1	tRNA		tRNA-Gly	5384-5449:1
MW528029.1	tRNA		tRNA-Asn	5451-5516:1
MW528029.1	tRNA		tRNA-Cys	5516-5571:1
MW528029.1	tRNA		tRNA-Gln	5571-5638:1
MW528029.1	tRNA		tRNA-Ala	6711-6776:1
MW528029.1	rRNA		12S ribosomal RNA	6777-7590:1
MW528029.1	CDS	Nad3	NADH dehydrogenase subunit 3	7595-7958:1
MW528029.1	tRNA		tRNA-Leu	8433-8498:1
MW528029.1	CDS	Cytb	cytochrome b	8498-9653:1
MW528029.1	CDS	Nad4	NADH dehydrogenase subunit 4	9653-11009:1
MW528029.1	CDS	Cox3	cytochrome oxidase subunit 3	11123-11930:1
MW528029.1	tRNA		tRNA-Ser	11932-12000:1
MW528029.1	CDS	Atp6	ATP synthase F0 subunit 6	12012-12777:1
MW528029.1	tRNA		tRNA-Arg	13263-13325:1
MW528029.1	CDS	Nad5	NADH dehydrogenase subunit 5	13336-15044:1
MW528029.1	tRNA		tRNA-Phe	15044-15109:1
MW528029.1	CDS	Nad4L	NADH dehydrogenase subunit 4L	15118-15412:1
MW528029.1	tRNA		tRNA-Ile	15410-15474:1
MW528029.1	CDS	Cox2	cytochrome oxidase subunit 2	15475-16186:1
MW528029.1	tRNA		tRNA-Trp	16189-16254:1
MW528029.1	tRNA		tRNA-Val	16255-16321:1
MW528029.1	tRNA		tRNA-Leu	16321-16386:1
MW528029.1	tRNA		tRNA-Met	16386-16452:1
MW528029.1	CDS	Nad1	NADH dehydrogenase subunit 1	16458-17365:1
MW528029.1	tRNA		tRNA-Pro	17365-17428:1
MW528029.1	tRNA		tRNA-Thr	17428-17492:1
MW528029.1	tRNA		tRNA-Ser	17493-17559:1
MW532084.1	CDS	COX1	cytochrome c oxidase subunit I	0-1534:1
MW532084.1	tRNA		tRNA-Asn	1534-1597:1
MW532084.1	CDS	COX2	cytochrome c oxidase subunit II	1597-2281:1
MW532084.1	tRNA		tRNA-Gly	2284-2350:1
MW532084.1	tRNA		tRNA-Met	3609-3673:1
MW532084.1	tRNA		tRNA-Asp	3673-3735:1
MW532084.1	CDS	ATP8	ATP synthase F0 subunit 8	3735-3892:1
MW532084.1	tRNA		tRNA-Tyr	3892-3958:1
MW532084.1	CDS	COX3	cytochrome c oxidase subunit III	3958-4736:1
MW532084.1	tRNA		tRNA-Gln	4736-4799:1
MW532084.1	CDS	ND6	NADH dehydrogenase subunit 6	4818-5271:1
MW532084.1	CDS	CYTB	cytochrome b	5275-6400:1
MW532084.1	tRNA		tRNA-Trp	6398-6460:1
MW532084.1	CDS	ATP6	ATP synthase F0 subunit 6	6556-7159:1
MW532084.1	tRNA		tRNA-Arg	7158-7216:1
MW532084.1	tRNA		tRNA-His	7216-7278:1
MW532084.1	CDS	ND5	NADH dehydrogenase subunit 5	7290-8953:1
MW532084.1	tRNA		tRNA-Phe	8953-9019:1
MW532084.1	tRNA		tRNA-Glu	9029-9093:1
MW532084.1	tRNA		tRNA-Pro	9091-9157:1
MW532084.1	tRNA		tRNA-Thr	9158-9224:1
MW532084.1	CDS	ND4L	NADH dehydrogenase subunit 4L	9263-9512:1
MW532084.1	CDS	ND4	NADH dehydrogenase subunit 4	9505-10840:1
MW532084.1	rRNA		12S ribosomal RNA	10837-11663:1
MW532084.1	tRNA		tRNA-Val	11656-11721:1
MW532084.1	rRNA		16S ribosomal RNA	11692-12955:1
MW532084.1	tRNA		tRNA-Leu	12974-13037:1
MW532084.1	tRNA		tRNA-Ser	13042-13108:1
MW532084.1	tRNA		tRNA-Ala	13108-13174:1
MW532084.1	tRNA		tRNA-Leu	13175-13237:1
MW532084.1	CDS	ND1	NADH dehydrogenase subunit 1	13264-14165:1
MW532084.1	tRNA		tRNA-Ile	14165-14231:1
MW532084.1	tRNA		tRNA-Lys	14231-14297:1
MW532084.1	CDS	ND3	NADH dehydrogenase subunit 3	14297-14637:1
MW532084.1	tRNA		tRNA-Ser	14637-14705:1
MW532084.1	CDS	ND2	NADH dehydrogenase subunit 2	14732-15699:1
MW532084.1	tRNA		tRNA-Cys	15699-15762:1
MW557377.1	CDS	cox1	cytochrome c oxidase subunit 1	0-1540:1
MW557377.1	tRNA	trnN(gtt)	tRNA-Asn	1540-1609:1
MW557377.1	CDS	cox2	cytochrome c oxidase subunit 2	1609-2297:1
MW557377.1	tRNA	trnD(gtc)	tRNA-Asp	2297-2363:1
MW557377.1	CDS	atp8	ATP synthase F0 subunit 8	2363-2525:1
MW557377.1	tRNA	trnY(gta)	tRNA-Tyr	2523-2588:1
MW557377.1	tRNA	trnG(tcc)	tRNA-Gly	2587-2653:1
MW557377.1	CDS	cox3	cytochrome c oxidase subunit 3	2653-3431:1
MW557377.1	tRNA	trnQ(ttg)	tRNA-Gln	3431-3499:1
MW557377.1	CDS	nad6	NADH dehydrogenase subunit 6	3511-3976:1
MW557377.1	CDS	cob	cytochrome b	3979-5119:1
MW557377.1	tRNA	trnW(tca)	tRNA-Trp	5117-5185:1
MW557377.1	CDS	atp6	ATP synthase F0 subunit 6	5185-5881:1
MW557377.1	tRNA	trnR(acg)	tRNA-Arg	5879-5946:1
MW557377.1	tRNA	trnH(gtg)	tRNA-His	6791-6855:1
MW557377.1	CDS	nad5	NADH dehydrogenase subunit 5	6856-8573:1
MW557377.1	tRNA	trnF(gaa)	tRNA-Phe	8573-8637:1
MW557377.1	tRNA	trnE(ttc)	tRNA-Glu	8638-8706:1
MW557377.1	tRNA	trnP(tgg)	tRNA-Pro	8706-8771:1
MW557377.1	tRNA	trnT(tgt)	tRNA-Thr	8770-8834:1
MW557377.1	CDS	nad4l	NADH dehydrogenase subunit 4L	8834-9122:1
MW557377.1	CDS	nad4	NADH dehydrogenase subunit 4	9115-10465:1
MW557377.1	tRNA	trnC(gca)	tRNA-Cys	10467-10531:1
MW557377.1	tRNA	trnM(cat)	tRNA-Met	10538-10603:1
MW557377.1	rRNA	rrn12	12S ribosomal RNA	10601-11484:1
MW557377.1	tRNA	trnV(tac)	tRNA-Val	11483-11554:1
MW557377.1	rRNA	rrn16	16S ribosomal RNA	11555-12846:1
MW557377.1	tRNA	trnL1(tag)	tRNA-Leu	12861-12925:1
MW557377.1	tRNA	trnS2(tga)	tRNA-Ser	12927-12994:1
MW557377.1	tRNA	trnA(tgc)	tRNA-Ala	12996-13062:1
MW557377.1	tRNA	trnL2(taa)	tRNA-Leu	13066-13130:1
MW557377.1	CDS	nad1	NADH dehydrogenase subunit 1	13130-14063:1
MW557377.1	tRNA	trnI(gat)	tRNA-Ile	14063-14122:1
MW557377.1	tRNA	trnK(ttt)	tRNA-Lys	14126-14193:1
MW557377.1	CDS	nad3	NADH dehydrogenase subunit 3	14193-14545:1
MW557377.1	tRNA	trnS1(tct)	tRNA-Ser	14545-14615:1
MW557377.1	CDS	nad2	NADH dehydrogenase subunit 2	14615-15626:1
MW557378.1	tRNA	trnS(tga)	tRNA-Ser	0-67:1
MW557378.1	CDS	nad1	NADH dehydrogenase subunit 1	67-998:1
MW557378.1	tRNA	trnI(gat)	tRNA-Ile	998-1066:1
MW557378.1	tRNA	trnK(ttt)	tRNA-Lys	1068-1134:1
MW557378.1	CDS	nad3	NADH dehydrogenase subunit 3	1134-1488:1
MW557378.1	tRNA	trnS(aga)	tRNA-Ser	1495-1559:1
MW557378.1	CDS	nad2	NADH dehydrogenase subunit 2	1561-2570:1
MW557378.1	CDS	cox1	cytochrome c oxidase subunit 1	2570-4110:1
MW557378.1	tRNA	trnN(gtt)	tRNA-Asn	4110-4174:1
MW557378.1	CDS	cox2	cytochrome c oxidase subunit 2	4174-4865:1
MW557378.1	tRNA	trnD(gtc)	tRNA-Asp	4865-4931:1
MW557378.1	CDS	atp8	ATP synthase F0 subunit 8	4932-5091:1
MW557378.1	tRNA	trnY(gta)	tRNA-Tyr	5089-5153:1
MW557378.1	CDS	cox3	cytochrome c oxidase subunit 3	5154-5934:1
MW557378.1	tRNA	trnQ(ttg)	tRNA-Gln	5946-6016:1
MW557378.1	CDS	nad6	NADH dehydrogenase subunit 6	6016-6497:1
MW557378.1	CDS	cob	cytochrome b	6497-7635:1
MW557378.1	tRNA	trnL(taa)	tRNA-Leu	7636-7700:1
MW557378.1	tRNA	trnW(tca)	tRNA-Trp	7701-7765:1
MW557378.1	CDS	atp6	ATP synthase F0 subunit 6	7765-8464:1
MW557378.1	tRNA	trnR(tcg)	tRNA-Arg	8462-8529:1
MW557378.1	tRNA	trnH(gtg)	tRNA-His	8531-8595:1
MW557378.1	CDS	nad5	NADH dehydrogenase subunit 5	8595-10291:1
MW557378.1	tRNA	trnF(gaa)	tRNA-Phe	10291-10357:1
MW557378.1	tRNA	trnE(ttc)	tRNA-Glu	10357-10423:1
MW557378.1	tRNA	trnP(tgg)	tRNA-Pro	10427-10491:1
MW557378.1	tRNA	trnT(tgt)	tRNA-Thr	10494-10562:1
MW557378.1	CDS	nad4l	NADH dehydrogenase subunit 4L	10562-10859:1
MW557378.1	CDS	nad4	NADH dehydrogenase subunit 4	10852-12212:1
MW557378.1	tRNA	trnC(gca)	tRNA-Cys	12212-12275:1
MW557378.1	tRNA	trnG(tcc)	tRNA-Gly	12276-12342:1
MW557378.1	tRNA	trnM(cat)	tRNA-Met	12343-12409:1
MW557378.1	rRNA	rrn12	12S ribosomal RNA	12409-13216:1
MW557378.1	tRNA	trnV(tac)	tRNA-Val	13216-13283:1
MW557378.1	rRNA	rrn16	16S ribosomal RNA	13283-14553:1
MW557378.1	tRNA	trnL(tag)	tRNA-Leu	14553-14618:1
MW557378.1	tRNA	trnA(tgc)	tRNA-Ala	14620-14685:1
MW690579.1	CDS	COX1	cytochrome c oxidase subunit I	0-1543:1
MW690579.1	tRNA		tRNA-Asn	1542-1604:1
MW690579.1	CDS	COX2	cytochrome c oxidase subunit II	1604-2291:1
MW690579.1	tRNA		tRNA-Asp	2299-2361:1
MW690579.1	CDS	ATP8	ATP synthase F0 subunit 8	2361-2520:1
MW690579.1	tRNA		tRNA-Tyr	2520-2583:1
MW690579.1	tRNA		tRNA-Gly	2581-2645:1
MW690579.1	CDS	COX3	cytochrome c oxidase subunit III	2645-3425:1
MW690579.1	tRNA		tRNA-Gln	3425-3494:1
MW690579.1	CDS	ND6	NADH dehydrogenase subunit 6	3494-3960:1
MW690579.1	CDS	CYTB	cytochrome b	3960-5103:1
MW690579.1	tRNA		tRNA-Trp	5101-5163:1
MW690579.1	CDS	ATP6	ATP synthase F0 subunit 6	5164-5860:1
MW690579.1	tRNA		tRNA-Arg	5858-5929:1
MW690579.1	tRNA		tRNA-His	7337-7404:1
MW690579.1	CDS	ND5	NADH dehydrogenase subunit 5	7480-9203:1
MW690579.1	tRNA		tRNA-Phe	9203-9268:1
MW690579.1	tRNA		tRNA-Glu	9273-9338:1
MW690579.1	tRNA		tRNA-Pro	9337-9399:1
MW690579.1	tRNA		tRNA-Thr	9387-9448:1
MW690579.1	CDS	ND4L	NADH dehydrogenase subunit 4L	9448-9751:1
MW690579.1	CDS	ND4	NADH dehydrogenase subunit 4	9744-11089:1
MW690579.1	tRNA		tRNA-Cys	11090-11158:1
MW690579.1	tRNA		tRNA-Met	11158-11222:1
MW690579.1	rRNA		12S ribosomal RNA	11222-11954:1
MW690579.1	tRNA		tRNA-Val	11954-12015:1
MW690579.1	rRNA		16S ribosomal RNA	12014-13260:1
MW690579.1	tRNA		tRNA-Leu	13268-13326:1
MW690579.1	tRNA		tRNA-Ala	13326-13379:1
MW690579.1	tRNA		tRNA-Ser	13366-13429:1
MW690579.1	tRNA		tRNA-Leu	13436-13497:1
MW690579.1	CDS	ND1	NADH dehydrogenase subunit 1	13485-14419:1
MW690579.1	tRNA		tRNA-Ile	14421-14483:1
MW690579.1	tRNA		tRNA-Lys	14483-14548:1
MW690579.1	CDS	ND3	NADH dehydrogenase subunit 3	14548-14902:1
MW690579.1	tRNA		tRNA-Ser	14900-14964:1
MW690579.1	CDS	ND2	NADH dehydrogenase subunit 2	14966-15972:1
MW732144.1	CDS	COX1	cytochrome c oxidase subunit I	0-1539:1
MW732144.1	tRNA		tRNA-Asn	1539-1602:1
MW732144.1	CDS	COX2	cytochrome c oxidase subunit II	1602-2292:1
MW732144.1	tRNA		tRNA-Asp	2291-2354:1
MW732144.1	CDS	ATP8	ATP synthase F0 subunit 8	2354-2515:1
MW732144.1	tRNA		tRNA-Tyr	2515-2577:1
MW732144.1	tRNA		tRNA-Gly	2577-2640:1
MW732144.1	CDS	COX3	cytochrome c oxidase subunit III	2640-3420:1
MW732144.1	tRNA		tRNA-Gln	3423-3492:1
MW732144.1	CDS	ND6	NADH dehydrogenase subunit 6	3492-3968:1
MW732144.1	CDS	CYTB	cytochrome b	3968-5108:1
MW732144.1	tRNA		tRNA-Trp	5106-5171:1
MW732144.1	CDS	ATP6	ATP synthase F0 subunit 6	5172-5868:1
MW732144.1	tRNA		tRNA-Arg	5868-5932:1
MW732144.1	tRNA		tRNA-His	6175-6238:1
MW732144.1	CDS	ND5	NADH dehydrogenase subunit 5	6238-7966:1
MW732144.1	tRNA		tRNA-Phe	7966-8027:1
MW732144.1	tRNA		tRNA-Glu	8027-8088:1
MW732144.1	tRNA		tRNA-Pro	8088-8149:1
MW732144.1	tRNA		tRNA-Thr	8145-8206:1
MW732144.1	CDS	ND4L	NADH dehydrogenase subunit 4L	8206-8506:1
MW732144.1	CDS	ND4	NADH dehydrogenase subunit 4	8499-9855:1
MW732144.1	tRNA		tRNA-Cys	9953-10021:1
MW732144.1	tRNA		tRNA-Met	10021-10085:1
MW732144.1	rRNA		12S ribosomal RNA	10086-10868:1
MW732144.1	tRNA		tRNA-Val	10868-10933:1
MW732144.1	rRNA		16S ribosomal RNA	10931-12177:1
MW732144.1	tRNA		tRNA-Leu	12177-12239:1
MW732144.1	tRNA		tRNA-Ala	12249-12312:1
MW732144.1	tRNA		tRNA-Ser	12312-12375:1
MW732144.1	tRNA		tRNA-Leu	12371-12432:1
MW732144.1	CDS	ND1	NADH dehydrogenase subunit 1	12448-13380:1
MW732144.1	tRNA		tRNA-Ile	13386-13448:1
MW732144.1	tRNA		tRNA-Lys	13463-13528:1
MW732144.1	CDS	ND3	NADH dehydrogenase subunit 3	13528-13882:1
MW732144.1	tRNA		tRNA-Ser	13882-13946:1
MW732144.1	CDS	ND2	NADH dehydrogenase subunit 2	13952-14960:1
MW770354.1	CDS	COX1	cytochrome c oxidase subunit I	0-1539:1
MW770354.1	tRNA		tRNA-Asn	1539-1603:1
MW770354.1	CDS	COX2	cytochrome c oxidase subunit II	1609-2293:1
MW770354.1	tRNA		tRNA-Asp	2292-2354:1
MW770354.1	CDS	ATP8	ATP synthase F0 subunit 8	2355-2516:1
MW770354.1	tRNA		tRNA-Tyr	2516-2582:1
MW770354.1	tRNA		tRNA-Gly	2580-2642:1
MW770354.1	CDS	COX3	cytochrome c oxidase subunit III	2654-3434:1
MW770354.1	tRNA		tRNA-Gln	3436-3505:1
MW770354.1	CDS	ND6	NADH dehydrogenase subunit 6	3505-3982:1
MW770354.1	CDS	CYTB	cytochrome b	3982-5125:1
MW770354.1	tRNA		tRNA-Trp	5123-5184:1
MW770354.1	CDS	ATP6	ATP synthase F0 subunit 6	5184-5880:1
MW770354.1	tRNA		tRNA-Arg	5889-5950:1
MW770354.1	tRNA		tRNA-His	6910-6973:1
MW770354.1	CDS	ND5	NADH dehydrogenase subunit 5	6983-8711:1
MW770354.1	tRNA		tRNA-Glu	8711-8773:1
MW770354.1	tRNA		tRNA-Pro	8773-8837:1
MW770354.1	CDS	ND4L	NADH dehydrogenase subunit 4L	8853-9153:1
MW770354.1	CDS	ND4	NADH dehydrogenase subunit 4	9146-10499:1
MW770354.1	tRNA		tRNA-Phe	10501-10564:1
MW770354.1	tRNA		tRNA-Thr	10567-10631:1
MW770354.1	tRNA		tRNA-Cys	10631-10692:1
MW770354.1	tRNA		tRNA-Met	10692-10757:1
MW770354.1	rRNA		12S ribosomal RNA	10755-11544:1
MW770354.1	tRNA		tRNA-Val	11544-11608:1
MW770354.1	rRNA		16S ribosomal RNA	11618-12864:1
MW770354.1	tRNA		tRNA-Leu	12861-12924:1
MW770354.1	tRNA		tRNA-Ala	12924-12986:1
MW770354.1	tRNA		tRNA-Ser	12986-13051:1
MW770354.1	tRNA		tRNA-Leu	13051-13116:1
MW770354.1	CDS	ND1	NADH dehydrogenase subunit 1	13116-14052:1
MW770354.1	tRNA		tRNA-Ile	14052-14115:1
MW770354.1	tRNA		tRNA-Lys	14117-14181:1
MW770354.1	CDS	ND3	NADH dehydrogenase subunit 3	14250-14604:1
MW770354.1	tRNA		tRNA-Ser	14605-14671:1
MW770354.1	CDS	ND2	NADH dehydrogenase subunit 2	14674-15685:1
MW794259.1	tRNA		tRNA-Ser	610-677:1
MW794259.1	CDS	ND1	NADH dehydrogenase subunit 1	677-1610:1
MW794259.1	tRNA		tRNA-Ile	1612-1681:1
MW794259.1	tRNA		tRNA-Lys	1687-1754:1
MW794259.1	CDS	ND3	NADH dehydrogenase subunit 3	1755-2109:1
MW794259.1	tRNA		tRNA-Ser	2110-2178:1
MW794259.1	CDS	ND2	NADH dehydrogenase subunit 2	2178-3187:1
MW794259.1	CDS	COX1	cytochrome c oxidase subunit 1	3187-4727:1
MW794259.1	tRNA		tRNA-Asn	4727-4792:1
MW794259.1	CDS	COX2	cytochrome c oxidase subunit 2	4792-5482:1
MW794259.1	tRNA		tRNA-Asp	5487-5553:1
MW794259.1	CDS	ATP8	ATP synthase F0 subunit 8	5553-5712:1
MW794259.1	tRNA		tRNA-Tyr	5710-5775:1
MW794259.1	CDS	COX3	cytochrome c oxidase subunit 3	5775-6555:1
MW794259.1	tRNA		tRNA-Gln	6558-6628:1
MW794259.1	CDS	ND6	NADH dehydrogenase subunit 6	6628-7109:1
MW794259.1	CDS	CYTB	cytochrome b	7109-8247:1
MW794259.1	tRNA		tRNA-Leu	8247-8312:1
MW794259.1	tRNA		tRNA-Trp	8314-8378:1
MW794259.1	CDS	ATP6	ATP synthase F0 subunit 6	8378-9080:1
MW794259.1	tRNA		tRNA-Arg	9078-9146:1
MW794259.1	tRNA		tRNA-His	9147-9211:1
MW794259.1	CDS	ND5	NADH dehydrogenase subunit 5	9211-10907:1
MW794259.1	tRNA		tRNA-Phe	10907-10975:1
MW794259.1	tRNA		tRNA-Glu	10975-11041:1
MW794259.1	tRNA		tRNA-Pro	11041-11105:1
MW794259.1	tRNA		tRNA-Thr	11116-11181:1
MW794259.1	CDS	ND4L	NADH dehydrogenase subunit 4L	11181-11478:1
MW794259.1	CDS	ND4	NADH dehydrogenase subunit 4	11471-12831:1
MW794259.1	tRNA		tRNA-Cys	12831-12894:1
MW794259.1	tRNA		tRNA-Gly	12897-12962:1
MW794259.1	tRNA		tRNA-Met	12962-13028:1
MW794259.1	rRNA		12S ribosomal RNA	13028-13848:1
MW794259.1	tRNA		tRNA-Val	13848-13913:1
MW794259.1	rRNA		16S ribosomal RNA	13913-15209:1
MW794259.1	tRNA		tRNA-Leu	15209-15274:1
MW794259.1	tRNA		tRNA-Ala	15274-15340:1
MW794260.1	tRNA		tRNA-Ala	946-1013:1
MW794260.1	tRNA		tRNA-Ser	1106-1167:1
MW794260.1	CDS	ND1	NADH dehydrogenase subunit 1	1167-2100:1
MW794260.1	tRNA		tRNA-Ile	2098-2164:1
MW794260.1	tRNA		tRNA-Lys	2163-2228:1
MW794260.1	CDS	ND3	NADH dehydrogenase subunit 3	2228-2582:1
MW794260.1	tRNA		tRNA-Ser	2588-2650:1
MW794260.1	CDS	ND2	NADH dehydrogenase subunit 2	2650-3647:1
MW794260.1	CDS	COX1	cytochrome c oxidase subunit 1	3647-5183:1
MW794260.1	tRNA		tRNA-Asn	5185-5250:1
MW794260.1	CDS	COX2	cytochrome c oxidase subunit 2	5251-5947:1
MW794260.1	CDS	ATP8	ATP synthase F0 subunit 8	5958-6117:1
MW794260.1	tRNA		tRNA-Asp	6124-6191:1
MW794260.1	tRNA		tRNA-Tyr	6194-6256:1
MW794260.1	CDS	COX3	cytochrome c oxidase subunit 3	6257-7037:1
MW794260.1	tRNA		tRNA-Gln	7040-7106:1
MW794260.1	CDS	ND6	NADH dehydrogenase subunit 6	7106-7596:1
MW794260.1	CDS	CYTB	cytochrome b	7596-8734:1
MW794260.1	tRNA		tRNA-Leu	8734-8796:1
MW794260.1	tRNA		tRNA-Trp	8798-8861:1
MW794260.1	CDS	ATP6	ATP synthase F0 subunit 6	8862-9564:1
MW794260.1	tRNA		tRNA-Arg	9562-9627:1
MW794260.1	tRNA		tRNA-His	9627-9691:1
MW794260.1	CDS	ND5	NADH dehydrogenase subunit 5	9691-11390:1
MW794260.1	tRNA		tRNA-Phe	11390-11452:1
MW794260.1	tRNA		tRNA-Glu	11452-11514:1
MW794260.1	tRNA		tRNA-Pro	11514-11581:1
MW794260.1	tRNA		tRNA-Thr	11580-11645:1
MW794260.1	CDS	ND4L	NADH dehydrogenase subunit 4L	11651-11945:1
MW794260.1	CDS	ND4	NADH dehydrogenase subunit 4	11938-13291:1
MW794260.1	tRNA		tRNA-Cys	13289-13351:1
MW794260.1	tRNA		tRNA-Gly	13352-13408:1
MW794260.1	tRNA		tRNA-Met	13411-13475:1
MW794260.1	rRNA		12S ribosomal RNA	13476-14266:1
MW794260.1	tRNA		tRNA-Val	14266-14330:1
MW794260.1	rRNA		16S ribosomal RNA	14330-15602:1
MW794260.1	tRNA		tRNA-Leu	15602-15672:1
MW794261.1	tRNA		tRNA-Ser	1222-1289:1
MW794261.1	CDS	ND1	NADH dehydrogenase subunit 1	1289-2222:1
MW794261.1	tRNA		tRNA-Ile	2220-2286:1
MW794261.1	tRNA		tRNA-Lys	2286-2353:1
MW794261.1	CDS	ND3	NADH dehydrogenase subunit 3	2354-2708:1
MW794261.1	tRNA		tRNA-Ser	2719-2787:1
MW794261.1	CDS	ND2	NADH dehydrogenase subunit 2	2788-3776:1
MW794261.1	CDS	COX1	cytochrome c oxidase subunit 1	3776-5316:1
MW794261.1	tRNA		tRNA-Asn	5316-5381:1
MW794261.1	CDS	COX2	cytochrome c oxidase subunit 2	5381-6068:1
MW794261.1	tRNA		tRNA-Asp	6072-6136:1
MW794261.1	CDS	ATP8	ATP synthase F0 subunit 8	6136-6289:1
MW794261.1	tRNA		tRNA-Tyr	6287-6350:1
MW794261.1	CDS	COX3	cytochrome c oxidase subunit 3	6352-7132:1
MW794261.1	tRNA		tRNA-Gln	7138-7209:1
MW794261.1	CDS	ND6	NADH dehydrogenase subunit 6	7209-7687:1
MW794261.1	CDS	CYTB	cytochrome b	7687-8822:1
MW794261.1	tRNA		tRNA-Leu	8822-8884:1
MW794261.1	tRNA		tRNA-Trp	8884-8951:1
MW794261.1	CDS	ATP6	ATP synthase F0 subunit 6	8951-9648:1
MW794261.1	tRNA		tRNA-Arg	9648-9712:1
MW794261.1	tRNA		tRNA-His	9713-9776:1
MW794261.1	CDS	ND5	NADH dehydrogenase subunit 5	9776-11460:1
MW794261.1	tRNA		tRNA-Phe	11460-11524:1
MW794261.1	tRNA		tRNA-Glu	11528-11589:1
MW794261.1	tRNA		tRNA-Pro	11589-11653:1
MW794261.1	tRNA		tRNA-Thr	11653-11720:1
MW794261.1	CDS	ND4L	NADH dehydrogenase subunit 4L	11721-12024:1
MW794261.1	CDS	ND4	NADH dehydrogenase subunit 4	12017-13353:1
MW794261.1	tRNA		tRNA-Cys	13353-13416:1
MW794261.1	tRNA		tRNA-Gly	13418-13482:1
MW794261.1	tRNA		tRNA-Met	13482-13549:1
MW794261.1	rRNA		12S ribosomal RNA	13549-14341:1
MW794261.1	tRNA		tRNA-Val	14341-14407:1
MW794261.1	rRNA		16S ribosomal RNA	14407-15702:1
MW794261.1	tRNA		tRNA-Leu	15702-15766:1
MW794261.1	tRNA		tRNA-Ala	15767-15830:1
MW816923.1	tRNA	trnA	tRNA-Ala	1973-2039:1
MW816923.1	tRNA	trnS2	tRNA-Ser	2044-2109:1
MW816923.1	CDS	ND1	NADH dehydrogenase subunit 1	2110-3043:1
MW816923.1	tRNA	trnI	tRNA-Ile	3041-3106:1
MW816923.1	tRNA	trnK	tRNA-Lys	3106-3171:1
MW816923.1	CDS	ND3	NADH dehydrogenase subunit 3	3183-3525:1
MW816923.1	tRNA	trnS	tRNA-Ser	3524-3586:1
MW816923.1	CDS	ND2	NADH dehydrogenase subunit 2	3587-4584:1
MW816923.1	CDS	COX1	cytochrome c oxidase subunit I	4584-6120:1
MW816923.1	tRNA	trnN	tRNA-Asn	6122-6187:1
MW816923.1	CDS	COX2	cytochrome c oxidase subunit II	6188-6881:1
MW816923.1	CDS	ATP8	ATP synthase F0 subunit 8	6880-7039:1
MW816923.1	tRNA	trnD	tRNA-Asp	7045-7107:1
MW816923.1	tRNA	trnY	tRNA-Tyr	7108-7170:1
MW816923.1	CDS	COX3	cytochrome c oxidase subunit III	7171-7951:1
MW816923.1	tRNA	trnQ	tRNA-Gln	7955-8021:1
MW816923.1	CDS	ND6	NADH dehydrogenase subunit 6	8021-8516:1
MW816923.1	CDS	CYTB	cytochrome b	8508-9640:1
MW816923.1	tRNA	trnL2	tRNA-Leu	9639-9704:1
MW816923.1	tRNA	trnW	tRNA-Trp	9699-9763:1
MW816923.1	CDS	ATP6	ATP synthase F0 subunit 6	9763-10465:1
MW816923.1	tRNA	trnR	tRNA-Arg	10463-10529:1
MW816923.1	tRNA	trnH	tRNA-His	10529-10593:1
MW816923.1	CDS	ND5	NADH dehydrogenase subunit 5	10593-12289:1
MW816923.1	tRNA	trnF	tRNA-Phe	12288-12356:1
MW816923.1	tRNA	trnE	tRNA-Glu	12356-12419:1
MW816923.1	tRNA	trnP	tRNA-Pro	12418-12482:1
MW816923.1	tRNA	trnT	tRNA-Thr	12482-12551:1
MW816923.1	CDS	ND4L	NADH dehydrogenase subunit 4L	12550-12850:1
MW816923.1	CDS	ND4	NADH dehydrogenase subunit 4	12843-14190:1
MW816923.1	tRNA	trnC	tRNA-Cys	14190-14252:1
MW816923.1	tRNA	trnG	tRNA-Gly	14253-14322:1
MW816923.1	tRNA	trnM	tRNA-Met	14321-14382:1
MW816923.1	rRNA	rrnS	12S ribosomal RNA	14382-15160:1
MW816923.1	tRNA	trnV	tRNA-Val	15160-15225:1
MW816923.1	rRNA	rrnL	16S ribosomal RNA	15225-16467:1
MW816923.1	tRNA	trnL	tRNA-Leu	16467-16534:1
MZ131647.1	CDS	COX1	cytochrome c oxidase subunit I	0-1539:1
MZ131647.1	tRNA		tRNA-Asn	1539-1604:1
MZ131647.1	CDS	COX2	cytochrome c oxidase subunit II	1604-2291:1
MZ131647.1	tRNA		tRNA-Asp	2295-2361:1
MZ131647.1	CDS	ATP8	ATP synthase F0 subunit 8	2361-2520:1
MZ131647.1	tRNA		tRNA-Tyr	2518-2583:1
MZ131647.1	CDS	COX3	cytochrome c oxidase subunit III	2583-3363:1
MZ131647.1	tRNA		tRNA-Gln	3368-3437:1
MZ131647.1	CDS	ND6	NADH dehydrogenase subunit 6	3437-3918:1
MZ131647.1	CDS	CYTB	cytochrome b	3918-5055:1
MZ131647.1	tRNA		tRNA-Leu	5057-5121:1
MZ131647.1	tRNA		tRNA-Trp	5121-5186:1
MZ131647.1	CDS	ATP6	ATP synthase F0 subunit 6	5186-5885:1
MZ131647.1	tRNA		tRNA-Arg	5885-5943:1
MZ131647.1	tRNA		tRNA-His	5947-6010:1
MZ131647.1	CDS	ND5	NADH dehydrogenase subunit 5	6010-7706:1
MZ131647.1	tRNA		tRNA-Phe	7706-7773:1
MZ131647.1	tRNA		tRNA-Glu	7781-7843:1
MZ131647.1	tRNA		tRNA-Pro	7843-7912:1
MZ131647.1	tRNA		tRNA-Thr	7912-7973:1
MZ131647.1	CDS	ND4L	NADH dehydrogenase subunit 4L	7973-8270:1
MZ131647.1	CDS	ND4	NADH dehydrogenase subunit 4	8263-9623:1
MZ131647.1	tRNA		tRNA-Cys	9623-9686:1
MZ131647.1	tRNA		tRNA-Gly	9688-9753:1
MZ131647.1	tRNA		tRNA-Met	9754-9821:1
MZ131647.1	rRNA		12S ribosomal RNA	9821-10621:1
MZ131647.1	tRNA		tRNA-Val	10621-10686:1
MZ131647.1	rRNA		16S ribosomal RNA	10686-11893:1
MZ131647.1	tRNA		tRNA-Leu	11955-12020:1
MZ131647.1	tRNA		tRNA-Ala	12022-12087:1
MZ131647.1	tRNA		tRNA-Ser	12565-12632:1
MZ131647.1	CDS	ND1	NADH dehydrogenase subunit 1	12632-13565:1
MZ131647.1	tRNA		tRNA-Ile	13564-13632:1
MZ131647.1	tRNA		tRNA-Lys	13632-13699:1
MZ131647.1	CDS	ND3	NADH dehydrogenase subunit 3	13699-14059:1
MZ131647.1	tRNA		tRNA-Ser	14059-14119:1
MZ131647.1	CDS	ND2	NADH dehydrogenase subunit 2	14119-15125:1
MZ189977.1	CDS	COX1	cytochrome c oxidase subunit I	33-1534:1
MZ189977.1	tRNA	trnN-GTT	tRNA-Asn	1534-1597:1
MZ189977.1	CDS	COX2	cytochrome c oxidase subunit II	1597-2272:1
MZ189977.1	tRNA	trnD-GTC	tRNA-Asp	2270-2331:1
MZ189977.1	CDS	ATP8	ATP synthase F0 subunit 8	2331-2482:1
MZ189977.1	tRNA	trnG-TCC	tRNA-Gly	2482-2540:1
MZ189977.1	tRNA	trnY-GTA	tRNA-Tyr	2539-2600:1
MZ189977.1	CDS	COX3	cytochrome c oxidase subunit 3	2600-3378:1
MZ189977.1	tRNA	trnQ-TTG	tRNA-Gln	3378-3444:1
MZ189977.1	CDS	ND6	NADH dehydrogenase subunit 6	3456-3927:1
MZ189977.1	CDS	CYTB	cytochrome b	3901-5032:1
MZ189977.1	tRNA	trnW-TCA	tRNA-Trp	5030-5091:1
MZ189977.1	tRNA	trnR-TCG	tRNA-Arg	5134-5197:1
MZ189977.1	CDS	ATP6	ATP synthase F0 subunit 6	5500-6196:1
MZ189977.1	tRNA	trnH-GTG	tRNA-His	6194-6256:1
MZ189977.1	CDS	ND5	NADH dehydrogenase subunit 5	6256-7952:1
MZ189977.1	tRNA	trnF-GAA	tRNA-Phe	7952-8014:1
MZ189977.1	tRNA	trnE-TTC	tRNA-Glu	8014-8073:1
MZ189977.1	tRNA	trnP-TGG	tRNA-Pro	8070-8133:1
MZ189977.1	tRNA	trnT-TGT	tRNA-Thr	8132-8192:1
MZ189977.1	CDS	ND4L	NADH dehydrogenase subunit 4L	8192-8489:1
MZ189977.1	CDS	ND4	NADH dehydrogenase subunit 4	8482-9820:1
MZ189977.1	tRNA	trnM-CAT	tRNA-Met	9921-9983:1
MZ189977.1	rRNA	rrnS	12S ribosomal RNA	9981-10678:1
MZ189977.1	tRNA	trnV-TAC	tRNA-Val	10670-10731:1
MZ189977.1	rRNA	rrnL	16S ribosomal RNA	10731-11890:1
MZ189977.1	tRNA	trnL-TAG	tRNA-Leu	11890-11952:1
MZ189977.1	tRNA	trnA-TGC	tRNA-Ala	11954-12012:1
MZ189977.1	tRNA	trnS-TGA	tRNA-Ser	12012-12070:1
MZ189977.1	tRNA	trnL-TAA	tRNA-Leu	12073-12134:1
MZ189977.1	CDS	ND1	NADH dehydrogenase subunit 1	12134-13052:1
MZ189977.1	tRNA	trnK-TTT	tRNA-Lys	13051-13114:1
MZ189977.1	tRNA	trnI-GAT	tRNA-Ile	13114-13179:1
MZ189977.1	CDS	ND3	NADH dehydrogenase subunit 3	13179-13527:1
MZ189977.1	tRNA	trnC-GCA	tRNA-Cys	13526-13586:1
MZ189977.1	tRNA	trnS-TCT	tRNA-Ser	13587-13644:1
MZ189977.1	CDS	ND2	NADH dehydrogenase subunit 2	13643-14622:1
MZ326700.1	CDS	COX1	cytochrome c oxidase subunit I	0-1540:1
MZ326700.1	tRNA	trnN(guu)	tRNA-Asn	1540-1607:1
MZ326700.1	CDS	COX2	cytochrome c oxidase subunit II	1607-2294:1
MZ326700.1	tRNA	trnD(guc)	tRNA-Asp	2293-2355:1
MZ326700.1	CDS	ATP8	ATP synthase F0 subunit 8	2357-2522:1
MZ326700.1	tRNA	trnY(gua)	tRNA-Tyr	2520-2582:1
MZ326700.1	tRNA	trnG(ucc)	tRNA-Gly	2581-2643:1
MZ326700.1	CDS	COX3	cytochrome c oxidase subunit III	2644-3424:1
MZ326700.1	tRNA	trnQ(uug)	tRNA-Gln	3427-3491:1
MZ326700.1	CDS	ND6	NADH dehydrogenase subunit 6	3491-3960:1
MZ326700.1	CDS	CYTB	cytochrome b	3960-5103:1
MZ326700.1	tRNA	trnW(uca)	tRNA-Trp	5101-5164:1
MZ326700.1	CDS	ATP6	ATP synthase F0 subunit 6	5164-5866:1
MZ326700.1	tRNA	trnR(ucg)	tRNA-Arg	5864-5932:1
MZ326700.1	tRNA	trnH(gug)	tRNA-His	6936-7002:1
MZ326700.1	CDS	ND5	NADH dehydrogenase subunit 5	7003-8735:1
MZ326700.1	tRNA	trnF(gaa)	tRNA-Phe	8735-8800:1
MZ326700.1	tRNA	trnE(uuc)	tRNA-Glu	8800-8864:1
MZ326700.1	tRNA	trnP(ugg)	tRNA-Pro	8862-8927:1
MZ326700.1	tRNA	trnT(ugu)	tRNA-Thr	8928-8992:1
MZ326700.1	CDS	ND4L	NADH dehydrogenase subunit 4L	8992-9283:1
MZ326700.1	CDS	ND4	NADH dehydrogenase subunit 4	9276-10632:1
MZ326700.1	tRNA	trnC(gca)	tRNA-Cys	10640-10707:1
MZ326700.1	tRNA	trnM(cau)	tRNA-Met	10707-10770:1
MZ326700.1	tRNA	trnM(cau)	tRNA-Met	10770-10828:1
MZ326700.1	rRNA		12S ribosomal RNA	10853-11722:1
MZ326700.1	tRNA	trnV(uac)	tRNA-Val	11719-11789:1
MZ326700.1	rRNA		16S ribosomal RNA	11789-13108:1
MZ326700.1	tRNA	trnL1(uag)	tRNA-Leu	13085-13148:1
MZ326700.1	tRNA	trnA(ugc)	tRNA-Ala	13151-13215:1
MZ326700.1	tRNA	trnS2(uga)	tRNA-Ser	13215-13281:1
MZ326700.1	tRNA	trnL2(uaa)	tRNA-Leu	13284-13346:1
MZ326700.1	CDS	ND1	NADH dehydrogenase subunit 1	13346-14270:1
MZ326700.1	tRNA	trnI(uuu)	tRNA-Ile	14274-14338:1
MZ326700.1	tRNA	trnK(uuu)	tRNA-Lys	14342-14408:1
MZ326700.1	CDS	ND3	NADH dehydrogenase subunit 3	14408-14762:1
MZ326700.1	tRNA	trnS1(ucu)	tRNA-Ser	14761-14828:1
MZ326700.1	CDS	ND2	NADH dehydrogenase subunit 2	14828-15821:1
MZ506667.1	tRNA		tRNA-Leu	2196-2256:1
MZ506667.1	tRNA		tRNA-Ser	2263-2318:1
MZ506667.1	tRNA		tRNA-Pro	2318-2378:1
MZ506667.1	tRNA		tRNA-Ala	2378-2439:1
MZ506667.1	CDS	NAD1	NADH dehydrogenase subunit 1	2442-3369:1
MZ506667.1	CDS	NAD3	NADH dehydrogenase subunit 3	3381-3729:1
MZ506667.1	tRNA		tRNA-Ser	3737-3804:1
MZ506667.1	CDS	NAD2	NADH dehydrogenase subunit 2	3804-4767:1
MZ506667.1	CDS	COX1	cytochrome c oxidase subunit 1	4766-6306:1
MZ506667.1	tRNA		tRNA-Asn	6306-6369:1
MZ506667.1	CDS	COX2	cytochrome c oxidase subunit 2	6369-7180:1
MZ506667.1	tRNA		tRNA-Asp	7645-7705:1
MZ506667.1	CDS	ATP8	ATP synthase F0 subunit 8	7705-7831:1
MZ506667.1	CDS	COX3	cytochrome c oxidase subunit 3	7835-8616:1
MZ506667.1	tRNA		tRNA-Gln	8616-8677:1
MZ506667.1	CDS	NAD6	NADH dehydrogenase subunit 6	8677-9145:1
MZ506667.1	tRNA		tRNA-Lys	9186-9246:1
MZ506667.1	CDS	COB	cytochrome b	9246-10395:1
MZ506667.1	tRNA		tRNA-Trp	10393-10454:1
MZ506667.1	CDS	ATP6	ATP synthase F0 subunit 6	10454-11147:1
MZ506667.1	tRNA		tRNA-Arg	11152-11199:1
MZ506667.1	tRNA		tRNA-His	11199-11257:1
MZ506667.1	CDS	NAD5	NADH dehydrogenase subunit 5	11257-12971:1
MZ506667.1	tRNA		tRNA-Thr	12971-13031:1
MZ506667.1	tRNA		tRNA-Phe	13031-13093:1
MZ506667.1	tRNA		tRNA-Glu	13096-13157:1
MZ506667.1	CDS	NAD4L	NADH dehydrogenase subunit 4L	13157-13436:1
MZ506667.1	CDS	NAD4	NADH dehydrogenase subunit 4	13429-14738:1
MZ506667.1	tRNA		tRNA-Tyr	14738-14799:1
MZ506667.1	tRNA		tRNA-Cys	14797-14855:1
MZ506667.1	tRNA		tRNA-Gly	14898-14960:1
MZ506667.1	tRNA		tRNA-Leu	14958-15019:1
MZ506667.1	rRNA		12S ribosomal RNA	15017-15830:1
MZ506667.1	tRNA		tRNA-Val	15823-15884:1
MZ506667.1	rRNA		16S ribosomal RNA	15951-16902:1
MZ506667.1	tRNA		tRNA-Met	16918-16980:1
MZ506667.1	tRNA		tRNA-Ile	16980-17044:1
MZ557347.1	CDS	nad2	NADH dehydrogenase subunit 2	0-1017:1
MZ557347.1	CDS	cox1	cytochrome c oxidase subunit 1	994-2530:1
MZ557347.1	tRNA	trnK(ttt)	tRNA-Lys	2533-2598:1
MZ557347.1	CDS	nad5	NADH dehydrogenase subunit 5	2598-4308:1
MZ557347.1	tRNA	trnF(gaa)	tRNA-Phe	4307-4374:1
MZ557347.1	tRNA	trnE(ttc)	tRNA-Glu	4383-4449:1
MZ557347.1	tRNA	trnP(tgg)	tRNA-Pro	4453-4520:1
MZ557347.1	tRNA	trnT(tgt)	tRNA-Thr	4519-4587:1
MZ557347.1	CDS	nad4l	NADH dehydrogenase subunit 4L	4587-4878:1
MZ557347.1	CDS	nad4	NADH dehydrogenase subunit 4	4871-6215:1
MZ557347.1	tRNA	trnC(gca)	tRNA-Cys	6213-6276:1
MZ557347.1	tRNA	trnM(cat)	tRNA-Met	6280-6347:1
MZ557347.1	rRNA		12S ribosomal RNA	6347-7155:1
MZ557347.1	tRNA	trnV(tac)	tRNA-Val	7155-7222:1
MZ557347.1	rRNA		16S ribosomal RNA	7223-8507:1
MZ557347.1	tRNA	trnL1(tag)	tRNA-Leu	8512-8577:1
MZ557347.1	tRNA	trnA(tgc)	tRNA-Ala	8580-8645:1
MZ557347.1	tRNA	trnS2(tga)	tRNA-Ser	8645-8712:1
MZ557347.1	tRNA	trnL2(taa)	tRNA-Leu	8713-8778:1
MZ557347.1	CDS	nad1	NADH dehydrogenase subunit 1	8778-9714:1
MZ557347.1	tRNA	trnI(gat)	tRNA-Ile	9713-9782:1
MZ557347.1	tRNA	trnN(gtt)	tRNA-Asn	10734-10802:1
MZ557347.1	CDS	cox2	cytochrome c oxidase subunit 2	10802-11492:1
MZ557347.1	tRNA	trnD(gtc)	tRNA-Asp	11493-11560:1
MZ557347.1	CDS	atp8	ATP synthase F0 subunit 8	11561-11723:1
MZ557347.1	tRNA	trnY(gta)	tRNA-Tyr	11726-11793:1
MZ557347.1	tRNA	trnG(tcc)	tRNA-Gly	11794-11859:1
MZ557347.1	CDS	cox3	cytochrome c oxidase subunit 3	11860-12640:1
MZ557347.1	tRNA	trnQ(ttg)	tRNA-Gln	12643-12712:1
MZ557347.1	CDS	nad6	NADH dehydrogenase subunit 6	12712-13192:1
MZ557347.1	CDS	cob	cytochrome b	13184-14324:1
MZ557347.1	tRNA	trnW(tca)	tRNA-Trp	14322-14388:1
MZ557347.1	CDS	atp6	ATP synthase F0 subunit 6	14392-15094:1
MZ557347.1	tRNA	trnR(tcg)	tRNA-Arg	15095-15152:1
MZ557347.1	tRNA	trnH(gtg)	tRNA-His	15152-15220:1
MZ557347.1	CDS	nad3	NADH dehydrogenase subunit 3	15221-15572:1
MZ557347.1	tRNA	trnS1(tct)	tRNA-Ser	15570-15639:1
NC_000931.1	CDS	COX1	cytochrome c oxidase subunit I	0-1534:1
NC_000931.1	tRNA		tRNA-Asn	1534-1598:1
NC_000931.1	CDS	COX2	cytochrome c oxidase subunit II	1598-2291:1
NC_000931.1	tRNA		tRNA-Gly	2352-2415:1
NC_000931.1	tRNA		tRNA-Tyr	3506-3573:1
NC_000931.1	CDS	ATP8	ATP synthase F0 subunit 8	3633-3793:1
NC_000931.1	tRNA		tRNA-Met	3793-3858:1
NC_000931.1	tRNA		tRNA-Asp	3861-3924:1
NC_000931.1	CDS	COX3	cytochrome c oxidase subunit III	3956-4734:1
NC_000931.1	tRNA		tRNA-Gln	4734-4797:1
NC_000931.1	CDS	ND6	NADH dehydrogenase subunit 6	4806-5263:1
NC_000931.1	CDS	CYTB	cytochrome b	5263-6398:1
NC_000931.1	tRNA		tRNA-Trp	6398-6462:1
NC_000931.1	CDS	ATP6	ATP synthase F0 subunit 6	6462-7158:1
NC_000931.1	tRNA		tRNA-Arg	7160-7217:1
NC_000931.1	tRNA		tRNA-His	7215-7278:1
NC_000931.1	CDS	ND5	NADH dehydrogenase subunit 5	7278-8959:1
NC_000931.1	tRNA		tRNA-Phe	8959-9024:1
NC_000931.1	tRNA		tRNA-Glu	9024-9088:1
NC_000931.1	tRNA		tRNA-Pro	9086-9150:1
NC_000931.1	tRNA		tRNA-Thr	9151-9217:1
NC_000931.1	CDS	ND4L	NADH dehydrogenase subunit 4L	9217-9505:1
NC_000931.1	CDS	ND4	NADH dehydrogenase subunit 4	9498-10827:1
NC_000931.1	rRNA		small subunit ribosomal RNA	10827-11617:1
NC_000931.1	tRNA		tRNA-Val	11617-11680:1
NC_000931.1	rRNA		large subunit ribosomal RNA	11680-12852:1
NC_000931.1	tRNA		tRNA-Leu	12852-12915:1
NC_000931.1	tRNA		tRNA-Ser	12920-12977:1
NC_000931.1	tRNA		tRNA-Ala	12979-13043:1
NC_000931.1	tRNA		tRNA-Leu	13042-13104:1
NC_000931.1	CDS	ND1	NADH dehydrogenase subunit 1	13104-14029:1
NC_000931.1	tRNA		tRNA-Ile	14029-14093:1
NC_000931.1	tRNA		tRNA-Lys	14093-14158:1
NC_000931.1	CDS	ND3	NADH dehydrogenase subunit 3	14158-14501:1
NC_000931.1	tRNA		tRNA-Ser	14501-14569:1
NC_000931.1	CDS	ND2	NADH dehydrogenase subunit 2	14569-15555:1
NC_000931.1	tRNA		tRNA-Cys	15555-15618:1
NC_001673.1	CDS	COX1	cytochrome c oxidase subunit I	0-1540:1
NC_001673.1	tRNA		tRNA-Asn	1540-1601:1
NC_001673.1	CDS	COX2	cytochrome c oxidase subunit II	1602-2287:1
NC_001673.1	tRNA		tRNA-Asp	2288-2349:1
NC_001673.1	CDS	ATP8	ATP synthase F0 subunit 8	2349-2509:1
NC_001673.1	tRNA		tRNA-Tyr	2509-2573:1
NC_001673.1	tRNA		tRNA-Gly	2571-2633:1
NC_001673.1	CDS	COX3	cytochrome c oxidase subunit III	2634-3412:1
NC_001673.1	tRNA		tRNA-Gln	3413-3482:1
NC_001673.1	CDS	ND6	NADH dehydrogenase subunit 6	3482-3951:1
NC_001673.1	CDS	CYTB	cytochrome b	3951-5089:1
NC_001673.1	tRNA		tRNA-Trp	5155-5217:1
NC_001673.1	CDS	ATP6	ATP synthase F0 subunit 6	5219-5913:1
NC_001673.1	tRNA		tRNA-Arg	5913-5980:1
NC_001673.1	tRNA		tRNA-His	6364-6426:1
NC_001673.1	CDS	ND5	NADH dehydrogenase subunit 5	6426-8149:1
NC_001673.1	tRNA		tRNA-Phe	8150-8212:1
NC_001673.1	tRNA		tRNA-Glu	8212-8277:1
NC_001673.1	tRNA		tRNA-Pro	8275-8337:1
NC_001673.1	tRNA		tRNA-Thr	8337-8401:1
NC_001673.1	CDS	ND4L	NADH dehydrogenase subunit 4L	8401-8698:1
NC_001673.1	CDS	ND4	NADH dehydrogenase subunit 4	8691-10045:1
NC_001673.1	tRNA		tRNA-Cys	10048-10113:1
NC_001673.1	tRNA		tRNA-Met	10113-10176:1
NC_001673.1	rRNA		s-rRNA	10176-10961:1
NC_001673.1	tRNA		tRNA-Val	10961-11023:1
NC_001673.1	rRNA		l-rRNA	11024-12269:1
NC_001673.1	tRNA		tRNA-Leu	12269-12330:1
NC_001673.1	tRNA		tRNA-Ala	12330-12392:1
NC_001673.1	tRNA		tRNA-Ser	12392-12455:1
NC_001673.1	tRNA		tRNA-Leu	12456-12521:1
NC_001673.1	CDS	ND1	NADH dehydrogenase subunit 1	12522-13447:1
NC_001673.1	tRNA		tRNA-Ile	13447-13512:1
NC_001673.1	tRNA		tRNA-Lys	13512-13576:1
NC_001673.1	CDS	ND3	NADH dehydrogenase subunit 3	13576-13928:1
NC_001673.1	tRNA		tRNA-Ser	13928-13992:1
NC_001673.1	CDS	ND2	NADH dehydrogenase subunit 2	13992-14998:1
NC_006321.1	CDS	COX1	cytochrome c oxidase subunit I	0-1542:1
NC_006321.1	tRNA		tRNA-Asn	1542-1605:1
NC_006321.1	CDS	COX2	cytochrome c oxidase subunit II	1605-2290:1
NC_006321.1	tRNA		tRNA-Asp	2290-2356:1
NC_006321.1	CDS	ATP8	ATP synthase F0 subunit 8	2356-2513:1
NC_006321.1	tRNA		tRNA-Tyr	2513-2575:1
NC_006321.1	tRNA		tRNA-Gly	2574-2640:1
NC_006321.1	CDS	COX3	cytochrome c oxidase subunit III	2640-3418:1
NC_006321.1	tRNA		tRNA-Gln	3418-3484:1
NC_006321.1	CDS	ND6	NADH dehydrogenase subunit 6	3484-3952:1
NC_006321.1	CDS	CYTB	cytochrome b	3956-5091:1
NC_006321.1	tRNA		tRNA-Trp	5091-5156:1
NC_006321.1	CDS	ATP6	ATP synthase F0 subunit 6	5156-5853:1
NC_006321.1	tRNA		tRNA-Arg	5853-5918:1
NC_006321.1	tRNA		tRNA-Lys	6740-6803:1
NC_006321.1	tRNA		tRNA-His	6804-6869:1
NC_006321.1	CDS	ND5	NADH dehydrogenase subunit 5	6869-8593:1
NC_006321.1	tRNA		tRNA-Phe	8593-8657:1
NC_006321.1	tRNA		tRNA-Glu	8656-8721:1
NC_006321.1	tRNA		tRNA-Pro	8721-8786:1
NC_006321.1	tRNA		tRNA-Thr	8785-8849:1
NC_006321.1	CDS	ND4L	NADH dehydrogenase subunit 4L	8849-9152:1
NC_006321.1	CDS	ND4	NADH dehydrogenase subunit 4	9181-10523:1
NC_006321.1	tRNA		tRNA-Cys	10517-10582:1
NC_006321.1	tRNA		tRNA-Met	10582-10644:1
NC_006321.1	rRNA		s-rRNA	10644-11465:1
NC_006321.1	tRNA		tRNA-Val	11465-11533:1
NC_006321.1	rRNA		l-rRNA	11535-12830:1
NC_006321.1	tRNA		tRNA-Leu	12833-12897:1
NC_006321.1	tRNA		tRNA-Ala	12898-12961:1
NC_006321.1	tRNA		tRNA-Ser	12962-13026:1
NC_006321.1	tRNA		tRNA-Leu	13025-13091:1
NC_006321.1	CDS	ND1	NADH dehydrogenase subunit 1	13091-14022:1
NC_006321.1	tRNA		tRNA-Ile	14022-14089:1
NC_006321.1	CDS	ND3	NADH dehydrogenase subunit 3	14100-14451:1
NC_006321.1	tRNA		tRNA-Ser	14452-14520:1
NC_006321.1	CDS	ND2	NADH dehydrogenase subunit 2	14520-15534:1
NC_006379.1	CDS	COX1	cytochrome c oxidase subunit I	0-1533:1
NC_006379.1	CDS	COX2	cytochrome c oxidase subunit II	1538-2230:1
NC_006379.1	tRNA		tRNA-Pro	2230-2296:1
NC_006379.1	tRNA		tRNA-Asp	2296-2359:1
NC_006379.1	CDS	ATP8	ATP synthase F0 subunit 8	2359-2530:1
NC_006379.1	tRNA		tRNA-Thr	2531-2595:1
NC_006379.1	CDS	ND4L	NADH dehydrogenase subunit 4L	2595-2889:1
NC_006379.1	CDS	ND4	NADH dehydrogenase subunit 4	2882-4229:1
NC_006379.1	tRNA		tRNA-Met	4231-4297:1
NC_006379.1	tRNA		tRNA-Asn	4303-4366:1
NC_006379.1	tRNA		tRNA-Gly	4367-4430:1
NC_006379.1	CDS	ND2	NADH dehydrogenase subunit 2	4431-5436:1
NC_006379.1	tRNA		tRNA-Tyr	5434-5498:1
NC_006379.1	tRNA		tRNA-Leu	5499-5565:1
NC_006379.1	tRNA		tRNA-Ala	5569-5633:1
NC_006379.1	tRNA		tRNA-Ser	5633-5700:1
NC_006379.1	tRNA		tRNA-Leu	5704-5768:1
NC_006379.1	CDS	ND1	NADH dehydrogenase subunit 1	5769-6706:1
NC_006379.1	tRNA		tRNA-Ile	6706-6773:1
NC_006379.1	tRNA		tRNA-Lys	6773-6838:1
NC_006379.1	CDS	ND3	NADH dehydrogenase subunit 3	6838-7195:1
NC_006379.1	rRNA		s-rRNA	7195-8098:1
NC_006379.1	rRNA		l-rRNA	8098-9364:1
NC_006379.1	tRNA		tRNA-Val	9364-9427:1
NC_006379.1	tRNA		tRNA-Ser	9427-9494:1
NC_006379.1	CDS	COX3	cytochrome c oxidase subunit III	9537-10317:1
NC_006379.1	tRNA		tRNA-Gln	10600-10668:1
NC_006379.1	CDS	ND6	NADH dehydrogenase subunit 6	10668-11136:1
NC_006379.1	CDS	CYTB	cytochrome b	11137-12268:1
NC_006379.1	tRNA		tRNA-Trp	12266-12329:1
NC_006379.1	CDS	ATP6	ATP synthase F0 subunit 6	12329-13073:1
NC_006379.1	tRNA		tRNA-Arg	13074-13137:1
NC_006379.1	tRNA		tRNA-His	13137-13201:1
NC_006379.1	CDS	ND5	NADH dehydrogenase subunit 5	13201-14906:1
NC_006379.1	tRNA		tRNA-Phe	14906-14973:1
NC_006379.1	tRNA		tRNA-Cys	14974-15039:1
NC_006379.1	tRNA		tRNA-Glu	15041-15107:1
NC_007933.1	CDS	COX1	cytochrome c oxidase subunit I	0-1563:1
NC_007933.1	tRNA		tRNA-Asn	1564-1633:1
NC_007933.1	CDS	COX2	cytochrome c oxidase subunit II	1634-2330:1
NC_007933.1	tRNA		tRNA-Asp	2335-2402:1
NC_007933.1	CDS	ATP8	ATP synthase F0 subunit 8	2403-2562:1
NC_007933.1	tRNA		tRNA-Tyr	2560-2626:1
NC_007933.1	CDS	COX3	cytochrome c oxidase subunit III	2751-3531:1
NC_007933.1	tRNA		tRNA-Gln	3534-3599:1
NC_007933.1	CDS	ND6	NADH dehydrogenase subunit 6	3599-4058:1
NC_007933.1	CDS	CYTB	cytochrome b	4050-5196:1
NC_007933.1	tRNA		tRNA-Trp	5195-5263:1
NC_007933.1	CDS	ATP6	ATP synthase F0 subunit 6	5263-5974:1
NC_007933.1	tRNA		tRNA-Arg	5972-6038:1
NC_007933.1	tRNA		tRNA-Ala	6038-6103:1
NC_007933.1	tRNA		tRNA-His	6103-6169:1
NC_007933.1	CDS	ND5	NADH dehydrogenase subunit 5	6168-7869:1
NC_007933.1	tRNA		tRNA-Phe	7864-7930:1
NC_007933.1	tRNA		tRNA-Glu	7929-7996:1
NC_007933.1	tRNA		tRNA-Pro	7996-8061:1
NC_007933.1	tRNA		tRNA-Thr	8063-8133:1
NC_007933.1	CDS	ND4L	NADH dehydrogenase subunit 4L	8133-8412:1
NC_007933.1	CDS	ND4	NADH dehydrogenase subunit 4	8405-9746:1
NC_007933.1	tRNA		tRNA-Cys	9745-9811:1
NC_007933.1	tRNA		tRNA-Leu	9816-9887:1
NC_007933.1	tRNA		tRNA-Leu	10520-10586:1
NC_007933.1	tRNA		tRNA-Met	10590-10655:1
NC_007933.1	rRNA		s-rRNA	10655-11488:1
NC_007933.1	tRNA		tRNA-Val	11488-11554:1
NC_007933.1	rRNA		l-rRNA	11554-12888:1
NC_007933.1	tRNA		tRNA-Ser	12888-12955:1
NC_007933.1	CDS	ND1	NADH dehydrogenase subunit 1	12993-13918:1
NC_007933.1	tRNA		tRNA-Ile	13918-13981:1
NC_007933.1	tRNA		tRNA-Lys	13983-14048:1
NC_007933.1	CDS	ND3	NADH dehydrogenase subunit 3	14048-14399:1
NC_007933.1	tRNA		tRNA-Ser	14398-14464:1
NC_007933.1	CDS	ND2	NADH dehydrogenase subunit 2	14465-15446:1
NC_007933.1	tRNA		tRNA-Gly	15446-15512:1
NC_009631.1	CDS	COX1	cytochrome c oxidase subunit I	0-1542:1
NC_009631.1	tRNA		tRNA-Asn	1549-1612:1
NC_009631.1	CDS	COX2	cytochrome c oxidase subunit II	1613-2298:1
NC_009631.1	tRNA		tRNA-Asp	2299-2360:1
NC_009631.1	CDS	ATP8	ATP synthase F0 subunit 8	2360-2520:1
NC_009631.1	tRNA		tRNA-Tyr	2520-2583:1
NC_009631.1	tRNA		tRNA-Gly	2581-2646:1
NC_009631.1	CDS	COX3	cytochrome c oxidase subunit III	2645-3423:1
NC_009631.1	tRNA		tRNA-Gln	3423-3492:1
NC_009631.1	CDS	ND6	NADH dehydrogenase subunit 6	3492-3958:1
NC_009631.1	CDS	CYTB	cytochrome b	3958-5096:1
NC_009631.1	tRNA		tRNA-Trp	5096-5159:1
NC_009631.1	CDS	ATP6	ATP synthase F0 subunit 6	5161-5857:1
NC_009631.1	tRNA		tRNA-His	6419-6481:1
NC_009631.1	CDS	ND5	NADH dehydrogenase subunit 5	6481-8199:1
NC_009631.1	tRNA		tRNA-Phe	8198-8261:1
NC_009631.1	tRNA		tRNA-Glu	8261-8325:1
NC_009631.1	tRNA		tRNA-Pro	8323-8386:1
NC_009631.1	tRNA		tRNA-Thr	8388-8453:1
NC_009631.1	CDS	ND4L	NADH dehydrogenase subunit 4L	8453-8750:1
NC_009631.1	CDS	ND4	NADH dehydrogenase subunit 4	8743-10100:1
NC_009631.1	tRNA		tRNA-Cys	10101-10165:1
NC_009631.1	tRNA		tRNA-Met	10167-10231:1
NC_009631.1	rRNA		s-rRNA	10231-11031:1
NC_009631.1	tRNA		tRNA-Val	11031-11095:1
NC_009631.1	rRNA		l-rRNA	11093-12350:1
NC_009631.1	tRNA		tRNA-Leu	12351-12413:1
NC_009631.1	tRNA		tRNA-Ala	12415-12477:1
NC_009631.1	tRNA		tRNA-Ser	12475-12541:1
NC_009631.1	tRNA		tRNA-Leu	12541-12603:1
NC_009631.1	CDS	ND1	NADH dehydrogenase subunit 1	12604-13529:1
NC_009631.1	tRNA		tRNA-Ile	13529-13593:1
NC_009631.1	tRNA		tRNA-Lys	13593-13657:1
NC_009631.1	CDS	ND3	NADH dehydrogenase subunit 3	13657-14011:1
NC_009631.1	tRNA		tRNA-Ser	14012-14076:1
NC_009631.1	CDS	ND2	NADH dehydrogenase subunit 2	14077-15083:1
NC_011014.1	CDS	COX1	cytochrome c oxidase subunit I	0-1545:1
NC_011014.1	tRNA		tRNA-Asn	1547-1614:1
NC_011014.1	CDS	COX2	cytochrome c oxidase subunit II	1614-2301:1
NC_011014.1	tRNA		tRNA-Asp	2302-2366:1
NC_011014.1	CDS	ATP8	ATP synthase F0 subunit 8	2366-2528:1
NC_011014.1	tRNA		tRNA-Tyr	2530-2597:1
NC_011014.1	tRNA		tRNA-Gly	2603-2670:1
NC_011014.1	CDS	COX3	cytochrome c oxidase subunit III	2670-3450:1
NC_011014.1	tRNA		tRNA-Gln	3466-3531:1
NC_011014.1	CDS	ND6	NADH dehydrogenase subunit 6	3531-4014:1
NC_011014.1	CDS	CYTB	cytochrome b	4019-5154:1
NC_011014.1	tRNA		tRNA-Trp	5154-5222:1
NC_011014.1	CDS	ATP6	ATP synthase F0 subunit 6	5222-5924:1
NC_011014.1	tRNA		tRNA-Arg	5930-5994:1
NC_011014.1	tRNA		tRNA-His	6797-6867:1
NC_011014.1	CDS	ND5	NADH dehydrogenase subunit 5	6868-8593:1
NC_011014.1	tRNA		tRNA-Phe	8595-8662:1
NC_011014.1	tRNA		tRNA-Glu	8662-8729:1
NC_011014.1	tRNA		tRNA-Pro	8729-8797:1
NC_011014.1	tRNA		tRNA-Thr	8797-8862:1
NC_011014.1	CDS	ND4L	NADH dehydrogenase subunit 4L	8862-9153:1
NC_011014.1	CDS	ND4	NADH dehydrogenase subunit 4	9146-10506:1
NC_011014.1	tRNA		tRNA-Cys	10506-10571:1
NC_011014.1	tRNA		tRNA-Met	10581-10648:1
NC_011014.1	tRNA		tRNA-Met	10652-10715:1
NC_011014.1	rRNA		s-rRNA	10715-11552:1
NC_011014.1	tRNA		tRNA-Val	11552-11622:1
NC_011014.1	rRNA		l-rRNA	11622-12931:1
NC_011014.1	tRNA		tRNA-Leu	12931-12994:1
NC_011014.1	tRNA		tRNA-Ala	13011-13078:1
NC_011014.1	tRNA		tRNA-Ser	13083-13151:1
NC_011014.1	tRNA		tRNA-Leu	13164-13229:1
NC_011014.1	CDS	ND1	NADH dehydrogenase subunit 1	13229-14163:1
NC_011014.1	tRNA		tRNA-Ile	14163-14234:1
NC_011014.1	tRNA		tRNA-Lys	14234-14301:1
NC_011014.1	CDS	ND3	NADH dehydrogenase subunit 3	14301-14655:1
NC_011014.1	tRNA		tRNA-Ser	14658-14721:1
NC_011014.1	CDS	ND2	NADH dehydrogenase subunit 2	14729-15755:1
NC_011826.1	CDS	COX1	cytochrome c oxidase subunit I	0-1550:1
NC_011826.1	tRNA		tRNA-Asn	1555-1624:1
NC_011826.1	CDS	COX2	cytochrome c oxidase subunit II	1624-2319:1
NC_011826.1	tRNA		tRNA-Asp	2319-2385:1
NC_011826.1	CDS	ATP8	ATP synthase F0 subunit 8	2385-2544:1
NC_011826.1	tRNA		tRNA-Tyr	2546-2609:1
NC_011826.1	tRNA		tRNA-Glu	2645-2712:1
NC_011826.1	tRNA		tRNA-Gly	2713-2780:1
NC_011826.1	CDS	COX3	cytochrome c oxidase subunit III	2780-3560:1
NC_011826.1	tRNA		tRNA-Gln	3564-3632:1
NC_011826.1	CDS	ND6	NADH dehydrogenase subunit 6	3632-4106:1
NC_011826.1	CDS	CYTB	cytochrome b	4107-5247:1
NC_011826.1	tRNA		tRNA-Pro	5254-5322:1
NC_011826.1	tRNA		tRNA-Ser	5322-5389:1
NC_011826.1	tRNA		tRNA-Cys	5394-5455:1
NC_011826.1	tRNA		tRNA-Met	5460-5527:1
NC_011826.1	rRNA		s-rRNA	5527-6373:1
NC_011826.1	tRNA		tRNA-Val	6373-6442:1
NC_011826.1	rRNA		l-rRNA	6442-7929:1
NC_011826.1	tRNA		tRNA-Leu	7929-7995:1
NC_011826.1	tRNA		tRNA-Ala	8002-8070:1
NC_011826.1	tRNA		tRNA-Ile	8070-8139:1
NC_011826.1	tRNA		tRNA-Lys	8139-8207:1
NC_011826.1	CDS	ND3	NADH dehydrogenase subunit 3	8207-8565:1
NC_011826.1	tRNA		tRNA-Phe	8567-8631:1
NC_011826.1	tRNA		tRNA-Thr	9072-9142:1
NC_011826.1	CDS	ND4L	NADH dehydrogenase subunit 4L	9142-9424:1
NC_011826.1	CDS	ND4	NADH dehydrogenase subunit 4	9417-10774:1
NC_011826.1	tRNA		tRNA-Leu	10781-10846:1
NC_011826.1	CDS	ND1	NADH dehydrogenase subunit 1	10846-11789:1
NC_011826.1	tRNA		tRNA-Trp	11789-11855:1
NC_011826.1	CDS	ATP6	ATP synthase F0 subunit 6	11862-12550:1
NC_011826.1	tRNA		tRNA-Arg	12550-12619:1
NC_011826.1	tRNA		tRNA-His	12620-12688:1
NC_011826.1	CDS	ND5	NADH dehydrogenase subunit 5	12727-14425:1
NC_011826.1	tRNA		tRNA-Ser	14446-14518:1
NC_011826.1	CDS	ND2	NADH dehydrogenase subunit 2	14517-15502:1
NC_012618.1	CDS	COX1	cytochrome c oxidase subunit I	0-1560:1
NC_012618.1	tRNA		tRNA-Asp	1562-1628:1
NC_012618.1	CDS	COX2	cytochrome c oxidase subunit II	1668-2364:1
NC_012618.1	tRNA		tRNA-Leu	2374-2436:1
NC_012618.1	tRNA		tRNA-Asn	2437-2506:1
NC_012618.1	tRNA		tRNA-Tyr	2506-2578:1
NC_012618.1	tRNA		tRNA-Glu	2577-2645:1
NC_012618.1	tRNA		tRNA-Gly	2642-2708:1
NC_012618.1	tRNA		tRNA-Val	2711-2774:1
NC_012618.1	CDS	ATP8	ATP synthase F0 subunit 8	2787-2952:1
NC_012618.1	tRNA		tRNA-Gln	2958-3026:1
NC_012618.1	CDS	COX3	cytochrome c oxidase subunit III	3132-3936:1
NC_012618.1	CDS	ND6	NADH dehydrogenase subunit 6	3940-4414:1
NC_012618.1	CDS	CYTB	cytochrome b	4416-5552:1
NC_012618.1	tRNA		tRNA-Pro	5552-5617:1
NC_012618.1	tRNA		tRNA-Ser	5616-5683:1
NC_012618.1	tRNA		tRNA-Cys	5682-5743:1
NC_012618.1	tRNA		tRNA-Met	5745-5807:1
NC_012618.1	tRNA		tRNA-Met	5807-5868:1
NC_012618.1	rRNA		12S ribosomal RNA	5868-6706:1
NC_012618.1	rRNA		16S ribosomal RNA	6706-7981:1
NC_012618.1	tRNA		tRNA-Ile	7981-8046:1
NC_012618.1	tRNA		tRNA-Lys	8046-8110:1
NC_012618.1	CDS	ND3	NADH dehydrogenase subunit 3	8110-8474:1
NC_012618.1	tRNA		tRNA-Phe	8474-8537:1
NC_012618.1	tRNA		tRNA-Thr	8538-8600:1
NC_012618.1	CDS	ND4L	NADH dehydrogenase subunit 4L	8601-8886:1
NC_012618.1	CDS	ND4	NADH dehydrogenase subunit 4	8882-10233:1
NC_012618.1	tRNA		tRNA-Leu	10233-10296:1
NC_012618.1	CDS	ND1	NADH dehydrogenase subunit 1	10881-11796:1
NC_012618.1	tRNA		tRNA-Trp	11798-11860:1
NC_012618.1	CDS	ATP6	ATP synthase F0 subunit 6	11860-12556:1
NC_012618.1	tRNA		tRNA-His	12619-12680:1
NC_012618.1	CDS	ND5	NADH dehydrogenase subunit 5	12680-14396:1
NC_012618.1	tRNA		tRNA-Ser	14398-14464:1
NC_012618.1	tRNA		tRNA-Ala	14467-14530:1
NC_012618.1	CDS	ND2	NADH dehydrogenase subunit 2	14524-15494:1
NC_012768.1	CDS	COX1	cytochrome c oxidase subunit I	0-1533:1
NC_012768.1	CDS	COX2	cytochrome c oxidase subunit II	1538-2230:1
NC_012768.1	tRNA		tRNA-Pro	2230-2297:1
NC_012768.1	tRNA		tRNA-Asp	2297-2361:1
NC_012768.1	CDS	ATP8	ATP synthase F0 subunit 8	2362-2533:1
NC_012768.1	tRNA		tRNA-Thr	2534-2598:1
NC_012768.1	CDS	ND4L	NADH dehydrogenase subunit 4L	2598-2892:1
NC_012768.1	CDS	ND4	NADH dehydrogenase subunit 4	2885-4232:1
NC_012768.1	tRNA		tRNA-Met	4233-4299:1
NC_012768.1	tRNA		tRNA-Asn	4304-4367:1
NC_012768.1	tRNA		tRNA-Gly	4368-4431:1
NC_012768.1	CDS	ND2	NADH dehydrogenase subunit 2	4432-5437:1
NC_012768.1	tRNA		tRNA-Tyr	5435-5499:1
NC_012768.1	tRNA		tRNA-Leu	5500-5566:1
NC_012768.1	tRNA		tRNA-Ala	5570-5634:1
NC_012768.1	tRNA		tRNA-Ser	5634-5701:1
NC_012768.1	tRNA		tRNA-Leu	5704-5767:1
NC_012768.1	CDS	ND1	NADH dehydrogenase subunit 1	5768-6705:1
NC_012768.1	tRNA		tRNA-Ile	6705-6772:1
NC_012768.1	tRNA		tRNA-Lys	6772-6837:1
NC_012768.1	CDS	ND3	NADH dehydrogenase subunit 3	6837-7194:1
NC_012768.1	rRNA		s-rRNA	7194-8098:1
NC_012768.1	rRNA		l-rRNA	8098-9376:1
NC_012768.1	tRNA		tRNA-Val	9376-9438:1
NC_012768.1	tRNA		tRNA-Ser	9438-9505:1
NC_012768.1	CDS	COX3	cytochrome c oxidase subunit III	9547-10327:1
NC_012768.1	tRNA		tRNA-Gln	11250-11318:1
NC_012768.1	CDS	ND6	NADH dehydrogenase subunit 6	11318-11786:1
NC_012768.1	CDS	CYTB	cytochrome b	11787-12916:1
NC_012768.1	tRNA		tRNA-Trp	12916-12979:1
NC_012768.1	CDS	ATP6	ATP synthase F0 subunit 6	12979-13723:1
NC_012768.1	tRNA		tRNA-Arg	13723-13789:1
NC_012768.1	tRNA		tRNA-His	13788-13852:1
NC_012768.1	CDS	ND5	NADH dehydrogenase subunit 5	13852-15557:1
NC_012768.1	tRNA		tRNA-Phe	15557-15623:1
NC_012768.1	tRNA		tRNA-Cys	15624-15689:1
NC_012768.1	tRNA		tRNA-Glu	15690-15755:1
NC_013569.1	CDS	COX1	cytochrome c oxidase subunit I	0-1534:1
NC_013569.1	tRNA		tRNA-Asn	1534-1596:1
NC_013569.1	CDS	COX2	cytochrome c oxidase subunit II	1596-2275:1
NC_013569.1	tRNA		tRNA-Asp	2275-2347:1
NC_013569.1	CDS	ATP8	ATP synthase F0 subunit 8	2339-2490:1
NC_013569.1	tRNA		tRNA-Gly	2490-2549:1
NC_013569.1	tRNA		tRNA-Tyr	2549-2619:1
NC_013569.1	CDS	COX3	cytochrome c oxidase subunit III	2623-3422:1
NC_013569.1	tRNA		tRNA-Gln	3422-3491:1
NC_013569.1	CDS	ND6	NADH dehydrogenase subunit 6	3491-3948:1
NC_013569.1	CDS	CYTB	cytochrome b	3948-5094:1
NC_013569.1	tRNA		tRNA-Trp	5099-5160:1
NC_013569.1	CDS	ATP6	ATP synthase F0 subunit 6	5221-5926:1
NC_013569.1	tRNA		tRNA-Arg	5942-5983:1
NC_013569.1	tRNA		tRNA-His	6063-6119:1
NC_013569.1	CDS	ND5	NADH dehydrogenase subunit 5	6126-7822:1
NC_013569.1	tRNA		tRNA-Phe	7823-7885:1
NC_013569.1	tRNA		tRNA-Glu	7885-7946:1
NC_013569.1	tRNA		tRNA-Pro	7944-8003:1
NC_013569.1	tRNA		tRNA-Thr	8006-8065:1
NC_013569.1	CDS	ND4L	NADH dehydrogenase subunit 4L	8065-8353:1
NC_013569.1	CDS	ND4	NADH dehydrogenase subunit 4	8346-9679:1
NC_013569.1	tRNA		tRNA-Cys	9688-9749:1
NC_013569.1	tRNA		tRNA-Met	9749-9812:1
NC_013569.1	rRNA		s-rRNA	9812-10544:1
NC_013569.1	tRNA		tRNA-Val	10544-10607:1
NC_013569.1	rRNA		l-rRNA	10607-11745:1
NC_013569.1	tRNA		tRNA-Leu	11745-11806:1
NC_013569.1	tRNA		tRNA-Ser	11805-11873:1
NC_013569.1	tRNA		tRNA-Ala	11873-11933:1
NC_013569.1	tRNA		tRNA-Leu	11932-11993:1
NC_013569.1	CDS	ND1	NADH dehydrogenase subunit 1	12005-12879:1
NC_013569.1	tRNA		tRNA-Ile	12912-12974:1
NC_013569.1	tRNA		tRNA-Lys	12975-13039:1
NC_013569.1	CDS	ND3	NADH dehydrogenase subunit 3	13040-13385:1
NC_013569.1	tRNA		tRNA-Ser	13370-13453:1
NC_013569.1	CDS	ND2	NADH dehydrogenase subunit 2	13438-14420:1
NC_020609.1	CDS	COX1	cytochrome c oxidase subunit I	0-1537:1
NC_020609.1	tRNA		tRNA-Asn	1538-1600:1
NC_020609.1	CDS	COX2	cytochrome c oxidase subunit II	1601-2291:1
NC_020609.1	tRNA		tRNA-Gly	2366-2417:1
NC_020609.1	tRNA		tRNA-Tyr	3592-3650:1
NC_020609.1	CDS	ATP8	ATP synthase F0 subunit 8	3726-3891:1
NC_020609.1	tRNA		tRNA-Met	3891-3952:1
NC_020609.1	tRNA		tRNA-Asp	3952-4015:1
NC_020609.1	CDS	COX3	cytochrome c oxidase subunit III	4041-4824:1
NC_020609.1	tRNA		tRNA-Gln	4824-4879:1
NC_020609.1	CDS	ND6	NADH dehydrogenase subunit 6	4891-5348:1
NC_020609.1	CDS	CYTB	cytochrome b	5348-6485:1
NC_020609.1	tRNA		tRNA-Trp	6486-6539:1
NC_020609.1	CDS	ATP6	ATP synthase F0 subunit 6	6549-7245:1
NC_020609.1	tRNA		tRNA-Arg	7255-7321:1
NC_020609.1	tRNA		tRNA-His	7304-7362:1
NC_020609.1	CDS	ND5	NADH dehydrogenase subunit 5	7370-9051:1
NC_020609.1	tRNA		tRNA-Phe	9051-9108:1
NC_020609.1	tRNA		tRNA-Glu	9125-9184:1
NC_020609.1	tRNA		tRNA-Pro	9188-9244:1
NC_020609.1	tRNA		tRNA-Thr	9265-9332:1
NC_020609.1	CDS	ND4L	NADH dehydrogenase subunit 4L	9332-9620:1
NC_020609.1	CDS	ND4	NADH dehydrogenase subunit 4	9613-10945:1
NC_020609.1	rRNA		s-rRNA	10945-11750:1
NC_020609.1	tRNA		tRNA-Val	11750-11813:1
NC_020609.1	rRNA		l-rRNA	11813-13012:1
NC_020609.1	tRNA		tRNA-Leu	13012-13075:1
NC_020609.1	tRNA		tRNA-Ser	13075-13130:1
NC_020609.1	tRNA		tRNA-Ala	13166-13226:1
NC_020609.1	tRNA		tRNA-Leu	13232-13293:1
NC_020609.1	CDS	ND1	NADH dehydrogenase subunit 1	13294-14219:1
NC_020609.1	tRNA		tRNA-Ile	14219-14283:1
NC_020609.1	tRNA		tRNA-Lys	14288-14352:1
NC_020609.1	CDS	ND3	NADH dehydrogenase subunit 3	14352-14697:1
NC_020609.1	tRNA		tRNA-Ser	14697-14753:1
NC_020609.1	CDS	ND2	NADH dehydrogenase subunit 2	14763-15762:1
NC_020609.1	tRNA		tRNA-Cys	15762-15817:1
NC_023124.1	CDS	COX1	cytochrome c oxidase subunit I	0-1532:1
NC_023124.1	CDS	COX2	cytochrome c oxidase subunit II	1596-2281:1
NC_023124.1	tRNA		tRNA-Asp	2281-2347:1
NC_023124.1	CDS	ATP8	ATP synthase F0 subunit 8	2347-2509:1
NC_023124.1	tRNA		tRNA-Tyr	2508-2570:1
NC_023124.1	CDS	COX3	cytochrome c oxidase subunit III	2570-3350:1
NC_023124.1	tRNA		tRNA-Gln	3353-3423:1
NC_023124.1	CDS	ND6	NADH dehydrogenase subunit 6	3447-3916:1
NC_023124.1	CDS	CYTB	cytochrome b	3916-5053:1
NC_023124.1	tRNA		tRNA-Trp	5050-5116:1
NC_023124.1	CDS	ATP6	ATP synthase F0 subunit 6	5115-5817:1
NC_023124.1	tRNA		tRNA-Ser	5825-5887:1
NC_023124.1	tRNA		tRNA-His	5888-5952:1
NC_023124.1	CDS	ND5	NADH dehydrogenase subunit 5	5955-7669:1
NC_023124.1	tRNA		tRNA-Phe	7668-7731:1
NC_023124.1	tRNA		tRNA-Glu	7770-7834:1
NC_023124.1	tRNA		tRNA-Pro	7845-7909:1
NC_023124.1	tRNA		tRNA-Thr	7909-7971:1
NC_023124.1	CDS	ND4L	NADH dehydrogenase subunit 4L	7971-8268:1
NC_023124.1	CDS	ND4	NADH dehydrogenase subunit 4	8261-9611:1
NC_023124.1	tRNA		tRNA-Cys	9609-9674:1
NC_023124.1	tRNA		tRNA-Met	9675-9740:1
NC_023124.1	rRNA		s-rRNA	9740-10511:1
NC_023124.1	tRNA		tRNA-Val	10511-10569:1
NC_023124.1	rRNA		l-rRNA	10569-11785:1
NC_023124.1	tRNA		tRNA-Leu	11785-11849:1
NC_023124.1	tRNA		tRNA-Ala	11851-11913:1
NC_023124.1	tRNA		tRNA-Ser	11912-11979:1
NC_023124.1	CDS	ND1	NADH dehydrogenase subunit 1	11978-12908:1
NC_023124.1	tRNA		tRNA-Ile	12907-12973:1
NC_023124.1	tRNA		tRNA-Lys	12971-13037:1
NC_023124.1	tRNA		tRNA-Arg	13038-13106:1
NC_023124.1	CDS	ND2	NADH dehydrogenase subunit 2	13107-14109:1
NC_023124.1	tRNA		tRNA-Asn	14110-14173:1
NC_023124.1	tRNA		tRNA-Leu	14638-14703:1
NC_023124.1	tRNA		tRNA-Gly	14701-14764:1
NC_023124.1	CDS	ND3	NADH dehydrogenase subunit 3	14794-15148:1
NC_023776.1	CDS	COX1	cytochrome c oxidase subunit I	0-1534:1
NC_023776.1	tRNA		tRNA-Asn	1534-1596:1
NC_023776.1	CDS	COX2	cytochrome c oxidase subunit II	1596-2278:1
NC_023776.1	tRNA		tRNA-Asp	2278-2343:1
NC_023776.1	CDS	ATP8	ATP synthase F0 subunit 8	2343-2508:1
NC_023776.1	tRNA		tRNA-Gly	2491-2550:1
NC_023776.1	tRNA		tRNA-Tyr	2550-2610:1
NC_023776.1	CDS	COX3	cytochrome c oxidase subunit III	2604-3400:1
NC_023776.1	tRNA		tRNA-Gln	3398-3469:1
NC_023776.1	CDS	ND6	NADH dehydrogenase subunit 6	3468-4005:1
NC_023776.1	CDS	CYTB	cytochrome b	3925-5071:1
NC_023776.1	tRNA		tRNA-Trp	5076-5137:1
NC_023776.1	CDS	ATP6	ATP synthase F0 subunit 6	5198-5910:1
NC_023776.1	tRNA		tRNA-Arg	5910-5977:1
NC_023776.1	tRNA		tRNA-His	6060-6125:1
NC_023776.1	CDS	ND5	NADH dehydrogenase subunit 5	6127-7802:1
NC_023776.1	tRNA		tRNA-Phe	7802-7864:1
NC_023776.1	tRNA		tRNA-Glu	7865-7929:1
NC_023776.1	tRNA		tRNA-Pro	7926-7986:1
NC_023776.1	tRNA		tRNA-Thr	7988-8047:1
NC_023776.1	CDS	ND4L	NADH dehydrogenase subunit 4L	8047-8335:1
NC_023776.1	CDS	ND4	NADH dehydrogenase subunit 4	8328-9652:1
NC_023776.1	tRNA		tRNA-Cys	9670-9731:1
NC_023776.1	tRNA		tRNA-Met	9731-9793:1
NC_023776.1	rRNA		12S ribosomal RNA	9793-10532:1
NC_023776.1	tRNA		tRNA-Val	10532-10594:1
NC_023776.1	rRNA		16S ribosomal RNA	10595-11733:1
NC_023776.1	tRNA		tRNA-Leu	11732-11795:1
NC_023776.1	tRNA		tRNA-Ser	11793-11861:1
NC_023776.1	tRNA		tRNA-Ala	11861-11921:1
NC_023776.1	tRNA		tRNA-Leu	11920-11981:1
NC_023776.1	CDS	ND1	NADH dehydrogenase subunit 1	11993-12900:1
NC_023776.1	tRNA		tRNA-Ile	12900-12962:1
NC_023776.1	tRNA		tRNA-Lys	12963-13027:1
NC_023776.1	CDS	ND3	NADH dehydrogenase subunit 3	13028-13373:1
NC_023776.1	tRNA		tRNA-Ser	13358-13441:1
NC_023776.1	CDS	ND2	NADH dehydrogenase subunit 2	13426-14408:1
NC_023836.1	CDS	COX1	cytochrome c oxidase subunit I	0-1542:1
NC_023836.1	tRNA		tRNA-Asn	1553-1616:1
NC_023836.1	CDS	COX2	cytochrome c oxidase subunit II	1617-2298:1
NC_023836.1	tRNA		tRNA-Asp	2304-2368:1
NC_023836.1	CDS	ATP8	ATP synthase F0 subunit 8	2368-2528:1
NC_023836.1	tRNA		tRNA-Tyr	2528-2592:1
NC_023836.1	tRNA		tRNA-Gly	2590-2654:1
NC_023836.1	CDS	COX3	cytochrome c oxidase subunit III	2654-3432:1
NC_023836.1	tRNA		tRNA-Gln	3432-3500:1
NC_023836.1	CDS	ND6	NADH dehydrogenase subunit 6	3500-3966:1
NC_023836.1	CDS	CYTB	cytochrome b	3966-5104:1
NC_023836.1	tRNA		tRNA-Trp	5104-5166:1
NC_023836.1	CDS	ATP6	ATP synthase F0 subunit 6	5168-5862:1
NC_023836.1	tRNA		tRNA-Arg	5862-5926:1
NC_023836.1	tRNA		tRNA-His	6410-6473:1
NC_023836.1	CDS	ND5	NADH dehydrogenase subunit 5	6473-8190:1
NC_023836.1	tRNA		tRNA-Phe	8190-8252:1
NC_023836.1	tRNA		tRNA-Glu	8252-8316:1
NC_023836.1	tRNA		tRNA-Pro	8314-8376:1
NC_023836.1	tRNA		tRNA-Thr	8376-8440:1
NC_023836.1	CDS	ND4L	NADH dehydrogenase subunit 4L	8440-8737:1
NC_023836.1	CDS	ND4	NADH dehydrogenase subunit 4	8730-10087:1
NC_023836.1	tRNA		tRNA-Cys	10087-10152:1
NC_023836.1	tRNA		tRNA-Met	10152-10215:1
NC_023836.1	rRNA		12S ribosomal RNA	10215-11007:1
NC_023836.1	tRNA		tRNA-Val	11007-11069:1
NC_023836.1	rRNA		16S ribosomal RNA	11067-12329:1
NC_023836.1	tRNA		tRNA-Leu	12330-12392:1
NC_023836.1	tRNA		tRNA-Ala	12394-12456:1
NC_023836.1	tRNA		tRNA-Ser	12454-12520:1
NC_023836.1	tRNA		tRNA-Leu	12520-12582:1
NC_023836.1	CDS	ND1	NADH dehydrogenase subunit 1	12583-13506:1
NC_023836.1	tRNA		tRNA-Ile	13506-13570:1
NC_023836.1	tRNA		tRNA-Lys	13570-13635:1
NC_023836.1	CDS	ND3	NADH dehydrogenase subunit 3	13635-13989:1
NC_023836.1	tRNA		tRNA-Ser	13991-14055:1
NC_023836.1	CDS	ND2	NADH dehydrogenase subunit 2	14055-15061:1
NC_023925.1	CDS	COX1	cytochrome c oxidase subunit I	0-1534:1
NC_023925.1	tRNA		tRNA-Asn	1534-1596:1
NC_023925.1	CDS	COX2	cytochrome c oxidase subunit II	1596-2277:1
NC_023925.1	tRNA		tRNA-Asp	2275-2347:1
NC_023925.1	CDS	ATP8	ATP synthase F0 subunit 8	2339-2490:1
NC_023925.1	tRNA		tRNA-Gly	2490-2549:1
NC_023925.1	tRNA		tRNA-Tyr	2549-2619:1
NC_023925.1	CDS	COX3	cytochrome c oxidase subunit III	2621-3420:1
NC_023925.1	tRNA		tRNA-Gln	3420-3489:1
NC_023925.1	CDS	ND6	NADH dehydrogenase subunit 6	3489-3946:1
NC_023925.1	CDS	CYTB	cytochrome b	3946-5086:1
NC_023925.1	tRNA		tRNA-Trp	5084-5149:1
NC_023925.1	CDS	ATP6	ATP synthase F0 subunit 6	5157-5889:1
NC_023925.1	tRNA		tRNA-Arg	5863-5935:1
NC_023925.1	tRNA		tRNA-His	6012-6079:1
NC_023925.1	CDS	ND5	NADH dehydrogenase subunit 5	6079-7819:1
NC_023925.1	tRNA		tRNA-Phe	7818-7880:1
NC_023925.1	tRNA		tRNA-Glu	7880-7941:1
NC_023925.1	tRNA		tRNA-Pro	7938-7999:1
NC_023925.1	tRNA		tRNA-Thr	7999-8057:1
NC_023925.1	CDS	ND4L	NADH dehydrogenase subunit 4L	8057-8345:1
NC_023925.1	CDS	ND4	NADH dehydrogenase subunit 4	8338-9668:1
NC_023925.1	tRNA		tRNA-Cys	9680-9741:1
NC_023925.1	tRNA		tRNA-Met	9741-9804:1
NC_023925.1	rRNA		s-rRNA	9804-10492:1
NC_023925.1	tRNA		tRNA-Val	10518-10580:1
NC_023925.1	rRNA		l-rRNA	10615-11784:1
NC_023925.1	tRNA		tRNA-Leu	11788-11849:1
NC_023925.1	tRNA		tRNA-Ser	11848-11916:1
NC_023925.1	tRNA		tRNA-Ala	11916-11976:1
NC_023925.1	tRNA		tRNA-Leu	11976-12037:1
NC_023925.1	CDS	ND1	NADH dehydrogenase subunit 1	12043-12923:1
NC_023925.1	tRNA		tRNA-Ile	12956-13018:1
NC_023925.1	tRNA		tRNA-Lys	13019-13083:1
NC_023925.1	CDS	ND3	NADH dehydrogenase subunit 3	13084-13429:1
NC_023925.1	tRNA		tRNA-Ser	13414-13497:1
NC_023925.1	CDS	ND2	NADH dehydrogenase subunit 2	13461-14464:1
NC_023926.1	CDS	COX1	cytochrome c oxidase subunit I	0-1534:1
NC_023926.1	tRNA		tRNA-Asn	1534-1596:1
NC_023926.1	CDS	COX2	cytochrome c oxidase subunit II	1596-2277:1
NC_023926.1	tRNA		tRNA-Asp	2275-2348:1
NC_023926.1	CDS	ATP8	ATP synthase F0 subunit 8	2338-2489:1
NC_023926.1	tRNA		tRNA-Gly	2489-2548:1
NC_023926.1	tRNA		tRNA-Tyr	2548-2609:1
NC_023926.1	CDS	COX3	cytochrome c oxidase subunit III	2603-3411:1
NC_023926.1	tRNA		tRNA-Gln	3408-3477:1
NC_023926.1	CDS	ND6	NADH dehydrogenase subunit 6	3477-3934:1
NC_023926.1	CDS	CYTB	cytochrome b	3934-5080:1
NC_023926.1	tRNA		tRNA-Trp	5085-5158:1
NC_023926.1	CDS	ATP6	ATP synthase F0 subunit 6	5209-5917:1
NC_023926.1	tRNA		tRNA-Arg	5917-5979:1
NC_023926.1	tRNA		tRNA-His	6057-6122:1
NC_023926.1	CDS	ND5	NADH dehydrogenase subunit 5	6122-7826:1
NC_023926.1	tRNA		tRNA-Phe	7820-7882:1
NC_023926.1	tRNA		tRNA-Glu	7882-7943:1
NC_023926.1	tRNA		tRNA-Pro	7940-8000:1
NC_023926.1	tRNA		tRNA-Thr	8002-8062:1
NC_023926.1	CDS	ND4L	NADH dehydrogenase subunit 4L	8062-8350:1
NC_023926.1	CDS	ND4	NADH dehydrogenase subunit 4	8343-9676:1
NC_023926.1	tRNA		tRNA-Cys	9688-9749:1
NC_023926.1	tRNA		tRNA-Met	9749-9812:1
NC_023926.1	rRNA		s-rRNA	9812-10548:1
NC_023926.1	tRNA		tRNA-Val	10548-10615:1
NC_023926.1	rRNA		l-rRNA	10615-11757:1
NC_023926.1	tRNA		tRNA-Leu	11757-11818:1
NC_023926.1	tRNA		tRNA-Ser	11817-11885:1
NC_023926.1	tRNA		tRNA-Ala	11885-11945:1
NC_023926.1	tRNA		tRNA-Leu	11944-12005:1
NC_023926.1	CDS	ND1	NADH dehydrogenase subunit 1	12017-12891:1
NC_023926.1	tRNA		tRNA-Ile	12924-12986:1
NC_023926.1	tRNA		tRNA-Lys	12986-13048:1
NC_023926.1	CDS	ND3	NADH dehydrogenase subunit 3	13049-13394:1
NC_023926.1	tRNA		tRNA-Ser	13379-13462:1
NC_023926.1	CDS	ND2	NADH dehydrogenase subunit 2	13447-14426:1
NC_023927.1	CDS	COX1	cytochrome c oxidase subunit I	0-1534:1
NC_023927.1	tRNA		tRNA-Asn	1534-1596:1
NC_023927.1	CDS	COX2	cytochrome c oxidase subunit II	1596-2277:1
NC_023927.1	tRNA		tRNA-Asp	2275-2347:1
NC_023927.1	CDS	ATP8	ATP synthase F0 subunit 8	2339-2490:1
NC_023927.1	tRNA		tRNA-Gly	2490-2549:1
NC_023927.1	tRNA		tRNA-Tyr	2549-2619:1
NC_023927.1	CDS	COX3	cytochrome c oxidase subunit III	2621-3420:1
NC_023927.1	tRNA		tRNA-Gln	3420-3489:1
NC_023927.1	CDS	ND6	NADH dehydrogenase subunit 6	3489-3946:1
NC_023927.1	CDS	CYTB	cytochrome b	3946-5083:1
NC_023927.1	tRNA		tRNA-Trp	5081-5144:1
NC_023927.1	CDS	ATP6	ATP synthase F0 subunit 6	5144-5846:1
NC_023927.1	tRNA		tRNA-Arg	5846-5909:1
NC_023927.1	tRNA		tRNA-His	6005-6070:1
NC_023927.1	CDS	ND5	NADH dehydrogenase subunit 5	6070-7807:1
NC_023927.1	tRNA		tRNA-Phe	7806-7868:1
NC_023927.1	tRNA		tRNA-Glu	7868-7929:1
NC_023927.1	tRNA		tRNA-Pro	7926-7987:1
NC_023927.1	tRNA		tRNA-Thr	7989-8048:1
NC_023927.1	CDS	ND4L	NADH dehydrogenase subunit 4L	8048-8336:1
NC_023927.1	CDS	ND4	NADH dehydrogenase subunit 4	8329-9659:1
NC_023927.1	tRNA		tRNA-Cys	9671-9732:1
NC_023927.1	tRNA		tRNA-Met	9732-9795:1
NC_023927.1	rRNA		s-rRNA	9795-10572:1
NC_023927.1	tRNA		tRNA-Val	10527-10583:1
NC_023927.1	rRNA		l-rRNA	10581-11726:1
NC_023927.1	tRNA		tRNA-Leu	11726-11787:1
NC_023927.1	tRNA		tRNA-Ser	11786-11854:1
NC_023927.1	tRNA		tRNA-Ala	11854-11914:1
NC_023927.1	tRNA		tRNA-Leu	11913-11974:1
NC_023927.1	CDS	ND1	NADH dehydrogenase subunit 1	11986-12860:1
NC_023927.1	tRNA		tRNA-Ile	12893-12955:1
NC_023927.1	tRNA		tRNA-Lys	12956-13020:1
NC_023927.1	CDS	ND3	NADH dehydrogenase subunit 3	13021-13366:1
NC_023927.1	tRNA		tRNA-Ser	13351-13434:1
NC_023927.1	CDS	ND2	NADH dehydrogenase subunit 2	13419-14401:1
NC_023928.1	CDS	COX1	cytochrome c oxidase subunit I	0-1534:1
NC_023928.1	tRNA		tRNA-Asn	1534-1596:1
NC_023928.1	CDS	COX2	cytochrome c oxidase subunit II	1596-2277:1
NC_023928.1	tRNA		tRNA-Asp	2275-2347:1
NC_023928.1	CDS	ATP8	ATP synthase F0 subunit 8	2339-2490:1
NC_023928.1	tRNA		tRNA-Gly	2490-2548:1
NC_023928.1	tRNA		tRNA-Tyr	2548-2618:1
NC_023928.1	CDS	COX3	cytochrome c oxidase subunit III	2620-3422:1
NC_023928.1	tRNA		tRNA-Gln	3422-3491:1
NC_023928.1	CDS	ND6	NADH dehydrogenase subunit 6	3491-3948:1
NC_023928.1	CDS	CYTB	cytochrome b	3948-5094:1
NC_023928.1	tRNA		tRNA-Trp	5097-5169:1
NC_023928.1	CDS	ATP6	ATP synthase F0 subunit 6	5168-5897:1
NC_023928.1	tRNA		tRNA-Arg	5985-6052:1
NC_023928.1	tRNA		tRNA-His	6139-6201:1
NC_023928.1	CDS	ND5	NADH dehydrogenase subunit 5	6202-7885:1
NC_023928.1	tRNA		tRNA-Phe	7884-7947:1
NC_023928.1	tRNA		tRNA-Glu	7947-8008:1
NC_023928.1	tRNA		tRNA-Pro	8005-8066:1
NC_023928.1	tRNA		tRNA-Thr	8066-8131:1
NC_023928.1	CDS	ND4L	NADH dehydrogenase subunit 4L	8131-8419:1
NC_023928.1	CDS	ND4	NADH dehydrogenase subunit 4	8412-9745:1
NC_023928.1	tRNA		tRNA-Cys	9754-9815:1
NC_023928.1	tRNA		tRNA-Met	9815-9878:1
NC_023928.1	rRNA		s-rRNA	9859-10589:1
NC_023928.1	tRNA		tRNA-Val	10589-10654:1
NC_023928.1	rRNA		l-rRNA	10654-11789:1
NC_023928.1	tRNA		tRNA-Leu	11789-11850:1
NC_023928.1	tRNA		tRNA-Ser	11849-11917:1
NC_023928.1	tRNA		tRNA-Ala	11917-11977:1
NC_023928.1	tRNA		tRNA-Leu	11976-12032:1
NC_023928.1	CDS	ND1	NADH dehydrogenase subunit 1	12049-12923:1
NC_023928.1	tRNA		tRNA-Ile	12955-13017:1
NC_023928.1	tRNA		tRNA-Lys	13017-13079:1
NC_023928.1	CDS	ND3	NADH dehydrogenase subunit 3	13080-13414:1
NC_023928.1	tRNA		tRNA-Ser	13418-13475:1
NC_023928.1	CDS	ND2	NADH dehydrogenase subunit 2	13474-14456:1
NC_023943.1	CDS	COX1	cytochrome c oxidase subunit I	0-1534:1
NC_023943.1	tRNA		tRNA-Asn	1535-1598:1
NC_023943.1	CDS	COX2	cytochrome c oxidase subunit II	1599-2289:1
NC_023943.1	tRNA		tRNA-Gly	2358-2408:1
NC_023943.1	tRNA		tRNA-Tyr	3595-3651:1
NC_023943.1	CDS	ATP8	ATP synthase F0 subunit 8	3757-3919:1
NC_023943.1	tRNA		tRNA-Met	3923-3986:1
NC_023943.1	tRNA		tRNA-Asp	3986-4049:1
NC_023943.1	CDS	COX3	cytochrome c oxidase subunit III	4084-4867:1
NC_023943.1	tRNA		tRNA-Gln	4867-4922:1
NC_023943.1	CDS	ND6	NADH dehydrogenase subunit 6	4934-5391:1
NC_023943.1	CDS	CYTB	cytochrome b	5391-6528:1
NC_023943.1	tRNA		tRNA-Trp	6531-6585:1
NC_023943.1	CDS	ATP6	ATP synthase F0 subunit 6	6595-7291:1
NC_023943.1	tRNA		tRNA-Arg	7304-7370:1
NC_023943.1	tRNA		tRNA-His	7353-7411:1
NC_023943.1	CDS	ND5	NADH dehydrogenase subunit 5	7419-9100:1
NC_023943.1	tRNA		tRNA-Phe	9100-9155:1
NC_023943.1	tRNA		tRNA-Glu	9168-9226:1
NC_023943.1	tRNA		tRNA-Pro	9230-9286:1
NC_023943.1	tRNA		tRNA-Thr	9308-9377:1
NC_023943.1	CDS	ND4L	NADH dehydrogenase subunit 4L	9377-9665:1
NC_023943.1	CDS	ND4	NADH dehydrogenase subunit 4	9658-10990:1
NC_023943.1	rRNA		s-rRNA	10990-11788:1
NC_023943.1	tRNA		tRNA-Val	11788-11853:1
NC_023943.1	rRNA		l-rRNA	11853-13050:1
NC_023943.1	tRNA		tRNA-Leu	13050-13113:1
NC_023943.1	tRNA		tRNA-Ser	13113-13167:1
NC_023943.1	tRNA		tRNA-Ala	13197-13256:1
NC_023943.1	tRNA		tRNA-Leu	13262-13323:1
NC_023943.1	CDS	ND1	NADH dehydrogenase subunit 1	13324-14249:1
NC_023943.1	tRNA		tRNA-Ile	14249-14313:1
NC_023943.1	tRNA		tRNA-Lys	14315-14380:1
NC_023943.1	CDS	ND3	NADH dehydrogenase subunit 3	14380-14725:1
NC_023943.1	tRNA		tRNA-Ser	14725-14781:1
NC_023943.1	CDS	ND2	NADH dehydrogenase subunit 2	14791-15778:1
NC_023943.1	tRNA		tRNA-Cys	15790-15851:1
NC_024653.1	tRNA		tRNA-Arg	16-78:1
NC_024653.1	tRNA		tRNA-His	383-445:1
NC_024653.1	CDS	ND5	NADH dehydrogenase subunit 5	445-2144:1
NC_024653.1	tRNA		tRNA-Phe	2144-2207:1
NC_024653.1	tRNA		tRNA-Glu	2207-2274:1
NC_024653.1	tRNA		tRNA-Pro	2294-2358:1
NC_024653.1	tRNA		tRNA-Thr	2360-2425:1
NC_024653.1	CDS	ND4L	NADH dehydrogenase subunit 4L	2419-2716:1
NC_024653.1	CDS	ND4	NADH dehydrogenase subunit 4	2709-4053:1
NC_024653.1	tRNA		tRNA-Cys	4051-4114:1
NC_024653.1	tRNA		tRNA-Met	4114-4178:1
NC_024653.1	rRNA		s-rRNA	4179-5010:1
NC_024653.1	tRNA		tRNA-Val	5010-5077:1
NC_024653.1	rRNA		l-rRNA	5077-6378:1
NC_024653.1	tRNA		tRNA-Leu	6378-6442:1
NC_024653.1	tRNA		tRNA-Ala	6449-6513:1
NC_024653.1	tRNA		tRNA-Ser	6519-6586:1
NC_024653.1	tRNA		tRNA-Leu	6586-6650:1
NC_024653.1	CDS	ND1	NADH dehydrogenase subunit 1	6647-7577:1
NC_024653.1	tRNA		tRNA-Ile	7576-7645:1
NC_024653.1	tRNA		tRNA-Lys	7651-7718:1
NC_024653.1	CDS	ND3	NADH dehydrogenase subunit 3	7718-8069:1
NC_024653.1	tRNA		tRNA-Ser	8071-8138:1
NC_024653.1	CDS	ND2	NADH dehydrogenase subunit 2	8138-9155:1
NC_024653.1	CDS	COX1	cytochrome c oxidase subunit I	9132-10688:1
NC_024653.1	tRNA		tRNA-Asn	10688-10751:1
NC_024653.1	CDS	COX2	cytochrome c oxidase subunit II	10751-11438:1
NC_024653.1	tRNA		tRNA-Asp	11436-11500:1
NC_024653.1	CDS	ATP8	ATP synthase F0 subunit 8	11501-11660:1
NC_024653.1	tRNA		tRNA-Tyr	11660-11721:1
NC_024653.1	tRNA		tRNA-Gly	11720-11784:1
NC_024653.1	CDS	COX3	cytochrome c oxidase subunit III	11784-12564:1
NC_024653.1	tRNA		tRNA-Gln	12567-12636:1
NC_024653.1	CDS	ND6	NADH dehydrogenase subunit 6	12636-13116:1
NC_024653.1	CDS	CYTB	cytochrome b	13108-14249:1
NC_024653.1	tRNA		tRNA-Trp	14247-14312:1
NC_024653.1	CDS	ATP6	ATP synthase F0 subunit 6	14312-15002:1
NC_025292.1	CDS	COX1	cytochrome c oxidase subunit I	0-1542:1
NC_025292.1	tRNA		tRNA-Asn	1547-1609:1
NC_025292.1	CDS	COX2	cytochrome c oxidase subunit II	1610-2294:1
NC_025292.1	tRNA		tRNA-Asp	2296-2358:1
NC_025292.1	CDS	ATP8	ATP synthase F0 subunit 8	2358-2518:1
NC_025292.1	tRNA		tRNA-Tyr	2518-2581:1
NC_025292.1	tRNA		tRNA-Gly	2579-2642:1
NC_025292.1	CDS	COX3	cytochrome c oxidase subunit III	2642-3420:1
NC_025292.1	tRNA		tRNA-Gln	3420-3489:1
NC_025292.1	CDS	ND6	NADH dehydrogenase subunit 6	3489-3955:1
NC_025292.1	CDS	CYTB	cytochrome b	3955-5093:1
NC_025292.1	tRNA		tRNA-Trp	5093-5157:1
NC_025292.1	CDS	ATP6	ATP synthase F0 subunit 6	5159-5853:1
NC_025292.1	tRNA		tRNA-Arg	5853-5916:1
NC_025292.1	tRNA		tRNA-His	6481-6543:1
NC_025292.1	CDS	ND5	NADH dehydrogenase subunit 5	6544-8261:1
NC_025292.1	tRNA		tRNA-Phe	8261-8324:1
NC_025292.1	tRNA		tRNA-Glu	8324-8389:1
NC_025292.1	tRNA		tRNA-Pro	8388-8450:1
NC_025292.1	tRNA		tRNA-Thr	8451-8515:1
NC_025292.1	CDS	ND4L	NADH dehydrogenase subunit 4L	8515-8812:1
NC_025292.1	CDS	ND4	NADH dehydrogenase subunit 4	8805-10162:1
NC_025292.1	tRNA		tRNA-Cys	10162-10226:1
NC_025292.1	tRNA		tRNA-Met	10226-10289:1
NC_025292.1	rRNA		12S ribosomal RNA	10289-11075:1
NC_025292.1	tRNA		tRNA-Val	11075-11137:1
NC_025292.1	rRNA		16S ribosomal RNA	11135-12385:1
NC_025292.1	tRNA		tRNA-Leu	12387-12449:1
NC_025292.1	tRNA		tRNA-Ala	12451-12512:1
NC_025292.1	tRNA		tRNA-Ser	12510-12576:1
NC_025292.1	tRNA		tRNA-Leu	12576-12637:1
NC_025292.1	CDS	ND1	NADH dehydrogenase subunit 1	12638-13562:1
NC_025292.1	tRNA		tRNA-Ile	13561-13626:1
NC_025292.1	tRNA		tRNA-Lys	13626-13690:1
NC_025292.1	CDS	ND3	NADH dehydrogenase subunit 3	13690-14044:1
NC_025292.1	tRNA		tRNA-Ser	14045-14109:1
NC_025292.1	CDS	ND2	NADH dehydrogenase subunit 2	14109-15115:1
NC_025561.1	CDS	COX1	cytochrome c oxidase subunit I	0-1534:1
NC_025561.1	tRNA	trnN(GTT)	tRNA-Asn	1534-1599:1
NC_025561.1	CDS	COX2	cytochrome c oxidase subunit II	1599-2286:1
NC_025561.1	tRNA	trnG(TCC)	tRNA-Gly	2288-2351:1
NC_025561.1	tRNA	trnM(CAT)	tRNA-Met	3980-4044:1
NC_025561.1	tRNA	trnD(GTC)	tRNA-Asp	4046-4110:1
NC_025561.1	CDS	ATP8	ATP synthase F0 subunit 8	4110-4270:1
NC_025561.1	tRNA	trnY(GTA)	tRNA-Tyr	4270-4332:1
NC_025561.1	CDS	COX3	cytochrome c oxidase subunit III	4332-5110:1
NC_025561.1	tRNA	trnQ(TTG)	tRNA-Gln	5110-5173:1
NC_025561.1	CDS	ND6	NADH dehydrogenase subunit 6	5173-5632:1
NC_025561.1	CDS	CYTB	cytochrome b	5639-6776:1
NC_025561.1	tRNA	trnW(TCA)	tRNA-Trp	6778-6840:1
NC_025561.1	CDS	ATP6	ATP synthase F0 subunit 6	6936-7539:1
NC_025561.1	tRNA	trnR(TCG)	tRNA-Arg	7541-7595:1
NC_025561.1	tRNA	trnH(GTG)	tRNA-His	7595-7657:1
NC_025561.1	CDS	ND5	NADH dehydrogenase subunit 5	7666-9337:1
NC_025561.1	tRNA	trnF(GAA)	tRNA-Phe	9336-9401:1
NC_025561.1	tRNA	trnE(TTC)	tRNA-Glu	9401-9464:1
NC_025561.1	tRNA	trnP(TGG)	tRNA-Pro	9462-9525:1
NC_025561.1	tRNA	trnT(TGT)	tRNA-Thr	9535-9599:1
NC_025561.1	CDS	ND4L	NADH dehydrogenase subunit 4L	9620-9887:1
NC_025561.1	CDS	ND4	NADH dehydrogenase subunit 4	9880-11212:1
NC_025561.1	rRNA		12S ribosomal RNA	11209-12024:1
NC_025561.1	tRNA	trnV(TAC)	tRNA-Val	12017-12082:1
NC_025561.1	rRNA		16S ribosomal RNA	12163-13356:1
NC_025561.1	tRNA	trnL(TAG)	tRNA-Leu	13318-13379:1
NC_025561.1	tRNA	trnS(TGA)	tRNA-Ser	13380-13445:1
NC_025561.1	tRNA	trnA(TGC)	tRNA-Ala	13445-13509:1
NC_025561.1	tRNA	trnL(TAA)	tRNA-Leu	13508-13570:1
NC_025561.1	CDS	ND1	NADH dehydrogenase subunit 1	13570-14465:1
NC_025561.1	tRNA	trnI(GAT)	tRNA-Ile	14495-14559:1
NC_025561.1	tRNA	trnK(TTT)	tRNA-Lys	14561-14626:1
NC_025561.1	CDS	ND3	NADH dehydrogenase subunit 3	14626-14971:1
NC_025561.1	tRNA	trnS(TCT)	tRNA-Ser	14978-15046:1
NC_025561.1	CDS	ND2	NADH dehydrogenase subunit 2	15064-16043:1
NC_025561.1	tRNA	trnC(GCA)	tRNA-Cys	16043-16106:1
NC_026833.1	tRNA		tRNA-His	3537-3607:1
NC_026833.1	CDS	nad5	NADH dehydrogenase subunit 5	3617-5298:1
NC_026833.1	tRNA		tRNA-Phe	5298-5362:1
NC_026833.1	tRNA		tRNA-Glu	5362-5427:1
NC_026833.1	tRNA		tRNA-Pro	5427-5491:1
NC_026833.1	tRNA		tRNA-Thr	5491-5554:1
NC_026833.1	CDS	nad4l	NADH dehydrogenase subunit 4L	5554-5842:1
NC_026833.1	CDS	nad4	NADH dehydrogenase subunit 4	5835-7188:1
NC_026833.1	tRNA		tRNA-Cys	7186-7247:1
NC_026833.1	tRNA		tRNA-Met	7247-7310:1
NC_026833.1	rRNA		small subunit ribosomal RNA	7310-8095:1
NC_026833.1	tRNA		tRNA-Val	8095-8157:1
NC_026833.1	rRNA		large subunit ribosomal RNA	8157-9454:1
NC_026833.1	tRNA		tRNA-Leu	9454-9516:1
NC_026833.1	tRNA		tRNA-Ala	9516-9583:1
NC_026833.1	tRNA		tRNA-Ser	9583-9650:1
NC_026833.1	tRNA		tRNA-Leu	9650-9713:1
NC_026833.1	CDS	nad1	NADH dehydrogenase subunit 1	9713-10637:1
NC_026833.1	tRNA		tRNA-Ile	10635-10702:1
NC_026833.1	tRNA		tRNA-Lys	10701-10768:1
NC_026833.1	CDS	nad3	NADH dehydrogenase subunit 3	10768-11122:1
NC_026833.1	tRNA		tRNA-Ser	11358-11423:1
NC_026833.1	CDS	nad2	NADH dehydrogenase subunit 2	11423-12417:1
NC_026833.1	CDS	cox1	cytochrome c oxidase subunit I	12417-13961:1
NC_026833.1	tRNA		tRNA-Asn	13961-14026:1
NC_026833.1	CDS	cox2	cytochrome c oxidase subunit II	14027-14714:1
NC_026833.1	tRNA		tRNA-Asp	14712-14772:1
NC_026833.1	CDS	atp8	ATP synthase F0 subunit 8	14772-14928:1
NC_026833.1	tRNA		tRNA-Tyr	14926-14989:1
NC_026833.1	tRNA		tRNA-Gly	14989-15048:1
NC_026833.1	CDS	cox3	cytochrome c oxidase subunit III	15048-15828:1
NC_026833.1	tRNA		tRNA-Gln	15829-15898:1
NC_026833.1	CDS	nad6	NADH dehydrogenase subunit 6	15898-16367:1
NC_026833.1	CDS	cytb	cytochrome b	16367-17505:1
NC_026833.1	tRNA		tRNA-Trp	17505-17570:1
NC_026833.1	CDS	atp6	ATP synthase F0 subunit 6	17570-18246:1
NC_026833.1	tRNA		tRNA-Arg	18246-18301:1
NC_026855.1	tRNA		tRNA-His	616-678:1
NC_026855.1	CDS	ND5	NADH dehydrogenase subunit 5	678-2377:1
NC_026855.1	tRNA		tRNA-Phe	2377-2442:1
NC_026855.1	tRNA		tRNA-Glu	2497-2564:1
NC_026855.1	tRNA		tRNA-Pro	2567-2629:1
NC_026855.1	tRNA		tRNA-Thr	2631-2695:1
NC_026855.1	CDS	ND4L	NADH dehydrogenase subunit 4L	2695-2986:1
NC_026855.1	CDS	ND4	NADH dehydrogenase subunit 4	2979-4323:1
NC_026855.1	tRNA		tRNA-Cys	4321-4383:1
NC_026855.1	tRNA		tRNA-Met	4387-4451:1
NC_026855.1	rRNA		small subunit ribosomal RNA	4449-5283:1
NC_026855.1	tRNA		tRNA-Val	5284-5348:1
NC_026855.1	rRNA		large subunit ribosomal RNA	5349-6656:1
NC_026855.1	tRNA		tRNA-Leu	6656-6719:1
NC_026855.1	tRNA		tRNA-Ala	6720-6784:1
NC_026855.1	tRNA		tRNA-Ser	6784-6851:1
NC_026855.1	tRNA		tRNA-Leu	6851-6915:1
NC_026855.1	CDS	ND1	NADH dehydrogenase subunit 1	6915-7842:1
NC_026855.1	tRNA		tRNA-Ile	7842-7910:1
NC_026855.1	tRNA		tRNA-Lys	7913-7976:1
NC_026855.1	CDS	ND3	NADH dehydrogenase subunit 3	7976-8321:1
NC_026855.1	tRNA		tRNA-Ser	8326-8394:1
NC_026855.1	CDS	ND2	NADH dehydrogenase subunit 2	8394-9388:1
NC_026855.1	CDS	COX1	cytochrome c oxidase subunit I	9388-10944:1
NC_026855.1	tRNA		tRNA-Asn	10944-11006:1
NC_026855.1	CDS	COX2	cytochrome c oxidase subunit II	11006-11693:1
NC_026855.1	tRNA		tRNA-Asp	11691-11754:1
NC_026855.1	CDS	ATP8	ATP synthase F0 subunit 8	11755-11914:1
NC_026855.1	tRNA		tRNA-Tyr	11913-11974:1
NC_026855.1	tRNA		tRNA-Gly	11974-12036:1
NC_026855.1	CDS	COX3	cytochrome c oxidase subunit III	12036-12816:1
NC_026855.1	tRNA		tRNA-Gln	12821-12890:1
NC_026855.1	CDS	ND6	NADH dehydrogenase subunit 6	12890-13361:1
NC_026855.1	CDS	CYTB	cytochrome b	13362-14505:1
NC_026855.1	tRNA		tRNA-Trp	14504-14568:1
NC_026855.1	CDS	ATP6	ATP synthase F0 subunit 6	14568-15264:1
NC_026855.1	tRNA		tRNA-Arg	15278-15343:1
NC_026856.1	tRNA		tRNA-His	717-779:1
NC_026856.1	CDS	ND5	NADH dehydrogenase subunit 5	779-2478:1
NC_026856.1	tRNA		tRNA-Phe	2478-2543:1
NC_026856.1	tRNA		tRNA-Glu	2550-2617:1
NC_026856.1	tRNA		tRNA-Pro	2648-2713:1
NC_026856.1	tRNA		tRNA-Thr	2715-2780:1
NC_026856.1	CDS	ND4L	NADH dehydrogenase subunit 4L	2780-3071:1
NC_026856.1	CDS	ND4	NADH dehydrogenase subunit 4	3064-4408:1
NC_026856.1	tRNA		tRNA-Cys	4406-4468:1
NC_026856.1	tRNA		tRNA-Met	4468-4532:1
NC_026856.1	rRNA		small subunit ribosomal RNA	4533-5365:1
NC_026856.1	tRNA		tRNA-Val	5366-5432:1
NC_026856.1	rRNA		large subunit ribosomal RNA	5432-6739:1
NC_026856.1	tRNA		tRNA-Leu	6739-6804:1
NC_026856.1	tRNA		tRNA-Ala	6807-6871:1
NC_026856.1	tRNA		tRNA-Ser	6871-6938:1
NC_026856.1	tRNA		tRNA-Leu	6941-7005:1
NC_026856.1	CDS	ND1	NADH dehydrogenase subunit 1	7005-7932:1
NC_026856.1	tRNA		tRNA-Ile	7931-8000:1
NC_026856.1	tRNA		tRNA-Lys	8009-8071:1
NC_026856.1	CDS	ND3	NADH dehydrogenase subunit 3	8071-8422:1
NC_026856.1	tRNA		tRNA-Ser	8423-8490:1
NC_026856.1	CDS	ND2	NADH dehydrogenase subunit 2	8491-9485:1
NC_026856.1	CDS	COX1	cytochrome c oxidase subunit I	9485-11040:1
NC_026856.1	tRNA		tRNA-Asn	11040-11102:1
NC_026856.1	CDS	COX2	cytochrome c oxidase subunit II	11102-11789:1
NC_026856.1	tRNA		tRNA-Asp	11787-11852:1
NC_026856.1	CDS	ATP8	ATP synthase F0 subunit 8	11853-12012:1
NC_026856.1	tRNA		tRNA-Tyr	12010-12074:1
NC_026856.1	tRNA		tRNA-Gly	12073-12137:1
NC_026856.1	CDS	COX3	cytochrome c oxidase subunit III	12137-12917:1
NC_026856.1	tRNA		tRNA-Gln	12920-12989:1
NC_026856.1	CDS	ND6	NADH dehydrogenase subunit 6	12990-13462:1
NC_026856.1	CDS	CYTB	cytochrome b	13462-14603:1
NC_026856.1	tRNA		tRNA-Trp	14603-14666:1
NC_026856.1	CDS	ATP6	ATP synthase F0 subunit 6	14666-15353:1
NC_026856.1	tRNA		tRNA-Arg	15356-15420:1
NC_026857.1	tRNA		tRNA-His	186-249:1
NC_026857.1	CDS	ND5	NADH dehydrogenase subunit 5	249-1927:1
NC_026857.1	tRNA		tRNA-Phe	1927-1989:1
NC_026857.1	tRNA		tRNA-Glu	1995-2057:1
NC_026857.1	tRNA		tRNA-Pro	2058-2121:1
NC_026857.1	tRNA		tRNA-Thr	2121-2188:1
NC_026857.1	CDS	ND4L	NADH dehydrogenase subunit 4L	2188-2476:1
NC_026857.1	CDS	ND4	NADH dehydrogenase subunit 4	2469-3819:1
NC_026857.1	tRNA		tRNA-Cys	3817-3879:1
NC_026857.1	tRNA		tRNA-Met	3879-3942:1
NC_026857.1	rRNA		small subunit ribosomal RNA	3944-4726:1
NC_026857.1	tRNA		tRNA-Val	4725-4788:1
NC_026857.1	rRNA		large subunit ribosomal RNA	4788-6098:1
NC_026857.1	tRNA		tRNA-Leu	6098-6157:1
NC_026857.1	tRNA		tRNA-Ala	6156-6215:1
NC_026857.1	tRNA		tRNA-Ser	6216-6283:1
NC_026857.1	tRNA		tRNA-Leu	6283-6347:1
NC_026857.1	CDS	ND1	NADH dehydrogenase subunit 1	6347-7271:1
NC_026857.1	tRNA		tRNA-Ile	7269-7334:1
NC_026857.1	tRNA		tRNA-Lys	7333-7399:1
NC_026857.1	CDS	ND3	NADH dehydrogenase subunit 3	7399-7753:1
NC_026857.1	tRNA		tRNA-Ser	7752-7819:1
NC_026857.1	CDS	ND2	NADH dehydrogenase subunit 2	7819-8819:1
NC_026857.1	CDS	COX1	cytochrome c oxidase subunit I	8819-10368:1
NC_026857.1	tRNA		tRNA-Asn	10368-10432:1
NC_026857.1	CDS	COX2	cytochrome c oxidase subunit II	10433-11120:1
NC_026857.1	tRNA		tRNA-Asp	11118-11180:1
NC_026857.1	CDS	ATP8	ATP synthase F0 subunit 8	11180-11336:1
NC_026857.1	tRNA		tRNA-Tyr	11338-11400:1
NC_026857.1	tRNA		tRNA-Gly	11398-11464:1
NC_026857.1	CDS	COX3	cytochrome c oxidase subunit III	11463-12243:1
NC_026857.1	tRNA		tRNA-Gln	12245-12313:1
NC_026857.1	CDS	ND6	NADH dehydrogenase subunit 6	12313-12779:1
NC_026857.1	CDS	CYTB	cytochrome b	12779-13916:1
NC_026857.1	tRNA		tRNA-Trp	13915-13979:1
NC_026857.1	CDS	ATP6	ATP synthase F0 subunit 6	13979-14669:1
NC_026857.1	tRNA		tRNA-Arg	14667-14725:1
NC_026858.1	tRNA		tRNA-His	278-341:1
NC_026858.1	CDS	ND5	NADH dehydrogenase subunit 5	341-2043:1
NC_026858.1	tRNA		tRNA-Phe	2043-2107:1
NC_026858.1	tRNA		tRNA-Glu	2107-2175:1
NC_026858.1	tRNA		tRNA-Pro	2186-2250:1
NC_026858.1	tRNA		tRNA-Thr	2252-2316:1
NC_026858.1	CDS	ND4L	NADH dehydrogenase subunit 4L	2316-2607:1
NC_026858.1	CDS	ND4	NADH dehydrogenase subunit 4	2600-3944:1
NC_026858.1	tRNA		tRNA-Cys	3942-4004:1
NC_026858.1	tRNA		tRNA-Met	4004-4068:1
NC_026858.1	rRNA		small subunit ribosomal RNA	4067-4910:1
NC_026858.1	tRNA		tRNA-Val	4904-4970:1
NC_026858.1	rRNA		large subunit ribosomal RNA	4970-6277:1
NC_026858.1	tRNA		tRNA-Leu	6277-6342:1
NC_026858.1	tRNA		tRNA-Ala	6348-6412:1
NC_026858.1	tRNA		tRNA-Ser	6412-6479:1
NC_026858.1	tRNA		tRNA-Leu	6480-6542:1
NC_026858.1	CDS	ND1	NADH dehydrogenase subunit 1	6543-7470:1
NC_026858.1	tRNA		tRNA-Ile	7469-7538:1
NC_026858.1	tRNA		tRNA-Lys	7540-7603:1
NC_026858.1	CDS	ND3	NADH dehydrogenase subunit 3	7603-7954:1
NC_026858.1	tRNA		tRNA-Ser	7955-8023:1
NC_026858.1	CDS	ND2	NADH dehydrogenase subunit 2	8023-9017:1
NC_026858.1	CDS	COX1	cytochrome c oxidase subunit I	9017-10573:1
NC_026858.1	tRNA		tRNA-Asn	10573-10636:1
NC_026858.1	CDS	COX2	cytochrome c oxidase subunit II	10636-11323:1
NC_026858.1	tRNA		tRNA-Asp	11321-11385:1
NC_026858.1	CDS	ATP8	ATP synthase F0 subunit 8	11386-11545:1
NC_026858.1	tRNA		tRNA-Tyr	11543-11605:1
NC_026858.1	tRNA		tRNA-Gly	11605-11669:1
NC_026858.1	CDS	COX3	cytochrome c oxidase subunit III	11669-12449:1
NC_026858.1	tRNA		tRNA-Gln	12452-12521:1
NC_026858.1	CDS	ND6	NADH dehydrogenase subunit 6	12521-12993:1
NC_026858.1	CDS	CYTB	cytochrome b	12993-14134:1
NC_026858.1	tRNA		tRNA-Trp	14134-14197:1
NC_026858.1	CDS	ATP6	ATP synthase F0 subunit 6	14197-14884:1
NC_026858.1	tRNA		tRNA-Arg	14893-14956:1
NC_026859.1	tRNA		tRNA-His	115-177:1
NC_026859.1	CDS	ND5	NADH dehydrogenase subunit 5	177-1876:1
NC_026859.1	tRNA		tRNA-Phe	1876-1940:1
NC_026859.1	tRNA		tRNA-Glu	1940-2007:1
NC_026859.1	tRNA		tRNA-Pro	2017-2080:1
NC_026859.1	tRNA		tRNA-Thr	2082-2147:1
NC_026859.1	CDS	ND4L	NADH dehydrogenase subunit 4L	2147-2438:1
NC_026859.1	CDS	ND4	NADH dehydrogenase subunit 4	2431-3775:1
NC_026859.1	tRNA		tRNA-Cys	3773-3836:1
NC_026859.1	tRNA		tRNA-Met	3836-3900:1
NC_026859.1	rRNA		small subunit ribosomal RNA	3899-4730:1
NC_026859.1	tRNA		tRNA-Val	4730-4797:1
NC_026859.1	rRNA		large subunit ribosomal RNA	4797-6099:1
NC_026859.1	tRNA		tRNA-Leu	6099-6162:1
NC_026859.1	tRNA		tRNA-Ala	6173-6237:1
NC_026859.1	tRNA		tRNA-Ser	6242-6309:1
NC_026859.1	tRNA		tRNA-Leu	6311-6373:1
NC_026859.1	CDS	ND1	NADH dehydrogenase subunit 1	6374-7301:1
NC_026859.1	tRNA		tRNA-Ile	7300-7369:1
NC_026859.1	tRNA		tRNA-Lys	7374-7441:1
NC_026859.1	CDS	ND3	NADH dehydrogenase subunit 3	7441-7792:1
NC_026859.1	tRNA		tRNA-Ser	7793-7861:1
NC_026859.1	CDS	ND2	NADH dehydrogenase subunit 2	7894-8855:1
NC_026859.1	CDS	COX1	cytochrome c oxidase subunit I	8855-10411:1
NC_026859.1	tRNA		tRNA-Asn	10411-10474:1
NC_026859.1	CDS	COX2	cytochrome c oxidase subunit II	10474-11161:1
NC_026859.1	tRNA		tRNA-Asp	11159-11223:1
NC_026859.1	CDS	ATP8	ATP synthase F0 subunit 8	11224-11383:1
NC_026859.1	tRNA		tRNA-Tyr	11381-11443:1
NC_026859.1	tRNA		tRNA-Gly	11443-11507:1
NC_026859.1	CDS	COX3	cytochrome c oxidase subunit III	11507-12287:1
NC_026859.1	tRNA		tRNA-Gln	12290-12359:1
NC_026859.1	CDS	ND6	NADH dehydrogenase subunit 6	12359-12831:1
NC_026859.1	CDS	CYTB	cytochrome b	12831-13972:1
NC_026859.1	tRNA		tRNA-Trp	13972-14035:1
NC_026859.1	CDS	ATP6	ATP synthase F0 subunit 6	14035-14725:1
NC_026859.1	tRNA		tRNA-Arg	14755-14816:1
NC_026860.1	tRNA		tRNA-His	263-326:1
NC_026860.1	CDS	ND5	NADH dehydrogenase subunit 5	326-2025:1
NC_026860.1	tRNA		tRNA-Phe	2025-2091:1
NC_026860.1	tRNA		tRNA-Glu	2093-2160:1
NC_026860.1	tRNA		tRNA-Pro	2166-2232:1
NC_026860.1	tRNA		tRNA-Thr	2233-2297:1
NC_026860.1	CDS	ND4L	NADH dehydrogenase subunit 4L	2297-2588:1
NC_026860.1	CDS	ND4	NADH dehydrogenase subunit 4	2581-3925:1
NC_026860.1	tRNA		tRNA-Cys	3923-3986:1
NC_026860.1	tRNA		tRNA-Met	3986-4050:1
NC_026860.1	rRNA		small subunit ribosomal RNA	4051-4886:1
NC_026860.1	tRNA		tRNA-Val	4886-4953:1
NC_026860.1	rRNA		large subunit ribosomal RNA	4953-6263:1
NC_026860.1	tRNA		tRNA-Leu	6263-6328:1
NC_026860.1	tRNA		tRNA-Ala	6333-6396:1
NC_026860.1	tRNA		tRNA-Ser	6396-6464:1
NC_026860.1	tRNA		tRNA-Leu	6464-6528:1
NC_026860.1	CDS	ND1	NADH dehydrogenase subunit 1	6528-7455:1
NC_026860.1	tRNA		tRNA-Ile	7454-7522:1
NC_026860.1	tRNA		tRNA-Lys	7537-7602:1
NC_026860.1	CDS	ND3	NADH dehydrogenase subunit 3	7602-7953:1
NC_026860.1	tRNA		tRNA-Ser	7955-8021:1
NC_026860.1	CDS	ND2	NADH dehydrogenase subunit 2	8022-9016:1
NC_026860.1	CDS	COX1	cytochrome c oxidase subunit I	9016-10572:1
NC_026860.1	tRNA		tRNA-Asn	10572-10634:1
NC_026860.1	CDS	COX2	cytochrome c oxidase subunit II	10634-11321:1
NC_026860.1	tRNA		tRNA-Asp	11319-11384:1
NC_026860.1	CDS	ATP8	ATP synthase F0 subunit 8	11384-11543:1
NC_026860.1	tRNA		tRNA-Tyr	11541-11603:1
NC_026860.1	tRNA		tRNA-Gly	11603-11667:1
NC_026860.1	CDS	COX3	cytochrome c oxidase subunit III	11667-12447:1
NC_026860.1	tRNA		tRNA-Gln	12450-12519:1
NC_026860.1	CDS	ND6	NADH dehydrogenase subunit 6	12519-12991:1
NC_026860.1	CDS	CYTB	cytochrome b	12991-14132:1
NC_026860.1	tRNA		tRNA-Trp	14132-14195:1
NC_026860.1	CDS	ATP6	ATP synthase F0 subunit 6	14195-14882:1
NC_026860.1	tRNA		tRNA-Arg	14880-14944:1
NC_026861.1	tRNA		tRNA-His	310-372:1
NC_026861.1	CDS	ND5	NADH dehydrogenase subunit 5	372-2071:1
NC_026861.1	tRNA		tRNA-Phe	2071-2137:1
NC_026861.1	tRNA		tRNA-Glu	2144-2211:1
NC_026861.1	tRNA		tRNA-Pro	2243-2308:1
NC_026861.1	tRNA		tRNA-Thr	2310-2376:1
NC_026861.1	CDS	ND4L	NADH dehydrogenase subunit 4L	2376-2667:1
NC_026861.1	CDS	ND4	NADH dehydrogenase subunit 4	2660-4004:1
NC_026861.1	tRNA		tRNA-Cys	4002-4064:1
NC_026861.1	tRNA		tRNA-Met	4064-4128:1
NC_026861.1	rRNA		small subunit ribosomal RNA	4129-4961:1
NC_026861.1	tRNA		tRNA-Val	4962-5029:1
NC_026861.1	rRNA		large subunit ribosomal RNA	5029-6338:1
NC_026861.1	tRNA		tRNA-Leu	6338-6403:1
NC_026861.1	tRNA		tRNA-Ala	6406-6468:1
NC_026861.1	tRNA		tRNA-Ser	6469-6537:1
NC_026861.1	tRNA		tRNA-Leu	6537-6600:1
NC_026861.1	CDS	ND1	NADH dehydrogenase subunit 1	6601-7528:1
NC_026861.1	tRNA		tRNA-Ile	7527-7596:1
NC_026861.1	tRNA		tRNA-Lys	7605-7667:1
NC_026861.1	CDS	ND3	NADH dehydrogenase subunit 3	7667-8018:1
NC_026861.1	tRNA		tRNA-Ser	8020-8086:1
NC_026861.1	CDS	ND2	NADH dehydrogenase subunit 2	8087-9081:1
NC_026861.1	CDS	COX1	cytochrome c oxidase subunit I	9081-10636:1
NC_026861.1	tRNA		tRNA-Asn	10636-10698:1
NC_026861.1	CDS	COX2	cytochrome c oxidase subunit II	10698-11385:1
NC_026861.1	tRNA		tRNA-Asp	11383-11448:1
NC_026861.1	CDS	ATP8	ATP synthase F0 subunit 8	11449-11608:1
NC_026861.1	tRNA		tRNA-Tyr	11606-11669:1
NC_026861.1	tRNA		tRNA-Gly	11669-11733:1
NC_026861.1	CDS	COX3	cytochrome c oxidase subunit III	11733-12513:1
NC_026861.1	tRNA		tRNA-Gln	12516-12585:1
NC_026861.1	CDS	ND6	NADH dehydrogenase subunit 6	12586-13058:1
NC_026861.1	CDS	CYTB	cytochrome b	13058-14199:1
NC_026861.1	tRNA		tRNA-Trp	14199-14262:1
NC_026861.1	CDS	ATP6	ATP synthase F0 subunit 6	14262-14949:1
NC_026861.1	tRNA		tRNA-Arg	14952-15018:1
NC_026862.1	tRNA		tRNA-His	101-163:1
NC_026862.1	CDS	ND5	NADH dehydrogenase subunit 5	163-1862:1
NC_026862.1	tRNA		tRNA-Phe	1862-1926:1
NC_026862.1	tRNA		tRNA-Glu	1926-1993:1
NC_026862.1	tRNA		tRNA-Pro	1996-2059:1
NC_026862.1	tRNA		tRNA-Thr	2061-2125:1
NC_026862.1	CDS	ND4L	NADH dehydrogenase subunit 4L	2125-2416:1
NC_026862.1	CDS	ND4	NADH dehydrogenase subunit 4	2409-3753:1
NC_026862.1	tRNA		tRNA-Cys	3751-3814:1
NC_026862.1	tRNA		tRNA-Met	3814-3878:1
NC_026862.1	rRNA		small subunit ribosomal RNA	3877-4716:1
NC_026862.1	tRNA		tRNA-Val	4709-4776:1
NC_026862.1	rRNA		large subunit ribosomal RNA	4776-6074:1
NC_026862.1	tRNA		tRNA-Leu	6074-6138:1
NC_026862.1	tRNA		tRNA-Ala	6149-6213:1
NC_026862.1	tRNA		tRNA-Ser	6223-6290:1
NC_026862.1	tRNA		tRNA-Leu	6295-6357:1
NC_026862.1	CDS	ND1	NADH dehydrogenase subunit 1	6358-7285:1
NC_026862.1	tRNA		tRNA-Ile	7284-7352:1
NC_026862.1	tRNA		tRNA-Lys	7360-7429:1
NC_026862.1	CDS	ND3	NADH dehydrogenase subunit 3	7429-7780:1
NC_026862.1	tRNA		tRNA-Ser	7781-7849:1
NC_026862.1	CDS	ND2	NADH dehydrogenase subunit 2	7849-8843:1
NC_026862.1	CDS	COX1	cytochrome c oxidase subunit I	8843-10400:1
NC_026862.1	tRNA		tRNA-Asn	10400-10463:1
NC_026862.1	CDS	COX2	cytochrome c oxidase subunit II	10463-11150:1
NC_026862.1	tRNA		tRNA-Asp	11148-11212:1
NC_026862.1	CDS	ATP8	ATP synthase F0 subunit 8	11213-11372:1
NC_026862.1	tRNA		tRNA-Tyr	11370-11431:1
NC_026862.1	tRNA		tRNA-Gly	11431-11495:1
NC_026862.1	CDS	COX3	cytochrome c oxidase subunit III	11495-12275:1
NC_026862.1	tRNA		tRNA-Gln	12278-12347:1
NC_026862.1	CDS	ND6	NADH dehydrogenase subunit 6	12347-12819:1
NC_026862.1	CDS	CYTB	cytochrome b	12819-13960:1
NC_026862.1	tRNA		tRNA-Trp	13960-14022:1
NC_026862.1	CDS	ATP6	ATP synthase F0 subunit 6	14022-14712:1
NC_026862.1	tRNA		tRNA-Arg	14742-14804:1
NC_026995.1	CDS	COX1	cytochrome c oxidase subunit I	0-1536:1
NC_026995.1	tRNA	trnN(GTT)	tRNA-Asn	1536-1603:1
NC_026995.1	CDS	COX2	cytochrome c oxidase subunit II	1603-2296:1
NC_026995.1	tRNA	trnD(GTC)	tRNA-Asp	2296-2374:1
NC_026995.1	CDS	ATP8	ATP synthase F0 subunit 8	2374-2533:1
NC_026995.1	tRNA	trnY(GTA)	tRNA-Tyr	2533-2600:1
NC_026995.1	CDS	COX3	cytochrome c oxidase subunit III	2600-3380:1
NC_026995.1	tRNA	trnQ(TTG)	tRNA-Gln	3384-3453:1
NC_026995.1	CDS	ND6	NADH dehydrogenase subunit 6	3453-3913:1
NC_026995.1	CDS	CYTB	cytochrome b	3913-5053:1
NC_026995.1	tRNA	trnW(TCA)	tRNA-Trp	5051-5115:1
NC_026995.1	CDS	ATP6	ATP synthase F0 subunit 6	5115-5814:1
NC_026995.1	tRNA	trnR(TCG)	tRNA-Arg	5814-5883:1
NC_026995.1	tRNA	trnH(GTG)	tRNA-His	5883-5945:1
NC_026995.1	CDS	ND5	NADH dehydrogenase subunit 5	5945-7653:1
NC_026995.1	tRNA	trnF(GAA)	tRNA-Phe	7653-7716:1
NC_026995.1	tRNA	trnE(TTC)	tRNA-Glu	7716-7786:1
NC_026995.1	tRNA	trnP(TGG)	tRNA-Pro	7786-7851:1
NC_026995.1	tRNA	trnT(TGT)	tRNA-Thr	7851-7919:1
NC_026995.1	CDS	ND4L	NADH dehydrogenase subunit 4L	7919-8207:1
NC_026995.1	CDS	ND4	NADH dehydrogenase subunit 4	8200-9554:1
NC_026995.1	tRNA	trnC(GCA)	tRNA-Cys	9554-9616:1
NC_026995.1	tRNA	trnG(TCC)	tRNA-Gly	9616-9680:1
NC_026995.1	tRNA	trnM(CAT)	tRNA-Met	9680-9746:1
NC_026995.1	rRNA		12S ribosomal RNA	9746-10562:1
NC_026995.1	tRNA	trnV(TAC)	tRNA-Val	10562-10626:1
NC_026995.1	rRNA		16S ribosomal RNA	10626-11900:1
NC_026995.1	tRNA	trnL(TAG)	tRNA-Leu	11900-11964:1
NC_026995.1	tRNA	trnS(TGA)	tRNA-Ser	11964-12031:1
NC_026995.1	tRNA	trnA(TGC)	tRNA-Ala	12031-12094:1
NC_026995.1	tRNA	trnL(TAA)	tRNA-Leu	12777-12842:1
NC_026995.1	CDS	ND1	NADH dehydrogenase subunit 1	12842-13773:1
NC_026995.1	tRNA	trnI(GAT)	tRNA-Ile	13773-13839:1
NC_026995.1	tRNA	trnK(TTT)	tRNA-Lys	13839-13907:1
NC_026995.1	CDS	ND3	NADH dehydrogenase subunit 3	13907-14258:1
NC_026995.1	tRNA	trnS(TCT)	tRNA-Ser	14258-14324:1
NC_026995.1	CDS	ND2	NADH dehydrogenase subunit 2	14324-15327:1
NC_027257.1	CDS	COX1	cytochrome c oxidase subunit I	0-1542:1
NC_027257.1	tRNA		tRNA-Asn	1550-1612:1
NC_027257.1	CDS	COX2	cytochrome c oxidase subunit II	1613-2297:1
NC_027257.1	tRNA		tRNA-Asp	2299-2361:1
NC_027257.1	CDS	ATP8	ATP synthase F0 subunit 8	2361-2521:1
NC_027257.1	tRNA		tRNA-Tyr	2521-2583:1
NC_027257.1	tRNA		tRNA-Gly	2581-2646:1
NC_027257.1	CDS	COX3	cytochrome c oxidase subunit III	2647-3425:1
NC_027257.1	tRNA		tRNA-Gln	3425-3494:1
NC_027257.1	CDS	ND6	NADH dehydrogenase subunit 6	3494-3960:1
NC_027257.1	CDS	CYTB	cytochrome b	3960-5100:1
NC_027257.1	tRNA		tRNA-Trp	5098-5162:1
NC_027257.1	CDS	ATP6	ATP synthase F0 subunit 6	5164-5860:1
NC_027257.1	tRNA		tRNA-Arg	5858-5921:1
NC_027257.1	tRNA		tRNA-His	6488-6553:1
NC_027257.1	CDS	ND5	NADH dehydrogenase subunit 5	6553-8270:1
NC_027257.1	tRNA		tRNA-Phe	8270-8333:1
NC_027257.1	tRNA		tRNA-Glu	8333-8398:1
NC_027257.1	tRNA		tRNA-Pro	8397-8459:1
NC_027257.1	tRNA		tRNA-Thr	8459-8524:1
NC_027257.1	CDS	ND4L	NADH dehydrogenase subunit 4L	8524-8821:1
NC_027257.1	CDS	ND4	NADH dehydrogenase subunit 4	8814-10171:1
NC_027257.1	tRNA		tRNA-Cys	10171-10236:1
NC_027257.1	tRNA		tRNA-Met	10236-10299:1
NC_027257.1	rRNA		12S ribosomal RNA	10299-11092:1
NC_027257.1	tRNA		tRNA-Val	11092-11156:1
NC_027257.1	rRNA		16S ribosomal RNA	11154-12408:1
NC_027257.1	tRNA		tRNA-Leu	12410-12473:1
NC_027257.1	tRNA		tRNA-Ala	12476-12538:1
NC_027257.1	tRNA		tRNA-Ser	12536-12602:1
NC_027257.1	tRNA		tRNA-Leu	12602-12664:1
NC_027257.1	CDS	ND1	NADH dehydrogenase subunit 1	12665-13589:1
NC_027257.1	tRNA		tRNA-Ile	13588-13653:1
NC_027257.1	tRNA		tRNA-Lys	13653-13718:1
NC_027257.1	CDS	ND3	NADH dehydrogenase subunit 3	13718-14075:1
NC_027257.1	tRNA		tRNA-Ser	14076-14140:1
NC_027257.1	CDS	ND2	NADH dehydrogenase subunit 2	14141-15147:1
NC_027258.1	CDS	COX1	cytochrome c oxidase subunit I	0-1542:1
NC_027258.1	tRNA		tRNA-Asn	1550-1611:1
NC_027258.1	CDS	COX2	cytochrome c oxidase subunit II	1612-2296:1
NC_027258.1	tRNA		tRNA-Asp	2298-2360:1
NC_027258.1	CDS	ATP8	ATP synthase F0 subunit 8	2360-2520:1
NC_027258.1	tRNA		tRNA-Tyr	2520-2586:1
NC_027258.1	tRNA		tRNA-Gly	2584-2649:1
NC_027258.1	CDS	COX3	cytochrome c oxidase subunit III	2650-3428:1
NC_027258.1	tRNA		tRNA-Gln	3428-3497:1
NC_027258.1	CDS	ND6	NADH dehydrogenase subunit 6	3497-3963:1
NC_027258.1	CDS	CYTB	cytochrome b	3963-5103:1
NC_027258.1	tRNA		tRNA-Trp	5101-5167:1
NC_027258.1	CDS	ATP6	ATP synthase F0 subunit 6	5169-5863:1
NC_027258.1	tRNA		tRNA-Arg	5863-5927:1
NC_027258.1	tRNA		tRNA-His	6509-6573:1
NC_027258.1	CDS	ND5	NADH dehydrogenase subunit 5	6573-8290:1
NC_027258.1	tRNA		tRNA-Phe	8290-8352:1
NC_027258.1	tRNA		tRNA-Glu	8352-8416:1
NC_027258.1	tRNA		tRNA-Pro	8414-8476:1
NC_027258.1	tRNA		tRNA-Thr	8476-8541:1
NC_027258.1	CDS	ND4L	NADH dehydrogenase subunit 4L	8541-8838:1
NC_027258.1	CDS	ND4	NADH dehydrogenase subunit 4	8831-10188:1
NC_027258.1	tRNA		tRNA-Cys	10188-10252:1
NC_027258.1	tRNA		tRNA-Met	10252-10315:1
NC_027258.1	rRNA		12S ribosomal RNA	10315-11108:1
NC_027258.1	tRNA		tRNA-Val	11108-11172:1
NC_027258.1	rRNA		16S ribosomal RNA	11170-12428:1
NC_027258.1	tRNA		tRNA-Leu	12430-12492:1
NC_027258.1	tRNA		tRNA-Ala	12495-12557:1
NC_027258.1	tRNA		tRNA-Ser	12555-12621:1
NC_027258.1	tRNA		tRNA-Leu	12621-12682:1
NC_027258.1	CDS	ND1	NADH dehydrogenase subunit 1	12683-13607:1
NC_027258.1	tRNA		tRNA-Ile	13606-13671:1
NC_027258.1	tRNA		tRNA-Lys	13671-13735:1
NC_027258.1	CDS	ND3	NADH dehydrogenase subunit 3	13735-14089:1
NC_027258.1	tRNA		tRNA-Ser	14090-14154:1
NC_027258.1	CDS	ND2	NADH dehydrogenase subunit 2	14155-15161:1
NC_027699.1	tRNA		tRNA-Leu	584-649:1
NC_027699.1	tRNA		tRNA-Lys	692-759:1
NC_027699.1	tRNA		tRNA-Thr	860-922:1
NC_027699.1	tRNA		tRNA-Asp	980-1043:1
NC_027699.1	tRNA		tRNA-Glu	1145-1211:1
NC_027699.1	tRNA		tRNA-Gln	1211-1278:1
NC_027699.1	CDS	ND2	NADH dehydrogenase subunit 2	1345-2329:1
NC_027699.1	CDS	ND3	NADH dehydrogenase subunit 3	2352-2706:1
NC_027699.1	tRNA		tRNA-Asn	2741-2808:1
NC_027699.1	tRNA		tRNA-Ile	2813-2877:1
NC_027699.1	tRNA		tRNA-Ser	2895-2959:1
NC_027699.1	tRNA		tRNA-Met	2971-3033:1
NC_027699.1	tRNA		tRNA-Trp	3038-3105:1
NC_027699.1	tRNA		tRNA-Phe	3117-3181:1
NC_027699.1	tRNA		tRNA-His	3206-3272:1
NC_027699.1	tRNA		tRNA-Tyr	3273-3337:1
NC_027699.1	tRNA		tRNA-Val	3336-3399:1
NC_027699.1	tRNA		tRNA-Ala	3401-3467:1
NC_027699.1	tRNA		tRNA-Arg	3470-3523:1
NC_027699.1	CDS	COX1	cytochrome c oxidase subunit I	3534-5070:1
NC_027699.1	CDS	COX2	cytochrome c oxidase subunit II	5070-5769:1
NC_027699.1	CDS	CYTB	cytochrome b	5774-6909:1
NC_027699.1	tRNA		tRNA-Leu	6909-6973:1
NC_027699.1	CDS	ATP6	ATP synthase F0 subunit 6	6980-7667:1
NC_027699.1	CDS	ND4L	NADH dehydrogenase subunit 4L	7666-7963:1
NC_027699.1	CDS	ND4	NADH dehydrogenase subunit 4	7956-9276:1
NC_027699.1	tRNA		tRNA-Pro	9283-9350:1
NC_027699.1	CDS	ND1	NADH dehydrogenase subunit 1	9353-10274:1
NC_027699.1	tRNA		tRNA-Cys	10295-10351:1
NC_027699.1	CDS	ATP8	ATP synthase F0 subunit 8	10352-10511:1
NC_027699.1	CDS	COX3	cytochrome c oxidase subunit III	10507-11290:1
NC_027699.1	tRNA		tRNA-Ser	11295-11364:1
NC_027699.1	CDS	ND5	NADH dehydrogenase subunit 5	11447-13133:1
NC_027699.1	tRNA		tRNA-Gly	13132-13200:1
NC_027699.1	rRNA		16S ribosomal RNA	13348-14356:1
NC_027699.1	rRNA		12S ribosomal RNA	14377-15164:1
NC_027699.1	CDS	ND6	NADH dehydrogenase subunit 6	15159-15630:1
NC_027831.1	CDS	COX1	cytochrome c oxidase subunit I	0-1542:1
NC_027831.1	tRNA		tRNA-Asn	1547-1609:1
NC_027831.1	CDS	COX2	cytochrome c oxidase subunit II	1610-2297:1
NC_027831.1	tRNA		tRNA-Asp	2296-2358:1
NC_027831.1	CDS	ATP8	ATP synthase F0 subunit 8	2358-2518:1
NC_027831.1	tRNA		tRNA-Tyr	2518-2581:1
NC_027831.1	tRNA		tRNA-Gly	2579-2642:1
NC_027831.1	CDS	COX3	cytochrome c oxidase subunit III	2643-3421:1
NC_027831.1	tRNA		tRNA-Gln	3421-3490:1
NC_027831.1	CDS	ND6	NADH dehydrogenase subunit 6	3490-3956:1
NC_027831.1	CDS		cytochrome b	3956-5096:1
NC_027831.1	tRNA		tRNA-Trp	5094-5156:1
NC_027831.1	CDS	ATP6	ATP synthase F0 subunit 6	5158-5852:1
NC_027831.1	tRNA		tRNA-Arg	5852-5916:1
NC_027831.1	tRNA		tRNA-His	6407-6472:1
NC_027831.1	CDS		NADH dehydrogenase subunit 5	6472-8190:1
NC_027831.1	tRNA		tRNA-Phe	8189-8250:1
NC_027831.1	tRNA		tRNA-Glu	8250-8313:1
NC_027831.1	tRNA		tRNA-Pro	8312-8374:1
NC_027831.1	tRNA		tRNA-Thr	8375-8441:1
NC_027831.1	CDS	ND4L	NADH dehydrogenase subunit 4L	8441-8738:1
NC_027831.1	CDS	ND4	NADH dehydrogenase subunit 4	8731-10088:1
NC_027831.1	tRNA		tRNA-Cys	10088-10152:1
NC_027831.1	tRNA		tRNA-Met	10152-10214:1
NC_027831.1	rRNA		12S ribosomal RNA	10214-11009:1
NC_027831.1	tRNA		tRNA-Val	11009-11073:1
NC_027831.1	rRNA		16S ribosomal RNA	11071-12328:1
NC_027831.1	tRNA		tRNA-Leu	12331-12380:1
NC_027831.1	tRNA		tRNA-Leu	12453-12512:1
NC_027831.1	tRNA		tRNA-Ala	12514-12575:1
NC_027831.1	tRNA		tRNA-Ser	12573-12639:1
NC_027831.1	tRNA		tRNA-Leu	12639-12700:1
NC_027831.1	CDS	ND1	NADH dehydrogenase subunit 1	12701-13625:1
NC_027831.1	tRNA		tRNA-Ile	13624-13690:1
NC_027831.1	tRNA		tRNA-Lys	13691-13754:1
NC_027831.1	CDS	ND3	NADH dehydrogenase subunit 3	13754-14108:1
NC_027831.1	tRNA		tRNA-Ser	14106-14170:1
NC_027831.1	CDS	ND2	NADH dehydrogenase subunit 2	14170-15176:1
NC_027832.1	CDS	COX1	cytochrome c oxidase subunit I	0-1542:1
NC_027832.1	tRNA		tRNA-Asn	1550-1611:1
NC_027832.1	CDS	COX2	cytochrome c oxidase subunit II	1612-2299:1
NC_027832.1	tRNA		tRNA-Asp	2298-2360:1
NC_027832.1	CDS	ATP8	ATP synthase F0 subunit 8	2360-2520:1
NC_027832.1	tRNA		tRNA-Tyr	2520-2582:1
NC_027832.1	tRNA		tRNA-Gly	2580-2643:1
NC_027832.1	CDS	COX3	cytochrome c oxidase subunit III	2644-3422:1
NC_027832.1	tRNA		tRNA-Gln	3422-3491:1
NC_027832.1	CDS	ND6	NADH dehydrogenase subunit 6	3491-3957:1
NC_027832.1	CDS	CYTB	cytochrome b	3957-5097:1
NC_027832.1	tRNA		tRNA-Trp	5095-5158:1
NC_027832.1	CDS	ATP6	ATP synthase F0 subunit 6	5160-5856:1
NC_027832.1	tRNA		tRNA-Arg	5854-5918:1
NC_027832.1	tRNA		tRNA-His	6491-6554:1
NC_027832.1	CDS	ND5	NADH dehydrogenase subunit 5	6554-8272:1
NC_027832.1	tRNA		tRNA-Phe	8271-8332:1
NC_027832.1	tRNA		tRNA-Glu	8332-8396:1
NC_027832.1	tRNA		tRNA-Pro	8394-8456:1
NC_027832.1	tRNA		tRNA-Thr	8456-8521:1
NC_027832.1	CDS	ND4L	NADH dehydrogenase subunit 4L	8521-8818:1
NC_027832.1	CDS	ND4	NADH dehydrogenase subunit 4	8840-10167:1
NC_027832.1	tRNA		tRNA-Cys	10167-10231:1
NC_027832.1	tRNA		tRNA-Met	10231-10295:1
NC_027832.1	rRNA		12S ribosomal RNA	10295-11085:1
NC_027832.1	tRNA		tRNA-Val	11085-11149:1
NC_027832.1	rRNA		16S ribosomal RNA	11147-12395:1
NC_027832.1	tRNA		tRNA-Leu	12397-12461:1
NC_027832.1	tRNA		tRNA-Ala	12462-12524:1
NC_027832.1	tRNA		tRNA-Ser	12522-12588:1
NC_027832.1	tRNA		tRNA-Leu	12588-12649:1
NC_027832.1	CDS	ND1	NADH dehydrogenase subunit 1	12650-13574:1
NC_027832.1	tRNA		tRNA-Ile	13573-13638:1
NC_027832.1	tRNA		tRNA-Lys	13638-13701:1
NC_027832.1	CDS	ND3	NADH dehydrogenase subunit 3	13701-14055:1
NC_027832.1	tRNA		tRNA-Ser	14056-14120:1
NC_027832.1	CDS	ND2	NADH dehydrogenase subunit 2	14120-15126:1
NC_027854.1	tRNA		tRNA-His	282-345:1
NC_027854.1	CDS	ND5	NADH dehydrogenase subunit 5	339-2047:1
NC_027854.1	tRNA		tRNA-Phe	2047-2111:1
NC_027854.1	tRNA		tRNA-Glu	2111-2179:1
NC_027854.1	tRNA		tRNA-Pro	2191-2255:1
NC_027854.1	tRNA		tRNA-Thr	2257-2321:1
NC_027854.1	CDS	ND4L	NADH dehydrogenase subunit 4L	2315-2612:1
NC_027854.1	CDS	ND4	NADH dehydrogenase subunit 4	2605-3949:1
NC_027854.1	tRNA		tRNA-Cys	3947-4009:1
NC_027854.1	tRNA		tRNA-Met	4009-4073:1
NC_027854.1	rRNA		12S ribosomal RNA	4072-4915:1
NC_027854.1	tRNA		tRNA-Val	4909-4975:1
NC_027854.1	rRNA		16S ribosomal RNA	4944-6311:1
NC_027854.1	tRNA		tRNA-Leu	6283-6348:1
NC_027854.1	tRNA		tRNA-Ala	6354-6418:1
NC_027854.1	tRNA		tRNA-Ser	6418-6485:1
NC_027854.1	tRNA		tRNA-Leu	6486-6548:1
NC_027854.1	CDS	ND1	NADH dehydrogenase subunit 1	6549-7476:1
NC_027854.1	tRNA		tRNA-Ile	7475-7544:1
NC_027854.1	tRNA		tRNA-Lys	7546-7609:1
NC_027854.1	CDS	ND3	NADH dehydrogenase subunit 3	7609-7960:1
NC_027854.1	tRNA		tRNA-Ser	7961-8029:1
NC_027854.1	CDS	ND2	NADH dehydrogenase subunit 2	8029-9046:1
NC_027854.1	CDS	COX1	cytochrome c oxidase subunit I	9023-10586:1
NC_027854.1	tRNA		tRNA-Asn	10579-10642:1
NC_027854.1	CDS	COX2	cytochrome c oxidase subunit II	10642-11329:1
NC_027854.1	tRNA		tRNA-Asp	11327-11391:1
NC_027854.1	CDS	ATP8	ATP synthase F0 subunit 8	11392-11551:1
NC_027854.1	tRNA		tRNA-Tyr	11549-11611:1
NC_027854.1	tRNA		tRNA-Gly	11611-11675:1
NC_027854.1	CDS	COX3	cytochrome c oxidase subunit III	11675-12455:1
NC_027854.1	tRNA		tRNA-Gln	12458-12527:1
NC_027854.1	CDS	ND6	NADH dehydrogenase subunit 6	12527-13007:1
NC_027854.1	CDS	CYTB	cytochrome b	12999-14140:1
NC_027854.1	tRNA		tRNA-Trp	14140-14203:1
NC_027854.1	CDS	ATP6	ATP synthase F0 subunit 6	14203-14890:1
NC_027854.1	tRNA		tRNA-Arg	14901-14965:1
NC_028050.1	CDS	COX1	cytochrome c oxidase subunit I	0-1540:1
NC_028050.1	tRNA		tRNA-Asn	1540-1606:1
NC_028050.1	CDS	COX2	cytochrome c oxidase subunit II	1607-2291:1
NC_028050.1	tRNA		tRNA-Asp	2295-2363:1
NC_028050.1	CDS	ATP8	ATP synthase F0 subunit 8	2364-2521:1
NC_028050.1	tRNA		tRNA-Tyr	2521-2587:1
NC_028050.1	tRNA		tRNA-Gly	2585-2650:1
NC_028050.1	CDS	COX3	cytochrome c oxidase subunit III	2651-3429:1
NC_028050.1	tRNA		tRNA-Gln	3429-3499:1
NC_028050.1	CDS		NADH dehydrogenase subunit 6	3499-3965:1
NC_028050.1	CDS	CYTB	cytochrome b	3965-5105:1
NC_028050.1	tRNA		tRNA-Trp	5107-5171:1
NC_028050.1	CDS	ATP6	ATP synthase F0 subunit 6	5172-5868:1
NC_028050.1	tRNA		tRNA-Arg	5866-5928:1
NC_028050.1	tRNA		tRNA-His	5929-5996:1
NC_028050.1	CDS	ND5	NADH dehydrogenase subunit 5	5997-7719:1
NC_028050.1	tRNA		tRNA-Phe	7720-7786:1
NC_028050.1	tRNA		tRNA-Glu	7786-7851:1
NC_028050.1	tRNA		tRNA-Pro	7852-7917:1
NC_028050.1	tRNA		tRNA-Thr	7928-7995:1
NC_028050.1	CDS		NADH dehydrogenase subunit 4L	7995-8292:1
NC_028050.1	CDS		NADH dehydrogenase subunit 4	8285-9645:1
NC_028050.1	tRNA		tRNA-Cys	9645-9713:1
NC_028050.1	tRNA		tRNA-Met	9713-9777:1
NC_028050.1	rRNA		12S ribosomal RNA	9777-10565:1
NC_028050.1	tRNA		tRNA-Val	10565-10629:1
NC_028050.1	rRNA		16S ribosomal RNA	10627-11870:1
NC_028050.1	tRNA		tRNA-Leu	11872-11936:1
NC_028050.1	tRNA		tRNA-Ala	11942-12007:1
NC_028050.1	tRNA		tRNA-Ser	12005-12072:1
NC_028050.1	tRNA		tRNA-Leu	12072-12136:1
NC_028050.1	CDS	ND1	NADH dehydrogenase subunit 1	12136-13061:1
NC_028050.1	tRNA		tRNA-Ile	13061-13125:1
NC_028050.1	tRNA		tRNA-Lys	13130-13194:1
NC_028050.1	CDS	ND3	NADH dehydrogenase subunit 3	13194-13548:1
NC_028050.1	tRNA		tRNA-Ser	13568-13632:1
NC_028050.1	CDS		NADH dehydrogenase subunit 2	13632-14646:1
NC_028710.1	CDS	COX1	cytochrome c oxidase subunit I	9-732:1,1045-1864:1
NC_028710.1	tRNA		tRNA-Ala	1864-1928:1
NC_028710.1	tRNA		tRNA-Leu	1930-1998:1
NC_028710.1	CDS		NADH dehydrogenase subunit 1	1998-2928:1
NC_028710.1	tRNA		tRNA-Arg	2933-3001:1
NC_028710.1	tRNA		tRNA-Thr	3007-3072:1
NC_028710.1	tRNA		tRNA-Ile	3100-3166:1
NC_028710.1	CDS		NADH dehydrogenase subunit 6	3167-3653:1
NC_028710.1	tRNA		tRNA-Gly	3677-3744:1
NC_028710.1	CDS		ATP synthase F0 subunit 6	3745-4456:1
NC_028710.1	tRNA		tRNA-Gln	4467-4534:1
NC_028710.1	tRNA		tRNA-Trp	4538-4599:1
NC_028710.1	tRNA		tRNA-Cys	4601-4668:1
NC_028710.1	tRNA		tRNA-Met	4669-4733:1
NC_028710.1	tRNA		tRNA-Tyr	4743-4807:1
NC_028710.1	tRNA		tRNA-Met	4807-4869:1
NC_028710.1	rRNA		small subunit ribosomal RNA	4869-5726:1
NC_028710.1	tRNA		tRNA-Val	5726-5791:1
NC_028710.1	rRNA		large subunit ribosomal RNA	5791-7130:1
NC_028710.1	tRNA		tRNA-Leu	7144-7208:1
NC_028710.1	CDS		NADH dehydrogenase subunit 3	7236-7587:1
NC_028710.1	tRNA		tRNA-Ser	7587-7656:1
NC_028710.1	CDS		NADH dehydrogenase subunit 2	7692-8620:1
NC_028710.1	tRNA		tRNA-Pro	8654-8726:1
NC_028710.1	CDS		cytochrome b	9364-10495:1
NC_028710.1	tRNA		tRNA-Ser	10504-10571:1
NC_028710.1	CDS		NADH dehydrogenase subunit 4L	10580-10862:1
NC_028710.1	CDS		NADH dehydrogenase subunit 4	10933-12226:1
NC_028710.1	tRNA		tRNA-His	12234-12297:1
NC_028710.1	CDS		NADH dehydrogenase subunit 5	12387-14001:1
NC_028710.1	tRNA		tRNA-Glu	14088-14151:1
NC_028710.1	tRNA		tRNA-Phe	14161-14226:1
NC_028710.1	CDS		cytochrome c oxidase subunit III	14226-15007:1
NC_028710.1	tRNA		tRNA-Lys	15007-15074:1
NC_028710.1	CDS		cytochrome c oxidase subunit II	15075-15768:1
NC_028710.1	tRNA		tRNA-Asp	15768-15834:1
NC_028710.1	CDS		ATP synthase F0 subunit 8	15836-15992:1
NC_028710.1	tRNA		tRNA-Asn	16009-16076:1
NC_028711.1	CDS		cytochrome c oxidase subunit I	9-1545:1
NC_028711.1	CDS		cytochrome c oxidase subunit II	1549-2225:1
NC_028711.1	tRNA		tRNA-Asp	2237-2303:1
NC_028711.1	CDS		ATP synthase F0 subunit 8	2303-2462:1
NC_028711.1	CDS		ATP synthase F0 subunit 6	2621-3179:1
NC_028711.1	tRNA		tRNA-Glu	3179-3240:1
NC_028711.1	CDS		cytochrome c oxidase subunit III	3242-4022:1
NC_028711.1	tRNA		tRNA-Lys	4034-4097:1
NC_028711.1	tRNA		tRNA-Ala	4100-4166:1
NC_028711.1	tRNA		tRNA-Arg	4166-4231:1
NC_028711.1	tRNA		tRNA-Asn	4234-4299:1
NC_028711.1	tRNA		tRNA-Gly	4299-4365:1
NC_028711.1	tRNA		tRNA-Gln	4370-4439:1
NC_028711.1	CDS		NADH dehydrogenase subunit 6	4439-4931:1
NC_028711.1	CDS		cytochrome b	4938-6082:1
NC_028711.1	tRNA		tRNA-Trp	6082-6149:1
NC_028711.1	tRNA		tRNA-Tyr	6166-6231:1
NC_028711.1	tRNA		tRNA-Cys	6231-6296:1
NC_028711.1	tRNA		tRNA-Met	6297-6362:1
NC_028711.1	rRNA		small subunit ribosomal RNA	6371-7230:1
NC_028711.1	tRNA		tRNA-Val	7230-7294:1
NC_028711.1	rRNA		large subunit ribosomal RNA	7294-8576:1
NC_028711.1	tRNA		tRNA-Leu	8576-8644:1
NC_028711.1	tRNA		tRNA-Leu	8644-8707:1
NC_028711.1	CDS		NADH dehydrogenase subunit 1	8707-9646:1
NC_028711.1	tRNA		tRNA-Pro	9958-10021:-1
NC_028711.1	tRNA		tRNA-Ser	10024-10091:1
NC_028711.1	tRNA		tRNA-Thr	10108-10174:-1
NC_028711.1	CDS		NADH dehydrogenase subunit 4L	10217-10478:1
NC_028711.1	CDS		NADH dehydrogenase subunit 4	10510-11872:1
NC_028711.1	tRNA		tRNA-His	11867-11930:1
NC_028711.1	CDS		NADH dehydrogenase subunit 5	11981-13650:1
NC_028711.1	tRNA		tRNA-Phe	13650-13717:1
NC_028711.1	tRNA		tRNA-Ile	13751-13814:1
NC_028711.1	CDS		NADH dehydrogenase subunit 3	13817-14171:1
NC_028711.1	tRNA		tRNA-Ser	14177-14246:1
NC_028711.1	CDS		NADH dehydrogenase subunit 2	14291-15239:1
NC_028712.1	CDS		cytochrome c oxidase subunit I	10-1564:1
NC_028712.1	CDS		cytochrome c oxidase subunit II	1563-2253:1
NC_028712.1	tRNA		tRNA-Asp	2261-2329:1
NC_028712.1	CDS		ATP synthase F0 subunit 8	2329-2506:1
NC_028712.1	tRNA		tRNA-Gln	2519-2586:1
NC_028712.1	tRNA		tRNA-Arg	2599-2668:1
NC_028712.1	CDS		NADH dehydrogenase subunit 3	2689-3019:1
NC_028712.1	CDS		NADH dehydrogenase subunit 5	3185-4880:1
NC_028712.1	tRNA		tRNA-Ser	4891-4960:1
NC_028712.1	CDS		NADH dehydrogenase subunit 2	4999-6043:1
NC_028712.1	tRNA		tRNA-Phe	6068-6133:1
NC_028712.1	tRNA		tRNA-His	6148-6215:1
NC_028712.1	tRNA		tRNA-Cys	6241-6306:1
NC_028712.1	CDS		NADH dehydrogenase subunit 1	6344-7175:1
NC_028712.1	tRNA		tRNA-Pro	7265-7332:-1
NC_028712.1	tRNA		tRNA-Ser	7333-7401:1
NC_028712.1	CDS		NADH dehydrogenase subunit 6	7402-7594:1,7667-7887:1
NC_028712.1	CDS		cytochrome b	7914-9057:1
NC_028712.1	tRNA		tRNA-Thr	9075-9140:-1
NC_028712.1	CDS		NADH dehydrogenase subunit 4L	9171-9456:1
NC_028712.1	CDS		NADH dehydrogenase subunit 4	9566-10820:1
NC_028712.1	tRNA		tRNA-Glu	10825-10893:1
NC_028712.1	tRNA		tRNA-Trp	10930-10997:1
NC_028712.1	tRNA		tRNA-Met	10998-11065:1
NC_028712.1	rRNA		small subunit ribosomal RNA	11078-11887:1
NC_028712.1	rRNA		large subunit ribosomal RNA	12095-13177:1
NC_028712.1	tRNA		tRNA-Leu	13241-13308:1
NC_028712.1	tRNA		tRNA-Val	13315-13381:1
NC_028712.1	tRNA		tRNA-Leu	14153-14220:1
NC_028712.1	CDS		ATP synthase F0 subunit 6	14386-14929:1
NC_028712.1	tRNA		tRNA-Asn	14934-15002:1
NC_028712.1	tRNA		tRNA-Tyr	15018-15083:1
NC_028712.1	tRNA		tRNA-Ile	15086-15156:1
NC_028712.1	tRNA		tRNA-Ala	15168-15235:1
NC_028712.1	tRNA		tRNA-Gly	15246-15313:1
NC_028712.1	CDS		cytochrome c oxidase subunit III	15314-16094:1
NC_028712.1	tRNA		tRNA-Lys	16118-16186:1
NC_029863.1	CDS	COX1	cytochrome c oxidase subunit I	0-1542:1
NC_029863.1	tRNA		tRNA-Asn	1547-1608:1
NC_029863.1	CDS	COX2	cytochrome c oxidase subunit II	1609-2296:1
NC_029863.1	tRNA		tRNA-Asp	2295-2357:1
NC_029863.1	CDS	ATP8	ATP synthase F0 subunit 8	2357-2517:1
NC_029863.1	tRNA		tRNA-Tyr	2517-2579:1
NC_029863.1	tRNA		tRNA-Gly	2577-2641:1
NC_029863.1	CDS	COX3	cytochrome c oxidase subunit III	2642-3420:1
NC_029863.1	tRNA		tRNA-Gln	3420-3489:1
NC_029863.1	CDS	ND6	NADH dehydrogenase subunit 6	3489-3955:1
NC_029863.1	CDS	CYTB	cytochrome b	3955-5095:1
NC_029863.1	tRNA		tRNA-Trp	5093-5155:1
NC_029863.1	CDS	ATP6	ATP synthase F0 subunit 6	5157-5853:1
NC_029863.1	tRNA		tRNA-Arg	5851-5914:1
NC_029863.1	tRNA		tRNA-His	6515-6579:1
NC_029863.1	CDS	ND5	NADH dehydrogenase subunit 5	6579-8296:1
NC_029863.1	tRNA		tRNA-Phe	8296-8357:1
NC_029863.1	tRNA		tRNA-Glu	8357-8421:1
NC_029863.1	tRNA		tRNA-Pro	8419-8481:1
NC_029863.1	tRNA		tRNA-Thr	8481-8546:1
NC_029863.1	CDS	ND4L	NADH dehydrogenase subunit 4L	8546-8843:1
NC_029863.1	CDS	ND4	NADH dehydrogenase subunit 4	8836-10193:1
NC_029863.1	tRNA		tRNA-Cys	10193-10257:1
NC_029863.1	tRNA		tRNA-Met	10262-10324:1
NC_029863.1	rRNA		12S ribosomal RNA	10324-11116:1
NC_029863.1	tRNA		tRNA-Val	11116-11178:1
NC_029863.1	rRNA		16S ribosomal RNA	11176-12430:1
NC_029863.1	tRNA		tRNA-Leu	12432-12494:1
NC_029863.1	tRNA		tRNA-Ala	12496-12558:1
NC_029863.1	tRNA		tRNA-Ser	12556-12622:1
NC_029863.1	tRNA		tRNA-Leu	12632-12683:1
NC_029863.1	CDS	ND1	NADH dehydrogenase subunit 1	12684-13608:1
NC_029863.1	tRNA		tRNA-Ile	13607-13671:1
NC_029863.1	tRNA		tRNA-Lys	13671-13735:1
NC_029863.1	CDS	ND3	NADH dehydrogenase subunit 3	13736-14090:1
NC_029863.1	tRNA		tRNA-Ser	14090-14154:1
NC_029863.1	CDS	ND2	NADH dehydrogenase subunit 2	14154-15160:1
NC_029864.1	CDS	COX1	cytochrome c oxidase subunit I	0-1542:1
NC_029864.1	tRNA		tRNA-Asn	1549-1611:1
NC_029864.1	CDS	COX2	cytochrome c oxidase subunit II	1612-2299:1
NC_029864.1	tRNA		tRNA-Asp	2298-2360:1
NC_029864.1	CDS	ATP8	ATP synthase F0 subunit 8	2360-2520:1
NC_029864.1	tRNA		tRNA-Tyr	2520-2584:1
NC_029864.1	tRNA		tRNA-Gly	2582-2646:1
NC_029864.1	CDS	COX3	cytochrome c oxidase subunit III	2647-3425:1
NC_029864.1	tRNA		tRNA-Gln	3425-3494:1
NC_029864.1	CDS	ND6	NADH dehydrogenase subunit 6	3494-3960:1
NC_029864.1	CDS	CYTB	cytochrome b	3960-5100:1
NC_029864.1	tRNA		tRNA-Trp	5098-5161:1
NC_029864.1	CDS	ATP6	ATP synthase F0 subunit 6	5163-5859:1
NC_029864.1	tRNA		tRNA-Arg	5857-5921:1
NC_029864.1	tRNA		tRNA-His	6398-6462:1
NC_029864.1	CDS	ND5	NADH dehydrogenase subunit 5	6462-8179:1
NC_029864.1	tRNA		tRNA-Phe	8179-8241:1
NC_029864.1	tRNA		tRNA-Glu	8241-8305:1
NC_029864.1	tRNA		tRNA-Pro	8304-8367:1
NC_029864.1	tRNA		tRNA-Thr	8367-8432:1
NC_029864.1	CDS	ND4L	NADH dehydrogenase subunit 4L	8432-8729:1
NC_029864.1	CDS	ND4	NADH dehydrogenase subunit 4	8722-10079:1
NC_029864.1	tRNA		tRNA-Cys	10079-10143:1
NC_029864.1	tRNA		tRNA-Met	10143-10205:1
NC_029864.1	rRNA		12S ribosomal RNA	10205-10998:1
NC_029864.1	tRNA		tRNA-Val	10998-11062:1
NC_029864.1	rRNA		16S ribosomal RNA	11060-12315:1
NC_029864.1	tRNA		tRNA-Leu	12317-12378:1
NC_029864.1	tRNA		tRNA-Ala	12381-12443:1
NC_029864.1	tRNA		tRNA-Ser	12441-12507:1
NC_029864.1	tRNA		tRNA-Leu	12509-12571:1
NC_029864.1	CDS	ND1	NADH dehydrogenase subunit 1	12572-13496:1
NC_029864.1	tRNA		tRNA-Ile	13495-13559:1
NC_029864.1	tRNA		tRNA-Lys	13578-13643:1
NC_029864.1	CDS	ND3	NADH dehydrogenase subunit 3	13643-13994:1
NC_029864.1	tRNA		tRNA-Ser	13998-14062:1
NC_029864.1	CDS	ND2	NADH dehydrogenase subunit 2	14063-15069:1
NC_029865.1	CDS	COX1	cytochrome c oxidase subunit I	0-1542:1
NC_029865.1	tRNA		tRNA-Asn	1550-1611:1
NC_029865.1	CDS	COX2	cytochrome c oxidase subunit II	1612-2296:1
NC_029865.1	tRNA		tRNA-Asp	2298-2360:1
NC_029865.1	CDS	ATP8	ATP synthase F0 subunit 8	2360-2520:1
NC_029865.1	tRNA		tRNA-Tyr	2520-2585:1
NC_029865.1	tRNA		tRNA-Gly	2583-2648:1
NC_029865.1	CDS	COX3	cytochrome c oxidase subunit III	2649-3427:1
NC_029865.1	tRNA		tRNA-Gln	3427-3496:1
NC_029865.1	CDS	ND6	NADH dehydrogenase subunit 6	3496-3962:1
NC_029865.1	CDS	CYTB	cytochrome b	3962-5102:1
NC_029865.1	tRNA		tRNA-Trp	5100-5163:1
NC_029865.1	CDS	ATP6	ATP synthase F0 subunit 6	5165-5859:1
NC_029865.1	tRNA		tRNA-Arg	5859-5925:1
NC_029865.1	tRNA		tRNA-His	6363-6427:1
NC_029865.1	CDS	ND5	NADH dehydrogenase subunit 5	6427-8144:1
NC_029865.1	tRNA		tRNA-Phe	8144-8205:1
NC_029865.1	tRNA		tRNA-Glu	8205-8269:1
NC_029865.1	tRNA		tRNA-Pro	8270-8332:1
NC_029865.1	tRNA		tRNA-Thr	8332-8399:1
NC_029865.1	CDS	ND4L	NADH dehydrogenase subunit 4L	8399-8696:1
NC_029865.1	CDS	ND4	NADH dehydrogenase subunit 4	8689-10046:1
NC_029865.1	tRNA		tRNA-Cys	10046-10110:1
NC_029865.1	tRNA		tRNA-Met	10110-10173:1
NC_029865.1	rRNA		12S ribosomal RNA	10173-10973:1
NC_029865.1	tRNA		tRNA-Val	10973-11038:1
NC_029865.1	rRNA		16S ribosomal RNA	11036-12293:1
NC_029865.1	tRNA		tRNA-Leu	12295-12356:1
NC_029865.1	tRNA		tRNA-Ala	12359-12421:1
NC_029865.1	tRNA		tRNA-Ser	12419-12485:1
NC_029865.1	tRNA		tRNA-Leu	12485-12546:1
NC_029865.1	CDS	ND1	NADH dehydrogenase subunit 1	12547-13471:1
NC_029865.1	tRNA		tRNA-Ile	13470-13536:1
NC_029865.1	tRNA		tRNA-Lys	13536-13601:1
NC_029865.1	CDS	ND3	NADH dehydrogenase subunit 3	13601-13955:1
NC_029865.1	tRNA		tRNA-Ser	13956-14020:1
NC_029865.1	CDS	ND2	NADH dehydrogenase subunit 2	14020-15026:1
NC_029866.1	CDS	COX1	cytochrome c oxidase subunit I	0-1542:1
NC_029866.1	tRNA		tRNA-Asn	1548-1609:1
NC_029866.1	CDS	COX2	cytochrome c oxidase subunit II	1610-2297:1
NC_029866.1	tRNA		tRNA-Asp	2296-2358:1
NC_029866.1	CDS	ATP8	ATP synthase F0 subunit 8	2358-2518:1
NC_029866.1	tRNA		tRNA-Tyr	2518-2581:1
NC_029866.1	tRNA		tRNA-Gly	2579-2643:1
NC_029866.1	CDS	COX3	cytochrome c oxidase subunit III	2644-3422:1
NC_029866.1	tRNA		tRNA-Gln	3422-3491:1
NC_029866.1	CDS	ND6	NADH dehydrogenase subunit 6	3491-3957:1
NC_029866.1	CDS	CYTB	cytochrome b	3957-5097:1
NC_029866.1	tRNA		tRNA-Trp	5095-5158:1
NC_029866.1	CDS	ATP6	ATP synthase F0 subunit 6	5160-5856:1
NC_029866.1	tRNA		tRNA-Arg	5854-5917:1
NC_029866.1	tRNA		tRNA-His	6486-6550:1
NC_029866.1	CDS	ND5	NADH dehydrogenase subunit 5	6550-8267:1
NC_029866.1	tRNA		tRNA-Phe	8267-8329:1
NC_029866.1	tRNA		tRNA-Glu	8329-8392:1
NC_029866.1	tRNA		tRNA-Pro	8390-8452:1
NC_029866.1	tRNA		tRNA-Thr	8452-8516:1
NC_029866.1	CDS	ND4L	NADH dehydrogenase subunit 4L	8516-8813:1
NC_029866.1	CDS	ND4	NADH dehydrogenase subunit 4	8806-10163:1
NC_029866.1	tRNA		tRNA-Cys	10163-10227:1
NC_029866.1	tRNA		tRNA-Met	10227-10290:1
NC_029866.1	rRNA		12S ribosomal RNA	10290-11078:1
NC_029866.1	tRNA		tRNA-Val	11078-11142:1
NC_029866.1	rRNA		16S ribosomal RNA	11140-12395:1
NC_029866.1	tRNA		tRNA-Leu	12395-12456:1
NC_029866.1	tRNA		tRNA-Ala	12457-12519:1
NC_029866.1	tRNA		tRNA-Ser	12517-12583:1
NC_029866.1	tRNA		tRNA-Leu	12583-12644:1
NC_029866.1	CDS	ND1	NADH dehydrogenase subunit 1	12645-13569:1
NC_029866.1	tRNA		tRNA-Ile	13568-13633:1
NC_029866.1	tRNA		tRNA-Lys	13633-13697:1
NC_029866.1	CDS	ND3	NADH dehydrogenase subunit 3	13697-14051:1
NC_029866.1	tRNA		tRNA-Ser	14052-14116:1
NC_029866.1	CDS	ND2	NADH dehydrogenase subunit 2	14116-15122:1
NC_029867.1	CDS	COX1	cytochrome c oxidase subunit I	0-1542:1
NC_029867.1	tRNA		tRNA-Asn	1551-1613:1
NC_029867.1	CDS	COX2	cytochrome c oxidase subunit II	1614-2301:1
NC_029867.1	tRNA		tRNA-Asp	2300-2362:1
NC_029867.1	CDS	ATP8	ATP synthase F0 subunit 8	2362-2522:1
NC_029867.1	tRNA		tRNA-Tyr	2522-2586:1
NC_029867.1	tRNA		tRNA-Gly	2584-2646:1
NC_029867.1	CDS	COX3	cytochrome c oxidase subunit III	2647-3425:1
NC_029867.1	tRNA		tRNA-Gln	3425-3494:1
NC_029867.1	CDS	ND6	NADH dehydrogenase subunit 6	3494-3960:1
NC_029867.1	CDS	CYTB	cytochrome b	3960-5100:1
NC_029867.1	tRNA		tRNA-Trp	5098-5160:1
NC_029867.1	CDS	ATP6	ATP synthase F0 subunit 6	5162-5858:1
NC_029867.1	tRNA		tRNA-Arg	5856-5920:1
NC_029867.1	tRNA		tRNA-His	6515-6579:1
NC_029867.1	CDS	ND5	NADH dehydrogenase subunit 5	6579-8296:1
NC_029867.1	tRNA		tRNA-Phe	8296-8358:1
NC_029867.1	tRNA		tRNA-Glu	8358-8421:1
NC_029867.1	tRNA		tRNA-Pro	8420-8482:1
NC_029867.1	tRNA		tRNA-Thr	8482-8546:1
NC_029867.1	CDS	ND4L	NADH dehydrogenase subunit 4L	8546-8843:1
NC_029867.1	CDS	ND4	NADH dehydrogenase subunit 4	8836-10193:1
NC_029867.1	tRNA		tRNA-Cys	10193-10257:1
NC_029867.1	tRNA		tRNA-Met	10257-10319:1
NC_029867.1	rRNA		12S ribosomal RNA	10319-11113:1
NC_029867.1	tRNA		tRNA-Val	11113-11177:1
NC_029867.1	rRNA		16S ribosomal RNA	11175-12430:1
NC_029867.1	tRNA		tRNA-Leu	12432-12492:1
NC_029867.1	tRNA		tRNA-Ala	12494-12556:1
NC_029867.1	tRNA		tRNA-Ser	12554-12620:1
NC_029867.1	tRNA		tRNA-Leu	12620-12681:1
NC_029867.1	CDS	ND1	NADH dehydrogenase subunit 1	12682-13606:1
NC_029867.1	tRNA		tRNA-Ile	13605-13670:1
NC_029867.1	tRNA		tRNA-Lys	13670-13733:1
NC_029867.1	CDS	ND3	NADH dehydrogenase subunit 3	13734-14088:1
NC_029867.1	tRNA		tRNA-Ser	14086-14150:1
NC_029867.1	CDS	ND2	NADH dehydrogenase subunit 2	14150-15156:1
NC_029868.1	CDS	COX1	cytochrome c oxidase subunit I	0-1539:1
NC_029868.1	tRNA		tRNA-Asn	1546-1608:1
NC_029868.1	CDS	COX2	cytochrome c oxidase subunit II	1609-2293:1
NC_029868.1	tRNA		tRNA-Asp	2295-2357:1
NC_029868.1	CDS	ATP8	ATP synthase F0 subunit 8	2357-2517:1
NC_029868.1	tRNA		tRNA-Tyr	2517-2580:1
NC_029868.1	tRNA		tRNA-Gly	2578-2642:1
NC_029868.1	CDS	COX3	cytochrome c oxidase subunit III	2643-3421:1
NC_029868.1	tRNA		tRNA-Gln	3421-3490:1
NC_029868.1	CDS	ND6	NADH dehydrogenase subunit 6	3490-3956:1
NC_029868.1	CDS	CYTB	cytochrome b	3956-5096:1
NC_029868.1	tRNA		tRNA-Trp	5094-5158:1
NC_029868.1	CDS	ATP6	ATP synthase F0 subunit 6	5160-5856:1
NC_029868.1	tRNA		tRNA-Arg	5854-5919:1
NC_029868.1	tRNA		tRNA-His	6501-6565:1
NC_029868.1	CDS	ND5	NADH dehydrogenase subunit 5	6565-8282:1
NC_029868.1	tRNA		tRNA-Phe	8282-8345:1
NC_029868.1	tRNA		tRNA-Glu	8345-8409:1
NC_029868.1	tRNA		tRNA-Pro	8408-8470:1
NC_029868.1	tRNA		tRNA-Thr	8470-8535:1
NC_029868.1	CDS	ND4L	NADH dehydrogenase subunit 4L	8535-8832:1
NC_029868.1	CDS	ND4	NADH dehydrogenase subunit 4	8825-10182:1
NC_029868.1	tRNA		tRNA-Cys	10182-10247:1
NC_029868.1	tRNA		tRNA-Met	10247-10310:1
NC_029868.1	rRNA		12S ribosomal RNA	10310-11105:1
NC_029868.1	tRNA		tRNA-Val	11105-11169:1
NC_029868.1	rRNA		16S ribosomal RNA	11167-12425:1
NC_029868.1	tRNA		tRNA-Leu	12427-12489:1
NC_029868.1	tRNA		tRNA-Ala	12492-12554:1
NC_029868.1	tRNA		tRNA-Ser	12552-12618:1
NC_029868.1	tRNA		tRNA-Leu	12618-12680:1
NC_029868.1	CDS	ND1	NADH dehydrogenase subunit 1	12681-13605:1
NC_029868.1	tRNA		tRNA-Ile	13604-13669:1
NC_029868.1	tRNA		tRNA-Lys	13669-13734:1
NC_029868.1	CDS	ND3	NADH dehydrogenase subunit 3	13734-14088:1
NC_029868.1	tRNA		tRNA-Ser	14089-14153:1
NC_029868.1	CDS	ND2	NADH dehydrogenase subunit 2	14154-15160:1
NC_029869.1	CDS	COX1	cytochrome c oxidase subunit I	0-1542:1
NC_029869.1	tRNA		tRNA-Asn	1558-1621:1
NC_029869.1	CDS	COX2	cytochrome c oxidase subunit II	1622-2303:1
NC_029869.1	tRNA		tRNA-Asp	2309-2373:1
NC_029869.1	CDS	ATP8	ATP synthase F0 subunit 8	2373-2533:1
NC_029869.1	tRNA		tRNA-Tyr	2533-2596:1
NC_029869.1	tRNA		tRNA-Gly	2594-2658:1
NC_029869.1	CDS	COX3	cytochrome c oxidase subunit III	2658-3436:1
NC_029869.1	tRNA		tRNA-Gln	3436-3504:1
NC_029869.1	CDS	ND6	NADH dehydrogenase subunit 6	3504-3970:1
NC_029869.1	CDS	CYTB	cytochrome b	3970-5110:1
NC_029869.1	tRNA		tRNA-Trp	5108-5172:1
NC_029869.1	CDS	ATP6	ATP synthase F0 subunit 6	5174-5868:1
NC_029869.1	tRNA		tRNA-Arg	5868-5934:1
NC_029869.1	tRNA		tRNA-His	6528-6591:1
NC_029869.1	CDS	ND5	NADH dehydrogenase subunit 5	6591-8308:1
NC_029869.1	tRNA		tRNA-Phe	8308-8369:1
NC_029869.1	tRNA		tRNA-Glu	8369-8433:1
NC_029869.1	tRNA		tRNA-Pro	8431-8493:1
NC_029869.1	tRNA		tRNA-Thr	8491-8557:1
NC_029869.1	CDS	ND4L	NADH dehydrogenase subunit 4L	8557-8854:1
NC_029869.1	CDS	ND4	NADH dehydrogenase subunit 4	8847-10204:1
NC_029869.1	tRNA		tRNA-Cys	10204-10269:1
NC_029869.1	tRNA		tRNA-Met	10269-10332:1
NC_029869.1	rRNA		12S ribosomal RNA	10332-11123:1
NC_029869.1	tRNA		tRNA-Val	11123-11185:1
NC_029869.1	rRNA		16S ribosomal RNA	11183-12443:1
NC_029869.1	tRNA		tRNA-Leu	12444-12506:1
NC_029869.1	tRNA		tRNA-Ala	12508-12570:1
NC_029869.1	tRNA		tRNA-Ser	12568-12634:1
NC_029869.1	tRNA		tRNA-Leu	12634-12696:1
NC_029869.1	CDS	ND1	NADH dehydrogenase subunit 1	12697-13621:1
NC_029869.1	tRNA		tRNA-Ile	13620-13684:1
NC_029869.1	tRNA		tRNA-Lys	13684-13749:1
NC_029869.1	CDS	ND3	NADH dehydrogenase subunit 3	13749-14103:1
NC_029869.1	tRNA		tRNA-Ser	14104-14168:1
NC_029869.1	CDS	ND2	NADH dehydrogenase subunit 2	14168-15174:1
NC_029870.1	CDS	COX1	cytochrome c oxidase subunit I	0-1542:1
NC_029870.1	tRNA		tRNA-Asn	1549-1611:1
NC_029870.1	CDS	COX2	cytochrome c oxidase subunit II	1612-2299:1
NC_029870.1	tRNA		tRNA-Asp	2298-2360:1
NC_029870.1	CDS	ATP8	ATP synthase F0 subunit 8	2360-2520:1
NC_029870.1	tRNA		tRNA-Tyr	2520-2583:1
NC_029870.1	tRNA		tRNA-Gly	2581-2644:1
NC_029870.1	CDS	COX3	cytochrome c oxidase subunit III	2645-3423:1
NC_029870.1	tRNA		tRNA-Gln	3423-3492:1
NC_029870.1	CDS	ND6	NADH dehydrogenase subunit 6	3492-3958:1
NC_029870.1	CDS	CYTB	cytochrome b	3958-5098:1
NC_029870.1	tRNA		tRNA-Trp	5096-5158:1
NC_029870.1	CDS	ATP6	ATP synthase F0 subunit 6	5160-5856:1
NC_029870.1	tRNA		tRNA-Arg	5854-5917:1
NC_029870.1	tRNA		tRNA-His	6535-6598:1
NC_029870.1	CDS	ND5	NADH dehydrogenase subunit 5	6598-8315:1
NC_029870.1	tRNA		tRNA-Phe	8315-8379:1
NC_029870.1	tRNA		tRNA-Glu	8379-8443:1
NC_029870.1	tRNA		tRNA-Pro	8441-8503:1
NC_029870.1	tRNA		tRNA-Thr	8503-8568:1
NC_029870.1	CDS	ND4L	NADH dehydrogenase subunit 4L	8568-8845:1
NC_029870.1	CDS	ND4	NADH dehydrogenase subunit 4	8858-10215:1
NC_029870.1	tRNA		tRNA-Cys	10215-10279:1
NC_029870.1	tRNA		tRNA-Met	10279-10342:1
NC_029870.1	rRNA		12S ribosomal RNA	10342-11130:1
NC_029870.1	tRNA		tRNA-Val	11130-11194:1
NC_029870.1	rRNA		16S ribosomal RNA	11192-12451:1
NC_029870.1	tRNA		tRNA-Leu	12453-12515:1
NC_029870.1	tRNA		tRNA-Ala	12516-12578:1
NC_029870.1	tRNA		tRNA-Ser	12576-12644:1
NC_029870.1	tRNA		tRNA-Leu	12642-12704:1
NC_029870.1	CDS	ND1	NADH dehydrogenase subunit 1	12705-13629:1
NC_029870.1	tRNA		tRNA-Ile	13628-13693:1
NC_029870.1	tRNA		tRNA-Lys	13693-13758:1
NC_029870.1	CDS	ND3	NADH dehydrogenase subunit 3	13758-14112:1
NC_029870.1	tRNA		tRNA-Ser	14118-14182:1
NC_029870.1	CDS	ND2	NADH dehydrogenase subunit 2	14182-15188:1
NC_029871.1	CDS	COX1	cytochrome c oxidase subunit I	0-1542:1
NC_029871.1	tRNA		tRNA-Asn	1550-1612:1
NC_029871.1	CDS	COX2	cytochrome c oxidase subunit II	1613-2297:1
NC_029871.1	tRNA		tRNA-Asp	2299-2361:1
NC_029871.1	CDS	ATP8	ATP synthase F0 subunit 8	2361-2521:1
NC_029871.1	tRNA		tRNA-Tyr	2521-2584:1
NC_029871.1	tRNA		tRNA-Gly	2582-2646:1
NC_029871.1	CDS	COX3	cytochrome c oxidase subunit III	2647-3425:1
NC_029871.1	tRNA		tRNA-Gln	3425-3494:1
NC_029871.1	CDS	ND6	NADH dehydrogenase subunit 6	3494-3960:1
NC_029871.1	CDS	CYTB	cytochrome b	3960-5100:1
NC_029871.1	tRNA		tRNA-Trp	5098-5162:1
NC_029871.1	CDS	ATP6	ATP synthase F0 subunit 6	5164-5857:1
NC_029871.1	tRNA		tRNA-Arg	5855-5920:1
NC_029871.1	tRNA		tRNA-His	6352-6416:1
NC_029871.1	CDS	ND5	NADH dehydrogenase subunit 5	6416-8134:1
NC_029871.1	tRNA		tRNA-Phe	8133-8196:1
NC_029871.1	tRNA		tRNA-Glu	8196-8259:1
NC_029871.1	tRNA		tRNA-Pro	8258-8320:1
NC_029871.1	tRNA		tRNA-Thr	8320-8385:1
NC_029871.1	CDS	ND4L	NADH dehydrogenase subunit 4L	8385-8682:1
NC_029871.1	CDS	ND4	NADH dehydrogenase subunit 4	8675-10032:1
NC_029871.1	tRNA		tRNA-Cys	10032-10097:1
NC_029871.1	tRNA		tRNA-Met	10097-10160:1
NC_029871.1	rRNA		12S ribosomal RNA	10160-10954:1
NC_029871.1	tRNA		tRNA-Val	10953-11019:1
NC_029871.1	rRNA		16S ribosomal RNA	11107-12278:1
NC_029871.1	tRNA		tRNA-Leu	12280-12342:1
NC_029871.1	tRNA		tRNA-Ala	12345-12407:1
NC_029871.1	tRNA		tRNA-Ser	12405-12471:1
NC_029871.1	tRNA		tRNA-Leu	12471-12533:1
NC_029871.1	CDS	ND1	NADH dehydrogenase subunit 1	12534-13458:1
NC_029871.1	tRNA		tRNA-Ile	13457-13522:1
NC_029871.1	tRNA		tRNA-Lys	13522-13587:1
NC_029871.1	CDS	ND3	NADH dehydrogenase subunit 3	13587-13941:1
NC_029871.1	tRNA		tRNA-Ser	13942-14006:1
NC_029871.1	CDS	ND2	NADH dehydrogenase subunit 2	14007-15013:1
NC_029872.1	CDS	COX1	cytochrome c oxidase subunit I	0-1542:1
NC_029872.1	tRNA		tRNA-Asn	1550-1612:1
NC_029872.1	CDS	COX2	cytochrome c oxidase subunit II	1613-2300:1
NC_029872.1	tRNA		tRNA-Asp	2299-2361:1
NC_029872.1	CDS	ATP8	ATP synthase F0 subunit 8	2361-2521:1
NC_029872.1	tRNA		tRNA-Tyr	2521-2583:1
NC_029872.1	tRNA		tRNA-Gly	2581-2645:1
NC_029872.1	CDS	COX3	cytochrome c oxidase subunit III	2646-3424:1
NC_029872.1	tRNA		tRNA-Gln	3424-3493:1
NC_029872.1	CDS	ND6	NADH dehydrogenase subunit 6	3493-3959:1
NC_029872.1	CDS	CYTB	cytochrome b	3959-5099:1
NC_029872.1	tRNA		tRNA-Trp	5097-5160:1
NC_029872.1	CDS	ATP6	ATP synthase F0 subunit 6	5162-5858:1
NC_029872.1	tRNA		tRNA-Arg	5856-5921:1
NC_029872.1	tRNA		tRNA-His	6483-6546:1
NC_029872.1	CDS	ND5	NADH dehydrogenase subunit 5	6546-8263:1
NC_029872.1	tRNA		tRNA-Phe	8263-8325:1
NC_029872.1	tRNA		tRNA-Glu	8325-8389:1
NC_029872.1	tRNA		tRNA-Pro	8387-8449:1
NC_029872.1	tRNA		tRNA-Thr	8449-8514:1
NC_029872.1	CDS	ND4L	NADH dehydrogenase subunit 4L	8514-8811:1
NC_029872.1	CDS	ND4	NADH dehydrogenase subunit 4	8804-10161:1
NC_029872.1	tRNA		tRNA-Cys	10161-10225:1
NC_029872.1	tRNA		tRNA-Met	10225-10288:1
NC_029872.1	rRNA		12S ribosomal RNA	10288-11081:1
NC_029872.1	tRNA		tRNA-Val	11081-11145:1
NC_029872.1	rRNA		16S ribosomal RNA	11145-12398:1
NC_029872.1	tRNA		tRNA-Leu	12398-12463:1
NC_029872.1	tRNA		tRNA-Ala	12464-12526:1
NC_029872.1	tRNA		tRNA-Ser	12524-12590:1
NC_029872.1	tRNA		tRNA-Leu	12592-12654:1
NC_029872.1	CDS	ND1	NADH dehydrogenase subunit 1	12655-13579:1
NC_029872.1	tRNA		tRNA-Ile	13578-13643:1
NC_029872.1	tRNA		tRNA-Lys	13643-13708:1
NC_029872.1	CDS	ND3	NADH dehydrogenase subunit 3	13708-14062:1
NC_029872.1	tRNA		tRNA-Ser	14063-14127:1
NC_029872.1	CDS	ND2	NADH dehydrogenase subunit 2	14127-15133:1
NC_029879.1	CDS	COX1	cytochrome c oxidase subunit I	0-1542:1
NC_029879.1	tRNA		tRNA-Asn	1548-1609:1
NC_029879.1	CDS	COX2	cytochrome c oxidase subunit II	1610-2297:1
NC_029879.1	tRNA		tRNA-Asp	2296-2358:1
NC_029879.1	CDS	ATP8	ATP synthase F0 subunit 8	2358-2538:1
NC_029879.1	tRNA		tRNA-Tyr	2518-2580:1
NC_029879.1	tRNA		tRNA-Gly	2578-2640:1
NC_029879.1	CDS	COX3	cytochrome c oxidase subunit III	2641-3419:1
NC_029879.1	tRNA		tRNA-Gln	3419-3488:1
NC_029879.1	CDS	ND6	NADH dehydrogenase subunit 6	3488-3962:1
NC_029879.1	CDS	CYTB	cytochrome b	3954-5094:1
NC_029879.1	tRNA		tRNA-Trp	5092-5154:1
NC_029879.1	CDS	ATP6	ATP synthase F0 subunit 6	5155-5851:1
NC_029879.1	tRNA		tRNA-Arg	5849-5910:1
NC_029879.1	tRNA		tRNA-His	6528-6591:1
NC_029879.1	CDS	ND5	NADH dehydrogenase subunit 5	6591-8308:1
NC_029879.1	tRNA		tRNA-Phe	8308-8370:1
NC_029879.1	tRNA		tRNA-Glu	8370-8432:1
NC_029879.1	tRNA		tRNA-Pro	8430-8491:1
NC_029879.1	tRNA		tRNA-Thr	8491-8557:1
NC_029879.1	CDS	ND4L	NADH dehydrogenase subunit 4L	8557-8854:1
NC_029879.1	CDS	ND4	NADH dehydrogenase subunit 4	8847-10207:1
NC_029879.1	tRNA		tRNA-Cys	10207-10271:1
NC_029879.1	tRNA		tRNA-Met	10271-10334:1
NC_029879.1	rRNA		12S ribosomal RNA	10333-11117:1
NC_029879.1	tRNA		tRNA-Val	11117-11179:1
NC_029879.1	rRNA		16S ribosomal RNA	11177-12428:1
NC_029879.1	tRNA		tRNA-Leu	12428-12489:1
NC_029879.1	tRNA		tRNA-Ala	12489-12551:1
NC_029879.1	tRNA		tRNA-Ser	12549-12615:1
NC_029879.1	tRNA		tRNA-Leu	12611-12676:1
NC_029879.1	CDS	ND1	NADH dehydrogenase subunit 1	12677-13599:1
NC_029879.1	tRNA		tRNA-Ile	13599-13664:1
NC_029879.1	tRNA		tRNA-Lys	13664-13729:1
NC_029879.1	CDS	ND3	NADH dehydrogenase subunit 3	13729-14083:1
NC_029879.1	tRNA		tRNA-Ser	14081-14145:1
NC_029879.1	CDS	ND2	NADH dehydrogenase subunit 2	14145-15151:1
NC_030040.1	CDS	COX1	cytochrome c oxidase subunit I	0-1534:1
NC_030040.1	tRNA		tRNA-Asn	1533-1597:1
NC_030040.1	CDS	COX2	cytochrome c oxidase subunit II	1596-2280:1
NC_030040.1	tRNA		tRNA-Gly	2284-2346:1
NC_030040.1	tRNA		tRNA-Met	3173-3236:1
NC_030040.1	tRNA		tRNA-Asp	3238-3300:1
NC_030040.1	CDS	ATP8	ATP synthase F0 subunit 8	3300-3492:1
NC_030040.1	tRNA		tRNA-Tyr	3457-3521:1
NC_030040.1	CDS	COX3	cytochrome c oxidase subunit III	3521-4299:1
NC_030040.1	tRNA		tRNA-Gln	4299-4361:1
NC_030040.1	CDS	ND6	NADH dehydrogenase subunit 6	4402-4837:1
NC_030040.1	CDS	CYTB	cytochrome b	4850-5981:1
NC_030040.1	tRNA		tRNA-Trp	5979-6042:1
NC_030040.1	CDS	ATP6	ATP synthase F0 subunit 6	6141-6744:1
NC_030040.1	tRNA		tRNA-Arg	6743-6797:1
NC_030040.1	tRNA		tRNA-His	6797-6860:1
NC_030040.1	CDS	ND5	NADH dehydrogenase subunit 5	6872-8535:1
NC_030040.1	tRNA		tRNA-Phe	8535-8601:1
NC_030040.1	tRNA		tRNA-Pro	8662-8725:1
NC_030040.1	tRNA		tRNA-Thr	8726-8791:1
NC_030040.1	CDS	ND4L	NADH dehydrogenase subunit 4L	8833-9079:1
NC_030040.1	CDS	ND4	NADH dehydrogenase subunit 4	9072-10404:1
NC_030040.1	rRNA		12S ribosomal RNA	10403-11204:1
NC_030040.1	tRNA		tRNA-Val	11197-11260:1
NC_030040.1	rRNA		16S ribosomal RNA	11394-12413:1
NC_030040.1	tRNA		tRNA-Leu	12474-12536:1
NC_030040.1	tRNA		tRNA-Ala	12602-12666:1
NC_030040.1	tRNA		tRNA-Leu	12666-12730:1
NC_030040.1	CDS	ND1	NADH dehydrogenase subunit 1	12745-13655:1
NC_030040.1	tRNA		tRNA-Ile	13655-13718:1
NC_030040.1	tRNA		tRNA-Lys	13731-13796:1
NC_030040.1	CDS	ND3	NADH dehydrogenase subunit 3	13796-14133:1
NC_030040.1	tRNA		tRNA-Ser	14133-14205:1
NC_030040.1	CDS	ND2	NADH dehydrogenase subunit 2	14242-15202:1
NC_030040.1	tRNA		tRNA-Cys	15200-15263:1
NC_030269.1	tRNA	trnH	tRNA-His	636-701:1
NC_030269.1	CDS	ND5	NADH dehydrogenase subunit 5	701-2403:1
NC_030269.1	tRNA	trnF	tRNA-Phe	2403-2465:1
NC_030269.1	tRNA	trnE	tRNA-Glu	2465-2528:1
NC_030269.1	tRNA	trnP	tRNA-Pro	2525-2589:1
NC_030269.1	tRNA	trnT	tRNA-Thr	2589-2652:1
NC_030269.1	CDS	ND4L	NADH dehydrogenase subunit 4L	2652-2946:1
NC_030269.1	CDS	ND4	NADH dehydrogenase subunit 4	2939-4272:1
NC_030269.1	tRNA	trnC	tRNA-Cys	4272-4337:1
NC_030269.1	tRNA	trnM	tRNA-Met	4337-4401:1
NC_030269.1	rRNA	rrnS	small subunit ribosomal RNA	4401-5137:1
NC_030269.1	tRNA	trnV	tRNA-Val	5137-5199:1
NC_030269.1	rRNA	rrnL	large subunit ribosomal RNA	5199-6362:1
NC_030269.1	tRNA	trnL1	tRNA-Leu	6362-6423:1
NC_030269.1	tRNA	trnA	tRNA-Ala	6423-6492:1
NC_030269.1	tRNA	trnS2	tRNA-Ser	6490-6557:1
NC_030269.1	tRNA	trnL2	tRNA-Leu	6557-6618:1
NC_030269.1	CDS	ND1	NADH dehydrogenase subunit 1	6618-7558:1
NC_030269.1	tRNA	trnI	tRNA-Ile	7558-7620:1
NC_030269.1	tRNA	trnK	tRNA-Lys	7620-7682:1
NC_030269.1	CDS	ND3	NADH dehydrogenase subunit 3	7682-8034:1
NC_030269.1	tRNA	trnS1	tRNA-Ser	8034-8098:1
NC_030269.1	CDS	ND2	NADH dehydrogenase subunit 2	8104-9104:1
NC_030269.1	CDS	COX1	cytochrome c oxidase subunit I	9104-10641:1
NC_030269.1	tRNA	trnN	tRNA-Asn	10641-10705:1
NC_030269.1	CDS	COX2	cytochrome c oxidase subunit II	10705-11381:1
NC_030269.1	tRNA	trnD1	tRNA-Asp	11381-11443:1
NC_030269.1	tRNA	trnD2	tRNA-Asp	11571-11634:1
NC_030269.1	CDS	ATP8	ATP synthase F0 subunit 8	11634-11794:1
NC_030269.1	tRNA	trnY	tRNA-Tyr	11794-11859:1
NC_030269.1	tRNA	trnG	tRNA-Gly	11857-11918:1
NC_030269.1	CDS	COX3	cytochrome c oxidase subunit III	11918-12696:1
NC_030269.1	tRNA	trnQ	tRNA-Gln	12696-12765:1
NC_030269.1	CDS	ND6	NADH dehydrogenase subunit 6	12766-13229:1
NC_030269.1	CDS	CYTB	cytochrome b	13229-14364:1
NC_030269.1	tRNA	trnW	tRNA-Trp	14364-14427:1
NC_030269.1	CDS	ATP6	ATP synthase F0 subunit 6	14428-15131:1
NC_030269.1	tRNA	trnR	tRNA-Arg	15131-15190:1
NC_031402.1	CDS	ND1	NADH dehydrogenase subunit 1	127-1051:1
NC_031402.1	tRNA		tRNA-Ile	1049-1111:1
NC_031402.1	tRNA		tRNA-Lys	1111-1175:1
NC_031402.1	CDS	ND3	NADH dehydrogenase subunit 3	1175-1529:1
NC_031402.1	tRNA		tRNA-Ser	1527-1593:1
NC_031402.1	CDS	ND2	NADH dehydrogenase subunit 2	1593-2592:1
NC_031402.1	CDS	COX1	cytochrome c oxidase subunit I	2595-4152:1
NC_031402.1	CDS	COX2	cytochrome c oxidase subunit II	4159-4843:1
NC_031402.1	tRNA		tRNA-Asp	4841-4904:1
NC_031402.1	CDS	ATP8	ATP synthase F0 subunit 8	4904-5063:1
NC_031402.1	tRNA		tRNA-Tyr	5061-5122:1
NC_031402.1	CDS	COX3	cytochrome c oxidase subunit III	5122-5905:1
NC_031402.1	tRNA		tRNA-Gln	5900-5963:1
NC_031402.1	CDS	ND6	NADH dehydrogenase subunit 6	5963-6467:1
NC_031402.1	CDS	CYTB	cytochrome b	6429-7560:1
NC_031402.1	tRNA		tRNA-Trp	7558-7618:1
NC_031402.1	CDS	ATP6	ATP synthase F0 subunit 6	7618-8317:1
NC_031402.1	tRNA		tRNA-Arg	8315-8365:1
NC_031402.1	tRNA		tRNA-His	8365-8428:1
NC_031402.1	CDS	ND5	NADH dehydrogenase subunit 5	8428-10168:1
NC_031402.1	tRNA		tRNA-Phe	10167-10227:1
NC_031402.1	tRNA		tRNA-Glu	10230-10286:1
NC_031402.1	tRNA		tRNA-Pro	10286-10348:1
NC_031402.1	tRNA		tRNA-Thr	10348-10409:1
NC_031402.1	CDS	ND4L	NADH dehydrogenase subunit 4L	10391-10706:1
NC_031402.1	CDS	ND4	NADH dehydrogenase subunit 4	10699-12034:1
NC_031402.1	tRNA		tRNA-Ser	12032-12099:1
NC_031402.1	tRNA		tRNA-Leu	12100-12161:1
NC_031402.1	tRNA		tRNA-Gly	12163-12220:1
NC_031402.1	tRNA		tRNA-Met	12222-12283:1
NC_031402.1	rRNA		12S ribosomal RNA	12281-13024:1
NC_031402.1	tRNA		tRNA-Val	13016-13077:1
NC_031402.1	rRNA		16S ribosomal RNA	13212-14213:1
NC_031402.1	tRNA		tRNA-Leu	14239-14299:1
NC_031402.1	tRNA		tRNA-Asn	14299-14360:1
NC_031402.1	tRNA		tRNA-Cys	14360-14422:1
NC_031402.1	tRNA		tRNA-Ala	14422-14484:1
NC_031403.1	CDS	ND1	NADH dehydrogenase subunit 1	619-1540:1
NC_031403.1	tRNA		tRNA-Ile	1538-1601:1
NC_031403.1	CDS	ND3	NADH dehydrogenase subunit 3	1601-1943:1
NC_031403.1	tRNA		tRNA-Ser	1941-2009:1
NC_031403.1	CDS	ND2	NADH dehydrogenase subunit 2	2009-2993:1
NC_031403.1	CDS	COX1	cytochrome c oxidase subunit I	2994-4530:1
NC_031403.1	CDS	COX2	cytochrome c oxidase subunit II	4540-5227:1
NC_031403.1	tRNA		tRNA-Asp	5226-5290:1
NC_031403.1	CDS	ATP8	ATP synthase F0 subunit 8	5290-5452:1
NC_031403.1	tRNA		tRNA-Tyr	5456-5516:1
NC_031403.1	CDS	COX3	cytochrome c oxidase subunit III	5517-6297:1
NC_031403.1	tRNA		tRNA-Gln	6300-6361:1
NC_031403.1	CDS	ND6	NADH dehydrogenase subunit 6	6361-6859:1
NC_031403.1	CDS	CYTB	cytochrome b	6821-7961:1
NC_031403.1	tRNA		tRNA-Trp	7959-8021:1
NC_031403.1	CDS	ATP6	ATP synthase F0 subunit 6	8021-8717:1
NC_031403.1	tRNA		tRNA-Arg	8716-8770:1
NC_031403.1	tRNA		tRNA-His	8768-8831:1
NC_031403.1	CDS	ND5	NADH dehydrogenase subunit 5	8831-10553:1
NC_031403.1	tRNA		tRNA-Phe	10552-10615:1
NC_031403.1	tRNA		tRNA-Thr	10615-10676:1
NC_031403.1	CDS	ND4L	NADH dehydrogenase subunit 4L	10676-10967:1
NC_031403.1	CDS	ND4	NADH dehydrogenase subunit 4	10960-12301:1
NC_031403.1	tRNA		tRNA-Ser	12299-12365:1
NC_031403.1	tRNA		tRNA-Ser	12365-12428:1
NC_031403.1	tRNA		tRNA-Lys	12429-12486:1
NC_031403.1	tRNA		tRNA-Gly	12486-12548:1
NC_031403.1	tRNA		tRNA-Met	12558-12622:1
NC_031403.1	rRNA		12S ribosomal RNA	12620-13377:1
NC_031403.1	tRNA		tRNA-Val	13369-13432:1
NC_031403.1	rRNA		16S ribosomal RNA	13566-14578:1
NC_031403.1	tRNA		tRNA-Leu	14608-14669:1
NC_031403.1	tRNA		tRNA-Cys	14669-14731:1
NC_031403.1	tRNA		tRNA-Glu	14731-14794:1
NC_031403.1	tRNA		tRNA-Pro	14794-14858:1
NC_031403.1	tRNA		tRNA-Asn	14860-14924:1
NC_031403.1	tRNA		tRNA-Ala	14922-14984:1
NC_031404.1	CDS	COX3	cytochrome c oxidase subunit III	985-1783:1
NC_031404.1	CDS	ND6	NADH dehydrogenase subunit 6	1947-2415:1
NC_031404.1	tRNA		tRNA-Phe	2413-2475:1
NC_031404.1	tRNA		tRNA-Asp	2477-2533:1
NC_031404.1	tRNA		tRNA-Thr	2533-2596:1
NC_031404.1	tRNA		tRNA-Ser	2596-2654:1
NC_031404.1	tRNA		tRNA-Lys	2653-2714:1
NC_031404.1	tRNA		tRNA-Tyr	2714-2776:1
NC_031404.1	rRNA		16S ribosomal RNA	2926-3927:1
NC_031404.1	CDS	ND2	NADH dehydrogenase subunit 2	3950-4941:1
NC_031404.1	tRNA		tRNA-Arg	4941-4998:1
NC_031404.1	tRNA		tRNA-Ser	4996-5064:1
NC_031404.1	tRNA		tRNA-Glu	5061-5124:1
NC_031404.1	tRNA		tRNA-Val	5125-5185:1
NC_031404.1	tRNA		tRNA-Ile	5186-5249:1
NC_031404.1	CDS	ATP8	ATP synthase F0 subunit 8	5249-5417:1
NC_031404.1	CDS	CYTB	cytochrome b	5595-6729:1
NC_031404.1	CDS	ND3	NADH dehydrogenase subunit 3	6730-7091:1
NC_031404.1	tRNA		tRNA-Asn	7091-7152:1
NC_031404.1	tRNA		tRNA-Met	7152-7212:1
NC_031404.1	tRNA		tRNA-Met	7220-7281:1
NC_031404.1	CDS	ND5	NADH dehydrogenase subunit 5	7338-9314:1
NC_031404.1	CDS	ND1	NADH dehydrogenase subunit 1	9292-10225:1
NC_031404.1	CDS	COX2	cytochrome c oxidase subunit II	10232-10916:1
NC_031404.1	tRNA		tRNA-Ala	10918-10980:1
NC_031404.1	CDS	ND4	NADH dehydrogenase subunit 4	10980-12309:1
NC_031404.1	CDS	ND4L	NADH dehydrogenase subunit 4L	12380-12647:1
NC_031404.1	tRNA		tRNA-Leu	12648-12711:1
NC_031404.1	rRNA		12S ribosomal RNA	12714-13592:1
NC_031404.1	tRNA		tRNA-Trp	13596-13659:1
NC_031404.1	tRNA		tRNA-His	13663-13725:1
NC_031404.1	tRNA		tRNA-Gly	13796-13860:1
NC_031404.1	tRNA		tRNA-Cys	14001-14052:1
NC_031404.1	CDS	ATP6	ATP synthase F0 subunit 6	14089-14785:1
NC_031404.1	tRNA		tRNA-Leu	14805-14867:1
NC_031404.1	CDS	COX1	cytochrome c oxidase subunit I	14913-16503:1
NC_031404.1	tRNA		tRNA-Gln	16609-16671:1
NC_031404.1	tRNA		tRNA-Pro	16794-16858:1
NC_031412.1	CDS	COX1	cytochrome c oxidase subunit I	0-1557:1
NC_031412.1	tRNA		tRNA-Asp	1555-1620:1
NC_031412.1	CDS	COX2	cytochrome c oxidase subunit II	1642-2324:1
NC_031412.1	tRNA		tRNA-Leu	2324-2388:1
NC_031412.1	tRNA		tRNA-Asn	2391-2458:1
NC_031412.1	tRNA		tRNA-Tyr	2458-2526:1
NC_031412.1	tRNA		tRNA-Glu	2528-2585:1
NC_031412.1	tRNA		tRNA-Gly	2585-2650:1
NC_031412.1	tRNA		tRNA-Val	3853-3918:1
NC_031412.1	CDS	ATP8	ATP synthase F0 subunit 8	3921-4071:1
NC_031412.1	tRNA		tRNA-Gln	4073-4140:1
NC_031412.1	CDS	COX3	cytochrome c oxidase subunit III	4257-5049:1
NC_031412.1	CDS	ND6	NADH dehydrogenase subunit 6	5054-5528:1
NC_031412.1	CDS	CYTB	cytochrome b	5531-6667:1
NC_031412.1	tRNA		tRNA-Pro	6667-6732:1
NC_031412.1	tRNA		tRNA-Ser	6732-6797:1
NC_031412.1	tRNA		tRNA-Cys	6799-6861:1
NC_031412.1	tRNA		tRNA-Met	6862-6926:1
NC_031412.1	tRNA		tRNA-Met	6931-6994:1
NC_031412.1	rRNA		12S ribosomal RNA	6994-7831:1
NC_031412.1	rRNA		16S ribosomal RNA	7957-9012:1
NC_031412.1	tRNA		tRNA-Ile	9080-9149:1
NC_031412.1	tRNA		tRNA-Lys	9150-9215:1
NC_031412.1	CDS	ND3	NADH dehydrogenase subunit 3	9215-9572:1
NC_031412.1	tRNA		tRNA-Phe	9574-9640:1
NC_031412.1	tRNA		tRNA-Thr	9642-9704:1
NC_031412.1	CDS	ND4L	NADH dehydrogenase subunit 4L	9710-9995:1
NC_031412.1	CDS	ND4	NADH dehydrogenase subunit 4	9991-11342:1
NC_031412.1	tRNA		tRNA-Leu	11342-11405:1
NC_031412.1	CDS	ND1	NADH dehydrogenase subunit 1	11407-12334:1
NC_031412.1	tRNA		tRNA-Trp	12332-12405:1
NC_031412.1	CDS	ATP6	ATP synthase F0 subunit 6	12395-13089:1
NC_031412.1	tRNA		tRNA-Arg	13089-13157:1
NC_031412.1	tRNA		tRNA-His	13166-13228:1
NC_031412.1	CDS	ND5	NADH dehydrogenase subunit 5	13228-14947:1
NC_031412.1	tRNA		tRNA-Ser	14945-15013:1
NC_031412.1	tRNA		tRNA-Ala	15015-15078:1
NC_031412.1	CDS	ND2	NADH dehydrogenase subunit 2	15080-16038:1
NC_032055.1	CDS	COX1	cytochrome c oxidase subunit I	0-1590:1
NC_032055.1	CDS	CYTB	cytochrome b	1661-2811:1
NC_032055.1	tRNA		tRNA-Cys	2811-2873:1
NC_032055.1	CDS	ND4L	NADH dehydrogenase subunit 4L	2895-3180:1
NC_032055.1	tRNA		tRNA-Gly	3181-3246:1
NC_032055.1	tRNA		tRNA-His	3247-3309:1
NC_032055.1	CDS	ND2	NADH dehydrogenase subunit 2	3355-4261:1
NC_032055.1	tRNA		tRNA-Leu	4610-4675:1
NC_032055.1	tRNA		tRNA-Leu	5204-5272:1
NC_032055.1	rRNA		12S ribosomal RNA	5626-6379:1
NC_032055.1	tRNA		tRNA-Asp	11138-11205:1
NC_032055.1	rRNA		16S ribosomal RNA	11516-12901:1
NC_032055.1	tRNA		tRNA-Phe	12860-12923:1
NC_032055.1	CDS	ND6	NADH dehydrogenase subunit 6	12924-13419:1
NC_032055.1	tRNA		tRNA-Met	13435-13503:1
NC_032055.1	tRNA		tRNA-Val	13506-13573:1
NC_032055.1	tRNA		tRNA-Leu	13624-13693:1
NC_032055.1	tRNA		tRNA-Trp	13694-13760:1
NC_032055.1	tRNA		tRNA-Gln	13777-13840:1
NC_032055.1	CDS	ND3	NADH dehydrogenase subunit 3	13850-14204:1
NC_032055.1	CDS	ND4	NADH dehydrogenase subunit 4	14416-15550:1
NC_032055.1	CDS	ND5	NADH dehydrogenase subunit 5	15669-17094:1
NC_032055.1	CDS	COX3	cytochrome c oxidase subunit III	17186-18086:1
NC_032055.1	tRNA		tRNA-Ser	18087-18155:1
NC_032055.1	tRNA		tRNA-Thr	18156-18218:1
NC_032055.1	tRNA		tRNA-Asn	18232-18296:1
NC_032055.1	tRNA		tRNA-Glu	18301-18364:1
NC_032055.1	tRNA		tRNA-Ser	18365-18433:1
NC_032055.1	tRNA		tRNA-Met	18440-18515:1
NC_032055.1	tRNA		tRNA-Tyr	18516-18581:1
NC_032055.1	tRNA		tRNA-Ile	18586-18653:1
NC_032055.1	tRNA		tRNA-Ala	18655-18719:1
NC_032055.1	CDS	ATP6	ATP synthase F0 subunit 6	19156-19786:1
NC_032055.1	CDS	COX2	cytochrome c oxidase subunit II	19851-20490:1
NC_032055.1	tRNA		tRNA-Lys	20516-20582:1
NC_032055.1	tRNA		tRNA-Arg	20586-20652:1
NC_032055.1	tRNA		tRNA-Pro	20663-20726:1
NC_032055.1	CDS	ND1	NADH dehydrogenase subunit 1	20829-21708:1
NC_032361.1	CDS	COX1	cytochrome c oxidase subunit I	0-1533:1
NC_032361.1	tRNA		tRNA-Asn	1537-1602:1
NC_032361.1	CDS	COX2	cytochrome c oxidase subunit II	1602-2286:1
NC_032361.1	tRNA		tRNA-Gly	2315-2380:1
NC_032361.1	tRNA		tRNA-Met	3341-3405:1
NC_032361.1	tRNA		tRNA-Asp	3420-3483:1
NC_032361.1	CDS	ATP8	ATP synthase F0 subunit 8	3483-3645:1
NC_032361.1	tRNA		tRNA-Tyr	3640-3704:1
NC_032361.1	CDS	COX3	cytochrome c oxidase subunit III	3704-4482:1
NC_032361.1	tRNA		tRNA-Gln	4482-4546:1
NC_032361.1	CDS	ND6	NADH dehydrogenase subunit 6	4558-5020:1
NC_032361.1	CDS	CYTB	cytochrome b	5024-6147:1
NC_032361.1	tRNA		tRNA-Trp	6147-6210:1
NC_032361.1	CDS	ATP6	ATP synthase F0 subunit 6	6210-6906:1
NC_032361.1	tRNA		tRNA-Arg	6956-7014:1
NC_032361.1	tRNA		tRNA-His	7012-7077:1
NC_032361.1	CDS	ND5	NADH dehydrogenase subunit 5	7077-8749:1
NC_032361.1	tRNA		tRNA-Phe	8749-8813:1
NC_032361.1	tRNA		tRNA-Glu	8812-8879:1
NC_032361.1	tRNA		tRNA-Pro	8878-8941:1
NC_032361.1	tRNA		tRNA-Thr	8944-9012:1
NC_032361.1	CDS	ND4L	NADH dehydrogenase subunit 4L	9012-9300:1
NC_032361.1	CDS	ND4	NADH dehydrogenase subunit 4	9293-10622:1
NC_032361.1	rRNA		small subunit ribosomal RNA	10622-11431:1
NC_032361.1	tRNA		tRNA-Val	11431-11494:1
NC_032361.1	rRNA		large subunit ribosomal RNA	11494-12685:1
NC_032361.1	tRNA		tRNA-Leu	12685-12747:1
NC_032361.1	tRNA		tRNA-Ser	12745-12813:1
NC_032361.1	tRNA		tRNA-Ala	12815-12879:1
NC_032361.1	tRNA		tRNA-Leu	12878-12940:1
NC_032361.1	CDS	ND1	NADH dehydrogenase subunit 1	12943-13862:1
NC_032361.1	tRNA		tRNA-Ile	13862-13927:1
NC_032361.1	tRNA		tRNA-Lys	13937-14000:1
NC_032361.1	CDS	ND3	NADH dehydrogenase subunit 3	14036-14399:1
NC_032361.1	tRNA		tRNA-Ser	14407-14475:1
NC_032361.1	CDS	ND2	NADH dehydrogenase subunit 2	14475-15477:1
NC_032361.1	tRNA		tRNA-Cys	15478-15540:1
NC_034783.1	CDS	COX1	cytochrome c oxidase subunit I	0-1540:1
NC_034783.1	tRNA		tRNA-Asn	1540-1602:1
NC_034783.1	CDS	COX2	cytochrome c oxidase subunit II	1602-2289:1
NC_034783.1	tRNA		tRNA-Asp	2288-2351:1
NC_034783.1	CDS	ATP8	ATP synthase F0 subunit 8	2353-2513:1
NC_034783.1	tRNA		tRNA-Tyr	2513-2576:1
NC_034783.1	tRNA		tRNA-Gly	2575-2638:1
NC_034783.1	CDS	COX3	cytochrome c oxidase subunit III	2641-3419:1
NC_034783.1	tRNA		tRNA-Gln	3419-3488:1
NC_034783.1	CDS	ND6	NADH dehydrogenase subunit 6	3488-3954:1
NC_034783.1	CDS	CYTB	cytochrome b	3954-5094:1
NC_034783.1	tRNA		tRNA-Trp	5091-5154:1
NC_034783.1	CDS	ATP6	ATP synthase F0 subunit 6	5155-5851:1
NC_034783.1	tRNA		tRNA-Arg	5849-5910:1
NC_034783.1	tRNA		tRNA-His	6228-6288:1
NC_034783.1	CDS	ND5	NADH dehydrogenase subunit 5	6288-8010:1
NC_034783.1	tRNA		tRNA-Phe	8013-8073:1
NC_034783.1	tRNA		tRNA-Glu	8077-8141:1
NC_034783.1	tRNA		tRNA-Pro	8141-8204:1
NC_034783.1	tRNA		tRNA-Thr	8208-8272:1
NC_034783.1	CDS	ND4L	NADH dehydrogenase subunit 4L	8272-8569:1
NC_034783.1	CDS	ND4	NADH dehydrogenase subunit 4	8562-9921:1
NC_034783.1	tRNA		tRNA-Cys	9919-9986:1
NC_034783.1	tRNA		tRNA-Met	9987-10050:1
NC_034783.1	rRNA		12S ribosomal RNA	10049-10838:1
NC_034783.1	tRNA		tRNA-Val	10831-10894:1
NC_034783.1	rRNA		16S ribosomal RNA	10892-12104:1
NC_034783.1	tRNA		tRNA-Leu	12104-12166:1
NC_034783.1	tRNA		tRNA-Ala	12168-12230:1
NC_034783.1	tRNA		tRNA-Ser	12231-12293:1
NC_034783.1	tRNA		tRNA-Leu	12294-12360:1
NC_034783.1	CDS	ND1	NADH dehydrogenase subunit 1	12360-13290:1
NC_034783.1	tRNA		tRNA-Ile	13289-13354:1
NC_034783.1	tRNA		tRNA-Lys	13354-13417:1
NC_034783.1	CDS	ND3	NADH dehydrogenase subunit 3	13417-13769:1
NC_034783.1	tRNA		tRNA-Ser	13769-13832:1
NC_034783.1	CDS	ND2	NADH dehydrogenase subunit 2	13832-14835:1
NC_034807.1	tRNA		tRNA-His	0-64:1
NC_034807.1	CDS	ND5	NADH dehydrogenase subunit 5	65-1766:1
NC_034807.1	tRNA		tRNA-Phe	1766-1832:1
NC_034807.1	tRNA		tRNA-Glu	1855-1919:1
NC_034807.1	tRNA		tRNA-Pro	1915-1981:1
NC_034807.1	tRNA		tRNA-Thr	1988-2058:1
NC_034807.1	CDS	ND4L	NADH dehydrogenase subunit 4L	2058-2352:1
NC_034807.1	CDS	ND4	NADH dehydrogenase subunit 4	2345-3678:1
NC_034807.1	tRNA		tRNA-Cys	3681-3744:1
NC_034807.1	tRNA		tRNA-Met	3766-3834:1
NC_034807.1	rRNA		12S ribosomal RNA	3834-4577:1
NC_034807.1	tRNA		tRNA-Val	4577-4647:1
NC_034807.1	rRNA		16S ribosomal RNA	4647-5822:1
NC_034807.1	tRNA		tRNA-Leu	5822-5886:1
NC_034807.1	tRNA		tRNA-Ala	5929-5992:1
NC_034807.1	tRNA		tRNA-Ser	5992-6059:1
NC_034807.1	tRNA		tRNA-Leu	6064-6132:1
NC_034807.1	CDS	ND1	NADH dehydrogenase subunit 1	6134-7067:1
NC_034807.1	tRNA		tRNA-Ile	7069-7132:1
NC_034807.1	tRNA		tRNA-Lys	7134-7196:1
NC_034807.1	CDS	ND3	NADH dehydrogenase subunit 3	7196-7550:1
NC_034807.1	tRNA		tRNA-Ser	7572-7637:1
NC_034807.1	CDS	ND2	NADH dehydrogenase subunit 2	7637-8631:1
NC_034807.1	CDS	COX1	cytochrome c oxidase subunit I	8619-10156:1
NC_034807.1	tRNA		tRNA-Asn	10156-10221:1
NC_034807.1	CDS	COX2	cytochrome c oxidase subunit II	10221-10897:1
NC_034807.1	tRNA		tRNA-Asp	10905-10974:1
NC_034807.1	CDS	ATP8	ATP synthase F0 subunit 8	10974-11131:1
NC_034807.1	tRNA		tRNA-Tyr	11142-11204:1
NC_034807.1	tRNA		tRNA-Gly	11205-11272:1
NC_034807.1	CDS	COX3	cytochrome c oxidase subunit III	11271-12052:1
NC_034807.1	tRNA		tRNA-Gln	12051-12122:1
NC_034807.1	CDS	ND6	NADH dehydrogenase subunit 6	12121-12596:1
NC_034807.1	CDS	CYTB	cytochrome b	12596-13733:1
NC_034807.1	tRNA		tRNA-Trp	13735-13797:1
NC_034807.1	CDS	ATP6	ATP synthase F0 subunit 6	13798-14497:1
NC_034807.1	tRNA		tRNA-Arg	14502-14565:1
NC_035308.1	CDS	COX1	cytochrome c oxidase subunit I	0-1538:1
NC_035308.1	tRNA	trnN(GTT)	tRNA-Asn	1538-1604:1
NC_035308.1	CDS	COX2	cytochrome c oxidase subunit II	1604-2286:1
NC_035308.1	tRNA	trnD(GTC)	tRNA-Asp	2286-2350:1
NC_035308.1	CDS	ATP8	ATP synthase F0 subunit 8	2352-2509:1
NC_035308.1	tRNA	trnY(GTA)	tRNA-Tyr	2509-2574:1
NC_035308.1	tRNA	trnG(TCC)	tRNA-Gly	2573-2636:1
NC_035308.1	CDS	COX3	cytochrome c oxidase subunit III	2636-3414:1
NC_035308.1	tRNA	trnQ(TTG)	tRNA-Gln	3414-3483:1
NC_035308.1	CDS	ND6	NADH dehydrogenase subunit 6	3483-3946:1
NC_035308.1	CDS	CYTB	cytochrome b	3946-5069:1
NC_035308.1	tRNA	trnW(TCA)	tRNA-Trp	5069-5135:1
NC_035308.1	CDS	ATP6	ATP synthase F0 subunit 6	5136-5833:1
NC_035308.1	tRNA	trnR(TCG)	tRNA-Arg	5835-5894:1
NC_035308.1	tRNA	trnH(GTG)	tRNA-His	7564-7625:1
NC_035308.1	CDS	ND5	NADH dehydrogenase subunit 5	7678-9392:1
NC_035308.1	tRNA	trnF(GAA)	tRNA-Phe	9392-9456:1
NC_035308.1	tRNA	trnE(TTC)	tRNA-Glu	9462-9521:1
NC_035308.1	tRNA	trnP(TGG)	tRNA-Pro	9522-9586:1
NC_035308.1	tRNA	trnT(TGT)	tRNA-Thr	9601-9666:1
NC_035308.1	CDS	ND4L	NADH dehydrogenase subunit 4L	9666-9960:1
NC_035308.1	CDS	ND4	NADH dehydrogenase subunit 4	9953-11300:1
NC_035308.1	tRNA	trnC(GCA)	tRNA-Cys	11303-11372:1
NC_035308.1	tRNA	trnM(CAT)	tRNA-Met	11372-11435:1
NC_035308.1	rRNA		12S ribosomal RNA	11435-12173:1
NC_035308.1	tRNA	trnV(TAC)	tRNA-Val	12173-12235:1
NC_035308.1	rRNA		16S ribosomal RNA	12235-13390:1
NC_035308.1	tRNA	trnL(TAG)	tRNA-Leu	13390-13454:1
NC_035308.1	tRNA	trnA(TGC)	tRNA-Ala	13460-13523:1
NC_035308.1	tRNA	trnS(TGA)	tRNA-Ser	13570-13638:1
NC_035308.1	tRNA	trnL(TAA)	tRNA-Leu	13639-13705:1
NC_035308.1	CDS	ND1	NADH dehydrogenase subunit 1	13705-14630:1
NC_035308.1	tRNA	trnI(GAT)	tRNA-Ile	14630-14693:1
NC_035308.1	tRNA	trnK(TTT)	tRNA-Lys	14695-14759:1
NC_035308.1	CDS	ND3	NADH dehydrogenase subunit 3	14759-15111:1
NC_035308.1	tRNA	trnS(TCT)	tRNA-Ser	15111-15176:1
NC_035308.1	CDS	ND2	NADH dehydrogenase subunit 2	15176-16161:1
NC_035507.1	CDS	COX1	cytochrome c oxidase subunit I	0-1535:1
NC_035507.1	tRNA		tRNA-Asn	1535-1600:1
NC_035507.1	CDS	COX2	cytochrome c oxidase subunit II	1600-2293:1
NC_035507.1	tRNA		tRNA-Gly	2340-2403:1
NC_035507.1	tRNA		tRNA-Tyr	3569-3635:1
NC_035507.1	CDS	ATP8	ATP synthase F0 subunit 8	3698-3863:1
NC_035507.1	tRNA		tRNA-Met	3858-3922:1
NC_035507.1	tRNA		tRNA-Asp	3921-3985:1
NC_035507.1	CDS	COX3	cytochrome c oxidase subunit III	4014-4792:1
NC_035507.1	tRNA		tRNA-Gln	4792-4856:1
NC_035507.1	CDS	ND6	NADH dehydrogenase subunit 6	4865-5327:1
NC_035507.1	CDS	CYTB	cytochrome b	5319-6456:1
NC_035507.1	tRNA		tRNA-Trp	6454-6517:1
NC_035507.1	CDS	ATP6	ATP synthase F0 subunit 6	6517-7213:1
NC_035507.1	tRNA		tRNA-Arg	7221-7275:1
NC_035507.1	tRNA		tRNA-His	7275-7338:1
NC_035507.1	CDS	ND5	NADH dehydrogenase subunit 5	7338-9019:1
NC_035507.1	tRNA		tRNA-Phe	9019-9083:1
NC_035507.1	tRNA		tRNA-Glu	9091-9155:1
NC_035507.1	tRNA		tRNA-Pro	9153-9217:1
NC_035507.1	tRNA		tRNA-Thr	9219-9286:1
NC_035507.1	CDS	ND4L	NADH dehydrogenase subunit 4L	9286-9574:1
NC_035507.1	CDS	ND4	NADH dehydrogenase subunit 4	9567-10896:1
NC_035507.1	rRNA		12S ribosomal RNA	10906-11709:1
NC_035507.1	tRNA		tRNA-Val	11709-11774:1
NC_035507.1	rRNA		16S ribosomal RNA	11774-12970:1
NC_035507.1	tRNA		tRNA-Leu	12970-13033:1
NC_035507.1	tRNA		tRNA-Ser	13050-13107:1
NC_035507.1	tRNA		tRNA-Ala	13113-13176:1
NC_035507.1	tRNA		tRNA-Leu	13176-13239:1
NC_035507.1	CDS	ND1	NADH dehydrogenase subunit 1	13239-14164:1
NC_035507.1	tRNA		tRNA-Ile	14164-14229:1
NC_035507.1	tRNA		tRNA-Lys	14229-14295:1
NC_035507.1	CDS	ND3	NADH dehydrogenase subunit 3	14295-14640:1
NC_035507.1	tRNA		tRNA-Ser	14639-14705:1
NC_035507.1	CDS	ND2	NADH dehydrogenase subunit 2	14706-15696:1
NC_035507.1	tRNA		tRNA-Cys	15702-15764:1
NC_035893.1	CDS	COX1	cytochrome c oxidase subunit I	0-1534:1
NC_035893.1	tRNA		tRNA-Asn	1534-1597:1
NC_035893.1	CDS	COX2	cytochrome c oxidase subunit II	1597-2281:1
NC_035893.1	tRNA		tRNA-Gly	2284-2350:1
NC_035893.1	tRNA		tRNA-Met	3975-4039:1
NC_035893.1	tRNA		tRNA-Asp	4039-4102:1
NC_035893.1	CDS	ATP8	ATP synthase F0 subunit 8	4102-4294:1
NC_035893.1	tRNA		tRNA-Tyr	4259-4324:1
NC_035893.1	CDS	COX3	cytochrome c oxidase subunit III	4327-5102:1
NC_035893.1	tRNA		tRNA-Gln	5102-5165:1
NC_035893.1	CDS	ND6	NADH dehydrogenase subunit 6	5184-5637:1
NC_035893.1	CDS	CYTB	cytochrome b	5641-6766:1
NC_035893.1	tRNA		tRNA-Trp	6764-6826:1
NC_035893.1	CDS	ATP6	ATP synthase F0 subunit 6	6922-7525:1
NC_035893.1	tRNA		tRNA-Arg	7524-7582:1
NC_035893.1	tRNA		tRNA-His	7582-7644:1
NC_035893.1	CDS	ND5	NADH dehydrogenase subunit 5	7656-9319:1
NC_035893.1	tRNA		tRNA-Phe	9319-9385:1
NC_035893.1	tRNA		tRNA-Glu	9396-9460:1
NC_035893.1	tRNA		tRNA-Pro	9458-9524:1
NC_035893.1	tRNA		tRNA-Thr	9525-9591:1
NC_035893.1	CDS	ND4L	NADH dehydrogenase subunit 4L	9630-9879:1
NC_035893.1	CDS	ND4	NADH dehydrogenase subunit 4	9872-11207:1
NC_035893.1	rRNA		12S ribosomal RNA	11204-12030:1
NC_035893.1	tRNA		tRNA-Val	12023-12088:1
NC_035893.1	rRNA		16S ribosomal RNA	12174-13377:1
NC_035893.1	tRNA		tRNA-Leu	13337-13400:1
NC_035893.1	tRNA		tRNA-Ser	13405-13471:1
NC_035893.1	tRNA		tRNA-Ala	13471-13537:1
NC_035893.1	tRNA		tRNA-Leu	13538-13600:1
NC_035893.1	CDS	ND1	NADH dehydrogenase subunit 1	13627-14528:1
NC_035893.1	tRNA		tRNA-Ile	14528-14594:1
NC_035893.1	tRNA		tRNA-Lys	14594-14660:1
NC_035893.1	CDS	ND3	NADH dehydrogenase subunit 3	14660-15000:1
NC_035893.1	tRNA		tRNA-Ser	15000-15068:1
NC_035893.1	CDS	ND2	NADH dehydrogenase subunit 2	15095-16062:1
NC_035893.1	tRNA		tRNA-Cys	16062-16125:1
NC_036150.1	CDS	COX1	cytochrome c oxidase subunit I	0-1534:1
NC_036150.1	tRNA		tRNA-Asn	1534-1596:1
NC_036150.1	CDS	COX2	cytochrome c oxidase subunit II	1596-2277:1
NC_036150.1	tRNA		tRNA-Asp	2276-2340:1
NC_036150.1	CDS	ATP8	ATP synthase F0 subunit 8	2340-2502:1
NC_036150.1	tRNA		tRNA-Tyr	2537-2603:1
NC_036150.1	tRNA		tRNA-Gly	2601-2658:1
NC_036150.1	CDS	COX3	cytochrome c oxidase subunit III	2658-3439:1
NC_036150.1	tRNA		tRNA-Gln	3439-3508:1
NC_036150.1	CDS	ND6	NADH dehydrogenase subunit 6	3508-3973:1
NC_036150.1	CDS	CYTB	cytochrome b	3965-5102:1
NC_036150.1	tRNA		tRNA-Trp	5100-5161:1
NC_036150.1	CDS	ATP6	ATP synthase F0 subunit 6	5161-5863:1
NC_036150.1	tRNA		tRNA-Arg	5866-5925:1
NC_036150.1	tRNA		tRNA-His	6262-6319:1
NC_036150.1	CDS	ND5	NADH dehydrogenase subunit 5	6303-8040:1
NC_036150.1	tRNA		tRNA-Phe	8039-8101:1
NC_036150.1	tRNA		tRNA-Glu	8105-8168:1
NC_036150.1	tRNA		tRNA-Pro	8167-8231:1
NC_036150.1	tRNA		tRNA-Thr	8233-8298:1
NC_036150.1	CDS	ND4L	NADH dehydrogenase subunit 4L	8303-8591:1
NC_036150.1	CDS	ND4	NADH dehydrogenase subunit 4	8584-9920:1
NC_036150.1	tRNA		tRNA-Cys	9920-9987:1
NC_036150.1	tRNA		tRNA-Met	9989-10053:1
NC_036150.1	rRNA		12S ribosomal RNA	10051-10804:1
NC_036150.1	tRNA		tRNA-Val	10798-10863:1
NC_036150.1	rRNA		16S ribosomal RNA	10855-12010:1
NC_036150.1	tRNA		tRNA-Leu	12010-12072:1
NC_036150.1	tRNA		tRNA-Ala	12075-12138:1
NC_036150.1	tRNA		tRNA-Ser	12136-12203:1
NC_036150.1	tRNA		tRNA-Leu	12204-12267:1
NC_036150.1	CDS	ND1	NADH dehydrogenase subunit 1	12279-13194:1
NC_036150.1	tRNA		tRNA-Ile	13198-13262:1
NC_036150.1	tRNA		tRNA-Lys	13262-13329:1
NC_036150.1	CDS	ND3	NADH dehydrogenase subunit 3	13329-13674:1
NC_036150.1	tRNA		tRNA-Ser	13672-13737:1
NC_036150.1	CDS	ND2	NADH dehydrogenase subunit 2	13737-14719:1
NC_037085.1	tRNA		tRNA-His	485-547:1
NC_037085.1	CDS	ND5	NADH dehydrogenase subunit 5	547-2246:1
NC_037085.1	tRNA		tRNA-Phe	2246-2312:1
NC_037085.1	tRNA		tRNA-Glu	2319-2386:1
NC_037085.1	tRNA		tRNA-Pro	2401-2465:1
NC_037085.1	tRNA		tRNA-Thr	2466-2531:1
NC_037085.1	CDS	ND4L	NADH dehydrogenase subunit 4L	2531-2822:1
NC_037085.1	CDS	ND4	NADH dehydrogenase subunit 4	2815-4159:1
NC_037085.1	tRNA		tRNA-Cys	4157-4219:1
NC_037085.1	tRNA		tRNA-Met	4219-4283:1
NC_037085.1	rRNA		small subunit ribosomal RNA	4284-5117:1
NC_037085.1	tRNA		tRNA-Val	5118-5185:1
NC_037085.1	rRNA		large subunit ribosomal RNA	5185-6492:1
NC_037085.1	tRNA		tRNA-Leu	6492-6557:1
NC_037085.1	tRNA		tRNA-Ala	6560-6624:1
NC_037085.1	tRNA		tRNA-Ser	6624-6691:1
NC_037085.1	tRNA		tRNA-Leu	6693-6755:1
NC_037085.1	CDS	ND1	NADH dehydrogenase subunit 1	6756-7683:1
NC_037085.1	tRNA		tRNA-Ile	7682-7750:1
NC_037085.1	tRNA		tRNA-Lys	7760-7823:1
NC_037085.1	CDS	ND3	NADH dehydrogenase subunit 3	7823-8174:1
NC_037085.1	tRNA		tRNA-Ser	8175-8243:1
NC_037085.1	CDS	ND2	NADH dehydrogenase subunit 2	8243-9260:1
NC_037085.1	CDS	COX1	cytochrome c oxidase subunit I	9237-10792:1
NC_037085.1	tRNA		tRNA-Asn	10792-10854:1
NC_037085.1	CDS	COX2	cytochrome c oxidase subunit II	10854-11541:1
NC_037085.1	tRNA		tRNA-Asp	11539-11604:1
NC_037085.1	CDS	ATP8	ATP synthase F0 subunit 8	11605-11764:1
NC_037085.1	tRNA		tRNA-Tyr	11762-11825:1
NC_037085.1	tRNA		tRNA-Gly	11825-11889:1
NC_037085.1	CDS	COX3	cytochrome c oxidase subunit III	11889-12669:1
NC_037085.1	tRNA		tRNA-Gln	12672-12741:1
NC_037085.1	CDS	ND6	NADH dehydrogenase subunit 6	12742-13222:1
NC_037085.1	CDS	CYTB	cytochrome b	13214-14355:1
NC_037085.1	tRNA		tRNA-Trp	14355-14418:1
NC_037085.1	CDS	ATP6	ATP synthase F0 subunit 6	14418-15105:1
NC_037085.1	tRNA		tRNA-Arg	15108-15172:1
NC_037236.1	CDS	COX1	cytochrome c oxidase subunit I	0-1532:1
NC_037236.1	CDS	COX2	cytochrome c oxidase subunit II	1595-2280:1
NC_037236.1	tRNA	trnD(GTC)	tRNA-Asp	2280-2345:1
NC_037236.1	CDS	ATP8	ATP synthase F0 subunit 8	2345-2507:1
NC_037236.1	tRNA	trnY(GTA)	tRNA-Tyr	2506-2570:1
NC_037236.1	CDS	COX3	cytochrome c oxidase subunit III	2570-3350:1
NC_037236.1	tRNA	trnQ(TTG)	tRNA-Gln	3353-3422:1
NC_037236.1	CDS	ND6	NADH dehydrogenase subunit 6	3447-3919:1
NC_037236.1	CDS	CYTB	cytochrome b	3919-5056:1
NC_037236.1	tRNA	trnW(TCA)	tRNA-Trp	5054-5116:1
NC_037236.1	CDS	ATP6	ATP synthase F0 subunit 6	5116-5815:1
NC_037236.1	tRNA	trnS(CGA)	tRNA-Ser	5825-5886:1
NC_037236.1	tRNA	trnH(GTG)	tRNA-His	5887-5949:1
NC_037236.1	CDS	ND5	NADH dehydrogenase subunit 5	5952-7666:1
NC_037236.1	tRNA	trnF(GAA)	tRNA-Phe	7666-7729:1
NC_037236.1	tRNA	trnE(TTC)	tRNA-Glu	7758-7822:1
NC_037236.1	tRNA	trnP(TGG)	tRNA-Pro	7837-7899:1
NC_037236.1	tRNA	trnT(TGT)	tRNA-Thr	7900-7963:1
NC_037236.1	CDS	ND4L	NADH dehydrogenase subunit 4L	7963-8260:1
NC_037236.1	CDS	ND4	NADH dehydrogenase subunit 4	8253-9603:1
NC_037236.1	tRNA	trnC(GCA)	tRNA-Cys	9601-9665:1
NC_037236.1	tRNA	trnM(CAT)	tRNA-Met	9667-9732:1
NC_037236.1	rRNA	rrns	small subunit ribosomal RNA	9732-10502:1
NC_037236.1	tRNA	trnV(TAC)	tRNA-Val	10502-10561:1
NC_037236.1	rRNA	rrnl	large subunit ribosomal RNA	10561-11782:1
NC_037236.1	tRNA	trnL(TAG)	tRNA-Leu	11782-11843:1
NC_037236.1	tRNA	trnA(TGC)	tRNA-Ala	11847-11909:1
NC_037236.1	tRNA	trnS(TGA)	tRNA-Ser	11909-11974:1
NC_037236.1	CDS	ND1	NADH dehydrogenase subunit 1	11974-12904:1
NC_037236.1	tRNA	trnI(GAT)	tRNA-Ile	12903-12968:1
NC_037236.1	tRNA	trnK(TTT)	tRNA-Lys	12968-13032:1
NC_037236.1	tRNA	trnR	tRNA-Arg	13034-13101:1
NC_037236.1	CDS	ND2	NADH dehydrogenase subunit 2	13103-14105:1
NC_037236.1	tRNA	trnN(GTT)	tRNA-Asn	14105-14170:1
NC_037236.1	tRNA	trnL(TAA)	tRNA-Leu	14641-14704:1
NC_037236.1	tRNA	trnG(TCC)	tRNA-Gly	14704-14767:1
NC_037236.1	CDS	ND3	NADH dehydrogenase subunit 3	14801-15155:1
NC_037390.1	CDS	COX1	cytochrome c oxidase subunit I	0-1572:1
NC_037390.1	tRNA		tRNA-Asn	1577-1639:1
NC_037390.1	CDS	COX2	cytochrome c oxidase subunit II	1639-2332:1
NC_037390.1	CDS	ATP8	ATP synthase F0 subunit 8	2370-2532:1
NC_037390.1	tRNA		tRNA-Gly	2552-2615:1
NC_037390.1	tRNA		tRNA-Tyr	2617-2682:1
NC_037390.1	CDS	COX3	cytochrome c oxidase subunit III	2688-3513:1
NC_037390.1	CDS	CYTB	cytochrome b	3536-4685:1
NC_037390.1	tRNA		tRNA-Trp	4686-4748:1
NC_037390.1	CDS	ATP6	ATP synthase F0 subunit 6	4748-5435:1
NC_037390.1	tRNA		tRNA-His	5434-5498:1
NC_037390.1	CDS	ND5	NADH dehydrogenase subunit 5	5498-7197:1
NC_037390.1	tRNA		tRNA-Phe	7197-7259:1
NC_037390.1	tRNA		tRNA-Glu	7259-7326:1
NC_037390.1	tRNA		tRNA-Pro	7326-7392:1
NC_037390.1	tRNA		tRNA-Thr	7395-7463:1
NC_037390.1	CDS	ND4L	NADH dehydrogenase subunit 4L	7464-7761:1
NC_037390.1	CDS	ND4	NADH dehydrogenase subunit 4	7754-9074:1
NC_037390.1	tRNA		tRNA-Asp	9072-9135:1
NC_037390.1	tRNA		tRNA-Met	9137-9198:1
NC_037390.1	tRNA		tRNA-Met	9199-9263:1
NC_037390.1	rRNA		12S ribosomal RNA	9262-10122:1
NC_037390.1	tRNA		tRNA-Val	10117-10179:1
NC_037390.1	rRNA		16S ribosomal RNA	10190-11443:1
NC_037390.1	tRNA		tRNA-Ala	11460-11521:1
NC_037390.1	tRNA		tRNA-Ser	11521-11583:1
NC_037390.1	tRNA		tRNA-Cys	11583-11644:1
NC_037390.1	tRNA		tRNA-Ser	11646-11713:1
NC_037390.1	tRNA		tRNA-Ile	11718-11782:1
NC_037390.1	tRNA		tRNA-Leu	11780-11847:1
NC_037390.1	tRNA		tRNA-Leu	12372-12432:1
NC_037390.1	CDS	ND1	NADH dehydrogenase subunit 1	12434-13358:1
NC_037390.1	tRNA		tRNA-Lys	13359-13421:1
NC_037390.1	CDS	ND3	NADH dehydrogenase subunit 3	13422-13776:1
NC_037390.1	CDS	ND2	NADH dehydrogenase subunit 2	13813-14845:1
NC_037390.1	CDS	ND6	NADH dehydrogenase subunit 6	14877-15363:1
NC_037390.1	tRNA		tRNA-Arg	15361-15424:1
NC_037390.1	tRNA		tRNA-Gln	15424-15492:1
NC_037947.1	CDS	COX1	cytochrome c oxidase subunit I	124-1675:1
NC_037947.1	tRNA		tRNA-Asn	1679-1745:1
NC_037947.1	CDS	COX2	cytochrome c oxidase subunit II	1745-2432:1
NC_037947.1	tRNA		tRNA-Asp	2430-2495:1
NC_037947.1	CDS	ATP8	ATP synthase F0 subunit 8	2496-2653:1
NC_037947.1	tRNA		tRNA-Tyr	2653-2720:1
NC_037947.1	tRNA		tRNA-Glu	2723-2789:1
NC_037947.1	tRNA		tRNA-Cys	2789-2850:1
NC_037947.1	tRNA		tRNA-Met	2850-2914:1
NC_037947.1	tRNA		tRNA-Met	2914-2981:1
NC_037947.1	rRNA		12S ribosomal RNA	2982-3780:1
NC_037947.1	tRNA		tRNA-Val	3773-3839:1
NC_037947.1	rRNA		16S ribosomal RNA	3903-5088:1
NC_037947.1	tRNA		tRNA-Leu	5088-5153:1
NC_037947.1	tRNA		tRNA-Ala	5153-5217:1
NC_037947.1	tRNA		tRNA-Ile	5217-5284:1
NC_037947.1	tRNA		tRNA-Lys	5287-5353:1
NC_037947.1	CDS	ND3	NADH dehydrogenase subunit 3	5357-5708:1
NC_037947.1	tRNA		tRNA-Ser	5706-5774:1
NC_037947.1	CDS	ND2	NADH dehydrogenase subunit 2	5774-6783:1
NC_037947.1	tRNA		tRNA-Gly	6783-6847:1
NC_037947.1	CDS	COX3	cytochrome c oxidase subunit III	6847-7627:1
NC_037947.1	tRNA		tRNA-Gln	7634-7702:1
NC_037947.1	CDS	ND6	NADH dehydrogenase subunit 6	7702-8179:1
NC_037947.1	CDS	CYTB	cytochrome b	8192-9318:1
NC_037947.1	tRNA		tRNA-Ser	9318-9386:1
NC_037947.1	tRNA		tRNA-Leu	9386-9455:1
NC_037947.1	CDS	ND1	NADH dehydrogenase subunit 1	9456-10395:1
NC_037947.1	tRNA		tRNA-Trp	10393-10460:1
NC_037947.1	CDS	ATP6	ATP synthase F0 subunit 6	10464-11163:1
NC_037947.1	tRNA		tRNA-Arg	11161-11227:1
NC_037947.1	tRNA		tRNA-His	11232-11293:1
NC_037947.1	CDS	ND5	NADH dehydrogenase subunit 5	11293-13013:1
NC_037947.1	tRNA		tRNA-Phe	13013-13081:1
NC_037947.1	tRNA		tRNA-Pro	13081-13145:1
NC_037947.1	tRNA		tRNA-Thr	13146-13214:1
NC_037947.1	CDS	ND4L	NADH dehydrogenase subunit 4L	13265-13505:1
NC_037947.1	CDS	ND4	NADH dehydrogenase subunit 4	13498-14851:1
NC_044092.1	CDS	COX1	cytochrome c oxidase subunit I	15464-15497:1,0-1539:1
NC_044092.1	tRNA	trnN(gtt)	tRNA-Asn	1544-1607:1
NC_044092.1	CDS	COX2	cytochrome c oxidase subunit II	1607-2300:1
NC_044092.1	CDS	ATP8	ATP synthase F0 subunit 8	2339-2501:1
NC_044092.1	tRNA	trnG(tcc)	tRNA-Gly	2522-2585:1
NC_044092.1	tRNA	trnY(gta)	tRNA-Tyr	2586-2651:1
NC_044092.1	CDS	COX3	cytochrome c oxidase subunit III	2657-3482:1
NC_044092.1	CDS	CYTB	cytochrome b	3505-4654:1
NC_044092.1	tRNA	trnW(tca)	tRNA-Trp	4655-4717:1
NC_044092.1	CDS	ATP6	ATP synthase F0 subunit 6	4717-5404:1
NC_044092.1	tRNA	trnH(gtg)	tRNA-His	5403-5468:1
NC_044092.1	CDS	ND5	NADH dehydrogenase subunit 5	5468-7167:1
NC_044092.1	tRNA	trnF(gaa)	tRNA-Phe	7167-7229:1
NC_044092.1	tRNA	trnE(ttc)	tRNA-Glu	7229-7296:1
NC_044092.1	tRNA	trnP(tgg)	tRNA-Pro	7296-7362:1
NC_044092.1	tRNA	trnT(tgt)	tRNA-Thr	7365-7433:1
NC_044092.1	CDS	ND4L	NADH dehydrogenase subunit 4L	7434-7731:1
NC_044092.1	CDS	ND4	NADH dehydrogenase subunit 4	7724-9044:1
NC_044092.1	tRNA	trnD(gtc)	tRNA-Asp	9042-9104:1
NC_044092.1	tRNA	trnM(cat)	tRNA-Met	9106-9168:1
NC_044092.1	tRNA	trnM(cat)	tRNA-Met	9169-9232:1
NC_044092.1	rRNA		12S ribosomal RNA	9231-10086:1
NC_044092.1	tRNA	trnV(tac)	tRNA-Val	10086-10148:1
NC_044092.1	rRNA		16S ribosomal RNA	10203-11436:1
NC_044092.1	tRNA	trnA(tgc)	tRNA-Ala	11436-11497:1
NC_044092.1	tRNA	trnS(tct)	tRNA-Ser	11497-11559:1
NC_044092.1	tRNA	trnC(gca)	tRNA-Cys	11559-11620:1
NC_044092.1	tRNA	trnS(tga)	tRNA-Ser	11623-11690:1
NC_044092.1	tRNA	trnI(gat)	tRNA-Ile	11690-11754:1
NC_044092.1	tRNA	trnL(tag)	tRNA-Leu	11754-11816:1
NC_044092.1	tRNA	trnL(taa)	tRNA-Leu	12348-12410:1
NC_044092.1	CDS	ND1	NADH dehydrogenase subunit 1	12411-13335:1
NC_044092.1	tRNA	trnK(ttt)	tRNA-Lys	13336-13398:1
NC_044092.1	CDS	ND3	NADH dehydrogenase subunit 3	13399-13753:1
NC_044092.1	CDS	ND2	NADH dehydrogenase subunit 2	13790-14822:1
NC_044092.1	CDS	ND6	NADH dehydrogenase subunit 6	14846-15329:1
NC_044092.1	tRNA	trnR(tcg)	tRNA-Arg	15330-15393:1
NC_044092.1	tRNA	trnQ(ttg)	tRNA-Gln	15393-15461:1
NC_046733.1	CDS	COX1	cytochrome c oxidase subunit I	0-1540:1
NC_046733.1	tRNA		tRNA-Asn	1540-1602:1
NC_046733.1	CDS	COX2	cytochrome c oxidase subunit II	1603-2287:1
NC_046733.1	tRNA		tRNA-Asp	2289-2350:1
NC_046733.1	CDS	ATP8	ATP synthase F0 subunit 8	2350-2510:1
NC_046733.1	tRNA		tRNA-Tyr	2510-2573:1
NC_046733.1	tRNA		tRNA-Gly	2571-2636:1
NC_046733.1	CDS	COX3	cytochrome c oxidase subunit III	2637-3416:1
NC_046733.1	tRNA		tRNA-Gln	3416-3485:1
NC_046733.1	CDS	ND6	NADH dehydrogenase subunit 6	3485-3953:1
NC_046733.1	CDS	CYTB	cytochrome b	3954-5092:1
NC_046733.1	tRNA		tRNA-Trp	5092-5155:1
NC_046733.1	CDS	ATP6	ATP synthase F0 subunit 6	5157-5851:1
NC_046733.1	tRNA		tRNA-Arg	5851-5920:1
NC_046733.1	tRNA		tRNA-His	6432-6495:1
NC_046733.1	CDS	ND5	NADH dehydrogenase subunit 5	6495-8217:1
NC_046733.1	tRNA		tRNA-Phe	8217-8281:1
NC_046733.1	tRNA		tRNA-Glu	8281-8345:1
NC_046733.1	tRNA		tRNA-Pro	8343-8407:1
NC_046733.1	tRNA		tRNA-Thr	8407-8470:1
NC_046733.1	CDS	ND4L	NADH dehydrogenase subunit 4L	8470-8767:1
NC_046733.1	CDS	ND4	NADH dehydrogenase subunit 4	8760-10117:1
NC_046733.1	tRNA		tRNA-Cys	10117-10182:1
NC_046733.1	tRNA		tRNA-Met	10182-10245:1
NC_046733.1	rRNA		12S ribosomal RNA	10246-11035:1
NC_046733.1	tRNA		tRNA-Val	11035-11098:1
NC_046733.1	rRNA		16S ribosomal RNA	11100-12357:1
NC_046733.1	tRNA		tRNA-Leu	12358-12423:1
NC_046733.1	tRNA		tRNA-Ala	12423-12485:1
NC_046733.1	tRNA		tRNA-Ser	12485-12549:1
NC_046733.1	tRNA		tRNA-Leu	12550-12612:1
NC_046733.1	CDS	ND1	NADH dehydrogenase subunit 1	12613-13535:1
NC_046733.1	tRNA		tRNA-Ile	13535-13599:1
NC_046733.1	tRNA		tRNA-Lys	13599-13663:1
NC_046733.1	CDS	ND3	NADH dehydrogenase subunit 3	13663-14015:1
NC_046733.1	tRNA		tRNA-Ser	14015-14079:1
NC_046733.1	CDS	ND2	NADH dehydrogenase subunit 2	14080-15086:1
NC_046790.1	CDS	COX1	cytochrome c oxidase subunit I	0-1555:1
NC_046790.1	tRNA	trnN(GTT)	tRNA-Asn	1555-1621:1
NC_046790.1	CDS	COX2	cytochrome c oxidase subunit II	1621-2306:1
NC_046790.1	tRNA	trnD(GTC)	tRNA-Asp	2306-2369:1
NC_046790.1	CDS	ATP8	ATP synthase F0 subunit 8	2369-2522:1
NC_046790.1	tRNA	trnY(GTA)	tRNA-Tyr	2520-2582:1
NC_046790.1	CDS	COX3	cytochrome c oxidase subunit III	2583-3363:1
NC_046790.1	tRNA	trnQ(TTG)	tRNA-Gln	3363-3428:1
NC_046790.1	CDS	ND6	NADH dehydrogenase subunit 6	3428-3914:1
NC_046790.1	CDS	CYTB	cytochrome b	3906-5049:1
NC_046790.1	tRNA	trnW(TCA)	tRNA-Trp	5047-5109:1
NC_046790.1	CDS	ATP6	ATP synthase F0 subunit 6	5109-5809:1
NC_046790.1	tRNA	trnR(TCG)	tRNA-Arg	5809-5877:1
NC_046790.1	tRNA	trnH(GTG)	tRNA-His	5878-5942:1
NC_046790.1	CDS	ND5	NADH dehydrogenase subunit 5	5942-7641:1
NC_046790.1	tRNA	trnF(GAA)	tRNA-Phe	7641-7708:1
NC_046790.1	tRNA	trnE(TTC)	tRNA-Glu	7709-7772:1
NC_046790.1	tRNA	trnP(TGG)	tRNA-Pro	7772-7840:1
NC_046790.1	tRNA	trnT(TGT)	tRNA-Thr	7846-7908:1
NC_046790.1	CDS	ND4L	NADH dehydrogenase subunit 4L	7908-8205:1
NC_046790.1	CDS	ND4	NADH dehydrogenase subunit 4	8198-9554:1
NC_046790.1	tRNA	trnC(GCA)	tRNA-Cys	9552-9615:1
NC_046790.1	tRNA	trnG(TCC)	tRNA-Gly	9615-9676:1
NC_046790.1	tRNA	trnM(CAT)	tRNA-Met	9676-9742:1
NC_046790.1	rRNA		12S ribosomal RNA	9742-10546:1
NC_046790.1	tRNA	trnV(TAC)	tRNA-Val	10546-10608:1
NC_046790.1	rRNA		16S ribosomal RNA	10608-11863:1
NC_046790.1	tRNA	trnL(TAG)	tRNA-Leu	11863-11928:1
NC_046790.1	tRNA	trnA(TGC)	tRNA-Ala	11928-11988:1
NC_046790.1	tRNA	trnL(TAA)	tRNA-Leu	11988-12052:1
NC_046790.1	tRNA	trnS(TGA)	tRNA-Ser	12724-12791:1
NC_046790.1	CDS	ND1	NADH dehydrogenase subunit 1	12791-13725:1
NC_046790.1	tRNA	trnI(GAT)	tRNA-Ile	13725-13791:1
NC_046790.1	tRNA	trnK(TTT)	tRNA-Lys	13792-13859:1
NC_046790.1	CDS	ND3	NADH dehydrogenase subunit 3	13859-14213:1
NC_046790.1	tRNA	trnS(TCT)	tRNA-Ser	14215-14282:1
NC_046790.1	CDS	ND2	NADH dehydrogenase subunit 2	14282-15288:1
NC_049135.1	CDS	COX1	cytochrome c oxidase subunit I	0-1560:1
NC_049135.1	tRNA	trnD(gtc)	tRNA-Asp	1567-1631:1
NC_049135.1	CDS	COX2	cytochrome c oxidase subunit II	1666-2357:1
NC_049135.1	tRNA	trnL1(tag)	tRNA-Leu	2357-2419:1
NC_049135.1	tRNA	trnN(gtt)	tRNA-Asn	2421-2488:1
NC_049135.1	tRNA	trnY(gta)	tRNA-Tyr	2489-2554:1
NC_049135.1	tRNA	trnE(ttc)	tRNA-Glu	2553-2615:1
NC_049135.1	tRNA	trnG(tcc)	tRNA-Gly	2612-2675:1
NC_049135.1	CDS	ATP8	ATP synthase F0 subunit 8	2707-2869:1
NC_049135.1	tRNA	trnQ(ttg)	tRNA-Gln	2872-2939:1
NC_049135.1	CDS	COX3	cytochrome c oxidase subunit III	3004-3808:1
NC_049135.1	CDS	ND6	NADH dehydrogenase subunit 6	3811-4285:1
NC_049135.1	CDS	CYTB	cytochrome b	4286-5422:1
NC_049135.1	tRNA	trnP(tgg)	tRNA-Pro	5422-5486:1
NC_049135.1	rRNA		12S ribosomal RNA	5821-6641:1
NC_049135.1	rRNA		16S ribosomal RNA	6628-7901:1
NC_049135.1	tRNA	trnI(gat)	tRNA-Ile	7929-7992:1
NC_049135.1	tRNA	trnK(ttt)	tRNA-Lys	7993-8056:1
NC_049135.1	CDS	ND3	NADH dehydrogenase subunit 3	8056-8420:1
NC_049135.1	tRNA	trnF(gaa)	tRNA-Phe	8420-8485:1
NC_049135.1	tRNA	trnT(tgt)	tRNA-Thr	8485-8546:1
NC_049135.1	CDS	ND4L	NADH dehydrogenase subunit 4L	8548-8833:1
NC_049135.1	CDS	ND4	NADH dehydrogenase subunit 4	8826-10177:1
NC_049135.1	tRNA	trnL2(taa)	tRNA-Leu	10177-10241:1
NC_049135.1	CDS	ND1	NADH dehydrogenase subunit 1	10243-11155:1
NC_049135.1	tRNA	trnW(tca)	tRNA-Trp	11153-11215:1
NC_049135.1	CDS	ATP6	ATP synthase F0 subunit 6	11215-11909:1
NC_049135.1	tRNA	trnR(tcg)	tRNA-Arg	11909-11973:1
NC_049135.1	tRNA	trnH(gtg)	tRNA-His	11973-12035:1
NC_049135.1	CDS	ND5	NADH dehydrogenase subunit 5	12035-13751:1
NC_049135.1	tRNA	trnS1(tct)	tRNA-Ser	13753-13821:1
NC_049135.1	tRNA	trnV(tac)	tRNA-Val	13828-13889:1
NC_049135.1	tRNA	trnS2(tga)	tRNA-Ser	14547-14610:1
NC_049135.1	tRNA	trnC(gca)	tRNA-Cys	14883-14944:1
NC_049135.1	tRNA	trnM(cat)	tRNA-Met	14951-15014:1
NC_049135.1	tRNA	trnM(cat)	tRNA-Met	15018-15082:1
NC_049135.1	tRNA	trnA(tgc)	tRNA-Ala	15189-15251:1
NC_049135.1	CDS	ND2	NADH dehydrogenase subunit 2	15253-16237:1
NC_049136.1	CDS	COX1	cytochrome c oxidase subunit I	0-1542:1
NC_049136.1	tRNA	trnN(gtt)	tRNA-Asn	1562-1627:1
NC_049136.1	CDS	COX2	cytochrome c oxidase subunit II	1627-2323:1
NC_049136.1	CDS	ATP8	ATP synthase F0 subunit 8	2391-2565:1
NC_049136.1	tRNA	trnD(gtc)	tRNA-Asp	2555-2619:1
NC_049136.1	tRNA	trnY(gta)	tRNA-Tyr	2617-2681:1
NC_049136.1	tRNA	trnE(ttc)	tRNA-Glu	2681-2745:1
NC_049136.1	tRNA	trnG(tcc)	tRNA-Gly	2742-2806:1
NC_049136.1	tRNA	trnL1(tag)	tRNA-Leu	2807-2872:1
NC_049136.1	tRNA	trnV(tac)	tRNA-Val	2891-2955:1
NC_049136.1	tRNA	trnQ(ttg)	tRNA-Gln	2960-3029:1
NC_049136.1	CDS	COX3	cytochrome c oxidase subunit III	3056-3884:1
NC_049136.1	CDS	ND6	NADH dehydrogenase subunit 6	3896-4364:1
NC_049136.1	CDS	CYTB	cytochrome b	4375-5513:1
NC_049136.1	tRNA	trnP(tgg)	tRNA-Pro	5513-5578:1
NC_049136.1	tRNA	trnS2(tga)	tRNA-Ser	5578-5644:1
NC_049136.1	tRNA	trnC(gca)	tRNA-Cys	5644-5708:1
NC_049136.1	tRNA	trnM(cat)	tRNA-Met	5724-5787:1
NC_049136.1	tRNA	trnM(cat)	tRNA-Met	5803-5870:1
NC_049136.1	rRNA		12S ribosomal RNA	5875-6696:1
NC_049136.1	rRNA		16S ribosomal RNA	6706-7981:1
NC_049136.1	tRNA	trnI(gat)	tRNA-Ile	8003-8068:1
NC_049136.1	tRNA	trnK(ttt)	tRNA-Lys	8068-8131:1
NC_049136.1	CDS	ND3	NADH dehydrogenase subunit 3	8132-8477:1
NC_049136.1	tRNA	trnF(gaa)	tRNA-Phe	8484-8547:1
NC_049136.1	tRNA	trnT(tgt)	tRNA-Thr	8547-8613:1
NC_049136.1	CDS	ND4L	NADH dehydrogenase subunit 4L	9621-9906:1
NC_049136.1	CDS	ND4	NADH dehydrogenase subunit 4	9899-11244:1
NC_049136.1	tRNA	trnL2(taa)	tRNA-Leu	11244-11307:1
NC_049136.1	CDS	ND1	NADH dehydrogenase subunit 1	11309-12221:1
NC_049136.1	tRNA	trnW(tca)	tRNA-Trp	12219-12282:1
NC_049136.1	CDS	ATP6	ATP synthase F0 subunit 6	12282-12976:1
NC_049136.1	tRNA	trnR(tcg)	tRNA-Arg	12976-13042:1
NC_049136.1	tRNA	trnH(gtg)	tRNA-His	13042-13103:1
NC_049136.1	CDS	ND5	NADH dehydrogenase subunit 5	13112-14822:1
NC_049136.1	tRNA	trnS1(tct)	tRNA-Ser	14820-14889:1
NC_049136.1	tRNA	trnA(tgc)	tRNA-Ala	14892-14956:1
NC_049136.1	CDS	ND2	NADH dehydrogenase subunit 2	14959-15916:1
NC_050262.1	tRNA		tRNA-Trp	408-471:1
NC_050262.1	CDS	ATP6	ATP synthase F0 subunit 6	471-1167:1
NC_050262.1	tRNA		tRNA-Arg	1167-1232:1
NC_050262.1	tRNA		tRNA-His	1232-1296:1
NC_050262.1	CDS	ND5	NADH dehydrogenase subunit 5	1317-2998:1
NC_050262.1	tRNA		tRNA-Phe	2998-3061:1
NC_050262.1	tRNA		tRNA-Glu	3060-3124:1
NC_050262.1	tRNA		tRNA-Pro	3124-3188:1
NC_050262.1	tRNA		tRNA-Thr	3190-3257:1
NC_050262.1	CDS	ND4L	NADH dehydrogenase subunit 4L	3257-3545:1
NC_050262.1	CDS	ND4	NADH dehydrogenase subunit 4	3538-4888:1
NC_050262.1	tRNA		tRNA-Cys	4886-4951:1
NC_050262.1	tRNA		tRNA-Met	4951-5015:1
NC_050262.1	rRNA		12S ribosomal RNA	5015-5787:1
NC_050262.1	rRNA		16S ribosomal RNA	5787-7031:1
NC_050262.1	tRNA		tRNA-Val	7031-7096:1
NC_050262.1	tRNA		tRNA-Leu	7093-7160:1
NC_050262.1	tRNA		tRNA-Ala	7200-7264:1
NC_050262.1	CDS	ND1	NADH dehydrogenase subunit 1	7264-8182:1
NC_050262.1	tRNA		tRNA-Ile	8179-8246:1
NC_050262.1	tRNA		tRNA-Leu	8246-8307:1
NC_050262.1	tRNA		tRNA-Lys	8310-8375:1
NC_050262.1	CDS	ND3	NADH dehydrogenase subunit 3	8374-8719:1
NC_050262.1	tRNA		tRNA-Ser	8721-8788:1
NC_050262.1	CDS	ND2	NADH dehydrogenase subunit 2	8788-9817:1
NC_050262.1	CDS	COX1	cytochrome c oxidase subunit I	9821-11336:1
NC_050262.1	tRNA		tRNA-Asn	11338-11403:1
NC_050262.1	CDS	COX2	cytochrome c oxidase subunit II	11404-12091:1
NC_050262.1	tRNA		tRNA-Asp	12093-12160:1
NC_050262.1	CDS	ATP8	ATP synthase F0 subunit 8	12160-12322:1
NC_050262.1	tRNA		tRNA-Tyr	12322-12385:1
NC_050262.1	tRNA		tRNA-Gly	12385-12450:1
NC_050262.1	CDS	COX3	cytochrome c oxidase subunit III	12449-13232:1
NC_050262.1	tRNA		tRNA-Gln	13232-13297:1
NC_050262.1	CDS	ND6	NADH dehydrogenase subunit 6	13296-13788:1
NC_050262.1	CDS	CYTB	cytochrome b	13801-14908:1
NC_050262.1	tRNA		tRNA-Ser	14908-14973:1
NC_050679.1	CDS	COX1	cytochrome c oxidase subunit I	0-1535:1
NC_050679.1	tRNA	trnN(gtt)	tRNA-Asn	1535-1600:1
NC_050679.1	CDS	COX2	cytochrome c oxidase subunit II	1600-2290:1
NC_050679.1	tRNA	trnG(tcc)	tRNA-Gly	2338-2401:1
NC_050679.1	tRNA	trnY(gta)	tRNA-Tyr	3579-3644:1
NC_050679.1	CDS	ATP8	ATP synthase F0 subunit 8	3716-3881:1
NC_050679.1	tRNA	trnM(cat)	tRNA-Met	3876-3940:1
NC_050679.1	tRNA	trnD(gtc)	tRNA-Asp	3939-4003:1
NC_050679.1	CDS	COX3	cytochrome c oxidase subunit III	4033-4811:1
NC_050679.1	tRNA	trnQ(ttg)	tRNA-Gln	4811-4874:1
NC_050679.1	CDS	ND6	NADH dehydrogenase subunit 6	4886-5348:1
NC_050679.1	CDS	CYTB	cytochrome b	5340-6477:1
NC_050679.1	tRNA	trnW(tca)	tRNA-Trp	6475-6538:1
NC_050679.1	CDS	ATP6	ATP synthase F0 subunit 6	6538-7234:1
NC_050679.1	tRNA	trnR(tcg)	tRNA-Arg	7243-7301:1
NC_050679.1	tRNA	trnH(gtg)	tRNA-His	7299-7362:1
NC_050679.1	CDS	ND5	NADH dehydrogenase subunit 5	7362-9043:1
NC_050679.1	tRNA	trnF(gaa)	tRNA-Phe	9043-9107:1
NC_050679.1	tRNA	trnE(ttc)	tRNA-Glu	9115-9179:1
NC_050679.1	tRNA	trnP(tgg)	tRNA-Pro	9177-9241:1
NC_050679.1	tRNA	trnT(tgt)	tRNA-Thr	9243-9309:1
NC_050679.1	CDS	ND4L	NADH dehydrogenase subunit 4L	9309-9597:1
NC_050679.1	CDS	ND4	NADH dehydrogenase subunit 4	9590-10919:1
NC_050679.1	rRNA		12S ribosomal RNA	10925-11731:1
NC_050679.1	tRNA	trnV(tac)	tRNA-Val	11731-11796:1
NC_050679.1	rRNA		16S ribosomal RNA	11796-12988:1
NC_050679.1	tRNA	trnL1(tag)	tRNA-Leu	12988-13051:1
NC_050679.1	tRNA	trnS2(tga)	tRNA-Ser	13068-13127:1
NC_050679.1	tRNA	trnA(tgc)	tRNA-Ala	13133-13196:1
NC_050679.1	tRNA	trnL2(taa)	tRNA-Leu	13196-13258:1
NC_050679.1	CDS	ND1	NADH dehydrogenase subunit 1	13258-14183:1
NC_050679.1	tRNA	trnI(gat)	tRNA-Ile	14183-14248:1
NC_050679.1	tRNA	trnK(ttt)	tRNA-Lys	14248-14314:1
NC_050679.1	CDS	ND3	NADH dehydrogenase subunit 3	14317-14659:1
NC_050679.1	tRNA	trnS1(tct)	tRNA-Ser	14657-14724:1
NC_050679.1	CDS	ND2	NADH dehydrogenase subunit 2	14724-15714:1
NC_050679.1	tRNA	trnC(gca)	tRNA-Cys	15720-15782:1
NC_051993.1	CDS	COX1	cytochrome c oxidase subunit I	0-1536:1
NC_051993.1	tRNA	trnN(aac)	tRNA-Asn	1550-1617:1
NC_051993.1	CDS	COX2	cytochrome c oxidase subunit II	1617-2310:1
NC_051993.1	tRNA	trnG(gga)	tRNA-Gly	2367-2433:1
NC_051993.1	tRNA	trnY(tac)	tRNA-Tyr	3223-3288:1
NC_051993.1	CDS	ATP8	ATP synthase F0 subunit 8	3365-3530:1
NC_051993.1	tRNA	trnM(atg)	tRNA-Met	3530-3590:1
NC_051993.1	tRNA	trnD(gac)	tRNA-Asp	3590-3653:1
NC_051993.1	CDS	COX3	cytochrome c oxidase subunit III	3664-4447:1
NC_051993.1	tRNA	trnQ(caa)	tRNA-Gln	4447-4507:1
NC_051993.1	CDS	ND6	NADH dehydrogenase subunit 6	4516-4973:1
NC_051993.1	CDS	CYTB	cytochrome b	4973-6110:1
NC_051993.1	tRNA	trnW(tga)	tRNA-Trp	6110-6171:1
NC_051993.1	CDS	ATP6	ATP synthase F0 subunit 6	6171-6867:1
NC_051993.1	tRNA	trnR(cga)	tRNA-Arg	6871-6923:1
NC_051993.1	tRNA	trnH(cac)	tRNA-His	6923-6987:1
NC_051993.1	CDS	ND5	NADH dehydrogenase subunit 5	6987-8665:1
NC_051993.1	tRNA	trnF(ttc)	tRNA-Phe	8665-8728:1
NC_051993.1	tRNA	trnE(gaa)	tRNA-Glu	8728-8792:1
NC_051993.1	tRNA	trnP(cca)	tRNA-Pro	8790-8853:1
NC_051993.1	tRNA	trnT(aca)	tRNA-Thr	8872-8939:1
NC_051993.1	CDS	ND4L	NADH dehydrogenase subunit 4L	8939-9227:1
NC_051993.1	CDS	ND4	NADH dehydrogenase subunit 4	9220-10546:1
NC_051993.1	rRNA		12S ribosomal RNA	10547-11357:1
NC_051993.1	tRNA	trnV(gta)	tRNA-Val	11357-11425:1
NC_051993.1	rRNA		16S ribosomal RNA	11425-12617:1
NC_051993.1	tRNA	trnL1(cta)	tRNA-Leu	12617-12681:1
NC_051993.1	tRNA	trnS2(tca)	tRNA-Ser	12689-12747:1
NC_051993.1	tRNA	trnA(gca)	tRNA-Ala	12747-12812:1
NC_051993.1	tRNA	trnL2(tta)	tRNA-Leu	12813-12876:1
NC_051993.1	CDS	ND1	NADH dehydrogenase subunit 1	12876-13801:1
NC_051993.1	tRNA	trnI(atc)	tRNA-Ile	13801-13866:1
NC_051993.1	tRNA	trnK(aaa)	tRNA-Lys	13873-13939:1
NC_051993.1	CDS	ND3	NADH dehydrogenase subunit 3	13939-14284:1
NC_051993.1	tRNA	trnS1(aga)	tRNA-Ser	14284-14350:1
NC_051993.1	CDS	ND2	NADH dehydrogenase subunit 2	14350-15334:1
NC_051993.1	tRNA	trnC(tgc)	tRNA-Cys	15345-15408:1
NC_051994.1	CDS	COX1	cytochrome c oxidase subunit I	0-1534:1
NC_051994.1	tRNA	trnN(aac)	tRNA-Asn	1534-1596:1
NC_051994.1	CDS	COX2	cytochrome c oxidase subunit II	1596-2283:1
NC_051994.1	tRNA	trnG(gga)	tRNA-Gly	2357-2421:1
NC_051994.1	tRNA	trnY(tac)	tRNA-Tyr	4795-4860:1
NC_051994.1	CDS	ATP8	ATP synthase F0 subunit 8	4932-5097:1
NC_051994.1	tRNA	trnM(atg)	tRNA-Met	5097-5157:1
NC_051994.1	tRNA	trnD(gac)	tRNA-Asp	5157-5221:1
NC_051994.1	CDS	COX3	cytochrome c oxidase subunit III	5252-6035:1
NC_051994.1	tRNA	trnQ(caa)	tRNA-Gln	6035-6093:1
NC_051994.1	CDS	ND6	NADH dehydrogenase subunit 6	6102-6558:1
NC_051994.1	CDS	CYTB	cytochrome b	6568-7705:1
NC_051994.1	tRNA	trnW(tga)	tRNA-Trp	7706-7769:1
NC_051994.1	CDS	ATP6	ATP synthase F0 subunit 6	7769-8465:1
NC_051994.1	tRNA	trnR(cga)	tRNA-Arg	8471-8525:1
NC_051994.1	tRNA	trnH(cac)	tRNA-His	8525-8592:1
NC_051994.1	CDS	ND5	NADH dehydrogenase subunit 5	8592-10273:1
NC_051994.1	tRNA	trnF(ttc)	tRNA-Phe	10273-10337:1
NC_051994.1	tRNA	trnE(gaa)	tRNA-Glu	10340-10404:1
NC_051994.1	tRNA	trnP(cca)	tRNA-Pro	10402-10466:1
NC_051994.1	tRNA	trnT(aca)	tRNA-Thr	10509-10577:1
NC_051994.1	CDS	ND4L	NADH dehydrogenase subunit 4L	10577-10865:1
NC_051994.1	CDS	ND4	NADH dehydrogenase subunit 4	10858-12190:1
NC_051994.1	rRNA		12S ribosomal RNA	12190-12993:1
NC_051994.1	tRNA	trnV(gta)	tRNA-Val	12993-13059:1
NC_051994.1	rRNA		16S ribosomal RNA	13206-14222:1
NC_051994.1	tRNA	trnL1(cta)	tRNA-Leu	14258-14322:1
NC_051994.1	tRNA	trnS2(tca)	tRNA-Ser	14327-14387:1
NC_051994.1	tRNA	trnA(gca)	tRNA-Ala	14395-14461:1
NC_051994.1	tRNA	trnL2(tta)	tRNA-Leu	14461-14523:1
NC_051994.1	CDS	ND1	NADH dehydrogenase subunit 1	14523-15448:1
NC_051994.1	tRNA	trnI(atc)	tRNA-Ile	15448-15513:1
NC_051994.1	tRNA	trnK(aaa)	tRNA-Lys	15518-15587:1
NC_051994.1	CDS	ND3	NADH dehydrogenase subunit 3	15587-15930:1
NC_051994.1	tRNA	trnS1(aga)	tRNA-Ser	15930-15998:1
NC_051994.1	CDS	ND2	NADH dehydrogenase subunit 2	15998-16985:1
NC_051994.1	tRNA	trnC(tgc)	tRNA-Cys	16992-17055:1
NC_051995.1	CDS	COX1	cytochrome c oxidase subunit I	0-1534:1
NC_051995.1	tRNA	trnN(aac)	tRNA-Asn	1534-1598:1
NC_051995.1	CDS	COX2	cytochrome c oxidase subunit II	1598-2288:1
NC_051995.1	tRNA	trnG(gga)	tRNA-Gly	2354-2417:1
NC_051995.1	tRNA	trnY(tac)	tRNA-Tyr	3693-3758:1
NC_051995.1	CDS	ATP8	ATP synthase F0 subunit 8	3819-3984:1
NC_051995.1	tRNA	trnM(atg)	tRNA-Met	3984-4043:1
NC_051995.1	tRNA	trnD(gac)	tRNA-Asp	4043-4107:1
NC_051995.1	CDS	COX3	cytochrome c oxidase subunit III	4156-4939:1
NC_051995.1	tRNA	trnQ(caa)	tRNA-Gln	4939-4997:1
NC_051995.1	CDS	ND6	NADH dehydrogenase subunit 6	5003-5460:1
NC_051995.1	CDS	CYTB	cytochrome b	5460-6600:1
NC_051995.1	tRNA	trnW(tga)	tRNA-Trp	6601-6663:1
NC_051995.1	CDS	ATP6	ATP synthase F0 subunit 6	6663-7359:1
NC_051995.1	tRNA	trnR(cga)	tRNA-Arg	7367-7419:1
NC_051995.1	tRNA	trnH(cac)	tRNA-His	7419-7485:1
NC_051995.1	CDS	ND5	NADH dehydrogenase subunit 5	7485-9169:1
NC_051995.1	tRNA	trnF(ttc)	tRNA-Phe	9169-9234:1
NC_051995.1	tRNA	trnE(gaa)	tRNA-Glu	9234-9295:1
NC_051995.1	tRNA	trnP(cca)	tRNA-Pro	9295-9359:1
NC_051995.1	tRNA	trnT(aca)	tRNA-Thr	9360-9427:1
NC_051995.1	CDS	ND4L	NADH dehydrogenase subunit 4L	9427-9715:1
NC_051995.1	CDS	ND4	NADH dehydrogenase subunit 4	9717-11040:1
NC_051995.1	rRNA		12S ribosomal RNA	11050-11853:1
NC_051995.1	tRNA	trnV(gta)	tRNA-Val	11853-11919:1
NC_051995.1	rRNA		16S ribosomal RNA	11919-13089:1
NC_051995.1	tRNA	trnL1(cta)	tRNA-Leu	13089-13151:1
NC_051995.1	tRNA	trnS2(tca)	tRNA-Ser	13154-13211:1
NC_051995.1	tRNA	trnA(gca)	tRNA-Ala	13211-13275:1
NC_051995.1	tRNA	trnL2(tta)	tRNA-Leu	13275-13337:1
NC_051995.1	CDS	ND1	NADH dehydrogenase subunit 1	13337-14262:1
NC_051995.1	tRNA	trnI(atc)	tRNA-Ile	14262-14327:1
NC_051995.1	tRNA	trnK(aaa)	tRNA-Lys	14336-14399:1
NC_051995.1	CDS	ND3	NADH dehydrogenase subunit 3	14399-14744:1
NC_051995.1	tRNA	trnS1(aga)	tRNA-Ser	14751-14818:1
NC_051995.1	CDS	ND2	NADH dehydrogenase subunit 2	14818-15805:1
NC_051995.1	tRNA	trnC(tgc)	tRNA-Cys	15805-15867:1
NC_051996.1	CDS	COX1	cytochrome c oxidase subunit I	17469-17502:1,0-1501:1
NC_051996.1	tRNA	trnN(gtt)	tRNA-Asn	1501-1565:1
NC_051996.1	CDS	COX2	cytochrome c oxidase subunit II	1565-2258:1
NC_051996.1	tRNA	trnG(tcc)	tRNA-Gly	2299-2361:1
NC_051996.1	tRNA	trnY(gta)	tRNA-Tyr	3440-3506:1
NC_051996.1	CDS	ATP8	ATP synthase F0 subunit 8	5344-5509:1
NC_051996.1	tRNA	trnM(cat)	tRNA-Met	5509-5568:1
NC_051996.1	tRNA	trnD(gtc)	tRNA-Asp	5571-5633:1
NC_051996.1	CDS	COX3	cytochrome c oxidase subunit III	5667-6445:1
NC_051996.1	tRNA	trnQ(ttg)	tRNA-Gln	6445-6508:1
NC_051996.1	CDS	ND6	NADH dehydrogenase subunit 6	6517-6974:1
NC_051996.1	CDS	CYTB	cytochrome b	6974-8111:1
NC_051996.1	tRNA	trnW(tca)	tRNA-Trp	8111-8174:1
NC_051996.1	CDS	ATP6	ATP synthase F0 subunit 6	8174-8870:1
NC_051996.1	tRNA	trnR(tcg)	tRNA-Arg	8872-8928:1
NC_051996.1	tRNA	trnH(gtg)	tRNA-His	8926-8989:1
NC_051996.1	CDS	ND5	NADH dehydrogenase subunit 5	8989-10670:1
NC_051996.1	tRNA	trnF(gaa)	tRNA-Phe	10670-10734:1
NC_051996.1	tRNA	trnE(ttc)	tRNA-Glu	10734-10798:1
NC_051996.1	tRNA	trnP(tgg)	tRNA-Pro	10796-10859:1
NC_051996.1	tRNA	trnT(tgt)	tRNA-Thr	10860-10927:1
NC_051996.1	CDS	ND4L	NADH dehydrogenase subunit 4L	10927-11215:1
NC_051996.1	CDS	ND4	NADH dehydrogenase subunit 4	11208-12537:1
NC_051996.1	rRNA		12S ribosomal RNA	12537-13330:1
NC_051996.1	tRNA	trnV(tac)	tRNA-Val	13330-13395:1
NC_051996.1	rRNA		16S ribosomal RNA	13395-14564:1
NC_051996.1	tRNA	trnL1(tag)	tRNA-Leu	14564-14626:1
NC_051996.1	tRNA	trnS2(tga)	tRNA-Ser	14640-14698:1
NC_051996.1	tRNA	trnA(tgc)	tRNA-Ala	14699-14762:1
NC_051996.1	tRNA	trnL2(taa)	tRNA-Leu	14761-14823:1
NC_051996.1	CDS	ND1	NADH dehydrogenase subunit 1	14823-15748:1
NC_051996.1	tRNA	trnI(gat)	tRNA-Ile	15748-15812:1
NC_051996.1	tRNA	trnK(ttt)	tRNA-Lys	15812-15875:1
NC_051996.1	CDS	ND3	NADH dehydrogenase subunit 3	15875-16220:1
NC_051996.1	tRNA	trnS1(tct)	tRNA-Ser	16220-16286:1
NC_051996.1	CDS	ND2	NADH dehydrogenase subunit 2	16286-17270:1
NC_051996.1	tRNA	trnC(gca)	tRNA-Cys	17270-17330:1
NC_051996.1	tRNA	trnC(gca)	tRNA-Cys	17407-17468:1
NC_052721.1	CDS	ND4L	NADH dehydrogenase subunit 4L	0-11:-1,15132-15415:-1
NC_052721.1	tRNA	trnT(ugu)	tRNA-Thr	14-79:-1
NC_052721.1	tRNA	trnP(ugg)	tRNA-Pro	79-142:-1
NC_052721.1	CDS	ND6	NADH dehydrogenase subunit 6	142-614:-1
NC_052721.1	tRNA	trnQ(uug)	tRNA-Gln	614-683:-1
NC_052721.1	CDS	COX3	cytochrome c oxidase subunit III	685-1465:-1
NC_052721.1	tRNA	trnG(ucc)	tRNA-Gly	1465-1532:-1
NC_052721.1	tRNA	trnY(gua)	tRNA-Tyr	1532-1595:-1
NC_052721.1	CDS	ATP8	ATP synthase F0 subunit 8	1593-1761:-1
NC_052721.1	tRNA	trnD(guc)	tRNA-Asp	1761-1825:-1
NC_052721.1	CDS	COX2	cytochrome c oxidase subunit II	1825-2510:-1
NC_052721.1	tRNA	trnN(guu)	tRNA-Asn	2510-2575:-1
NC_052721.1	CDS	COX1	cytochrome c oxidase subunit I	2575-4136:-1
NC_052721.1	CDS	ND2	NADH dehydrogenase subunit 2	4136-5139:-1
NC_052721.1	tRNA	trnS(ucu)	tRNA-Ser	5139-5207:-1
NC_052721.1	CDS	ND3	NADH dehydrogenase subunit 3	5206-5560:-1
NC_052721.1	tRNA	trnK(uuu)	tRNA-Lys	5560-5623:-1
NC_052721.1	tRNA	trnI(gau)	tRNA-Ile	5623-5687:-1
NC_052721.1	tRNA	trnF(gaa)	tRNA-Phe	5687-5752:-1
NC_052721.1	CDS	ND5	NADH dehydrogenase subunit 5	5752-7388:-1
NC_052721.1	tRNA	trnH(gug)	tRNA-His	7463-7526:-1
NC_052721.1	tRNA	trnR(ucg)	tRNA-Arg	7526-7591:-1
NC_052721.1	CDS	ATP6	ATP synthase F0 subunit 6	7591-8294:-1
NC_052721.1	tRNA	trnW(uca)	tRNA-Trp	8294-8356:-1
NC_052721.1	CDS	CYTB	cytochrome b	8354-9494:-1
NC_052721.1	tRNA	trnE(uuc)	tRNA-Glu	10281-10345:-1
NC_052721.1	CDS	ND1	NADH dehydrogenase subunit 1	10344-11274:-1
NC_052721.1	tRNA	trnL(uaa)	tRNA-Leu	11274-11337:-1
NC_052721.1	tRNA	trnS(uga)	tRNA-Ser	11337-11404:-1
NC_052721.1	tRNA	trnA(ugc)	tRNA-Ala	11404-11467:-1
NC_052721.1	tRNA	trnL(uag)	tRNA-Leu	11467-11532:-1
NC_052721.1	rRNA		16S ribosomal RNA	11532-12804:-1
NC_052721.1	tRNA	trnV(uac)	tRNA-Val	12769-12838:-1
NC_052721.1	rRNA		12S ribosomal RNA	12838-13654:-1
NC_052721.1	tRNA	trnM(cau)	tRNA-Met	13653-13718:-1
NC_052721.1	tRNA	trnC(gca)	tRNA-Cys	13719-13782:-1
NC_052721.1	CDS	ND4	NADH dehydrogenase subunit 4	13782-15139:-1
NC_052845.1	CDS	COX1	cytochrome c oxidase subunit I	0-1534:1
NC_052845.1	tRNA	trnN(aac)	tRNA-Asn	1534-1598:1
NC_052845.1	CDS	COX2	cytochrome c oxidase subunit II	1598-2291:1
NC_052845.1	tRNA	trnG(gga)	tRNA-Gly	2352-2415:1
NC_052845.1	tRNA	trnY(tac)	tRNA-Tyr	3870-3935:1
NC_052845.1	CDS	ATP8	ATP synthase F0 subunit 8	3994-4159:1
NC_052845.1	tRNA	trnM(atg)	tRNA-Met	4159-4219:1
NC_052845.1	tRNA	trnD(gac)	tRNA-Asp	4222-4286:1
NC_052845.1	CDS	COX3	cytochrome c oxidase subunit III	4313-5096:1
NC_052845.1	tRNA	trnQ(caa)	tRNA-Gln	5096-5154:1
NC_052845.1	CDS	ND6	NADH dehydrogenase subunit 6	5163-5628:1
NC_052845.1	CDS	CYTB	cytochrome b	5620-6760:1
NC_052845.1	tRNA	trnW(tga)	tRNA-Trp	6760-6822:1
NC_052845.1	CDS	ATP6	ATP synthase F0 subunit 6	6822-7518:1
NC_052845.1	tRNA	trnR(cga)	tRNA-Arg	7531-7584:1
NC_052845.1	tRNA	trnH(cac)	tRNA-His	7584-7647:1
NC_052845.1	CDS	ND5	NADH dehydrogenase subunit 5	7647-9328:1
NC_052845.1	tRNA	trnF(ttc)	tRNA-Phe	9328-9390:1
NC_052845.1	tRNA	trnE(gaa)	tRNA-Glu	9392-9456:1
NC_052845.1	tRNA	trnP(cca)	tRNA-Pro	9456-9521:1
NC_052845.1	tRNA	trnT(aca)	tRNA-Thr	9524-9591:1
NC_052845.1	CDS	ND4L	NADH dehydrogenase subunit 4L	9591-9879:1
NC_052845.1	CDS	ND4	NADH dehydrogenase subunit 4	9872-11201:1
NC_052845.1	rRNA		12S ribosomal RNA	11201-12005:1
NC_052845.1	tRNA	trnV(gta)	tRNA-Val	12005-12069:1
NC_052845.1	rRNA		16S ribosomal RNA	12072-13265:1
NC_052845.1	tRNA	trnL1(cta)	tRNA-Leu	13265-13327:1
NC_052845.1	tRNA	trnS2(tca)	tRNA-Ser	13326-13386:1
NC_052845.1	tRNA	trnA(gca)	tRNA-Ala	13386-13449:1
NC_052845.1	tRNA	trnL2(tta)	tRNA-Leu	13449-13512:1
NC_052845.1	CDS	ND1	NADH dehydrogenase subunit 1	13512-14437:1
NC_052845.1	tRNA	trnI(atc)	tRNA-Ile	14437-14502:1
NC_052845.1	tRNA	trnK(aaa)	tRNA-Lys	14502-14565:1
NC_052845.1	CDS	ND3	NADH dehydrogenase subunit 3	14565-14910:1
NC_052845.1	tRNA	trnS1(aga)	tRNA-Ser	14910-14976:1
NC_052845.1	CDS	ND2	NADH dehydrogenase subunit 2	14976-15969:1
NC_052845.1	tRNA	trnC(tgc)	tRNA-Cys	15973-16036:1
NC_053360.1	CDS	COX1	cytochrome c oxidase subunit I	0-1534:1
NC_053360.1	tRNA	trnN(gtt)	tRNA-Asn	1534-1600:1
NC_053360.1	CDS	COX2	cytochrome c oxidase subunit II	1600-2290:1
NC_053360.1	tRNA	trnG(tcc)	tRNA-Gly	2352-2418:1
NC_053360.1	tRNA	trnY(gta)	tRNA-Tyr	3558-3621:1
NC_053360.1	CDS	ATP8	ATP synthase F0 subunit 8	3688-3847:1
NC_053360.1	tRNA	trnM(cat)	tRNA-Met	3842-3909:1
NC_053360.1	tRNA	trnD(gtc)	tRNA-Asp	3924-3988:1
NC_053360.1	CDS	COX3	cytochrome c oxidase subunit III	4028-4806:1
NC_053360.1	tRNA	trnQ(ttg)	tRNA-Gln	4806-4869:1
NC_053360.1	CDS	ND6	NADH dehydrogenase subunit 6	4878-5335:1
NC_053360.1	CDS	CYTB	cytochrome b	5335-6478:1
NC_053360.1	tRNA	trnW(tca)	tRNA-Trp	6484-6549:1
NC_053360.1	CDS	ATP6	ATP synthase F0 subunit 6	6549-7242:1
NC_053360.1	tRNA	trnR(ucg)	tRNA-Arg	7247-7300:1
NC_053360.1	tRNA	trnH(gtg)	tRNA-His	7299-7361:1
NC_053360.1	CDS	ND5	NADH dehydrogenase subunit 5	7361-9048:1
NC_053360.1	tRNA	trnF(gaa)	tRNA-Phe	9048-9111:1
NC_053360.1	tRNA	trnE(ttc)	tRNA-Glu	9111-9174:1
NC_053360.1	tRNA	trnP(tgg)	tRNA-Pro	9172-9233:1
NC_053360.1	tRNA	trnT(tgt)	tRNA-Thr	9245-9313:1
NC_053360.1	CDS	ND4L	NADH dehydrogenase subunit 4L	9313-9601:1
NC_053360.1	CDS	ND4	NADH dehydrogenase subunit 4	9594-10926:1
NC_053360.1	rRNA	rrn12	12S ribosomal RNA	10935-11731:1
NC_053360.1	tRNA	trnV(tac)	tRNA-Val	11731-11797:1
NC_053360.1	rRNA	rrn16	16S ribosomal RNA	11797-13000:1
NC_053360.1	tRNA	trnL1(tag)	tRNA-Leu	12992-13055:1
NC_053360.1	tRNA	trnS2(tga)	tRNA-Ser	13062-13119:1
NC_053360.1	tRNA	trnA(tgc)	tRNA-Ala	13120-13185:1
NC_053360.1	tRNA	trnL2(taa)	tRNA-Leu	13184-13245:1
NC_053360.1	CDS	ND1	NADH dehydrogenase subunit 1	13245-14164:1
NC_053360.1	tRNA	trnI(gat)	tRNA-Ile	14164-14228:1
NC_053360.1	tRNA	trnK(ttt)	tRNA-Lys	14228-14292:1
NC_053360.1	CDS	ND3	NADH dehydrogenase subunit 3	14295-14637:1
NC_053360.1	tRNA	trnS(tct)	tRNA-Ser	14635-14703:1
NC_053360.1	CDS	ND2	NADH dehydrogenase subunit 2	14703-15687:1
NC_053360.1	tRNA	trnC(gca)	tRNA-Cys	15693-15755:1
NC_056279.1	CDS	COX1	cytochrome c oxidase subunit I	15-1551:1
NC_056279.1	CDS	COX2	cytochrome c oxidase subunit II	1550-2228:1
NC_056279.1	CDS	ATP8	ATP synthase F0 subunit 8	2231-2390:1
NC_056279.1	tRNA	trnK(ttt)	tRNA-Lys	2398-2461:1
NC_056279.1	CDS	COX3	cytochrome c oxidase subunit III	2511-3294:1
NC_056279.1	tRNA	trnD(gtc)	tRNA-Asp	3292-3353:1
NC_056279.1	tRNA	trnE(ttc)	tRNA-Glu	3363-3430:1
NC_056279.1	tRNA	trnW(tca)	tRNA-Trp	3460-3521:1
NC_056279.1	tRNA	trnV(tac)	tRNA-Val	3544-3606:1
NC_056279.1	tRNA	trnI(gat)	tRNA-Ile	3641-3706:-1
NC_056279.1	tRNA	trnF(gaa)	tRNA-Phe	3716-3778:-1
NC_056279.1	tRNA	trnH(gtg)	tRNA-His	3783-3845:-1
NC_056279.1	tRNA	trnR(tcg)	tRNA-Arg	3844-3908:-1
NC_056279.1	CDS	ND6	NADH dehydrogenase subunit 6	3898-4375:-1
NC_056279.1	tRNA	trnS1(tct)	tRNA-Ser	4451-4507:-1
NC_056279.1	CDS	ND4	NADH dehydrogenase subunit 4	4507-5834:-1
NC_056279.1	tRNA	trnP(tgg)	tRNA-Pro	5900-5963:1
NC_056279.1	tRNA	trnG(tcc)	tRNA-Gly	5976-6036:-1
NC_056279.1	tRNA	trnQ(ttg)	tRNA-Gln	6107-6160:1
NC_056279.1	tRNA	trnA(tgc)	tRNA-Ala	6165-6227:1
NC_056279.1	tRNA	trnY(gta)	tRNA-Tyr	6231-6293:1
NC_056279.1	tRNA	trnM(cat)	tRNA-Met	6291-6355:1
NC_056279.1	tRNA	trnL1(tag)	tRNA-Leu	6364-6426:1
NC_056279.1	tRNA	trnN(gtt)	tRNA-Asn	6424-6485:1
NC_056279.1	tRNA	trnT(tgt)	tRNA-Thr	6483-6544:1
NC_056279.1	CDS	ND4L	NADH dehydrogenase subunit 4L	6561-6852:-1
NC_056279.1	CDS	ND5	NADH dehydrogenase subunit 5	6989-8690:-1
NC_056279.1	CDS	ATP6	ATP synthase F0 subunit 6	8736-9432:-1
NC_056279.1	tRNA	trnS2(tga)	tRNA-Ser	9432-9486:-1
NC_056279.1	CDS	ND3	NADH dehydrogenase subunit 3	9526-9872:1
NC_056279.1	tRNA	trnL2(taa)	tRNA-Leu	9884-9945:-1
NC_056279.1	CDS	CYTB	cytochrome b	9945-11083:-1
NC_056279.1	tRNA	trnC(gca)	tRNA-Cys	11096-11157:-1
NC_056279.1	CDS	ND2	NADH dehydrogenase subunit 2	11155-12166:-1
NC_056279.1	CDS	ND1	NADH dehydrogenase subunit 1	12183-13108:-1
NC_056279.1	rRNA		16S ribosomal RNA	13576-14580:-1
NC_056279.1	rRNA		12S ribosomal RNA	14680-15490:-1
NC_057074.1	tRNA	trnY(gta)	tRNA-Tyr	858-923:1
NC_057074.1	CDS	ATP8	ATP synthase F0 subunit 8	998-1163:1
NC_057074.1	tRNA	trnM(cat)	tRNA-Met	1158-1221:1
NC_057074.1	tRNA	trnD(gtc)	tRNA-Asp	1220-1283:1
NC_057074.1	CDS	COX3	cytochrome c oxidase subunit III	1314-2092:1
NC_057074.1	tRNA	trnQ(ttg)	tRNA-Gln	2092-2156:1
NC_057074.1	CDS	ND6	NADH dehydrogenase subunit 6	2165-2630:1
NC_057074.1	CDS	CYTB	cytochrome b	2622-3759:1
NC_057074.1	tRNA	trnW(tca)	tRNA-Trp	3757-3820:1
NC_057074.1	CDS	ATP6	ATP synthase F0 subunit 6	3820-4516:1
NC_057074.1	tRNA	trnR(tcg)	tRNA-Arg	4524-4582:1
NC_057074.1	tRNA	trnH(gtg)	tRNA-His	4580-4643:1
NC_057074.1	CDS	ND5	NADH dehydrogenase subunit 5	4643-6324:1
NC_057074.1	tRNA	trnF(gaa)	tRNA-Phe	6324-6389:1
NC_057074.1	tRNA	trnE(ttc)	tRNA-Glu	6397-6461:1
NC_057074.1	tRNA	trnP(tgg)	tRNA-Pro	6459-6523:1
NC_057074.1	tRNA	trnT(tgt)	tRNA-Thr	6525-6591:1
NC_057074.1	CDS	ND4L	NADH dehydrogenase subunit 4L	6591-6879:1
NC_057074.1	CDS	ND4	NADH dehydrogenase subunit 4	6872-8201:1
NC_057074.1	rRNA		12S ribosomal RNA	8209-9011:1
NC_057074.1	tRNA	trnV(tac)	tRNA-Val	9011-9076:1
NC_057074.1	rRNA		16S ribosomal RNA	9076-10275:1
NC_057074.1	tRNA	trnL1(tag)	tRNA-Leu	10275-10338:1
NC_057074.1	tRNA	trnS2(tga)	tRNA-Ser	10357-10416:1
NC_057074.1	tRNA	trnA(tgc)	tRNA-Ala	10422-10485:1
NC_057074.1	tRNA	trnL2(taa)	tRNA-Leu	10485-10547:1
NC_057074.1	CDS	ND1	NADH dehydrogenase subunit 1	10547-11472:1
NC_057074.1	tRNA	trnI(gat)	tRNA-Ile	11472-11537:1
NC_057074.1	tRNA	trnK(ttt)	tRNA-Lys	11538-11604:1
NC_057074.1	CDS	ND3	NADH dehydrogenase subunit 3	11604-11949:1
NC_057074.1	tRNA	trnS1(tct)	tRNA-Ser	11947-12015:1
NC_057074.1	CDS	ND2	NADH dehydrogenase subunit 2	12015-13005:1
NC_057074.1	tRNA	trnC(gca)	tRNA-Cys	13008-13070:1
NC_057074.1	CDS	COX1	cytochrome c oxidase subunit I	13071-14606:1
NC_057074.1	tRNA	trnN(gtt)	tRNA-Asn	14606-14671:1
NC_057074.1	CDS	COX2	cytochrome c oxidase subunit II	14671-15364:1
NC_057074.1	tRNA	trnG(tcc)	tRNA-Gly	15429-15482:1
NC_058234.1	tRNA	trnW(tca)	tRNA-Trp	160-221:1
NC_058234.1	CDS	ATP6	ATP synthase F0 subunit 6	268-964:1
NC_058234.1	tRNA	trnH(gtg)	tRNA-His	971-1032:1
NC_058234.1	CDS	ND5	NADH dehydrogenase subunit 5	1032-2728:1
NC_058234.1	tRNA	trnF(gaa)	tRNA-Phe	2728-2789:1
NC_058234.1	tRNA	trnE(ttc)	tRNA-Glu	2789-2850:1
NC_058234.1	tRNA	trnP(tgg)	tRNA-Pro	2847-2916:1
NC_058234.1	tRNA	trnT(tgt)	tRNA-Thr	2915-2974:1
NC_058234.1	CDS	ND4L	NADH dehydrogenase subunit 4L	2974-3271:1
NC_058234.1	CDS	ND4	NADH dehydrogenase subunit 4	3264-4602:1
NC_058234.1	tRNA	trnM(cat)	tRNA-Met	4689-4752:1
NC_058234.1	rRNA		12S ribosomal RNA	4752-5442:1
NC_058234.1	tRNA	trnV(tac)	tRNA-Val	5442-5508:1
NC_058234.1	rRNA		16S ribosomal RNA	5508-6671:1
NC_058234.1	tRNA	trnL1(tag)	tRNA-Leu	6671-6733:1
NC_058234.1	tRNA	trnA(tgc)	tRNA-Ala	6736-6794:1
NC_058234.1	tRNA	trnS2(tga)	tRNA-Ser	6793-6852:1
NC_058234.1	tRNA	trnL2(taa)	tRNA-Leu	6851-6913:1
NC_058234.1	CDS	ND1	NADH dehydrogenase subunit 1	6913-7831:1
NC_058234.1	tRNA	trnK(ttt)	tRNA-Lys	7830-7893:1
NC_058234.1	tRNA	trnI(gat)	tRNA-Ile	7893-7960:1
NC_058234.1	CDS	ND3	NADH dehydrogenase subunit 3	7960-8308:1
NC_058234.1	tRNA	trnC(gca)	tRNA-Cys	8306-8367:1
NC_058234.1	tRNA	trnS1(tct)	tRNA-Ser	8368-8426:1
NC_058234.1	CDS	ND2	NADH dehydrogenase subunit 2	8425-9407:1
NC_058234.1	CDS	COX1	cytochrome c oxidase subunit I	9407-10941:1
NC_058234.1	tRNA	trnN(gtt)	tRNA-Asn	10941-11004:1
NC_058234.1	CDS	COX2	cytochrome c oxidase subunit II	11004-11677:1
NC_058234.1	tRNA	trnD(gtc)	tRNA-Asp	11677-11738:1
NC_058234.1	CDS	ATP8	ATP synthase F0 subunit 8	11738-11889:1
NC_058234.1	tRNA	trnG(tcc)	tRNA-Gly	11889-11947:1
NC_058234.1	tRNA	trnY(gta)	tRNA-Tyr	11946-12010:1
NC_058234.1	CDS	COX3	cytochrome c oxidase subunit III	12010-12788:1
NC_058234.1	tRNA	trnQ(ttg)	tRNA-Gln	12788-12854:1
NC_058234.1	CDS	ND6	NADH dehydrogenase subunit 6	12854-13314:1
NC_058234.1	CDS	CYTB	cytochrome b	13314-14445:1
NC_058234.1	tRNA	trnR(tcg)	tRNA-Arg	14462-14523:1
NC_058285.1	CDS	COX1	cytochrome c oxidase subunit I	0-1540:1
NC_058285.1	tRNA		tRNA-Asn	1540-1606:1
NC_058285.1	CDS	COX2	cytochrome c oxidase subunit II	1607-2291:1
NC_058285.1	tRNA		tRNA-Asp	2295-2361:1
NC_058285.1	CDS	ATP8	ATP synthase F0 subunit 8	2362-2519:1
NC_058285.1	tRNA		tRNA-Tyr	2519-2585:1
NC_058285.1	tRNA		tRNA-Gly	2583-2649:1
NC_058285.1	CDS	COX3	cytochrome c oxidase subunit III	2650-3428:1
NC_058285.1	tRNA		tRNA-Gln	3428-3498:1
NC_058285.1	CDS	ND6	NADH dehydrogenase subunit 6	3498-3964:1
NC_058285.1	CDS	CYTB	cytochrome b	3964-5104:1
NC_058285.1	tRNA		tRNA-Trp	5102-5167:1
NC_058285.1	CDS	ATP6	ATP synthase F0 subunit 6	5168-5864:1
NC_058285.1	tRNA		tRNA-Arg	5862-5924:1
NC_058285.1	tRNA		tRNA-His	5924-5992:1
NC_058285.1	CDS	ND5	NADH dehydrogenase subunit 5	5992-7714:1
NC_058285.1	tRNA		tRNA-Phe	7715-7781:1
NC_058285.1	tRNA		tRNA-Glu	7781-7847:1
NC_058285.1	tRNA		tRNA-Pro	7848-7912:1
NC_058285.1	tRNA		tRNA-Thr	7923-7990:1
NC_058285.1	CDS	ND4L	NADH dehydrogenase subunit 4L	7990-8287:1
NC_058285.1	CDS	ND4	NADH dehydrogenase subunit 4	8280-9640:1
NC_058285.1	tRNA		tRNA-Cys	9640-9708:1
NC_058285.1	tRNA		tRNA-Met	9708-9772:1
NC_058285.1	rRNA		12S ribosomal RNA	9772-10560:1
NC_058285.1	tRNA		tRNA-Val	10560-10624:1
NC_058285.1	rRNA		16S ribosomal RNA	10622-11863:1
NC_058285.1	tRNA		tRNA-Leu	11865-11928:1
NC_058285.1	tRNA		tRNA-Ala	11933-11995:1
NC_058285.1	tRNA		tRNA-Ser	11993-12060:1
NC_058285.1	tRNA		tRNA-Leu	12060-12124:1
NC_058285.1	CDS	ND1	NADH dehydrogenase subunit 1	12124-13049:1
NC_058285.1	tRNA		tRNA-Ile	13049-13113:1
NC_058285.1	tRNA		tRNA-Lys	13118-13185:1
NC_058285.1	CDS	ND3	NADH dehydrogenase subunit 3	13185-13539:1
NC_058285.1	tRNA		tRNA-Ser	13563-13627:1
NC_058285.1	CDS	ND2	NADH dehydrogenase subunit 2	13627-14641:1
NC_058588.1	tRNA	trnH(gug)	tRNA-His	457-517:1
NC_058588.1	CDS	ND5	NADH dehydrogenase subunit 5	519-2236:1
NC_058588.1	tRNA	trnF(gaa)	tRNA-Phe	2236-2298:1
NC_058588.1	tRNA	trnE(uuc)	tRNA-Glu	2297-2360:1
NC_058588.1	tRNA	trnP(ugg)	tRNA-Pro	2359-2422:1
NC_058588.1	tRNA	trnT(ugu)	tRNA-Thr	2421-2482:1
NC_058588.1	CDS	ND4L	NADH dehydrogenase subunit 4L	2485-2779:1
NC_058588.1	CDS	ND4	NADH dehydrogenase subunit 4	2772-4107:1
NC_058588.1	tRNA	trnC(gca)	tRNA-Cys	4152-4212:1
NC_058588.1	tRNA	trnM(cau)	tRNA-Met	4213-4277:1
NC_058588.1	rRNA		12S ribosomal RNA	4275-5025:1
NC_058588.1	tRNA	trnV(uac)	tRNA-Val	5025-5078:1
NC_058588.1	rRNA		16S ribosomal RNA	5078-6269:1
NC_058588.1	tRNA	trnL(uag)	tRNA-Leu	6275-6339:1
NC_058588.1	tRNA	trnA(ugc)	tRNA-Ala	6339-6400:1
NC_058588.1	tRNA	trnS(uga)	tRNA-Ser	6399-6466:1
NC_058588.1	CDS	ND1	NADH dehydrogenase subunit 1	6466-7406:1
NC_058588.1	tRNA	trnK(uuu)	tRNA-Lys	7406-7469:1
NC_058588.1	tRNA	trnI(gau)	tRNA-Ile	7469-7531:1
NC_058588.1	CDS	ND3	NADH dehydrogenase subunit 3	7533-7887:1
NC_058588.1	tRNA	trnS(ucu)	tRNA-Ser	7886-7953:1
NC_058588.1	CDS	ND2	NADH dehydrogenase subunit 2	7954-8963:1
NC_058588.1	CDS	COX1	cytochrome c oxidase subunit I	8963-10523:1
NC_058588.1	tRNA	trnN(guu)	tRNA-Asn	10521-10584:1
NC_058588.1	CDS	COX2	cytochrome c oxidase subunit II	10584-11271:1
NC_058588.1	tRNA	trnD(guc)	tRNA-Asp	11276-11339:1
NC_058588.1	CDS	ATP8	ATP synthase F0 subunit 8	11367-11521:1
NC_058588.1	tRNA	trnL(uaa)	tRNA-Leu	11521-11585:1
NC_058588.1	tRNA	trnG(ucc)	tRNA-Gly	11585-11648:1
NC_058588.1	tRNA	trnY(gua)	tRNA-Tyr	11646-11709:1
NC_058588.1	CDS	COX3	cytochrome c oxidase subunit III	11719-12499:1
NC_058588.1	tRNA	trnQ(uug)	tRNA-Gln	12528-12596:1
NC_058588.1	CDS	ND6	NADH dehydrogenase subunit 6	12605-13065:1
NC_058588.1	CDS	CYTB	cytochrome b	13065-14205:1
NC_058588.1	tRNA	trnW(uca)	tRNA-Trp	14203-14265:1
NC_058588.1	CDS	ATP6	ATP synthase F0 subunit 6	14276-14972:1
NC_058588.1	tRNA	trnR(ucg)	tRNA-Arg	14970-15023:1
NC_059817.1	CDS	COX1	cytochrome c oxidase subunit I	0-1540:1
NC_059817.1	tRNA	trnN(gtt)	tRNA-Asn	1540-1606:1
NC_059817.1	CDS	COX2	cytochrome c oxidase subunit II	1606-2296:1
NC_059817.1	tRNA	trnD(gtc)	tRNA-Asp	2301-2370:1
NC_059817.1	CDS	ATP8	ATP synthase F0 subunit 8	2371-2536:1
NC_059817.1	tRNA	trnY(gta)	tRNA-Tyr	2535-2601:1
NC_059817.1	tRNA	trnG(tcc)	tRNA-Gly	2600-2667:1
NC_059817.1	CDS	COX3	cytochrome c oxidase subunit III	2667-3447:1
NC_059817.1	tRNA	trnQ(ttg)	tRNA-Gln	3453-3521:1
NC_059817.1	CDS	ND6	NADH dehydrogenase subunit 6	3521-4001:1
NC_059817.1	CDS	CYTB	cytochrome b	4014-5163:1
NC_059817.1	tRNA	trnW(tca)	tRNA-Trp	5161-5228:1
NC_059817.1	CDS	ATP6	ATP synthase F0 subunit 6	5228-5927:1
NC_059817.1	tRNA	trnR(tcg)	tRNA-Arg	5934-6004:1
NC_059817.1	tRNA	trnH(gtg)	tRNA-His	6745-6812:1
NC_059817.1	CDS	ND5	NADH dehydrogenase subunit 5	6813-8550:1
NC_059817.1	tRNA	trnF(gaa)	tRNA-Phe	8555-8623:1
NC_059817.1	tRNA	trnE(ttc)	tRNA-Glu	8628-8696:1
NC_059817.1	tRNA	trnP(tgg)	tRNA-Pro	8696-8764:1
NC_059817.1	tRNA	trnT(tgt)	tRNA-Thr	8766-8831:1
NC_059817.1	CDS	ND4L	NADH dehydrogenase subunit 4L	8832-9123:1
NC_059817.1	CDS	ND4	NADH dehydrogenase subunit 4	9116-10481:1
NC_059817.1	tRNA	trnC(gca)	tRNA-Cys	10492-10561:1
NC_059817.1	tRNA	trnM(cat)	tRNA-Met	10563-10629:1
NC_059817.1	rRNA		12S ribosomal RNA	10627-11495:1
NC_059817.1	tRNA	trnV(tac)	tRNA-Val	11492-11561:1
NC_059817.1	rRNA		16S ribosomal RNA	11544-12932:1
NC_059817.1	tRNA	trnL1(tag)	tRNA-Leu	12925-12989:1
NC_059817.1	tRNA	trnA(tgc)	tRNA-Ala	12990-13055:1
NC_059817.1	tRNA	trnS2(tga)	tRNA-Ser	13056-13124:1
NC_059817.1	tRNA	trnL2(taa)	tRNA-Leu	13124-13189:1
NC_059817.1	CDS	ND1	NADH dehydrogenase subunit 1	13189-14120:1
NC_059817.1	tRNA	trnI(gat)	tRNA-Ile	14120-14188:1
NC_059817.1	tRNA	trnK(ttt)	tRNA-Lys	14192-14259:1
NC_059817.1	CDS	ND3	NADH dehydrogenase subunit 3	14260-14614:1
NC_059817.1	tRNA	trnS1(tct)	tRNA-Ser	14619-14690:1
NC_059817.1	CDS	ND2	NADH dehydrogenase subunit 2	14690-15695:1
NC_060488.1	CDS	COX1	cytochrome c oxidase subunit I	0-1542:1
NC_060488.1	tRNA		tRNA-Asn	1547-1609:1
NC_060488.1	CDS	COX2	cytochrome c oxidase subunit II	1610-2297:1
NC_060488.1	tRNA		tRNA-Asp	2297-2359:1
NC_060488.1	CDS	ATP8	ATP synthase F0 subunit 8	2359-2519:1
NC_060488.1	tRNA		tRNA-Tyr	2519-2582:1
NC_060488.1	tRNA		tRNA-Gly	2580-2645:1
NC_060488.1	CDS	COX3	cytochrome c oxidase subunit III	2644-3422:1
NC_060488.1	tRNA		tRNA-Gln	3422-3491:1
NC_060488.1	CDS	ND6	NADH dehydrogenase subunit 6	3491-3957:1
NC_060488.1	CDS	CYTB	cytochrome b	3957-5097:1
NC_060488.1	tRNA		tRNA-Trp	5095-5157:1
NC_060488.1	CDS	ATP6	ATP synthase F0 subunit 6	5159-5855:1
NC_060488.1	tRNA		tRNA-Arg	5855-5915:1
NC_060488.1	tRNA		tRNA-His	6510-6573:1
NC_060488.1	CDS	ND5	NADH dehydrogenase subunit 5	6573-8295:1
NC_060488.1	tRNA		tRNA-Phe	8295-8357:1
NC_060488.1	tRNA		tRNA-Glu	8357-8420:1
NC_060488.1	tRNA		tRNA-Pro	8418-8482:1
NC_060488.1	tRNA		tRNA-Thr	8482-8547:1
NC_060488.1	CDS	ND4L	NADH dehydrogenase subunit 4L	8547-8844:1
NC_060488.1	CDS	ND4	NADH dehydrogenase subunit 4	8837-10194:1
NC_060488.1	tRNA		tRNA-Cys	10194-10258:1
NC_060488.1	tRNA		tRNA-Met	10261-10325:1
NC_060488.1	rRNA		12S ribosomal RNA	10325-11124:1
NC_060488.1	tRNA		tRNA-Val	11124-11187:1
NC_060488.1	rRNA		16S ribosomal RNA	11187-12440:1
NC_060488.1	tRNA		tRNA-Leu	12441-12502:1
NC_060488.1	tRNA		tRNA-Ala	12503-12564:1
NC_060488.1	tRNA		tRNA-Ser	12562-12628:1
NC_060488.1	tRNA		tRNA-Leu	12628-12690:1
NC_060488.1	CDS	ND1	NADH dehydrogenase subunit 1	12691-13616:1
NC_060488.1	tRNA		tRNA-Ile	13616-13679:1
NC_060488.1	tRNA		tRNA-Lys	13679-13743:1
NC_060488.1	CDS	ND3	NADH dehydrogenase subunit 3	13743-14097:1
NC_060488.1	tRNA		tRNA-Ser	14098-14162:1
NC_060488.1	CDS	ND2	NADH dehydrogenase subunit 2	14162-15170:1
NC_060759.1	CDS	COX1	cytochrome c oxidase subunit I	0-1532:1
NC_060759.1	CDS	COX2	cytochrome c oxidase subunit II	1595-2280:1
NC_060759.1	tRNA		tRNA-Asp	2280-2346:1
NC_060759.1	CDS	ATP8	ATP synthase F0 subunit 8	2346-2508:1
NC_060759.1	tRNA		tRNA-Tyr	2508-2571:1
NC_060759.1	CDS	COX3	cytochrome c oxidase subunit III	2571-3351:1
NC_060759.1	tRNA		tRNA-Gln	3356-3426:1
NC_060759.1	CDS	ND6	NADH dehydrogenase subunit 6	3450-3920:1
NC_060759.1	CDS	CYTB	cytochrome b	3919-5056:1
NC_060759.1	tRNA		tRNA-Trp	5053-5117:1
NC_060759.1	CDS	ATP6	ATP synthase F0 subunit 6	5116-5815:1
NC_060759.1	tRNA		tRNA-Ser	5826-5887:1
NC_060759.1	tRNA		tRNA-His	5888-5952:1
NC_060759.1	CDS	ND5	NADH dehydrogenase subunit 5	5955-7669:1
NC_060759.1	tRNA		tRNA-Phe	7668-7731:1
NC_060759.1	tRNA		tRNA-Glu	7755-7819:1
NC_060759.1	tRNA		tRNA-Pro	8215-8279:1
NC_060759.1	tRNA		tRNA-Thr	8407-8467:1
NC_060759.1	CDS	ND4L	NADH dehydrogenase subunit 4L	8467-8764:1
NC_060759.1	CDS	ND4	NADH dehydrogenase subunit 4	8757-10107:1
NC_060759.1	tRNA		tRNA-Cys	10105-10169:1
NC_060759.1	tRNA		tRNA-Met	10170-10232:1
NC_060759.1	rRNA		12S ribosomal RNA	10232-11006:1
NC_060759.1	tRNA		tRNA-Val	11006-11063:1
NC_060759.1	rRNA		16S ribosomal RNA	11063-12279:1
NC_060759.1	tRNA		tRNA-Leu	12279-12343:1
NC_060759.1	tRNA		tRNA-Ala	12345-12407:1
NC_060759.1	tRNA		tRNA-Ser	12407-12473:1
NC_060759.1	CDS	ND1	NADH dehydrogenase subunit 1	12472-13402:1
NC_060759.1	tRNA		tRNA-Ile	13401-13467:1
NC_060759.1	tRNA		tRNA-Lys	13465-13531:1
NC_060759.1	tRNA		tRNA-Arg	13532-13603:1
NC_060759.1	CDS	ND2	NADH dehydrogenase subunit 2	13601-14603:1
NC_060759.1	tRNA		tRNA-Asn	14604-14669:1
NC_060759.1	tRNA		tRNA-Leu	15370-15435:1
NC_060759.1	tRNA		tRNA-Gly	15433-15495:1
NC_060759.1	CDS	ND3	NADH dehydrogenase subunit 3	15524-15878:1
NC_060814.1	tRNA		tRNA-Leu	645-705:1
NC_060814.1	tRNA		tRNA-Ser	711-767:1
NC_060814.1	tRNA		tRNA-Pro	768-828:1
NC_060814.1	tRNA		tRNA-Ala	828-889:1
NC_060814.1	CDS	ND1	NADH dehydrogenase subunit 1	889-1819:1
NC_060814.1	CDS	ND3	NADH dehydrogenase subunit 3	1832-2180:1
NC_060814.1	tRNA		tRNA-Ser	2195-2262:1
NC_060814.1	CDS	ND2	NADH dehydrogenase subunit 2	2262-3225:1
NC_060814.1	CDS	COX1	cytochrome c oxidase subunit I	3224-4764:1
NC_060814.1	tRNA		tRNA-Asn	4764-4827:1
NC_060814.1	CDS	COX2	cytochrome c oxidase subunit II	4827-5638:1
NC_060814.1	tRNA		tRNA-Asp	6105-6165:1
NC_060814.1	CDS	ATP8	ATP synthase F0 subunit 8	6165-6282:1
NC_060814.1	CDS	COX3	cytochrome c oxidase subunit III	6295-7076:1
NC_060814.1	tRNA		tRNA-Gln	7076-7137:1
NC_060814.1	CDS	ND6	NADH dehydrogenase subunit 6	7137-7605:1
NC_060814.1	tRNA		tRNA-Lys	7623-7683:1
NC_060814.1	CDS	CYTB	cytochrome b	7683-8832:1
NC_060814.1	tRNA		tRNA-Trp	8830-8891:1
NC_060814.1	CDS	ATP6	ATP synthase F0 subunit 6	8891-9582:1
NC_060814.1	tRNA		tRNA-Arg	9578-9630:1
NC_060814.1	tRNA		tRNA-His	9630-9688:1
NC_060814.1	CDS	ND5	NADH dehydrogenase subunit 5	9688-11404:1
NC_060814.1	tRNA		tRNA-Thr	11403-11462:1
NC_060814.1	tRNA		tRNA-Phe	11462-11524:1
NC_060814.1	tRNA		tRNA-Glu	11526-11587:1
NC_060814.1	CDS	ND4L	NADH dehydrogenase subunit 4L	11587-11866:1
NC_060814.1	CDS	ND4	NADH dehydrogenase subunit 4	11859-13168:1
NC_060814.1	tRNA		tRNA-Tyr	13168-13227:1
NC_060814.1	tRNA		tRNA-Cys	13225-13283:1
NC_060814.1	tRNA		tRNA-Gly	13327-13387:1
NC_060814.1	tRNA		tRNA-Leu	13387-13447:1
NC_060814.1	rRNA		12S ribosomal RNA	13445-14253:1
NC_060814.1	tRNA		tRNA-Val	14246-14306:1
NC_060814.1	rRNA		16S ribosomal RNA	14372-15321:1
NC_060814.1	tRNA		tRNA-Met	15339-15401:1
NC_060814.1	tRNA		tRNA-Ile	15401-15467:1
NC_060815.1	tRNA		tRNA-Leu	384-444:1
NC_060815.1	tRNA		tRNA-Ser	448-503:1
NC_060815.1	tRNA		tRNA-Pro	503-564:1
NC_060815.1	tRNA		tRNA-Ala	563-624:1
NC_060815.1	CDS	ND1	NADH dehydrogenase subunit 1	627-1554:1
NC_060815.1	CDS	ND3	NADH dehydrogenase subunit 3	1567-1915:1
NC_060815.1	tRNA		tRNA-Ser	1921-1988:1
NC_060815.1	CDS	ND2	NADH dehydrogenase subunit 2	1988-2951:1
NC_060815.1	CDS	COX1	cytochrome c oxidase subunit I	2950-4490:1
NC_060815.1	tRNA		tRNA-Asn	4490-4553:1
NC_060815.1	CDS	COX2	cytochrome c oxidase subunit II	4553-5364:1
NC_060815.1	tRNA		tRNA-Asp	5829-5889:1
NC_060815.1	CDS	ATP8	ATP synthase F0 subunit 8	5889-6015:1
NC_060815.1	CDS	COX3	cytochrome c oxidase subunit III	6019-6800:1
NC_060815.1	tRNA		tRNA-Gln	6800-6861:1
NC_060815.1	CDS	ND6	NADH dehydrogenase subunit 6	6861-7329:1
NC_060815.1	tRNA		tRNA-Lys	7347-7408:1
NC_060815.1	CDS	CYTB	cytochrome b	7408-8557:1
NC_060815.1	tRNA		tRNA-Trp	8555-8616:1
NC_060815.1	CDS	ATP6	ATP synthase F0 subunit 6	8616-9307:1
NC_060815.1	tRNA		tRNA-Arg	9309-9355:1
NC_060815.1	tRNA		tRNA-His	9355-9415:1
NC_060815.1	CDS	ND5	NADH dehydrogenase subunit 5	9415-11134:1
NC_060815.1	tRNA		tRNA-Thr	11133-11193:1
NC_060815.1	tRNA		tRNA-Phe	11193-11254:1
NC_060815.1	tRNA		tRNA-Glu	11255-11317:1
NC_060815.1	CDS	ND4L	NADH dehydrogenase subunit 4L	11317-11596:1
NC_060815.1	CDS	ND4	NADH dehydrogenase subunit 4	11589-12898:1
NC_060815.1	tRNA		tRNA-Tyr	12898-12958:1
NC_060815.1	tRNA		tRNA-Cys	12956-13015:1
NC_060815.1	tRNA		tRNA-Gly	13056-13118:1
NC_060815.1	tRNA		tRNA-Leu	13116-13178:1
NC_060815.1	rRNA		12S ribosomal RNA	13176-13976:1
NC_060815.1	tRNA		tRNA-Val	13968-14030:1
NC_060815.1	rRNA		16S ribosomal RNA	14097-15044:1
NC_060815.1	tRNA		tRNA-Met	15061-15124:1
NC_060815.1	tRNA		tRNA-Ile	15123-15187:1
NC_060816.1	CDS	ND2	NADH dehydrogenase subunit 2	16226-16295:1,0-937:1
NC_060816.1	CDS	COX1	cytochrome c oxidase subunit I	937-2480:1
NC_060816.1	tRNA		tRNA-Asn	2480-2548:1
NC_060816.1	CDS	COX2	cytochrome c oxidase subunit II	2554-3233:1
NC_060816.1	tRNA		tRNA-Asp	3233-3298:1
NC_060816.1	CDS	ATP8	ATP synthase F0 subunit 8	3299-3458:1
NC_060816.1	tRNA		tRNA-Tyr	3456-3522:1
NC_060816.1	CDS	COX3	cytochrome c oxidase subunit III	3523-4303:1
NC_060816.1	tRNA		tRNA-Gln	4360-4429:1
NC_060816.1	CDS	ND6	NADH dehydrogenase subunit 6	4430-4887:1
NC_060816.1	CDS	CYTB	cytochrome b	4887-6033:1
NC_060816.1	tRNA		tRNA-Trp	6031-6097:1
NC_060816.1	CDS	ATP6	ATP synthase F0 subunit 6	6097-6797:1
NC_060816.1	tRNA		tRNA-Arg	6797-6860:1
NC_060816.1	tRNA		tRNA-His	6865-6928:1
NC_060816.1	CDS	ND5	NADH dehydrogenase subunit 5	6928-8636:1
NC_060816.1	tRNA		tRNA-Phe	8636-8701:1
NC_060816.1	tRNA		tRNA-Glu	8703-8767:1
NC_060816.1	tRNA		tRNA-Pro	8771-8836:1
NC_060816.1	tRNA		tRNA-Thr	8836-8903:1
NC_060816.1	CDS	ND4L	NADH dehydrogenase subunit 4L	8903-9191:1
NC_060816.1	CDS	ND4	NADH dehydrogenase subunit 4	9184-10532:1
NC_060816.1	tRNA		tRNA-Cys	10532-10595:1
NC_060816.1	tRNA		tRNA-Gly	10827-10892:1
NC_060816.1	tRNA		tRNA-Met	10906-10970:1
NC_060816.1	rRNA		12S ribosomal RNA	10968-11825:1
NC_060816.1	tRNA		tRNA-Val	11817-11887:1
NC_060816.1	rRNA		16S ribosomal RNA	11982-13084:1
NC_060816.1	tRNA		tRNA-Leu	13154-13218:1
NC_060816.1	tRNA		tRNA-Ser	14512-14580:1
NC_060816.1	tRNA		tRNA-Ala	14584-14648:1
NC_060816.1	tRNA		tRNA-Leu	14675-14742:1
NC_060816.1	CDS	ND1	NADH dehydrogenase subunit 1	14742-15673:1
NC_060816.1	tRNA		tRNA-Ile	15673-15741:1
NC_060816.1	tRNA		tRNA-Lys	15741-15802:1
NC_060816.1	CDS	ND3	NADH dehydrogenase subunit 3	15802-16156:1
NC_060816.1	tRNA		tRNA-Ser	16157-16226:1
NC_061323.1	CDS	COX1	cytochrome c oxidase subunit I	0-1534:1
NC_061323.1	tRNA	trnN(aac)	tRNA-Asn	1534-1596:1
NC_061323.1	CDS	COX2	cytochrome c oxidase subunit II	1596-2280:1
NC_061323.1	tRNA	trnD(gac)	tRNA-Asp	2278-2341:1
NC_061323.1	CDS	ATP8	ATP synthase F0 subunit 8	2341-2492:1
NC_061323.1	tRNA	trnG(gga)	tRNA-Gly	2492-2553:1
NC_061323.1	tRNA	trnY(tac)	tRNA-Tyr	2553-2609:1
NC_061323.1	CDS	COX3	cytochrome c oxidase subunit III	2610-3391:1
NC_061323.1	tRNA	trnQ(caa)	tRNA-Gln	3391-3460:1
NC_061323.1	CDS	ND6	NADH dehydrogenase subunit 6	3460-3917:1
NC_061323.1	CDS	CYTB	cytochrome b	3917-5057:1
NC_061323.1	tRNA	trnW(tga)	tRNA-Trp	5055-5120:1
NC_061323.1	CDS	ATP6	ATP synthase F0 subunit 6	5126-5831:1
NC_061323.1	tRNA	trnR(cga)	tRNA-Arg	5833-5887:1
NC_061323.1	tRNA	trnH(cac)	tRNA-His	6594-6649:1
NC_061323.1	CDS	ND5	NADH dehydrogenase subunit 5	6649-8354:1
NC_061323.1	tRNA	trnF(ttc)	tRNA-Phe	8354-8415:1
NC_061323.1	tRNA	trnE(gaa)	tRNA-Glu	8452-8513:1
NC_061323.1	tRNA	trnP(cca)	tRNA-Pro	8512-8573:1
NC_061323.1	tRNA	trnT(aca)	tRNA-Thr	8572-8631:1
NC_061323.1	CDS	ND4L	NADH dehydrogenase subunit 4L	8631-8916:1
NC_061323.1	CDS	ND4	NADH dehydrogenase subunit 4	8909-10251:1
NC_061323.1	tRNA	trnC(tgc)	tRNA-Cys	10251-10306:1
NC_061323.1	tRNA	trnM(atg)	tRNA-Met	10352-10412:1
NC_061323.1	rRNA	rrnS	12S ribosomal RNA	10388-11133:1
NC_061323.1	tRNA	trnV(gta)	tRNA-Val	11125-11184:1
NC_061323.1	rRNA	rrnL	16S ribosomal RNA	11336-12316:1
NC_061323.1	tRNA	trnL1(cta)	tRNA-Leu	12351-12412:1
NC_061323.1	tRNA	trnS2(tca)	tRNA-Ser	12411-12479:1
NC_061323.1	tRNA	trnA(gca)	tRNA-Ala	12479-12540:1
NC_061323.1	tRNA	trnL2(tta)	tRNA-Leu	12554-12615:1
NC_061323.1	CDS	ND1	NADH dehydrogenase subunit 1	12621-13534:1
NC_061323.1	tRNA	trnI(atc)	tRNA-Ile	13534-13596:1
NC_061323.1	tRNA	trnK(aaa)	tRNA-Lys	13597-13657:1
NC_061323.1	CDS	ND3	NADH dehydrogenase subunit 3	13657-14002:1
NC_061323.1	tRNA	trnS1(aga)	tRNA-Ser	14000-14057:1
NC_061323.1	CDS	ND2	NADH dehydrogenase subunit 2	14057-15030:1
NC_061377.1	tRNA		tRNA-Lys	0-64:1
NC_061377.1	tRNA		tRNA-Met	64-129:1
NC_061377.1	rRNA		16S ribosomal RNA	129-1340:1
NC_061377.1	tRNA		tRNA-Tyr	1340-1404:1
NC_061377.1	CDS	ND6	NADH dehydrogenase subunit 6	1409-1898:1
NC_061377.1	tRNA		tRNA-Gly	2073-2138:1
NC_061377.1	tRNA		tRNA-Asn	2139-2208:1
NC_061377.1	tRNA		tRNA-Cys	2208-2265:1
NC_061377.1	tRNA		tRNA-Gln	2265-2330:1
NC_061377.1	tRNA		tRNA-Ala	3405-3470:1
NC_061377.1	rRNA		12S ribosomal RNA	3471-4270:1
NC_061377.1	CDS	ND3	NADH dehydrogenase subunit 3	4279-4639:1
NC_061377.1	tRNA		tRNA-Leu	5292-5358:1
NC_061377.1	CDS	CYTB	cytochrome b	5359-6506:1
NC_061377.1	CDS	ND4	NADH dehydrogenase subunit 4	6513-7869:1
NC_061377.1	CDS	COX3	cytochrome c oxidase subunit III	7985-8786:1
NC_061377.1	tRNA		tRNA-Ser	8789-8858:1
NC_061377.1	CDS	ATP6	ATP synthase F0 subunit 6	8870-9680:1
NC_061377.1	tRNA		tRNA-Arg	10114-10176:1
NC_061377.1	CDS	ND5	NADH dehydrogenase subunit 5	10182-11889:1
NC_061377.1	tRNA		tRNA-Phe	11889-11955:1
NC_061377.1	CDS	ND4L	NADH dehydrogenase subunit 4L	11964-12249:1
NC_061377.1	tRNA		tRNA-Ile	12247-12312:1
NC_061377.1	CDS	COX2	cytochrome c oxidase subunit II	12312-13023:1
NC_061377.1	tRNA		tRNA-Trp	13024-13089:1
NC_061377.1	tRNA		tRNA-Val	13089-13156:1
NC_061377.1	tRNA		tRNA-Leu	13156-13223:1
NC_061377.1	tRNA		tRNA-Met	13223-13289:1
NC_061377.1	CDS	ND1	NADH dehydrogenase subunit 1	13306-14213:1
NC_061377.1	tRNA		tRNA-Pro	14213-14278:1
NC_061377.1	tRNA		tRNA-Thr	14278-14343:1
NC_061377.1	tRNA		tRNA-Ser	14344-14410:1
NC_061377.1	CDS	ND2	NADH dehydrogenase subunit 2	14412-15378:1
NC_061377.1	CDS	COX1	cytochrome c oxidase subunit I	15355-16906:1
NC_061377.1	tRNA		tRNA-His	16943-17007:1
NC_061377.1	tRNA		tRNA-Asp	17006-17070:1
NC_061377.1	tRNA		tRNA-Glu	17070-17135:1
NC_061743.1	CDS	COX1	cytochrome c oxidase subunit I	0-1698:1
NC_061743.1	tRNA	trnL-TAG	tRNA-Leu	1794-1860:1
NC_061743.1	tRNA	trnC-GCA	tRNA-Cys	1860-1930:1
NC_061743.1	CDS	ND5	NADH dehydrogenase subunit 5	1931-3467:1
NC_061743.1	tRNA	trnE-TTC	tRNA-Glu	3479-3542:1
NC_061743.1	CDS	ND4	NADH dehydrogenase subunit 4	3542-4859:1
NC_061743.1	CDS	CYTB	cytochrome b	4862-6032:1
NC_061743.1	CDS	ATP6	ATP synthase F0 subunit 6	6302-7079:1
NC_061743.1	tRNA	trnW-TCA	tRNA-Trp	7249-7312:1
NC_061743.1	CDS	ND2	NADH dehydrogenase subunit 2	7361-8351:1
NC_061743.1	tRNA	trnP-TGG	tRNA-Pro	8387-8450:1
NC_061743.1	tRNA	trnT-TGT	tRNA-Thr	8452-8517:1
NC_061743.1	CDS	ND6	NADH dehydrogenase subunit 6	8520-9000:1
NC_061743.1	tRNA	trnV-TAC	tRNA-Val	9003-9073:1
NC_061743.1	tRNA	trnQ-TTG	tRNA-Gln	9073-9137:1
NC_061743.1	CDS	ND3	NADH dehydrogenase subunit 3	9140-9491:1
NC_061743.1	tRNA	trnA-TGC	tRNA-Ala	10553-10617:1
NC_061743.1	tRNA	trnL-TAA	tRNA-Leu	10618-10681:1
NC_061743.1	tRNA	trnS-TGA	tRNA-Ser	10688-10755:1
NC_061743.1	CDS	ND4L	NADH dehydrogenase subunit 4L	11007-11316:1
NC_061743.1	tRNA	trnN-GTT	tRNA-Asn	11368-11433:1
NC_061743.1	rRNA	rrnS	12S ribosomal RNA	11433-12683:1
NC_061743.1	tRNA	trnI-GAT	tRNA-Ile	12683-12753:1
NC_061743.1	tRNA	trnR-TCG	tRNA-Arg	12755-12824:1
NC_061743.1	tRNA	trnD-GTC	tRNA-Asp	12878-12943:1
NC_061743.1	tRNA	trnM-CAT	tRNA-Met	16131-16201:1
NC_061743.1	tRNA	trnY-GTA	tRNA-Tyr	16259-16328:1
NC_061743.1	rRNA	rrnL	16S ribosomal RNA	16328-17922:1
NC_061743.1	CDS	COX3	cytochrome c oxidase subunit III	17922-18765:1
NC_061743.1	CDS	ND1	NADH dehydrogenase subunit 1	18807-19725:1
NC_061743.1	tRNA	trnH-GTG	tRNA-His	19726-19790:1
NC_061743.1	CDS	COX2	cytochrome c oxidase subunit II	19839-20667:1
NC_061743.1	tRNA	trnF-GAA	tRNA-Phe	20870-20937:1
NC_061743.1	tRNA	trnG-TCC	tRNA-Gly	21051-21116:1
NC_061743.1	tRNA	trnK-TTT	tRNA-Lys	21169-21235:1
NC_061743.1	tRNA	trnS-TCT	tRNA-Ser	21632-21701:1
NC_061913.1	CDS	COX1	cytochrome c oxidase subunit I	0-1552:1
NC_061913.1	tRNA		tRNA-Asn	1683-1748:1
NC_061913.1	tRNA		tRNA-Tyr	2242-2306:1
NC_061913.1	CDS	ATP8	ATP synthase F0 subunit 8	2411-2571:1
NC_061913.1	tRNA		tRNA-Lys	2571-2637:1
NC_061913.1	CDS	COX2	cytochrome c oxidase subunit II	3156-3849:1
NC_061913.1	tRNA		tRNA-Gly	3947-4011:1
NC_061913.1	CDS	COX3	cytochrome c oxidase subunit III	4011-4806:1
NC_061913.1	tRNA		tRNA-Gln	4860-4929:1
NC_061913.1	CDS	ND6	NADH dehydrogenase subunit 6	4929-5404:1
NC_061913.1	CDS	CYTB	cytochrome b	5404-6539:1
NC_061913.1	tRNA		tRNA-Ser	6539-6605:1
NC_061913.1	tRNA		tRNA-Trp	6605-6669:1
NC_061913.1	CDS	ATP6	ATP synthase F0 subunit 6	6672-7366:1
NC_061913.1	tRNA		tRNA-Arg	7366-7433:1
NC_061913.1	tRNA		tRNA-His	7433-7497:1
NC_061913.1	CDS	ND5	NADH dehydrogenase subunit 5	7497-9202:1
NC_061913.1	tRNA		tRNA-Phe	9202-9275:1
NC_061913.1	tRNA		tRNA-Glu	9275-9338:1
NC_061913.1	tRNA		tRNA-Pro	9339-9403:1
NC_061913.1	CDS	ND4L	NADH dehydrogenase subunit 4L	9407-9699:1
NC_061913.1	tRNA		tRNA-Thr	9699-9763:1
NC_061913.1	tRNA		tRNA-Asp	9763-9828:1
NC_061913.1	CDS	ND4	NADH dehydrogenase subunit 4	9829-11179:1
NC_061913.1	tRNA		tRNA-Cys	11374-11436:1
NC_061913.1	tRNA		tRNA-Met	11531-11594:1
NC_061913.1	rRNA		12S ribosomal RNA	11594-12342:1
NC_061913.1	tRNA		tRNA-Val	12342-12403:1
NC_061913.1	rRNA		16S ribosomal RNA	12480-13692:1
NC_061913.1	tRNA		tRNA-Leu	13692-13754:1
NC_061913.1	tRNA		tRNA-Ala	13891-13955:1
NC_061913.1	tRNA		tRNA-Leu	13994-14060:1
NC_061913.1	CDS	ND1	NADH dehydrogenase subunit 1	14060-14990:1
NC_061913.1	tRNA		tRNA-Ile	14990-15054:1
NC_061913.1	CDS	ND3	NADH dehydrogenase subunit 3	15054-15400:1
NC_061913.1	tRNA		tRNA-Ser	15400-15467:1
NC_061913.1	CDS	ND2	NADH dehydrogenase subunit 2	15467-16452:1
NC_062818.1	tRNA		tRNA-Ser	764-831:1
NC_062818.1	CDS	ND2	NADH dehydrogenase subunit 2	831-1834:1
NC_062818.1	CDS	COX1	cytochrome c oxidase subunit I	1834-3376:1
NC_062818.1	CDS	COX2	cytochrome c oxidase subunit II	3425-4112:1
NC_062818.1	tRNA		tRNA-Asp	4117-4182:1
NC_062818.1	CDS	ATP8	ATP synthase F0 subunit 8	4182-4341:1
NC_062818.1	tRNA		tRNA-Tyr	4339-4403:1
NC_062818.1	CDS	COX3	cytochrome c oxidase subunit III	4406-5186:1
NC_062818.1	tRNA		tRNA-Gln	5192-5262:1
NC_062818.1	CDS	CYTB	cytochrome b	5284-6421:1
NC_062818.1	tRNA		tRNA-Leu	6422-6486:1
NC_062818.1	tRNA		tRNA-Phe	6490-6555:1
NC_062818.1	tRNA		tRNA-Glu	6568-6633:1
NC_062818.1	tRNA		tRNA-Pro	6633-6697:1
NC_062818.1	CDS	ND4	NADH dehydrogenase subunit 4	6778-8143:1
NC_062818.1	tRNA		tRNA-Gly	8146-8212:1
NC_062818.1	tRNA		tRNA-Ser	8215-8282:1
NC_062818.1	CDS	ND1	NADH dehydrogenase subunit 1	8282-9213:1
NC_062818.1	tRNA		tRNA-Ile	9213-9280:1
NC_062818.1	tRNA		tRNA-Lys	9283-9353:1
NC_062818.1	CDS	ND3	NADH dehydrogenase subunit 3	9353-9707:1
NC_062818.1	tRNA		tRNA-Asn	9711-9775:1
NC_062818.1	CDS	ND6	NADH dehydrogenase subunit 6	9834-10317:1
NC_062818.1	tRNA		tRNA-Trp	10321-10384:1
NC_062818.1	CDS	ATP6	ATP synthase F0 subunit 6	10384-11086:1
NC_062818.1	tRNA		tRNA-Arg	11084-11146:1
NC_062818.1	tRNA		tRNA-His	11147-11212:1
NC_062818.1	CDS	ND5	NADH dehydrogenase subunit 5	11212-12910:1
NC_062818.1	tRNA		tRNA-Thr	12922-12988:1
NC_062818.1	CDS	ND4L	NADH dehydrogenase subunit 4L	12988-13291:1
NC_062818.1	tRNA		tRNA-Cys	13321-13384:1
NC_062818.1	tRNA		tRNA-Met	13386-13452:1
NC_062818.1	rRNA		12S ribosomal RNA	13450-14256:1
NC_062818.1	tRNA		tRNA-Val	14256-14318:1
NC_062818.1	rRNA		16S ribosomal RNA	14318-15610:1
NC_062818.1	tRNA		tRNA-Leu	15609-15674:1
NC_062818.1	tRNA		tRNA-Ala	15684-15746:1
NC_063122.1	CDS	COX1	cytochrome c oxidase subunit I	0-1540:1
NC_063122.1	tRNA		tRNA-Asn	1540-1605:1
NC_063122.1	CDS	COX2	cytochrome c oxidase subunit II	1605-2292:1
NC_063122.1	tRNA		tRNA-Asp	2301-2368:1
NC_063122.1	CDS		ATP synthase F0 subunit 8	2368-2527:1
NC_063122.1	tRNA		tRNA-Tyr	2526-2589:1
NC_063122.1	CDS	COX3	cytochrome c oxidase subunit III	2592-3372:1
NC_063122.1	tRNA		tRNA-Gln	3380-3449:1
NC_063122.1	CDS	ND6	NADH dehydrogenase subunit 6	3449-3930:1
NC_063122.1	CDS	CYTB	cytochrome b	3930-5068:1
NC_063122.1	tRNA		tRNA-Leu	5069-5135:1
NC_063122.1	tRNA		tRNA-Trp	5134-5200:1
NC_063122.1	CDS	ATP6	ATP synthase F0 subunit 6	5200-5902:1
NC_063122.1	tRNA		tRNA-Arg	5902-5965:1
NC_063122.1	tRNA		tRNA-His	5970-6036:1
NC_063122.1	CDS	ND5	NADH dehydrogenase subunit 5	6036-7732:1
NC_063122.1	tRNA		tRNA-Phe	7732-7799:1
NC_063122.1	tRNA		tRNA-Glu	7804-7865:1
NC_063122.1	tRNA		tRNA-Pro	7868-7933:1
NC_063122.1	tRNA		tRNA-Thr	7939-8007:1
NC_063122.1	CDS	ND4L	NADH dehydrogenase subunit 4L	8008-8305:1
NC_063122.1	CDS	ND4	NADH dehydrogenase subunit 4	8298-9661:1
NC_063122.1	tRNA		tRNA-Cys	9661-9724:1
NC_063122.1	tRNA		tRNA-Gly	9727-9791:1
NC_063122.1	tRNA		tRNA-Met	9791-9859:1
NC_063122.1	rRNA		12S ribosomal RNA	9859-10674:1
NC_063122.1	tRNA		tRNA-Val	10674-10742:1
NC_063122.1	rRNA		16S ribosomal RNA	10742-11986:1
NC_063122.1	tRNA		tRNA-Leu	12052-12117:1
NC_063122.1	tRNA		tRNA-Ala	12121-12187:1
NC_063122.1	tRNA		tRNA-Ser	12651-12718:1
NC_063122.1	CDS	ND1	NADH dehydrogenase subunit 1	12718-13654:1
NC_063122.1	tRNA		tRNA-Ile	13654-13723:1
NC_063122.1	tRNA		tRNA-Lys	13723-13790:1
NC_063122.1	CDS	ND3	NADH dehydrogenase subunit 3	13790-14144:1
NC_063122.1	tRNA		tRNA-Ser	14144-14214:1
NC_063122.1	CDS	ND2	NADH dehydrogenase subunit 2	14214-15226:1
NC_063475.1	tRNA	trnH	tRNA-His	320-382:1
NC_063475.1	CDS	ND5	NADH dehydrogenase subunit 5	382-2072:1
NC_063475.1	tRNA	trnF	tRNA-Phe	2071-2139:1
NC_063475.1	tRNA	trnE	tRNA-Glu	2141-2205:1
NC_063475.1	tRNA	trnP	tRNA-Pro	2205-2267:1
NC_063475.1	tRNA	trnT	tRNA-Thr	2274-2337:1
NC_063475.1	CDS	ND4L	NADH dehydrogenase subunit 4L	2337-2631:1
NC_063475.1	CDS	ND4	NADH dehydrogenase subunit 4	2624-3956:1
NC_063475.1	tRNA	trnC	tRNA-Cys	3954-4016:1
NC_063475.1	tRNA	trnM	tRNA-Met	4016-4079:1
NC_063475.1	rRNA	rrnS	12S ribosomal RNA	4079-4839:1
NC_063475.1	tRNA	trnV	tRNA-Val	4839-4902:1
NC_063475.1	rRNA	rrnL	16S ribosomal RNA	4902-6030:1
NC_063475.1	tRNA	trnL1	tRNA-Leu	6030-6096:1
NC_063475.1	tRNA	trnA	tRNA-Ala	6096-6155:1
NC_063475.1	tRNA	trnS2	tRNA-Ser	6155-6220:1
NC_063475.1	tRNA	trnL2	tRNA-Leu	6220-6282:1
NC_063475.1	CDS	ND1	NADH dehydrogenase subunit 1	6282-7212:1
NC_063475.1	tRNA	trnI	tRNA-Ile	7216-7281:1
NC_063475.1	tRNA	trnK	tRNA-Lys	7282-7343:1
NC_063475.1	CDS	ND3	NADH dehydrogenase subunit 3	7352-7697:1
NC_063475.1	tRNA	trnS1	tRNA-Ser	7696-7758:1
NC_063475.1	CDS	ND2	NADH dehydrogenase subunit 2	7757-8762:1
NC_063475.1	CDS	COX1	cytochrome c oxidase subunit I	8739-10276:1
NC_063475.1	tRNA	trnN	tRNA-Asn	10276-10344:1
NC_063475.1	CDS	COX2	cytochrome c oxidase subunit II	10344-11031:1
NC_063475.1	tRNA	trnD1	tRNA-Asp	11029-11096:1
NC_063475.1	CDS	ATP8	ATP synthase F0 subunit 8	11096-11255:1
NC_063475.1	tRNA	trnY	tRNA-Tyr	11257-11320:1
NC_063475.1	tRNA	trnG	tRNA-Gly	11320-11383:1
NC_063475.1	CDS	COX3	cytochrome c oxidase subunit III	11383-12161:1
NC_063475.1	tRNA	trnQ	tRNA-Gln	12161-12230:1
NC_063475.1	CDS	ND6	NADH dehydrogenase subunit 6	12231-12699:1
NC_063475.1	CDS	CYTB	cytochrome b	12691-13831:1
NC_063475.1	tRNA	trnW	tRNA-Trp	13829-13893:1
NC_063475.1	CDS	ATP6	ATP synthase F0 subunit 6	13893-14592:1
NC_063475.1	tRNA	trnR	tRNA-Arg	18341-18404:1
NC_063588.1	CDS	COX1	cytochrome c oxidase subunit I	0-1545:1
NC_063588.1	tRNA		tRNA-Asn	1547-1609:1
NC_063588.1	CDS	COX2	cytochrome c oxidase subunit II	1610-2294:1
NC_063588.1	tRNA		tRNA-Asp	2296-2359:1
NC_063588.1	CDS	ATP8	ATP synthase F0 subunit 8	2359-2519:1
NC_063588.1	tRNA		tRNA-Tyr	2519-2580:1
NC_063588.1	tRNA		tRNA-Gly	2580-2643:1
NC_063588.1	CDS	COX3	cytochrome c oxidase subunit III	2643-3421:1
NC_063588.1	tRNA		tRNA-Gln	3421-3490:1
NC_063588.1	CDS	ND6	NADH dehydrogenase subunit 6	3490-3964:1
NC_063588.1	CDS	CYTB	cytochrome b	3956-5096:1
NC_063588.1	tRNA		tRNA-Trp	5094-5156:1
NC_063588.1	CDS	ATP6	ATP synthase F0 subunit 6	5157-5853:1
NC_063588.1	tRNA		tRNA-Arg	5851-5915:1
NC_063588.1	tRNA		tRNA-His	6455-6516:1
NC_063588.1	CDS	ND5	NADH dehydrogenase subunit 5	6517-8234:1
NC_063588.1	tRNA		tRNA-Phe	8234-8296:1
NC_063588.1	tRNA		tRNA-Glu	8296-8359:1
NC_063588.1	tRNA		tRNA-Pro	8357-8419:1
NC_063588.1	tRNA		tRNA-Thr	8428-8483:1
NC_063588.1	CDS	ND4L	NADH dehydrogenase subunit 4L	8483-8780:1
NC_063588.1	CDS	ND4	NADH dehydrogenase subunit 4	8773-10132:1
NC_063588.1	tRNA		tRNA-Cys	10130-10194:1
NC_063588.1	tRNA		tRNA-Met	10194-10260:1
NC_063588.1	rRNA		12S ribosomal RNA	10260-11047:1
NC_063588.1	tRNA		tRNA-Val	11047-11114:1
NC_063588.1	rRNA		16S ribosomal RNA	11114-12359:1
NC_063588.1	tRNA		tRNA-Leu	12359-12421:1
NC_063588.1	tRNA		tRNA-Ala	12423-12485:1
NC_063588.1	tRNA		tRNA-Ser	12483-12549:1
NC_063588.1	tRNA		tRNA-Leu	12551-12612:1
NC_063588.1	CDS	ND1	NADH dehydrogenase subunit 1	12613-13535:1
NC_063588.1	tRNA		tRNA-Ile	13535-13598:1
NC_063588.1	tRNA		tRNA-Lys	13598-13660:1
NC_063588.1	CDS	ND3	NADH dehydrogenase subunit 3	13660-14014:1
NC_063588.1	tRNA		tRNA-Ser	14015-14079:1
NC_063588.1	CDS	ND2	NADH dehydrogenase subunit 2	14079-15085:1
NC_063944.1	CDS	COX1	cytochrome c oxidase subunit I	0-1534:1
NC_063944.1	tRNA	trnN(guu)	tRNA-Asn	1534-1599:1
NC_063944.1	CDS	COX2	cytochrome c oxidase subunit II	1599-2289:1
NC_063944.1	tRNA	trnG(ucc)	tRNA-Gly	2359-2424:1
NC_063944.1	tRNA	trnY(gua)	tRNA-Tyr	3590-3654:1
NC_063944.1	CDS	ATP8	ATP synthase F0 subunit 8	3757-3919:1
NC_063944.1	tRNA	trnM(cau)	tRNA-Met	3918-3984:1
NC_063944.1	tRNA	trnD(guc)	tRNA-Asp	3986-4049:1
NC_063944.1	CDS	COX3	cytochrome c oxidase subunit III	4084-4862:1
NC_063944.1	tRNA	trnQ(uug)	tRNA-Gln	4862-4925:1
NC_063944.1	CDS	ND6	NADH dehydrogenase subunit 6	4934-5399:1
NC_063944.1	CDS	CYTB	cytochrome b	5391-6528:1
NC_063944.1	tRNA	trnW(uca)	tRNA-Trp	6531-6595:1
NC_063944.1	CDS	ATP6	ATP synthase F0 subunit 6	6595-7291:1
NC_063944.1	tRNA	trnR(ucg)	tRNA-Arg	7289-7354:1
NC_063944.1	tRNA	trnH(gug)	tRNA-His	7354-7419:1
NC_063944.1	CDS	ND5	NADH dehydrogenase subunit 5	7419-9100:1
NC_063944.1	tRNA	trnF(gaa)	tRNA-Phe	9100-9163:1
NC_063944.1	tRNA	trnE(uuc)	tRNA-Glu	9168-9232:1
NC_063944.1	tRNA	trnP(ugg)	tRNA-Pro	9230-9292:1
NC_063944.1	tRNA	trnT(ugu)	tRNA-Thr	9308-9377:1
NC_063944.1	CDS	ND4L	NADH dehydrogenase subunit 4L	9377-9665:1
NC_063944.1	CDS	ND4	NADH dehydrogenase subunit 4	9658-10990:1
NC_063944.1	rRNA		12S ribosomal RNA	10990-11788:1
NC_063944.1	tRNA		tRNA-Val	11788-11853:1
NC_063944.1	rRNA		16S ribosomal RNA	11853-13050:1
NC_063944.1	tRNA		tRNA-Leu	13050-13113:1
NC_063944.1	tRNA	trnS(uga)	tRNA-Ser	13122-13183:1
NC_063944.1	tRNA	trnA(ugc)	tRNA-Ala	13198-13263:1
NC_063944.1	tRNA	trnL(uaa)	tRNA-Leu	13263-13325:1
NC_063944.1	CDS	ND1	NADH dehydrogenase subunit 1	13325-14250:1
NC_063944.1	tRNA	trnI(gau)	tRNA-Ile	14250-14314:1
NC_063944.1	tRNA	trnK(uuu)	tRNA-Lys	14317-14381:1
NC_063944.1	CDS	ND3	NADH dehydrogenase subunit 3	14381-14726:1
NC_063944.1	tRNA	trnS(ucu)	tRNA-Ser	14724-14792:1
NC_063944.1	CDS	ND2	NADH dehydrogenase subunit 2	14792-15779:1
NC_063944.1	tRNA	trnC(gca)	tRNA-Cys	15791-15852:1
NC_064058.1	tRNA	trnP(ugg)	tRNA-Pro	807-871:1
NC_064058.1	tRNA	trnT(ugu)	tRNA-Thr	874-940:1
NC_064058.1	CDS	ND4L	NADH dehydrogenase subunit 4L	940-1225:1
NC_064058.1	CDS	ND4	NADH dehydrogenase subunit 4	1218-2581:1
NC_064058.1	tRNA	trnC(gca)	tRNA-Cys	2581-2644:1
NC_064058.1	tRNA	trnG(ucc)	tRNA-Gly	2645-2709:1
NC_064058.1	tRNA	trnM(cau)	tRNA-Met	2710-2773:1
NC_064058.1	tRNA	trnM(cau)	tRNA-Met	2773-2837:1
NC_064058.1	rRNA	rrn12	12S ribosomal RNA	2836-3648:1
NC_064058.1	tRNA	trnV(uac)	tRNA-Val	3642-3706:1
NC_064058.1	rRNA	rrn16	16S ribosomal RNA	3684-4986:1
NC_064058.1	tRNA	trnL(uag)	tRNA-Leu	5000-5065:1
NC_064058.1	tRNA	trnA(ugc)	tRNA-Ala	5068-5132:1
NC_064058.1	tRNA	trnS(uga)	tRNA-Ser	5133-5203:1
NC_064058.1	tRNA	trnL(uaa)	tRNA-Leu	5236-5298:1
NC_064058.1	CDS	ND1	NADH dehydrogenase subunit 1	5549-6345:1
NC_064058.1	tRNA	trnI(gau)	tRNA-Ile	6345-6410:1
NC_064058.1	CDS	ND3	NADH dehydrogenase subunit 3	6421-6775:1
NC_064058.1	tRNA	trnS(ucu)	tRNA-Ser	6773-6841:1
NC_064058.1	CDS	ND2	NADH dehydrogenase subunit 2	6844-7859:1
NC_064058.1	CDS	COX1	cytochrome c oxidase subunit I	7859-9395:1
NC_064058.1	tRNA	trnN(guu)	tRNA-Asn	9404-9471:1
NC_064058.1	CDS	COX2	cytochrome c oxidase subunit II	9471-10291:1
NC_064058.1	tRNA	trnD(guc)	tRNA-Asp	10291-10355:1
NC_064058.1	CDS	ATP8	ATP synthase F0 subunit 8	10355-10517:1
NC_064058.1	tRNA	trnY(gua)	tRNA-Tyr	10515-10579:1
NC_064058.1	CDS	COX3	cytochrome c oxidase subunit III	10580-11358:1
NC_064058.1	tRNA	trnQ(uug)	tRNA-Gln	11358-11428:1
NC_064058.1	CDS	ND6	NADH dehydrogenase subunit 6	11443-11899:1
NC_064058.1	CDS	CYTB	cytochrome b	11891-13031:1
NC_064058.1	tRNA	trnW(uca)	tRNA-Trp	13029-13092:1
NC_064058.1	CDS	ATP6	ATP synthase F0 subunit 6	13092-13789:1
NC_064058.1	tRNA	trnR(ucg)	tRNA-Arg	13789-13852:1
NC_064058.1	tRNA	trnH(gug)	tRNA-His	13852-13916:1
NC_064058.1	CDS	ND5	NADH dehydrogenase subunit 5	13943-15621:1
NC_064058.1	tRNA	trnF(gaa)	tRNA-Phe	15621-15687:1
NC_064058.1	tRNA	trnK(uuu)	tRNA-Lys	15687-15753:1
NC_064058.1	tRNA	trnE(uuc)	tRNA-Glu	15753-15820:1
NC_064338.1	CDS	COX1	cytochrome c oxidase subunit I	0-1537:1
NC_064338.1	tRNA	trnN	tRNA-Asn	1537-1600:1
NC_064338.1	CDS	COX2	cytochrome c oxidase subunit II	1600-2282:1
NC_064338.1	tRNA	trnD	tRNA-Asp	2282-2347:1
NC_064338.1	CDS	ATP8	ATP synthase F0 subunit 8	2347-2501:1
NC_064338.1	tRNA	trnY	tRNA-Tyr	2501-2565:1
NC_064338.1	tRNA	trnG	tRNA-Gly	2563-2626:1
NC_064338.1	CDS	COX3	cytochrome c oxidase subunit III	2626-3404:1
NC_064338.1	tRNA	trnQ	tRNA-Gln	3404-3473:1
NC_064338.1	CDS	ND6	NADH dehydrogenase subunit 6	3473-3936:1
NC_064338.1	CDS	CYTB	cytochrome b	3936-5059:1
NC_064338.1	tRNA	trnW	tRNA-Trp	5059-5122:1
NC_064338.1	CDS	ATP6	ATP synthase F0 subunit 6	5123-5820:1
NC_064338.1	tRNA	trnR	tRNA-Arg	5820-5879:1
NC_064338.1	tRNA	trnH	tRNA-His	8481-8545:1
NC_064338.1	CDS	ND5	NADH dehydrogenase subunit 5	8545-10247:1
NC_064338.1	tRNA	trnF	tRNA-Phe	10247-10309:1
NC_064338.1	tRNA	trnE	tRNA-Glu	10313-10368:1
NC_064338.1	tRNA	trnP	tRNA-Pro	10380-10445:1
NC_064338.1	tRNA	trnT	tRNA-Thr	10470-10538:1
NC_064338.1	CDS	ND4L	NADH dehydrogenase subunit 4L	10538-10832:1
NC_064338.1	CDS	ND4	NADH dehydrogenase subunit 4	10825-12164:1
NC_064338.1	tRNA	trnC	tRNA-Cys	12164-12232:1
NC_064338.1	tRNA	trnM	tRNA-Met	12232-12295:1
NC_064338.1	rRNA		12S ribosomal RNA	12295-13034:1
NC_064338.1	tRNA	trnV	tRNA-Val	13034-13097:1
NC_064338.1	rRNA		16S ribosomal RNA	13097-14234:1
NC_064338.1	tRNA		tRNA-Leu	14234-14298:1
NC_064338.1	tRNA	trnA	tRNA-Ala	14314-14377:1
NC_064338.1	tRNA	trnS	tRNA-Ser	14376-14444:1
NC_064338.1	tRNA	trnL	tRNA-Leu	14444-14507:1
NC_064338.1	CDS	ND1	NADH dehydrogenase subunit 1	14507-15435:1
NC_064338.1	tRNA	trnI	tRNA-Ile	15435-15498:1
NC_064338.1	tRNA	trnK	tRNA-Lys	15500-15560:1
NC_064338.1	CDS	ND3	NADH dehydrogenase subunit 3	15560-15912:1
NC_064338.1	tRNA		tRNA-Ser	15912-15975:1
NC_064338.1	CDS	ND2	NADH dehydrogenase subunit 2	15975-16972:1
NC_064376.1	tRNA		tRNA-Ser	1098-1167:1
NC_064376.1	CDS	ND2	NADH dehydrogenase subunit 2	1167-2170:1
NC_064376.1	CDS	COX1	cytochrome c oxidase subunit I	2170-3712:1
NC_064376.1	CDS	COX2	cytochrome c oxidase subunit II	3764-4454:1
NC_064376.1	tRNA		tRNA-Asp	4458-4524:1
NC_064376.1	CDS	ATP8	ATP synthase F0 subunit 8	4524-4683:1
NC_064376.1	tRNA		tRNA-Tyr	4681-4748:1
NC_064376.1	CDS	COX3	cytochrome c oxidase subunit III	4749-5529:1
NC_064376.1	tRNA		tRNA-Gln	5533-5603:1
NC_064376.1	CDS	CYTB	cytochrome b	5626-6764:1
NC_064376.1	tRNA		tRNA-Leu	6764-6831:1
NC_064376.1	tRNA		tRNA-Phe	6831-6898:1
NC_064376.1	tRNA		tRNA-Glu	6905-6969:1
NC_064376.1	tRNA		tRNA-Pro	6970-7034:1
NC_064376.1	CDS	ND4	NADH dehydrogenase subunit 4	7160-8522:1
NC_064376.1	tRNA		tRNA-Gly	8524-8589:1
NC_064376.1	tRNA		tRNA-Ser	8652-8719:1
NC_064376.1	CDS	ND1	NADH dehydrogenase subunit 1	8719-9652:1
NC_064376.1	tRNA		tRNA-Ile	9650-9718:1
NC_064376.1	tRNA		tRNA-Lys	9723-9790:1
NC_064376.1	CDS	ND3	NADH dehydrogenase subunit 3	9791-10145:1
NC_064376.1	tRNA		tRNA-Asn	10149-10213:1
NC_064376.1	CDS	ND6	NADH dehydrogenase subunit 6	10274-10763:1
NC_064376.1	tRNA		tRNA-Trp	10783-10847:1
NC_064376.1	CDS	ATP6	ATP synthase F0 subunit 6	10847-11549:1
NC_064376.1	tRNA		tRNA-Arg	11547-11611:1
NC_064376.1	tRNA		tRNA-His	11612-11676:1
NC_064376.1	CDS	ND5	NADH dehydrogenase subunit 5	11676-13374:1
NC_064376.1	tRNA		tRNA-Thr	13394-13459:1
NC_064376.1	CDS	ND4L	NADH dehydrogenase subunit 4L	13459-13762:1
NC_064376.1	tRNA		tRNA-Cys	13779-13842:1
NC_064376.1	tRNA		tRNA-Met	13848-13912:1
NC_064376.1	rRNA		12S ribosomal RNA	13910-14728:1
NC_064376.1	tRNA		tRNA-Val	14722-14785:1
NC_064376.1	rRNA		16S ribosomal RNA	14785-16120:1
NC_064376.1	tRNA		tRNA-Leu	16080-16145:1
NC_064376.1	tRNA		tRNA-Ala	16146-16210:1
NC_064503.1	CDS	COX1	cytochrome c oxidase subunit I	0-1578:1
NC_064503.1	tRNA	trnN	tRNA-Asn	1605-1676:1
NC_064503.1	CDS	COX2	cytochrome c oxidase subunit II	1676-2366:1
NC_064503.1	tRNA	trnD	tRNA-Asp	2371-2439:1
NC_064503.1	CDS	ATP8	ATP synthase F0 subunit 8	2439-2595:1
NC_064503.1	tRNA	trnG	tRNA-Gly	2605-2675:1
NC_064503.1	CDS	COX3	cytochrome c oxidase subunit III	2674-3454:1
NC_064503.1	tRNA	trnQ	tRNA-Gln	3462-3533:1
NC_064503.1	CDS	ND6	NADH dehydrogenase subunit 6	3533-4007:1
NC_064503.1	CDS	CYTB	cytochrome b	4010-5147:1
NC_064503.1	tRNA	trnW	tRNA-Trp	5146-5217:1
NC_064503.1	CDS	ATP6	ATP synthase F0 subunit 6	5217-5931:1
NC_064503.1	tRNA	trnY	tRNA-Tyr	6937-7003:1
NC_064503.1	tRNA	trnH	tRNA-His	7015-7084:1
NC_064503.1	CDS	ND5	NADH dehydrogenase subunit 5	7084-8803:1
NC_064503.1	tRNA	trnF	tRNA-Phe	8806-8875:1
NC_064503.1	tRNA	trnE	tRNA-Glu	8928-8997:1
NC_064503.1	tRNA	trnP	tRNA-Pro	9009-9079:1
NC_064503.1	tRNA	trnT	tRNA-Thr	9089-9157:1
NC_064503.1	tRNA	trnR	tRNA-Arg	9162-9230:1
NC_064503.1	CDS	ND4L	NADH dehydrogenase subunit 4L	9288-9579:1
NC_064503.1	CDS	ND4	NADH dehydrogenase subunit 4	9572-10934:1
NC_064503.1	tRNA	trnC	tRNA-Cys	10932-11003:1
NC_064503.1	tRNA	trnM	tRNA-Met	11039-11109:1
NC_064503.1	rRNA	rrn12	12S ribosomal RNA	11154-12046:1
NC_064503.1	tRNA	trnV	tRNA-Val	12059-12129:1
NC_064503.1	rRNA	rrn16	16S ribosomal RNA	12105-13542:1
NC_064503.1	tRNA	trnL	tRNA-Leu	13532-13600:1
NC_064503.1	tRNA	trnA	tRNA-Ala	13602-13673:1
NC_064503.1	tRNA	trnS	tRNA-Ser	13678-13745:1
NC_064503.1	tRNA	trnL	tRNA-Leu	13744-13813:1
NC_064503.1	CDS	ND1	NADH dehydrogenase subunit 1	13812-14748:1
NC_064503.1	tRNA	trnI	tRNA-Ile	14781-14853:1
NC_064503.1	tRNA	trnK	tRNA-Lys	14854-14924:1
NC_064503.1	CDS	ND3	NADH dehydrogenase subunit 3	14924-15278:1
NC_064503.1	tRNA	trnS	tRNA-Ser	15292-15362:1
NC_064503.1	CDS	ND2	NADH dehydrogenase subunit 2	15362-16376:1
NC_065012.1	CDS	COX1	cytochrome c oxidase subunit I	0-1542:1
NC_065012.1	tRNA		tRNA-Asn	1552-1613:1
NC_065012.1	CDS	COX2	cytochrome c oxidase subunit II	1614-2301:1
NC_065012.1	tRNA		tRNA-Asp	2300-2363:1
NC_065012.1	CDS	ATP8	ATP synthase F0 subunit 8	2363-2523:1
NC_065012.1	tRNA		tRNA-Tyr	2523-2587:1
NC_065012.1	tRNA		tRNA-Gly	2585-2648:1
NC_065012.1	CDS	COX3	cytochrome c oxidase subunit III	2648-3426:1
NC_065012.1	tRNA		tRNA-Gln	3426-3495:1
NC_065012.1	CDS	ND6	NADH dehydrogenase subunit 6	3495-3961:1
NC_065012.1	CDS	CYTB	cytochrome b	3961-5104:1
NC_065012.1	tRNA		tRNA-Trp	5102-5165:1
NC_065012.1	CDS	ATP6	ATP synthase F0 subunit 6	5166-5862:1
NC_065012.1	tRNA		tRNA-Arg	5860-5922:1
NC_065012.1	tRNA		tRNA-His	6601-6663:1
NC_065012.1	CDS	ND5	NADH dehydrogenase subunit 5	6663-8380:1
NC_065012.1	tRNA		tRNA-Phe	8380-8442:1
NC_065012.1	tRNA		tRNA-Glu	8442-8506:1
NC_065012.1	tRNA		tRNA-Pro	8504-8566:1
NC_065012.1	tRNA		tRNA-Thr	8566-8631:1
NC_065012.1	CDS	ND4L	NADH dehydrogenase subunit 4L	8631-8928:1
NC_065012.1	CDS	ND4	NADH dehydrogenase subunit 4	8921-10278:1
NC_065012.1	tRNA		tRNA-Cys	10278-10342:1
NC_065012.1	tRNA		tRNA-Met	10342-10405:1
NC_065012.1	rRNA		12S ribosomal RNA	10403-11201:1
NC_065012.1	tRNA		tRNA-Val	11201-11265:1
NC_065012.1	rRNA		16S ribosomal RNA	11265-12547:1
NC_065012.1	tRNA		tRNA-Leu	12524-12587:1
NC_065012.1	tRNA		tRNA-Ala	12590-12652:1
NC_065012.1	tRNA		tRNA-Ser	12650-12716:1
NC_065012.1	tRNA		tRNA-Leu	12716-12777:1
NC_065012.1	CDS	ND1	NADH dehydrogenase subunit 1	12778-13702:1
NC_065012.1	tRNA		tRNA-Ile	13701-13766:1
NC_065012.1	tRNA		tRNA-Lys	13767-13832:1
NC_065012.1	CDS	ND3	NADH dehydrogenase subunit 3	13832-14186:1
NC_065012.1	tRNA		tRNA-Ser	14187-14251:1
NC_065012.1	CDS	ND2	NADH dehydrogenase subunit 2	14251-15257:1
NC_065094.1	CDS	COX1	cytochrome c oxidase subunit I	0-1534:1
NC_065094.1	tRNA	trnN(guu)	tRNA-Asn	1534-1598:1
NC_065094.1	CDS	COX2	cytochrome c oxidase subunit II	1598-2288:1
NC_065094.1	tRNA	trnG(ucc)	tRNA-Gly	2364-2430:1
NC_065094.1	tRNA	trnY(gua)	tRNA-Tyr	3584-3649:1
NC_065094.1	tRNA	trnM(cau)	tRNA-Met	3882-3948:1
NC_065094.1	tRNA	trnD(guc)	tRNA-Asp	3949-4012:1
NC_065094.1	CDS	COX3	cytochrome c oxidase subunit III	4038-4816:1
NC_065094.1	tRNA	trnQ(uug)	tRNA-Gln	4816-4879:1
NC_065094.1	CDS	ND6	NADH dehydrogenase subunit 6	4900-5353:1
NC_065094.1	CDS	CYTB	cytochrome b	5345-6482:1
NC_065094.1	tRNA	trnW(uca)	tRNA-Trp	6483-6546:1
NC_065094.1	CDS	ATP6	ATP synthase F0 subunit 6	6546-7242:1
NC_065094.1	tRNA	trnR(ucg)	tRNA-Arg	7249-7302:1
NC_065094.1	tRNA	trnH(gug)	tRNA-His	7302-7366:1
NC_065094.1	CDS	ND5	NADH dehydrogenase subunit 5	7387-9047:1
NC_065094.1	tRNA	trnF(gaa)	tRNA-Phe	9047-9112:1
NC_065094.1	tRNA	trnE(uuc)	tRNA-Glu	9122-9187:1
NC_065094.1	tRNA	trnP(ugg)	tRNA-Pro	9185-9247:1
NC_065094.1	tRNA	trnT(ugu)	tRNA-Thr	9261-9328:1
NC_065094.1	CDS	ND4L	NADH dehydrogenase subunit 4L	9340-9616:1
NC_065094.1	CDS	ND4	NADH dehydrogenase subunit 4	9618-10941:1
NC_065094.1	rRNA		12S ribosomal RNA	10938-11746:1
NC_065094.1	tRNA	trnV(uac)	tRNA-Val	11746-11809:1
NC_065094.1	rRNA		16S ribosomal RNA	11809-13005:1
NC_065094.1	tRNA	trnL(uag)	tRNA-Leu	13005-13069:1
NC_065094.1	tRNA	trnS(uga)	tRNA-Ser	13076-13137:1
NC_065094.1	tRNA	trnA(ugc)	tRNA-Ala	13174-13240:1
NC_065094.1	tRNA	trnL(uaa)	tRNA-Leu	13240-13302:1
NC_065094.1	CDS	ND1	NADH dehydrogenase subunit 1	13302-14227:1
NC_065094.1	tRNA	trnI(gau)	tRNA-Ile	14227-14291:1
NC_065094.1	tRNA	trnK(uuu)	tRNA-Lys	14297-14360:1
NC_065094.1	CDS	ND3	NADH dehydrogenase subunit 3	14360-14705:1
NC_065094.1	tRNA	trnS(ucu)	tRNA-Ser	14703-14771:1
NC_065094.1	CDS	ND2	NADH dehydrogenase subunit 2	14771-15758:1
NC_065094.1	tRNA	trnC(gca)	tRNA-Cys	15757-15818:1
NC_065095.1	CDS	COX1	cytochrome c oxidase subunit I	0-1537:1
NC_065095.1	tRNA	trnN(guu)	tRNA-Asn	1537-1601:1
NC_065095.1	CDS	COX2	cytochrome c oxidase subunit II	1601-2291:1
NC_065095.1	tRNA	trnG(ucc)	tRNA-Gly	2367-2433:1
NC_065095.1	tRNA	trnY(gua)	tRNA-Tyr	3587-3653:1
NC_065095.1	tRNA	trnM(cau)	tRNA-Met	3886-3951:1
NC_065095.1	tRNA	trnD(guc)	tRNA-Asp	3954-4018:1
NC_065095.1	CDS	COX3	cytochrome c oxidase subunit III	4051-4829:1
NC_065095.1	tRNA	trnQ(uug)	tRNA-Gln	4829-4892:1
NC_065095.1	CDS	ND6	NADH dehydrogenase subunit 6	4913-5366:1
NC_065095.1	CDS	CYTB	cytochrome b	5358-6495:1
NC_065095.1	tRNA	trnW(uca)	tRNA-Trp	6496-6559:1
NC_065095.1	CDS	ATP6	ATP synthase F0 subunit 6	6559-7255:1
NC_065095.1	tRNA	trnR(ucg)	tRNA-Arg	7262-7315:1
NC_065095.1	tRNA	trnH(gug)	tRNA-His	7315-7379:1
NC_065095.1	CDS	ND5	NADH dehydrogenase subunit 5	7400-9060:1
NC_065095.1	tRNA	trnF(gaa)	tRNA-Phe	9060-9124:1
NC_065095.1	tRNA	trnE(uuc)	tRNA-Glu	9132-9202:1
NC_065095.1	tRNA	trnP(ugg)	tRNA-Pro	9200-9264:1
NC_065095.1	tRNA	trnT(ugu)	tRNA-Thr	9272-9340:1
NC_065095.1	CDS	ND4L	NADH dehydrogenase subunit 4L	9352-9628:1
NC_065095.1	CDS	ND4	NADH dehydrogenase subunit 4	9630-10953:1
NC_065095.1	rRNA		12S ribosomal RNA	10950-11761:1
NC_065095.1	tRNA	trnV(uac)	tRNA-Val	11761-11824:1
NC_065095.1	rRNA		16S ribosomal RNA	11824-13020:1
NC_065095.1	tRNA	trnL(uag)	tRNA-Leu	13020-13084:1
NC_065095.1	tRNA	trnS(uga)	tRNA-Ser	13088-13149:1
NC_065095.1	tRNA	trnA(ugc)	tRNA-Ala	13163-13228:1
NC_065095.1	tRNA	trnL(uaa)	tRNA-Leu	13228-13290:1
NC_065095.1	CDS	ND1	NADH dehydrogenase subunit 1	13290-14215:1
NC_065095.1	tRNA	trnI(gau)	tRNA-Ile	14215-14279:1
NC_065095.1	tRNA	trnK(uuu)	tRNA-Lys	14292-14357:1
NC_065095.1	CDS	ND3	NADH dehydrogenase subunit 3	14357-14702:1
NC_065095.1	tRNA	trnS(ucu)	tRNA-Ser	14703-14771:1
NC_065095.1	CDS	ND2	NADH dehydrogenase subunit 2	14771-15770:1
NC_065095.1	tRNA	trnC(gca)	tRNA-Cys	15770-15831:1
NC_065212.1	CDS	COX1	cytochrome c oxidase subunit I	0-1540:1
NC_065212.1	tRNA		tRNA-Asn	1540-1601:1
NC_065212.1	CDS	COX2	cytochrome c oxidase subunit II	1602-2289:1
NC_065212.1	tRNA		tRNA-Asp	2289-2350:1
NC_065212.1	CDS	ATP8	ATP synthase F0 subunit 8	2350-2510:1
NC_065212.1	tRNA		tRNA-Tyr	2510-2573:1
NC_065212.1	tRNA		tRNA-Gly	2571-2635:1
NC_065212.1	CDS	COX3	cytochrome c oxidase subunit III	2636-3414:1
NC_065212.1	tRNA		tRNA-Gln	3415-3484:1
NC_065212.1	CDS	ND6	NADH dehydrogenase subunit 6	3484-3953:1
NC_065212.1	CDS	CYTB	cytochrome b	3953-5093:1
NC_065212.1	tRNA		tRNA-Trp	5091-5154:1
NC_065212.1	CDS	ATP6	ATP synthase F0 subunit 6	5156-5852:1
NC_065212.1	tRNA		tRNA-Arg	5850-5913:1
NC_065212.1	tRNA		tRNA-His	7064-7126:1
NC_065212.1	CDS	ND5	NADH dehydrogenase subunit 5	7126-8848:1
NC_065212.1	tRNA		tRNA-Phe	8848-8911:1
NC_065212.1	tRNA		tRNA-Glu	8912-8975:1
NC_065212.1	tRNA		tRNA-Pro	8973-9037:1
NC_065212.1	tRNA		tRNA-Thr	9037-9100:1
NC_065212.1	CDS	ND4L	NADH dehydrogenase subunit 4L	9100-9397:1
NC_065212.1	CDS	ND4	NADH dehydrogenase subunit 4	9390-10749:1
NC_065212.1	tRNA		tRNA-Cys	10747-10812:1
NC_065212.1	tRNA		tRNA-Met	10817-10880:1
NC_065212.1	rRNA		12S ribosomal RNA	10878-11666:1
NC_065212.1	tRNA		tRNA-Val	11666-11729:1
NC_065212.1	rRNA		16S ribosomal RNA	11717-12995:1
NC_065212.1	tRNA		tRNA-Leu	12992-13055:1
NC_065212.1	tRNA		tRNA-Ala	13055-13117:1
NC_065212.1	tRNA		tRNA-Ser	13115-13182:1
NC_065212.1	tRNA		tRNA-Leu	13183-13245:1
NC_065212.1	CDS	ND1	NADH dehydrogenase subunit 1	13246-14165:1
NC_065212.1	tRNA		tRNA-Ile	14165-14229:1
NC_065212.1	tRNA		tRNA-Lys	14229-14294:1
NC_065212.1	CDS	ND3	NADH dehydrogenase subunit 3	14294-14648:1
NC_065212.1	tRNA		tRNA-Ser	14646-14710:1
NC_065212.1	CDS	ND2	NADH dehydrogenase subunit 2	14711-15714:1
NC_065213.1	CDS	COX1	cytochrome c oxidase subunit I	0-1540:1
NC_065213.1	tRNA		tRNA-Asn	1540-1601:1
NC_065213.1	CDS	COX2	cytochrome c oxidase subunit II	1602-2289:1
NC_065213.1	tRNA		tRNA-Asp	2289-2350:1
NC_065213.1	CDS	ATP8	ATP synthase F0 subunit 8	2350-2513:1
NC_065213.1	tRNA		tRNA-Tyr	2513-2576:1
NC_065213.1	tRNA		tRNA-Gly	2574-2637:1
NC_065213.1	CDS	COX3	cytochrome c oxidase subunit III	2638-3416:1
NC_065213.1	tRNA		tRNA-Gln	3417-3486:1
NC_065213.1	CDS	ND6	NADH dehydrogenase subunit 6	3486-3955:1
NC_065213.1	CDS	CYTB	cytochrome b	3955-5095:1
NC_065213.1	tRNA		tRNA-Trp	5093-5155:1
NC_065213.1	CDS	ATP6	ATP synthase F0 subunit 6	5157-5853:1
NC_065213.1	tRNA		tRNA-Arg	5851-5912:1
NC_065213.1	tRNA		tRNA-His	7900-7962:1
NC_065213.1	CDS	ND5	NADH dehydrogenase subunit 5	7962-9684:1
NC_065213.1	tRNA		tRNA-Phe	9684-9746:1
NC_065213.1	tRNA		tRNA-Glu	9749-9812:1
NC_065213.1	tRNA		tRNA-Pro	9810-9874:1
NC_065213.1	tRNA		tRNA-Thr	9874-9939:1
NC_065213.1	CDS	ND4L	NADH dehydrogenase subunit 4L	9939-10236:1
NC_065213.1	CDS	ND4	NADH dehydrogenase subunit 4	10229-11588:1
NC_065213.1	tRNA		tRNA-Cys	11586-11651:1
NC_065213.1	tRNA		tRNA-Met	11655-11718:1
NC_065213.1	rRNA		12S ribosomal RNA	11716-12504:1
NC_065213.1	tRNA		tRNA-Val	12504-12568:1
NC_065213.1	rRNA		16S ribosomal RNA	12568-13838:1
NC_065213.1	tRNA		tRNA-Leu	13835-13897:1
NC_065213.1	tRNA		tRNA-Ala	13898-13960:1
NC_065213.1	tRNA		tRNA-Ser	13958-14025:1
NC_065213.1	tRNA		tRNA-Leu	14026-14090:1
NC_065213.1	CDS	ND1	NADH dehydrogenase subunit 1	14091-15010:1
NC_065213.1	tRNA		tRNA-Ile	15010-15074:1
NC_065213.1	tRNA		tRNA-Lys	15075-15140:1
NC_065213.1	CDS	ND3	NADH dehydrogenase subunit 3	15140-15494:1
NC_065213.1	tRNA		tRNA-Ser	15492-15556:1
NC_065213.1	CDS	ND2	NADH dehydrogenase subunit 2	15557-16560:1
NC_065392.1	tRNA		tRNA-His	110-172:1
NC_065392.1	CDS	ND5	NADH dehydrogenase subunit 5	172-1871:1
NC_065392.1	tRNA		tRNA-Phe	1870-1939:1
NC_065392.1	tRNA		tRNA-Glu	1939-2002:1
NC_065392.1	tRNA		tRNA-Pro	2002-2062:1
NC_065392.1	tRNA		tRNA-Thr	2062-2123:1
NC_065392.1	CDS	ND4L	NADH dehydrogenase subunit 4L	2123-2417:1
NC_065392.1	CDS	ND4	NADH dehydrogenase subunit 4	2410-3748:1
NC_065392.1	tRNA		tRNA-Cys	3793-3861:1
NC_065392.1	tRNA		tRNA-Met	3861-3925:1
NC_065392.1	rRNA		small subunit ribosomal RNA	3925-4659:1
NC_065392.1	tRNA		tRNA-Val	4659-4722:1
NC_065392.1	rRNA		large subunit ribosomal RNA	4755-5860:1
NC_065392.1	tRNA		tRNA-Leu	5860-5922:1
NC_065392.1	tRNA		tRNA-Ala	5922-5985:1
NC_065392.1	tRNA		tRNA-Ser	5985-6053:1
NC_065392.1	tRNA		tRNA-Leu	6053-6116:1
NC_065392.1	CDS	ND1	NADH dehydrogenase subunit 1	6116-7044:1
NC_065392.1	tRNA		tRNA-Ile	7044-7104:1
NC_065392.1	tRNA		tRNA-Lys	7109-7171:1
NC_065392.1	CDS	ND3	NADH dehydrogenase subunit 3	7171-7525:1
NC_065392.1	tRNA		tRNA-Ser	7523-7587:1
NC_065392.1	CDS	ND2	NADH dehydrogenase subunit 2	7587-8569:1
NC_065392.1	CDS	COX1	cytochrome c oxidase subunit I	8569-10106:1
NC_065392.1	tRNA		tRNA-Asn	10106-10169:1
NC_065392.1	CDS	COX2	cytochrome c oxidase subunit II	10169-10853:1
NC_065392.1	tRNA		tRNA-Asp	10852-10916:1
NC_065392.1	CDS	ATP8	ATP synthase F0 subunit 8	10916-11075:1
NC_065392.1	tRNA		tRNA-Tyr	11074-11139:1
NC_065392.1	tRNA		tRNA-Gly	11138-11200:1
NC_065392.1	CDS	COX3	cytochrome c oxidase subunit III	11200-11978:1
NC_065392.1	tRNA		tRNA-Gln	11977-12047:1
NC_065392.1	CDS	ND6	NADH dehydrogenase subunit 6	12047-12507:1
NC_065392.1	CDS	CYTB	cytochrome b	12507-13632:1
NC_065392.1	tRNA		tRNA-Trp	13630-13693:1
NC_065392.1	CDS	ATP6	ATP synthase F0 subunit 6	13694-14391:1
NC_065392.1	tRNA		tRNA-Arg	14391-14454:1
NC_065765.1	tRNA		tRNA-Leu	822-889:1
NC_065765.1	tRNA		tRNA-Lys	958-1024:1
NC_065765.1	tRNA		tRNA-Thr	1168-1231:1
NC_065765.1	tRNA		tRNA-Asp	1552-1616:1
NC_065765.1	tRNA		tRNA-Glu	1707-1772:1
NC_065765.1	tRNA		tRNA-Gln	1771-1839:1
NC_065765.1	CDS	ND2	NADH dehydrogenase subunit 2	1973-2987:1
NC_065765.1	CDS	ND3	NADH dehydrogenase subunit 3	3008-3362:1
NC_065765.1	tRNA		tRNA-Asn	3396-3463:1
NC_065765.1	tRNA		tRNA-Ile	3467-3532:1
NC_065765.1	tRNA		tRNA-Ser	3566-3631:1
NC_065765.1	tRNA		tRNA-Met	3642-3705:1
NC_065765.1	tRNA		tRNA-Trp	3709-3778:1
NC_065765.1	tRNA		tRNA-Phe	3829-3891:1
NC_065765.1	tRNA		tRNA-His	3916-3980:1
NC_065765.1	tRNA		tRNA-Tyr	3980-4043:1
NC_065765.1	tRNA		tRNA-Val	4042-4106:1
NC_065765.1	tRNA		tRNA-Ala	4107-4174:1
NC_065765.1	tRNA		tRNA-Arg	4177-4231:1
NC_065765.1	CDS	COX1	cytochrome c oxidase subunit I	4241-5777:1
NC_065765.1	CDS	COX2	cytochrome c oxidase subunit II	5777-6476:1
NC_065765.1	CDS	CYTB	cytochrome b	6481-7616:1
NC_065765.1	tRNA		tRNA-Leu	7615-7680:1
NC_065765.1	CDS	ATP6	ATP synthase F0 subunit 6	7688-8375:1
NC_065765.1	CDS	ND4L	NADH dehydrogenase subunit 4L	8374-8671:1
NC_065765.1	CDS	ND4	NADH dehydrogenase subunit 4	8664-9984:1
NC_065765.1	tRNA		tRNA-Pro	9988-10055:1
NC_065765.1	CDS	ND1	NADH dehydrogenase subunit 1	10058-10979:1
NC_065765.1	tRNA		tRNA-Cys	11004-11063:1
NC_065765.1	CDS	ATP8	ATP synthase F0 subunit 8	11063-11222:1
NC_065765.1	CDS	COX3	cytochrome c oxidase subunit III	11218-12001:1
NC_065765.1	tRNA		tRNA-Ser	12003-12073:1
NC_065765.1	CDS	ND5	NADH dehydrogenase subunit 5	12157-13840:1
NC_065765.1	tRNA		tRNA-Gly	13838-13909:1
NC_065765.1	rRNA		16S ribosomal RNA	14062-15074:1
NC_065765.1	rRNA		12S ribosomal RNA	15095-15891:1
NC_065765.1	CDS	ND6	NADH dehydrogenase subunit 6	15886-16357:1
NC_066398.1	CDS	COX1	cytochrome c oxidase subunit I	0-1540:1
NC_066398.1	tRNA	trnN(guu)	tRNA-Asn	1540-1601:1
NC_066398.1	CDS	COX2	cytochrome c oxidase subunit II	1602-2289:1
NC_066398.1	tRNA	trnD(guc)	tRNA-Asp	2287-2349:1
NC_066398.1	CDS	ATP8	ATP synthase F0 subunit 8	2349-2510:1
NC_066398.1	tRNA	trnY(gua)	tRNA-Tyr	2510-2574:1
NC_066398.1	tRNA	trnG(ucc)	tRNA-Gly	2572-2635:1
NC_066398.1	CDS	COX3	cytochrome c oxidase subunit III	2635-3413:1
NC_066398.1	tRNA	trnQ(uug)	tRNA-Gln	3413-3482:1
NC_066398.1	CDS	ND6	NADH dehydrogenase subunit 6	3482-3950:1
NC_066398.1	CDS	CYTB	cytochrome b	3951-5097:1
NC_066398.1	tRNA	trnW(uca)	tRNA-Trp	5095-5156:1
NC_066398.1	CDS	ATP6	ATP synthase F0 subunit 6	5157-5853:1
NC_066398.1	tRNA	trnR(ucg)	tRNA-Arg	5857-5923:1
NC_066398.1	tRNA	trnH(gug)	tRNA-His	6410-6473:1
NC_066398.1	CDS	ND5	NADH dehydrogenase subunit 5	6473-8195:1
NC_066398.1	tRNA	trnF(gaa)	tRNA-Phe	8194-8256:1
NC_066398.1	tRNA	trnE(uuc)	tRNA-Glu	8258-8323:1
NC_066398.1	tRNA	trnP(ugg)	tRNA-Pro	8327-8389:1
NC_066398.1	tRNA	trnT(ugu)	tRNA-Thr	8394-8457:1
NC_066398.1	CDS	ND4L	NADH dehydrogenase subunit 4L	8457-8749:1
NC_066398.1	CDS	ND4	NADH dehydrogenase subunit 4	8747-10107:1
NC_066398.1	tRNA	trnC(gca)	tRNA-Cys	10107-10171:1
NC_066398.1	tRNA	trnM(cau)	tRNA-Met	10173-10236:1
NC_066398.1	rRNA	s-rRNA	12S ribosomal RNA	10236-11037:1
NC_066398.1	tRNA	trnV(uac)	tRNA-Val	11037-11104:1
NC_066398.1	rRNA	l-rRNA	16S ribosomal RNA	11104-12340:1
NC_066398.1	tRNA	trnL(uag)	tRNA-Leu	12340-12402:1
NC_066398.1	tRNA	trnA(ugc)	tRNA-Ala	12403-12468:1
NC_066398.1	tRNA	trnS(uga)	tRNA-Ser	12468-12534:1
NC_066398.1	tRNA	trnL(uaa)	tRNA-Leu	12534-12595:1
NC_066398.1	CDS	ND1	NADH dehydrogenase subunit 1	12595-13525:1
NC_066398.1	tRNA	trnI(gau)	tRNA-Ile	13523-13587:1
NC_066398.1	tRNA	trnK(uuu)	tRNA-Lys	13588-13652:1
NC_066398.1	CDS	ND3	NADH dehydrogenase subunit 3	13652-14006:1
NC_066398.1	tRNA	trnS(ucu)	tRNA-Ser	14006-14072:1
NC_066398.1	CDS	ND2	NADH dehydrogenase subunit 2	14071-15080:1
NC_066399.1	CDS	COX1	cytochrome c oxidase subunit I	0-1540:1
NC_066399.1	tRNA	trnN(guu)	tRNA-Asn	1540-1600:1
NC_066399.1	CDS	COX2	cytochrome c oxidase subunit II	1601-2288:1
NC_066399.1	tRNA	trnD(guc)	tRNA-Asp	2287-2348:1
NC_066399.1	CDS	ATP8	ATP synthase F0 subunit 8	2348-2508:1
NC_066399.1	tRNA	trnY(gua)	tRNA-Tyr	2508-2568:1
NC_066399.1	tRNA	trnG(ucc)	tRNA-Gly	2568-2630:1
NC_066399.1	CDS	COX3	cytochrome c oxidase subunit III	2631-3410:1
NC_066399.1	tRNA	trnQ(uug)	tRNA-Gln	3410-3479:1
NC_066399.1	CDS	ND6	NADH dehydrogenase subunit 6	3479-3945:1
NC_066399.1	CDS	CYTB	cytochrome b	3945-5085:1
NC_066399.1	tRNA	trnW(uca)	tRNA-Trp	5083-5145:1
NC_066399.1	CDS	ATP6	ATP synthase F0 subunit 6	5147-5843:1
NC_066399.1	tRNA	trnR(ucg)	tRNA-Arg	5841-5901:1
NC_066399.1	tRNA	trnH(gug)	tRNA-His	6658-6720:1
NC_066399.1	CDS	ND5	NADH dehydrogenase subunit 5	6720-8442:1
NC_066399.1	tRNA	trnF(gaa)	tRNA-Phe	8442-8502:1
NC_066399.1	tRNA	trnE(uuc)	tRNA-Glu	8505-8568:1
NC_066399.1	tRNA	trnP(ugg)	tRNA-Pro	8566-8629:1
NC_066399.1	tRNA	trnT(ugu)	tRNA-Thr	8630-8694:1
NC_066399.1	CDS	ND4L	NADH dehydrogenase subunit 4L	8694-8991:1
NC_066399.1	CDS	ND4	NADH dehydrogenase subunit 4	8984-10343:1
NC_066399.1	tRNA	trnC(gca)	tRNA-Cys	10341-10406:1
NC_066399.1	tRNA	trnM(cau)	tRNA-Met	10407-10470:1
NC_066399.1	rRNA	s-rRNA	12S ribosomal RNA	10468-11252:1
NC_066399.1	tRNA	trnV(uac)	tRNA-Val	11252-11314:1
NC_066399.1	rRNA	l-rRNA	16S ribosomal RNA	11312-12562:1
NC_066399.1	tRNA	trnL(uag)	tRNA-Leu	12562-12622:1
NC_066399.1	tRNA	trnA(ugc)	tRNA-Ala	12623-12687:1
NC_066399.1	tRNA	trnS(uga)	tRNA-Ser	12685-12752:1
NC_066399.1	tRNA	trnL(uaa)	tRNA-Leu	12752-12814:1
NC_066399.1	CDS	ND1	NADH dehydrogenase subunit 1	12814-13736:1
NC_066399.1	tRNA	trnI(gau)	tRNA-Ile	13736-13801:1
NC_066399.1	tRNA	trnK(uuu)	tRNA-Lys	13803-13867:1
NC_066399.1	CDS	ND3	NADH dehydrogenase subunit 3	13867-14221:1
NC_066399.1	tRNA	trnS(ucu)	tRNA-Ser	14219-14283:1
NC_066399.1	CDS	ND2	NADH dehydrogenase subunit 2	14284-15290:1
NC_066400.1	CDS	COX1	cytochrome c oxidase subunit I	0-1540:1
NC_066400.1	tRNA	trnN(guu)	tRNA-Asn	1540-1601:1
NC_066400.1	CDS	COX2	cytochrome c oxidase subunit II	1602-2289:1
NC_066400.1	tRNA	trnD(guc)	tRNA-Asp	2288-2349:1
NC_066400.1	CDS	ATP8	ATP synthase F0 subunit 8	2349-2509:1
NC_066400.1	tRNA	trnY(gua)	tRNA-Tyr	2509-2572:1
NC_066400.1	tRNA	trnG(ucc)	tRNA-Gly	2570-2633:1
NC_066400.1	CDS	COX3	cytochrome c oxidase subunit III	2634-3413:1
NC_066400.1	tRNA	trnQ(uug)	tRNA-Gln	3413-3482:1
NC_066400.1	CDS	ND6	NADH dehydrogenase subunit 6	3482-3950:1
NC_066400.1	CDS	CYTB	cytochrome b	3951-5091:1
NC_066400.1	tRNA	trnW(uca)	tRNA-Trp	5089-5153:1
NC_066400.1	CDS	ATP6	ATP synthase F0 subunit 6	5155-5851:1
NC_066400.1	tRNA	trnR(ucg)	tRNA-Arg	5857-5920:1
NC_066400.1	tRNA	trnH(gug)	tRNA-His	6327-6389:1
NC_066400.1	CDS	ND5	NADH dehydrogenase subunit 5	6389-8111:1
NC_066400.1	tRNA	trnF(gaa)	tRNA-Phe	8233-8294:1
NC_066400.1	tRNA	trnE(uuc)	tRNA-Glu	8295-8358:1
NC_066400.1	tRNA	trnP(ugg)	tRNA-Pro	8356-8420:1
NC_066400.1	tRNA	trnT(ugu)	tRNA-Thr	8420-8483:1
NC_066400.1	CDS	ND4L	NADH dehydrogenase subunit 4L	8483-8775:1
NC_066400.1	CDS	ND4	NADH dehydrogenase subunit 4	8773-10132:1
NC_066400.1	tRNA	trnC(gca)	tRNA-Cys	10130-10195:1
NC_066400.1	tRNA	trnM(cau)	tRNA-Met	10196-10259:1
NC_066400.1	rRNA	s-rRNA	12S ribosomal RNA	10257-11045:1
NC_066400.1	tRNA	trnV(uac)	tRNA-Val	11045-11108:1
NC_066400.1	rRNA	l-rRNA	16S ribosomal RNA	11106-12362:1
NC_066400.1	tRNA	trnL(uag)	tRNA-Leu	12359-12421:1
NC_066400.1	tRNA	trnA(ugc)	tRNA-Ala	12425-12487:1
NC_066400.1	tRNA	trnS(uga)	tRNA-Ser	12485-12552:1
NC_066400.1	tRNA	trnL(uaa)	tRNA-Leu	12552-12614:1
NC_066400.1	CDS	ND1	NADH dehydrogenase subunit 1	12615-13537:1
NC_066400.1	tRNA	trnI(gau)	tRNA-Ile	13537-13603:1
NC_066400.1	tRNA	trnK(uuu)	tRNA-Lys	13603-13666:1
NC_066400.1	CDS	ND3	NADH dehydrogenase subunit 3	13666-14020:1
NC_066400.1	tRNA	trnS(ucu)	tRNA-Ser	14018-14082:1
NC_066400.1	CDS	ND2	NADH dehydrogenase subunit 2	14083-15089:1
NC_066720.1	CDS	COX1	cytochrome c oxidase subunit I	0-1540:1
NC_066720.1	tRNA	trnN(guu)	tRNA-Asn	1540-1601:1
NC_066720.1	CDS	COX2	cytochrome c oxidase subunit II	1602-2289:1
NC_066720.1	tRNA	trnD(guc)	tRNA-Asp	2288-2349:1
NC_066720.1	CDS	ATP8	ATP synthase F0 subunit 8	2349-2509:1
NC_066720.1	tRNA	trnY(gua)	tRNA-Tyr	2509-2571:1
NC_066720.1	tRNA	trnG(ucc)	tRNA-Gly	2569-2632:1
NC_066720.1	CDS	COX3	cytochrome c oxidase subunit III	2633-3411:1
NC_066720.1	tRNA	trnQ(uug)	tRNA-Gln	3412-3481:1
NC_066720.1	CDS	ND6	NADH dehydrogenase subunit 6	3481-3949:1
NC_066720.1	CDS	CYTB	cytochrome b	3950-5090:1
NC_066720.1	tRNA	trnW(uca)	tRNA-Trp	5088-5150:1
NC_066720.1	CDS	ATP6	ATP synthase F0 subunit 6	5152-5848:1
NC_066720.1	tRNA	trnR(ucg)	tRNA-Arg	5849-5914:1
NC_066720.1	tRNA	trnH(gug)	tRNA-His	6354-6416:1
NC_066720.1	CDS	ND5	NADH dehydrogenase subunit 5	6416-8138:1
NC_066720.1	tRNA	trnF(gaa)	tRNA-Phe	8138-8199:1
NC_066720.1	tRNA	trnE(uuc)	tRNA-Glu	8199-8262:1
NC_066720.1	tRNA	trnP(ugg)	tRNA-Pro	8260-8324:1
NC_066720.1	tRNA	trnT(ugu)	tRNA-Thr	8324-8387:1
NC_066720.1	CDS	ND4L	NADH dehydrogenase subunit 4L	8387-8684:1
NC_066720.1	CDS	ND4	NADH dehydrogenase subunit 4	8686-10036:1
NC_066720.1	tRNA	trnC(gca)	tRNA-Cys	10034-10099:1
NC_066720.1	tRNA	trnM(cau)	tRNA-Met	10100-10163:1
NC_066720.1	rRNA	rrn12	12S ribosomal RNA	10161-10950:1
NC_066720.1	tRNA	trnV(uac)	tRNA-Val	10950-11013:1
NC_066720.1	rRNA	rrn16	16S ribosomal RNA	11013-12269:1
NC_066720.1	tRNA	trnL(uag)	tRNA-Leu	12266-12328:1
NC_066720.1	tRNA	trnA(ugc)	tRNA-Ala	12335-12397:1
NC_066720.1	tRNA	trnS(uga)	tRNA-Ser	12395-12462:1
NC_066720.1	tRNA	trnL(uaa)	tRNA-Leu	12462-12524:1
NC_066720.1	CDS	ND1	NADH dehydrogenase subunit 1	12525-13447:1
NC_066720.1	tRNA	trnI(gau)	tRNA-Ile	13447-13511:1
NC_066720.1	tRNA	trnK(uuu)	tRNA-Lys	13511-13575:1
NC_066720.1	CDS	ND3	NADH dehydrogenase subunit 3	13575-13929:1
NC_066720.1	tRNA	trnS(ucu)	tRNA-Ser	13927-13991:1
NC_066720.1	CDS	ND2	NADH dehydrogenase subunit 2	13992-14998:1
NC_066721.1	CDS	COX1	cytochrome c oxidase subunit I	0-1540:1
NC_066721.1	tRNA	trnN(guu)	tRNA-Asn	1540-1601:1
NC_066721.1	CDS	COX2	cytochrome c oxidase subunit II	1602-2289:1
NC_066721.1	tRNA	trnD(guc)	tRNA-Asp	2288-2349:1
NC_066721.1	CDS	ATP8	ATP synthase F0 subunit 8	2349-2509:1
NC_066721.1	tRNA	trnY(gua)	tRNA-Tyr	2509-2572:1
NC_066721.1	tRNA	trnG(ucc)	tRNA-Gly	2570-2633:1
NC_066721.1	CDS	COX3	cytochrome c oxidase subunit III	2634-3412:1
NC_066721.1	tRNA	trnQ(uug)	tRNA-Gln	3413-3482:1
NC_066721.1	CDS	ND6	NADH dehydrogenase subunit 6	3482-3950:1
NC_066721.1	CDS	CYTB	cytochrome b	3951-5091:1
NC_066721.1	tRNA	trnW(uca)	tRNA-Trp	5089-5153:1
NC_066721.1	CDS	ATP6	ATP synthase F0 subunit 6	5155-5851:1
NC_066721.1	tRNA	trnR(ucg)	tRNA-Arg	5857-5920:1
NC_066721.1	tRNA	trnH(gug)	tRNA-His	6364-6426:1
NC_066721.1	CDS	ND5	NADH dehydrogenase subunit 5	6426-8148:1
NC_066721.1	tRNA	trnF(gaa)	tRNA-Phe	8270-8331:1
NC_066721.1	tRNA	trnE(uuc)	tRNA-Glu	8332-8395:1
NC_066721.1	tRNA	trnP(ugg)	tRNA-Pro	8393-8457:1
NC_066721.1	tRNA	trnT(ugu)	tRNA-Thr	8457-8520:1
NC_066721.1	CDS	ND4L	NADH dehydrogenase subunit 4L	8520-8817:1
NC_066721.1	CDS	ND4	NADH dehydrogenase subunit 4	8810-10169:1
NC_066721.1	tRNA	trnC(gca)	tRNA-Cys	10167-10232:1
NC_066721.1	tRNA	trnM(cau)	tRNA-Met	10233-10296:1
NC_066721.1	rRNA	rrn12	12S ribosomal RNA	10294-11082:1
NC_066721.1	tRNA	trnV(uac)	tRNA-Val	11082-11145:1
NC_066721.1	rRNA	rrn16	16S ribosomal RNA	11143-12398:1
NC_066721.1	tRNA	trnL(uag)	tRNA-Leu	12395-12457:1
NC_066721.1	tRNA	trnA(ugc)	tRNA-Ala	12461-12523:1
NC_066721.1	tRNA	trnS(uga)	tRNA-Ser	12521-12588:1
NC_066721.1	tRNA	trnL(uaa)	tRNA-Leu	12588-12650:1
NC_066721.1	CDS	ND1	NADH dehydrogenase subunit 1	12651-13573:1
NC_066721.1	tRNA	trnI(gau)	tRNA-Ile	13573-13639:1
NC_066721.1	tRNA	trnK(uuu)	tRNA-Lys	13639-13702:1
NC_066721.1	CDS	ND3	NADH dehydrogenase subunit 3	13702-14056:1
NC_066721.1	tRNA	trnS(ucu)	tRNA-Ser	14054-14118:1
NC_066721.1	CDS	ND2	NADH dehydrogenase subunit 2	14119-15125:1
NC_066969.1	CDS	ND3	NADH dehydrogenase subunit 3	0-354:1
NC_066969.1	tRNA	trnS(ucu)	tRNA-Ser	356-426:1
NC_066969.1	CDS	ND2	NADH dehydrogenase subunit 2	471-1429:1
NC_066969.1	CDS	COX1	cytochrome c oxidase subunit I	1429-2963:1
NC_066969.1	tRNA	trnN(guu)	tRNA-Asn	2963-3027:1
NC_066969.1	CDS	COX2	cytochrome c oxidase subunit II	3027-3720:1
NC_066969.1	tRNA	trnD(guc)	tRNA-Asp	3726-3792:1
NC_066969.1	CDS	ATP8	ATP synthase F0 subunit 8	3792-3954:1
NC_066969.1	tRNA	trnY(gua)	tRNA-Tyr	3949-4016:1
NC_066969.1	CDS	COX3	cytochrome c oxidase subunit III	4019-4794:1
NC_066969.1	tRNA	trnQ(uug)	tRNA-Gln	4794-4863:1
NC_066969.1	CDS	ND6	NADH dehydrogenase subunit 6	4863-5334:1
NC_066969.1	CDS	CYTB	cytochrome b	5338-6466:1
NC_066969.1	tRNA	trnW(uca)	tRNA-Trp	6464-6529:1
NC_066969.1	CDS	ATP6	ATP synthase F0 subunit 6	6628-7228:1
NC_066969.1	tRNA	trnR(ucg)	tRNA-Arg	7235-7299:1
NC_066969.1	tRNA	trnH(gug)	tRNA-His	7299-7361:1
NC_066969.1	CDS	ND5	NADH dehydrogenase subunit 5	7388-9102:1
NC_066969.1	tRNA	trnF(gaa)	tRNA-Phe	9102-9168:1
NC_066969.1	tRNA	trnP(ugg)	tRNA-Pro	9171-9235:1
NC_066969.1	tRNA	trnT(ugu)	tRNA-Thr	9237-9302:1
NC_066969.1	CDS	ND4L	NADH dehydrogenase subunit 4L	9326-9587:1
NC_066969.1	CDS	ND4	NADH dehydrogenase subunit 4	9580-10940:1
NC_066969.1	tRNA	trnC(gca)	tRNA-Cys	10940-11003:1
NC_066969.1	tRNA	trnG(ucc)	tRNA-Gly	11276-11341:1
NC_066969.1	tRNA	trnM(cau)	tRNA-Met	11345-11410:1
NC_066969.1	rRNA	rrn12	12S ribosomal RNA	11411-12250:1
NC_066969.1	tRNA	trnV(uac)	tRNA-Val	12250-12307:1
NC_066969.1	rRNA	rrn16	16S ribosomal RNA	12289-13590:1
NC_066969.1	tRNA	trnL(uag)	tRNA-Leu	13580-13645:1
NC_066969.1	tRNA	trnS(uga)	tRNA-Ser	13645-13712:1
NC_066969.1	tRNA	trnA(ugc)	tRNA-Ala	13712-13775:1
NC_066969.1	tRNA	trnE(uuc)	tRNA-Glu	13780-13846:1
NC_066969.1	tRNA	trnL(uaa)	tRNA-Leu	14467-14529:1
NC_066969.1	CDS	ND1	NADH dehydrogenase subunit 1	14559-15462:1
NC_066969.1	tRNA	trnI(gau)	tRNA-Ile	15464-15529:1
NC_066969.1	tRNA	trnK(uuu)	tRNA-Lys	15539-15601:1
NC_068907.1	CDS	COX1	cytochrome c oxidase subunit I	0-1542:1
NC_068907.1	tRNA	trnN(gtt)	tRNA-Asn	1542-1606:1
NC_068907.1	CDS	COX2	cytochrome c oxidase subunit II	1606-2365:1
NC_068907.1	tRNA	trnD(gtc)	tRNA-Asp	2369-2436:1
NC_068907.1	CDS	ATP8	ATP synthase F0 subunit 8	2437-2599:1
NC_068907.1	tRNA	trnY(gta)	tRNA-Tyr	2597-2659:1
NC_068907.1	tRNA	trnG(tcc)	tRNA-Gly	2658-2725:1
NC_068907.1	CDS	COX3	cytochrome c oxidase subunit III	2727-3507:1
NC_068907.1	CDS	ND6	NADH dehydrogenase subunit 6	3526-4018:1
NC_068907.1	CDS	CYTB	cytochrome b	4010-5150:1
NC_068907.1	tRNA	trnW(tca)	tRNA-Trp	5148-5212:1
NC_068907.1	CDS	ATP6	ATP synthase F0 subunit 6	5214-5913:1
NC_068907.1	tRNA	trnR(tcg)	tRNA-Arg	5914-5977:1
NC_068907.1	tRNA	trnA(tgc)	tRNA-Ala	5977-6041:1
NC_068907.1	tRNA	trnS(tga)	tRNA-Ser	6044-6108:1
NC_068907.1	tRNA	trnL(taa)	tRNA-Leu	6108-6171:1
NC_068907.1	CDS	ND1	NADH dehydrogenase subunit 1	6171-7084:1
NC_068907.1	tRNA	trnH(gtg)	tRNA-His	7084-7149:1
NC_068907.1	CDS	ND5	NADH dehydrogenase subunit 5	7150-8860:1
NC_068907.1	tRNA	trnF(gaa)	tRNA-Phe	8861-8922:1
NC_068907.1	tRNA	trnE(ttc)	tRNA-Glu	8924-8990:1
NC_068907.1	tRNA	trnP(tgg)	tRNA-Pro	8991-9057:1
NC_068907.1	tRNA	trnT(tgt)	tRNA-Thr	9058-9127:1
NC_068907.1	CDS	ND4L	NADH dehydrogenase subunit 4L	9128-9419:1
NC_068907.1	CDS	ND4	NADH dehydrogenase subunit 4	9412-10771:1
NC_068907.1	tRNA	trnC(gca)	tRNA-Cys	11264-11327:1
NC_068907.1	tRNA	trnM(cat)	tRNA-Met	11327-11391:1
NC_068907.1	rRNA	rrn12	12S ribosomal RNA	11390-12229:1
NC_068907.1	tRNA	trnV(tac)	tRNA-Val	12222-12293:1
NC_068907.1	rRNA	rrn12	16S ribosomal RNA	12272-13590:1
NC_068907.1	tRNA	trnL(tag)	tRNA-Leu	13582-13646:1
NC_068907.1	tRNA	trnI(gat)	tRNA-Ile	13652-13721:1
NC_068907.1	tRNA	trnQ(ttg)	tRNA-Gln	13721-13790:1
NC_068907.1	tRNA	trnK(ttt)	tRNA-Lys	13789-13857:1
NC_068907.1	CDS	ND3	NADH dehydrogenase subunit 3	13857-14211:1
NC_068907.1	tRNA	trnS(tct)	tRNA-Ser	14209-14278:1
NC_068907.1	CDS	ND2	NADH dehydrogenase subunit 2	14278-15281:1
NC_069058.1	CDS	COX1	cytochrome c oxidase subunit I	0-1542:1
NC_069058.1	tRNA	trnN(gtt)	tRNA-Asn	1542-1606:1
NC_069058.1	CDS	COX2	cytochrome c oxidase subunit II	1606-2365:1
NC_069058.1	tRNA	trnD(gtc)	tRNA-Asp	2367-2435:1
NC_069058.1	CDS	ATP8	ATP synthase F0 subunit 8	2435-2597:1
NC_069058.1	tRNA	trnY(gta)	tRNA-Tyr	2595-2657:1
NC_069058.1	tRNA	trnG(tcc)	tRNA-Gly	2656-2722:1
NC_069058.1	CDS	COX3	cytochrome c oxidase subunit III	2724-3504:1
NC_069058.1	CDS	ND6	NADH dehydrogenase subunit 6	3524-4016:1
NC_069058.1	CDS	CYTB	cytochrome b	4008-5148:1
NC_069058.1	tRNA	trnW(tca)	tRNA-Trp	5146-5210:1
NC_069058.1	CDS	ATP6	ATP synthase F0 subunit 6	5212-5911:1
NC_069058.1	tRNA	trnR(tcg)	tRNA-Arg	5909-5971:1
NC_069058.1	tRNA	trnA(tgc)	tRNA-Ala	5971-6036:1
NC_069058.1	tRNA	trnS(tga)	tRNA-Ser	6037-6101:1
NC_069058.1	tRNA	trnL(taa)	tRNA-Leu	6101-6162:1
NC_069058.1	CDS	ND1	NADH dehydrogenase subunit 1	6162-7075:1
NC_069058.1	tRNA	trnH(gtg)	tRNA-His	7075-7139:1
NC_069058.1	CDS	ND5	NADH dehydrogenase subunit 5	7140-8850:1
NC_069058.1	tRNA	trnF(gaa)	tRNA-Phe	8851-8913:1
NC_069058.1	tRNA	trnE(ttc)	tRNA-Glu	8914-8979:1
NC_069058.1	tRNA	trnP(tgg)	tRNA-Pro	8980-9046:1
NC_069058.1	tRNA	trnT(tgt)	tRNA-Thr	9049-9116:1
NC_069058.1	CDS	ND4L	NADH dehydrogenase subunit 4L	9117-9408:1
NC_069058.1	CDS	ND4	NADH dehydrogenase subunit 4	9401-10766:1
NC_069058.1	tRNA	trnC(gca)	tRNA-Cys	11268-11331:1
NC_069058.1	tRNA	trnM(cat)	tRNA-Met	11331-11396:1
NC_069058.1	rRNA	rrn12	12S ribosomal RNA	11394-12236:1
NC_069058.1	tRNA	trnV(tac)	tRNA-Val	12229-12300:1
NC_069058.1	rRNA	rrn16	16S ribosomal RNA	12293-13596:1
NC_069058.1	tRNA	trnL(tag)	tRNA-Leu	13588-13652:1
NC_069058.1	tRNA	trnI(gat)	tRNA-Ile	13665-13734:1
NC_069058.1	tRNA	trnQ(ttg)	tRNA-Gln	13735-13803:1
NC_069058.1	tRNA	trnK(ttt)	tRNA-Lys	13802-13869:1
NC_069058.1	CDS	ND3	NADH dehydrogenase subunit 3	13869-14223:1
NC_069058.1	tRNA	trnS(tct)	tRNA-Ser	14221-14289:1
NC_069058.1	CDS	ND2	NADH dehydrogenase subunit 2	14289-15292:1
NC_069059.1	CDS	COX1	cytochrome c oxidase subunit I	0-1542:1
NC_069059.1	tRNA	trnN(gtt)	tRNA-Asn	1542-1606:1
NC_069059.1	CDS	COX2	cytochrome c oxidase subunit II	1606-2365:1
NC_069059.1	tRNA	trnD(gtc)	tRNA-Asp	2367-2435:1
NC_069059.1	CDS	ATP8	ATP synthase F0 subunit 8	2435-2597:1
NC_069059.1	tRNA	trnY(gta)	tRNA-Tyr	2595-2657:1
NC_069059.1	tRNA	trnG(tcc)	tRNA-Gly	2656-2722:1
NC_069059.1	CDS	COX3	cytochrome c oxidase subunit III	2724-3504:1
NC_069059.1	CDS	ND6	NADH dehydrogenase subunit 6	3524-4016:1
NC_069059.1	CDS	CYTB	cytochrome b	4008-5148:1
NC_069059.1	tRNA	trnW(tca)	tRNA-Trp	5146-5210:1
NC_069059.1	CDS	ATP6	ATP synthase F0 subunit 6	5212-5911:1
NC_069059.1	tRNA	trnR(tcg)	tRNA-Arg	5909-5971:1
NC_069059.1	tRNA	trnA(tgc)	tRNA-Ala	5971-6036:1
NC_069059.1	tRNA	trnS(tga)	tRNA-Ser	6037-6101:1
NC_069059.1	tRNA	trnL(taa)	tRNA-Leu	6101-6162:1
NC_069059.1	CDS	ND1	NADH dehydrogenase subunit 1	6162-7075:1
NC_069059.1	tRNA	trnH(gtg)	tRNA-His	7075-7139:1
NC_069059.1	CDS	ND5	NADH dehydrogenase subunit 5	7140-8850:1
NC_069059.1	tRNA	trnF(gaa)	tRNA-Phe	8851-8913:1
NC_069059.1	tRNA	trnE(ttc)	tRNA-Glu	8914-8979:1
NC_069059.1	tRNA	trnP(tgg)	tRNA-Pro	8980-9046:1
NC_069059.1	tRNA	trnT(tgt)	tRNA-Thr	9049-9116:1
NC_069059.1	CDS	ND4L	NADH dehydrogenase subunit 4L	9117-9408:1
NC_069059.1	CDS	ND4	NADH dehydrogenase subunit 4	9401-10766:1
NC_069059.1	tRNA	trnC(gca)	tRNA-Cys	11268-11331:1
NC_069059.1	tRNA	trnM(cat)	tRNA-Met	11331-11396:1
NC_069059.1	rRNA	rrn12	12S ribosomal RNA	11394-12236:1
NC_069059.1	tRNA	trnV(tac)	tRNA-Val	12229-12300:1
NC_069059.1	rRNA	rrn16	16S ribosomal RNA	12293-13597:1
NC_069059.1	tRNA	trnL(tag)	tRNA-Leu	13589-13653:1
NC_069059.1	tRNA	trnI(gat)	tRNA-Ile	13666-13735:1
NC_069059.1	tRNA	trnQ(ttg)	tRNA-Gln	13736-13804:1
NC_069059.1	tRNA	trnK(ttt)	tRNA-Lys	13803-13870:1
NC_069059.1	CDS	ND3	NADH dehydrogenase subunit 3	13870-14224:1
NC_069059.1	tRNA	trnS(tct)	tRNA-Ser	14222-14290:1
NC_069059.1	CDS	ND2	NADH dehydrogenase subunit 2	14290-15293:1
NC_069202.1	tRNA		tRNA-His	593-652:1
NC_069202.1	CDS	ND5	NADH dehydrogenase subunit 5	652-2354:1
NC_069202.1	tRNA		tRNA-Phe	2354-2417:1
NC_069202.1	tRNA		tRNA-Glu	2417-2476:1
NC_069202.1	tRNA		tRNA-Pro	2476-2538:1
NC_069202.1	tRNA		tRNA-Thr	2538-2599:1
NC_069202.1	CDS	ND4L	NADH dehydrogenase subunit 4L	2599-2893:1
NC_069202.1	CDS	ND4	NADH dehydrogenase subunit 4	2886-4219:1
NC_069202.1	tRNA		tRNA-Cys	4219-4283:1
NC_069202.1	tRNA		tRNA-Met	4283-4347:1
NC_069202.1	rRNA		12S ribosomal RNA	4347-5079:1
NC_069202.1	tRNA		tRNA-Val	5079-5148:1
NC_069202.1	rRNA		16S ribosomal RNA	5148-6295:1
NC_069202.1	tRNA		tRNA-Leu	6295-6357:1
NC_069202.1	tRNA		tRNA-Ala	6357-6417:1
NC_069202.1	tRNA		tRNA-Ser	6417-6483:1
NC_069202.1	tRNA		tRNA-Leu	6483-6545:1
NC_069202.1	CDS	ND1	NADH dehydrogenase subunit 1	6557-7572:1
NC_069202.1	tRNA		tRNA-Ile	7572-7634:1
NC_069202.1	tRNA		tRNA-Lys	7635-7696:1
NC_069202.1	CDS	ND3	NADH dehydrogenase subunit 3	7696-8048:1
NC_069202.1	tRNA		tRNA-Ser	8048-8115:1
NC_069202.1	CDS	ND2	NADH dehydrogenase subunit 2	8116-9139:1
NC_069202.1	CDS	COX1	cytochrome c oxidase subunit I	9145-10682:1
NC_069202.1	tRNA		tRNA-Asn	10682-10745:1
NC_069202.1	CDS	COX2	cytochrome c oxidase subunit II	10745-11424:1
NC_069202.1	tRNA		tRNA-Asp	11424-11489:1
NC_069202.1	CDS	ATP8	ATP synthase F0 subunit 8	11489-11650:1
NC_069202.1	tRNA		tRNA-Tyr	11650-11713:1
NC_069202.1	tRNA		tRNA-Gly	11722-11785:1
NC_069202.1	CDS	COX3	cytochrome c oxidase subunit III	11841-12562:1
NC_069202.1	tRNA		tRNA-Gln	12562-12631:1
NC_069202.1	CDS	ND6	NADH dehydrogenase subunit 6	12631-13105:1
NC_069202.1	CDS	CYTB	cytochrome b	13091-14232:1
NC_069202.1	tRNA		tRNA-Trp	14232-14294:1
NC_069202.1	CDS	ATP6	ATP synthase F0 subunit 6	14295-14998:1
NC_069202.1	tRNA		tRNA-Arg	14998-15059:1
NC_069203.1	tRNA		tRNA-His	460-525:1
NC_069203.1	tRNA		tRNA-Arg	551-611:1
NC_069203.1	CDS	ND5	NADH dehydrogenase subunit 5	712-2414:1
NC_069203.1	tRNA		tRNA-Phe	2414-2476:1
NC_069203.1	tRNA		tRNA-Glu	2476-2536:1
NC_069203.1	tRNA		tRNA-Pro	2536-2599:1
NC_069203.1	tRNA		tRNA-Thr	2599-2663:1
NC_069203.1	CDS	ND4L	NADH dehydrogenase subunit 4L	2663-2957:1
NC_069203.1	CDS	ND4	NADH dehydrogenase subunit 4	2950-4285:1
NC_069203.1	tRNA		tRNA-Cys	4285-4352:1
NC_069203.1	tRNA		tRNA-Met	4352-4416:1
NC_069203.1	rRNA		12S ribosomal RNA	4416-5148:1
NC_069203.1	tRNA		tRNA-Val	5148-5215:1
NC_069203.1	rRNA		16S ribosomal RNA	5215-6374:1
NC_069203.1	tRNA		tRNA-Leu	6374-6437:1
NC_069203.1	tRNA		tRNA-Ala	6437-6499:1
NC_069203.1	tRNA		tRNA-Ser	6499-6565:1
NC_069203.1	tRNA		tRNA-Leu	6565-6627:1
NC_069203.1	CDS	ND1	NADH dehydrogenase subunit 1	6627-7553:1
NC_069203.1	tRNA		tRNA-Ile	7553-7615:1
NC_069203.1	tRNA		tRNA-Lys	7615-7677:1
NC_069203.1	CDS	ND3	NADH dehydrogenase subunit 3	7677-8031:1
NC_069203.1	tRNA		tRNA-Ser	8311-8379:1
NC_069203.1	tRNA		tRNA-Ser	8739-8805:1
NC_069203.1	CDS	ND2	NADH dehydrogenase subunit 2	8806-9943:1
NC_069203.1	CDS	COX1	cytochrome c oxidase subunit I	9803-11340:1
NC_069203.1	tRNA		tRNA-Asn	11340-11403:1
NC_069203.1	CDS	COX2	cytochrome c oxidase subunit II	11403-12081:1
NC_069203.1	tRNA		tRNA-Asp	12084-12150:1
NC_069203.1	CDS	ATP8	ATP synthase F0 subunit 8	12150-12312:1
NC_069203.1	tRNA		tRNA-Tyr	12312-12376:1
NC_069203.1	tRNA		tRNA-Gly	12376-12434:1
NC_069203.1	CDS	COX3	cytochrome c oxidase subunit III	12434-13215:1
NC_069203.1	tRNA		tRNA-Gln	13215-13285:1
NC_069203.1	CDS	ND6	NADH dehydrogenase subunit 6	13286-13757:1
NC_069203.1	CDS	CYTB	cytochrome b	13716-14884:1
NC_069203.1	tRNA		tRNA-Trp	14884-14948:1
NC_069203.1	CDS	ATP6	ATP synthase F0 subunit 6	14955-15654:1
NC_069204.1	CDS	CYTB	cytochrome b	445-1579:1
NC_069204.1	tRNA		tRNA-Arg	1582-1646:1
NC_069204.1	tRNA		tRNA-His	1646-1714:1
NC_069204.1	tRNA		tRNA-Gln	1986-2050:1
NC_069204.1	tRNA		tRNA-Tyr	2193-2257:1
NC_069204.1	CDS	ND6	NADH dehydrogenase subunit 6	2363-2822:1
NC_069204.1	tRNA		tRNA-Tyr	2856-2928:1
NC_069204.1	CDS	ND5	NADH dehydrogenase subunit 5	2930-4728:1
NC_069204.1	tRNA		tRNA-Phe	4728-4790:1
NC_069204.1	tRNA		tRNA-Glu	4807-4868:1
NC_069204.1	tRNA		tRNA-Pro	4869-4932:1
NC_069204.1	tRNA		tRNA-Thr	4932-5001:1
NC_069204.1	CDS	ND4L	NADH dehydrogenase subunit 4L	5001-5292:1
NC_069204.1	CDS	ND4	NADH dehydrogenase subunit 4	5285-6642:1
NC_069204.1	tRNA		tRNA-Cys	6642-6707:1
NC_069204.1	tRNA		tRNA-Met	6711-6774:1
NC_069204.1	rRNA		12S ribosomal RNA	6774-7503:1
NC_069204.1	tRNA		tRNA-Val	7503-7568:1
NC_069204.1	rRNA		16S ribosomal RNA	7568-8759:1
NC_069204.1	tRNA		tRNA-Leu	8759-8826:1
NC_069204.1	tRNA		tRNA-Ala	8828-8888:1
NC_069204.1	tRNA		tRNA-Ser	8888-8954:1
NC_069204.1	tRNA		tRNA-Leu	8969-9032:1
NC_069204.1	CDS	ND1	NADH dehydrogenase subunit 1	9032-9956:1
NC_069204.1	tRNA		tRNA-Ile	10028-10091:1
NC_069204.1	tRNA		tRNA-Lys	10091-10155:1
NC_069204.1	CDS	ND3	NADH dehydrogenase subunit 3	10164-10521:1
NC_069204.1	tRNA		tRNA-Ser	10529-10585:1
NC_069204.1	CDS	ND2	NADH dehydrogenase subunit 2	10585-11593:1
NC_069204.1	CDS	COX1	cytochrome c oxidase subunit I	11570-13115:1
NC_069204.1	tRNA		tRNA-Asn	13115-13176:1
NC_069204.1	CDS	COX2	cytochrome c oxidase subunit II	13176-13863:1
NC_069204.1	tRNA		tRNA-Asp	13863-13926:1
NC_069204.1	CDS	ATP8	ATP synthase F0 subunit 8	13926-14085:1
NC_069204.1	tRNA		tRNA-Gly	14085-14146:1
NC_069204.1	CDS	COX3	cytochrome c oxidase subunit III	14164-14942:1
NC_069204.1	tRNA		tRNA-Trp	14942-15007:1
NC_069204.1	CDS	ATP6	ATP synthase F0 subunit 6	15008-15695:1
NC_069205.1	tRNA		tRNA-His	988-1051:1
NC_069205.1	CDS	ND5	NADH dehydrogenase subunit 5	1051-2741:1
NC_069205.1	tRNA		tRNA-Phe	2741-2808:1
NC_069205.1	tRNA		tRNA-Glu	2811-2874:1
NC_069205.1	tRNA		tRNA-Pro	2874-2939:1
NC_069205.1	tRNA		tRNA-Thr	2947-3010:1
NC_069205.1	CDS	ND4L	NADH dehydrogenase subunit 4L	3010-3304:1
NC_069205.1	CDS	ND4	NADH dehydrogenase subunit 4	3297-4627:1
NC_069205.1	tRNA		tRNA-Cys	4627-4688:1
NC_069205.1	tRNA		tRNA-Met	4688-4752:1
NC_069205.1	rRNA		12S ribosomal RNA	4752-5503:1
NC_069205.1	tRNA		tRNA-Val	5503-5566:1
NC_069205.1	rRNA		16S ribosomal RNA	5566-6697:1
NC_069205.1	tRNA		tRNA-Leu	6697-6762:1
NC_069205.1	tRNA		tRNA-Ala	6762-6820:1
NC_069205.1	tRNA		tRNA-Ser	6820-6886:1
NC_069205.1	tRNA		tRNA-Leu	6886-6948:1
NC_069205.1	CDS	ND1	NADH dehydrogenase subunit 1	6948-7875:1
NC_069205.1	tRNA		tRNA-Ile	7876-7940:1
NC_069205.1	tRNA		tRNA-Lys	7940-8002:1
NC_069205.1	CDS	ND3	NADH dehydrogenase subunit 3	8002-8356:1
NC_069205.1	tRNA		tRNA-Ser	8357-8415:1
NC_069205.1	CDS	ND2	NADH dehydrogenase subunit 2	8415-9420:1
NC_069205.1	CDS	COX1	cytochrome c oxidase subunit I	9397-10934:1
NC_069205.1	tRNA		tRNA-Asn	10934-11004:1
NC_069205.1	CDS	COX2	cytochrome c oxidase subunit II	11004-11689:1
NC_069205.1	tRNA		tRNA-Asp	11689-11755:1
NC_069205.1	CDS	ATP8	ATP synthase F0 subunit 8	11755-11913:1
NC_069205.1	tRNA		tRNA-Tyr	11913-11974:1
NC_069205.1	tRNA		tRNA-Gly	11974-12039:1
NC_069205.1	CDS	COX3	cytochrome c oxidase subunit III	12039-12817:1
NC_069205.1	tRNA		tRNA-Gln	12817-12886:1
NC_069205.1	CDS	ND6	NADH dehydrogenase subunit 6	12887-13355:1
NC_069205.1	CDS	CYTB	cytochrome b	13347-14485:1
NC_069205.1	tRNA		tRNA-Trp	14485-14550:1
NC_069205.1	CDS	ATP6	ATP synthase F0 subunit 6	14550-15247:1
NC_069205.1	tRNA		tRNA-Arg	15247-15312:1
NC_069206.1	tRNA		tRNA-His	131-190:1
NC_069206.1	CDS	ND5	NADH dehydrogenase subunit 5	190-1892:1
NC_069206.1	tRNA		tRNA-Phe	1892-1955:1
NC_069206.1	tRNA		tRNA-Glu	1955-2014:1
NC_069206.1	tRNA		tRNA-Pro	2014-2076:1
NC_069206.1	tRNA		tRNA-Thr	2076-2137:1
NC_069206.1	CDS	ND4L	NADH dehydrogenase subunit 4L	2137-2431:1
NC_069206.1	CDS	ND4	NADH dehydrogenase subunit 4	2424-3759:1
NC_069206.1	tRNA		tRNA-Cys	3759-3820:1
NC_069206.1	tRNA		tRNA-Met	4147-4211:1
NC_069206.1	rRNA		12S ribosomal RNA	4211-4943:1
NC_069206.1	tRNA		tRNA-Val	4943-5012:1
NC_069206.1	rRNA		16S ribosomal RNA	5012-6160:1
NC_069206.1	tRNA		tRNA-Leu	6160-6222:1
NC_069206.1	tRNA		tRNA-Ala	6222-6282:1
NC_069206.1	tRNA		tRNA-Ser	6282-6348:1
NC_069206.1	tRNA		tRNA-Leu	6348-6411:1
NC_069206.1	CDS	ND1	NADH dehydrogenase subunit 1	6411-7438:1
NC_069206.1	tRNA		tRNA-Ile	7438-7501:1
NC_069206.1	tRNA		tRNA-Lys	7501-7562:1
NC_069206.1	CDS	ND3	NADH dehydrogenase subunit 3	7562-7914:1
NC_069206.1	tRNA		tRNA-Ser	7914-7981:1
NC_069206.1	CDS	ND2	NADH dehydrogenase subunit 2	7982-9005:1
NC_069206.1	CDS	COX1	cytochrome c oxidase subunit I	9015-10552:1
NC_069206.1	tRNA		tRNA-Asn	10552-10615:1
NC_069206.1	CDS	COX2	cytochrome c oxidase subunit II	10615-11296:1
NC_069206.1	tRNA		tRNA-Asp	11296-11359:1
NC_069206.1	CDS	ATP8	ATP synthase F0 subunit 8	11359-11521:1
NC_069206.1	tRNA		tRNA-Tyr	11521-11583:1
NC_069206.1	tRNA		tRNA-Gly	11592-11651:1
NC_069206.1	CDS	COX3	cytochrome c oxidase subunit III	11651-12432:1
NC_069206.1	tRNA		tRNA-Gln	12432-12501:1
NC_069206.1	CDS	ND6	NADH dehydrogenase subunit 6	12501-12975:1
NC_069206.1	CDS	CYTB	cytochrome b	12934-14104:1
NC_069206.1	tRNA		tRNA-Trp	14104-14164:1
NC_069206.1	CDS	ATP6	ATP synthase F0 subunit 6	14165-14870:1
NC_069206.1	tRNA		tRNA-Arg	14870-14933:1
NC_069207.1	tRNA		tRNA-His	246-306:1
NC_069207.1	CDS	ND5	NADH dehydrogenase subunit 5	306-2008:1
NC_069207.1	tRNA		tRNA-Phe	2008-2071:1
NC_069207.1	tRNA		tRNA-Glu	2071-2130:1
NC_069207.1	tRNA		tRNA-Pro	2130-2193:1
NC_069207.1	tRNA		tRNA-Thr	2193-2254:1
NC_069207.1	CDS	ND4L	NADH dehydrogenase subunit 4L	2254-2548:1
NC_069207.1	CDS	ND4	NADH dehydrogenase subunit 4	2541-3876:1
NC_069207.1	tRNA		tRNA-Cys	3876-3938:1
NC_069207.1	tRNA		tRNA-Met	3938-4002:1
NC_069207.1	rRNA		12S ribosomal RNA	4002-4734:1
NC_069207.1	tRNA		tRNA-Val	4734-4803:1
NC_069207.1	rRNA		16S ribosomal RNA	4803-5950:1
NC_069207.1	tRNA		tRNA-Leu	5950-6012:1
NC_069207.1	tRNA		tRNA-Ala	6012-6072:1
NC_069207.1	tRNA		tRNA-Ser	6072-6138:1
NC_069207.1	tRNA		tRNA-Leu	6138-6200:1
NC_069207.1	CDS	ND1	NADH dehydrogenase subunit 1	6200-7227:1
NC_069207.1	tRNA		tRNA-Ile	7227-7289:1
NC_069207.1	tRNA		tRNA-Lys	7289-7351:1
NC_069207.1	CDS	ND3	NADH dehydrogenase subunit 3	7351-7703:1
NC_069207.1	tRNA		tRNA-Ser	7703-7769:1
NC_069207.1	CDS	ND2	NADH dehydrogenase subunit 2	7770-8793:1
NC_069207.1	CDS	COX1	cytochrome c oxidase subunit I	8803-10340:1
NC_069207.1	tRNA		tRNA-Asn	10340-10403:1
NC_069207.1	CDS	COX2	cytochrome c oxidase subunit II	10403-11084:1
NC_069207.1	tRNA		tRNA-Asp	11084-11147:1
NC_069207.1	CDS	ATP8	ATP synthase F0 subunit 8	11147-11309:1
NC_069207.1	tRNA		tRNA-Tyr	11309-11372:1
NC_069207.1	tRNA		tRNA-Gly	11381-11440:1
NC_069207.1	CDS	COX3	cytochrome c oxidase subunit III	11440-12221:1
NC_069207.1	tRNA		tRNA-Gln	12221-12290:1
NC_069207.1	CDS	ND6	NADH dehydrogenase subunit 6	12290-12764:1
NC_069207.1	CDS	CYTB	cytochrome b	12723-13893:1
NC_069207.1	tRNA		tRNA-Trp	13893-13953:1
NC_069207.1	CDS	ATP6	ATP synthase F0 subunit 6	13954-14659:1
NC_069207.1	tRNA		tRNA-Arg	14659-14722:1
NC_069297.1	CDS	COX1	cytochrome c oxidase subunit I	0-1542:1
NC_069297.1	CDS	COX2	cytochrome c oxidase subunit II	1652-2339:1
NC_069297.1	tRNA	trnD(gac)	tRNA-Asp	2337-2403:1
NC_069297.1	CDS	ATP8	ATP synthase F0 subunit 8	2404-2569:1
NC_069297.1	tRNA	trnY(tac)	tRNA-Tyr	2578-2645:1
NC_069297.1	tRNA	trnG(gga)	tRNA-Gly	2646-2714:1
NC_069297.1	CDS	COX3	cytochrome c oxidase subunit III	2714-3494:1
NC_069297.1	tRNA	trnQ(caa)	tRNA-Gln	3511-3580:1
NC_069297.1	CDS	ND6	NADH dehydrogenase subunit 6	3580-4054:1
NC_069297.1	CDS	CYTB	cytochrome b	4084-5230:1
NC_069297.1	tRNA	trnW(tga)	tRNA-Trp	5228-5295:1
NC_069297.1	CDS	ATP6	ATP synthase F0 subunit 6	5295-6003:1
NC_069297.1	tRNA	trnR(cga)	tRNA-Arg	5989-6056:1
NC_069297.1	tRNA	trnH(cac)	tRNA-His	6056-6123:1
NC_069297.1	CDS	ND5	NADH dehydrogenase subunit 5	6123-7851:1
NC_069297.1	tRNA	trnF(ttc)	tRNA-Phe	7853-7920:1
NC_069297.1	tRNA	trnE(gaa)	tRNA-Glu	7923-7989:1
NC_069297.1	tRNA	trnP(cca)	tRNA-Pro	7989-8056:1
NC_069297.1	tRNA	trnT(aca)	tRNA-Thr	8057-8121:1
NC_069297.1	CDS	ND4L	NADH dehydrogenase subunit 4L	8121-8421:1
NC_069297.1	CDS	ND4	NADH dehydrogenase subunit 4	8414-9773:1
NC_069297.1	tRNA	trnL(cta)	tRNA-Leu	10505-10571:1
NC_069297.1	tRNA	trnV(gta)	tRNA-Val	10587-10658:1
NC_069297.1	rRNA	rrn16	16S ribosomal RNA	10631-11994:1
NC_069297.1	tRNA	trnL(tta)	tRNA-Leu	11987-12056:1
NC_069297.1	tRNA	trnA(gca)	tRNA-Ala	12067-12132:1
NC_069297.1	tRNA	trnS(tca)	tRNA-Ser	12132-12200:1
NC_069297.1	CDS	ND1	NADH dehydrogenase subunit 1	12223-13159:1
NC_069297.1	tRNA	trnI(atc)	tRNA-Ile	13165-13234:1
NC_069297.1	tRNA	trnK(aaa)	tRNA-Lys	13239-13303:1
NC_069297.1	CDS	ND3	NADH dehydrogenase subunit 3	13305-13659:1
NC_069297.1	tRNA	trnS(aga)	tRNA-Ser	13660-13726:1
NC_069297.1	CDS	ND2	NADH dehydrogenase subunit 2	13726-14734:1
NC_069297.1	tRNA	trnC(tgc)	tRNA-Cys	14792-14857:1
NC_069297.1	tRNA	trnM(atg)	tRNA-Met	14858-14924:1
NC_069297.1	rRNA	rrn12	12S ribosomal RNA	14924-15792:1
NC_069297.1	tRNA	trnN(aac)	tRNA-Asn	15849-15916:1
NC_070077.1	CDS	COX1	cytochrome c oxidase subunit I	0-1539:1
NC_070077.1	tRNA		tRNA-Asn	1540-1607:1
NC_070077.1	CDS	COX2	cytochrome c oxidase subunit II	1608-2287:1
NC_070077.1	tRNA		tRNA-Asp	2287-2349:1
NC_070077.1	CDS	ATP8	ATP synthase F0 subunit 8	2351-2519:1
NC_070077.1	tRNA		tRNA-Tyr	2518-2582:1
NC_070077.1	tRNA		tRNA-Gly	2583-2646:1
NC_070077.1	CDS	COX3	cytochrome c oxidase subunit III	2648-3426:1
NC_070077.1	tRNA		tRNA-Gln	3426-3494:1
NC_070077.1	CDS	ND6	NADH dehydrogenase subunit 6	3495-3972:1
NC_070077.1	CDS	CYTB	cytochrome b	3964-5104:1
NC_070077.1	tRNA		tRNA-Trp	5102-5165:1
NC_070077.1	CDS	ATP6	ATP synthase F0 subunit 6	5167-5863:1
NC_070077.1	tRNA		tRNA-Arg	5867-5929:1
NC_070077.1	tRNA		tRNA-His	5930-5994:1
NC_070077.1	CDS	ND5	NADH dehydrogenase subunit 5	6682-8399:1
NC_070077.1	tRNA		tRNA-Phe	8399-8460:1
NC_070077.1	tRNA		tRNA-Glu	8460-8526:1
NC_070077.1	tRNA		tRNA-Pro	8526-8592:1
NC_070077.1	tRNA		tRNA-Thr	8594-8657:1
NC_070077.1	CDS	ND4L	NADH dehydrogenase subunit 4L	8657-8951:1
NC_070077.1	CDS	ND4	NADH dehydrogenase subunit 4	8944-10303:1
NC_070077.1	tRNA		tRNA-Cys	10301-10366:1
NC_070077.1	tRNA		tRNA-Met	10367-10432:1
NC_070077.1	rRNA		12S ribosomal RNA	10431-11170:1
NC_070077.1	tRNA		tRNA-Val	11163-11228:1
NC_070077.1	rRNA		16S ribosomal RNA	11389-12416:1
NC_070077.1	tRNA		tRNA-Leu	12483-12547:1
NC_070077.1	tRNA		tRNA-Ala	12551-12614:1
NC_070077.1	tRNA		tRNA-Ser	12614-12681:1
NC_070077.1	tRNA		tRNA-Leu	12683-12745:1
NC_070077.1	CDS	ND1	NADH dehydrogenase subunit 1	12745-13663:1
NC_070077.1	tRNA		tRNA-Ile	13664-13728:1
NC_070077.1	tRNA		tRNA-Lys	13728-13791:1
NC_070077.1	CDS	ND3	NADH dehydrogenase subunit 3	13791-14148:1
NC_070077.1	tRNA		tRNA-Ser	14146-14213:1
NC_070077.1	CDS	ND2	NADH dehydrogenase subunit 2	14213-15212:1
NC_071182.1	CDS	COX1	cytochrome c oxidase subunit I	0-1537:1
NC_071182.1	tRNA	trnN(gtt)	tRNA-Asn	1537-1601:1
NC_071182.1	CDS	COX2	cytochrome c oxidase subunit II	1601-2279:1
NC_071182.1	tRNA	trnD(gtc)	tRNA-Asp	2280-2344:1
NC_071182.1	CDS	ATP8	ATP synthase F0 subunit 8	2344-2503:1
NC_071182.1	tRNA	trnY(gta)	tRNA-Tyr	2501-2567:1
NC_071182.1	tRNA	trnG(tcc)	tRNA-Gly	2565-2626:1
NC_071182.1	CDS	COX3	cytochrome c oxidase subunit III	2626-3404:1
NC_071182.1	tRNA	trnQ(ttg)	tRNA-Gln	3404-3473:1
NC_071182.1	CDS	ND6	NADH dehydrogenase subunit 6	3474-3945:1
NC_071182.1	CDS	CYTB	cytochrome b	3937-5074:1
NC_071182.1	tRNA	trnW(tca)	tRNA-Trp	5090-5154:1
NC_071182.1	CDS	ATP6	ATP synthase F0 subunit 6	5155-5860:1
NC_071182.1	tRNA	trnR(tcg)	tRNA-Arg	5858-5926:1
NC_071182.1	tRNA	trnH(gtg)	tRNA-His	6328-6392:1
NC_071182.1	CDS	ND5	NADH dehydrogenase subunit 5	6392-8094:1
NC_071182.1	tRNA	trnF(gaa)	tRNA-Phe	8094-8157:1
NC_071182.1	tRNA	trnE(ttc)	tRNA-Glu	8157-8216:1
NC_071182.1	tRNA	trnP(tgg)	tRNA-Pro	8217-8281:1
NC_071182.1	tRNA	trnT(tgt)	tRNA-Thr	8281-8343:1
NC_071182.1	CDS	ND4L	NADH dehydrogenase subunit 4L	8343-8637:1
NC_071182.1	CDS	ND4	NADH dehydrogenase subunit 4	8630-9965:1
NC_071182.1	tRNA	trnC(gca)	tRNA-Cys	9963-10027:1
NC_071182.1	tRNA	trnM(cat)	tRNA-Met	10027-10089:1
NC_071182.1	rRNA		12S ribosomal RNA	10089-10824:1
NC_071182.1	tRNA	trnV(tac)	tRNA-Val	10824-10887:1
NC_071182.1	rRNA		16S ribosomal RNA	10887-12047:1
NC_071182.1	tRNA	trnL1(tag)	tRNA-Leu	12047-12107:1
NC_071182.1	tRNA	trnA(tgc)	tRNA-Ala	12107-12167:1
NC_071182.1	tRNA	trnS2(tga)	tRNA-Ser	12166-12233:1
NC_071182.1	tRNA	trnL2(taa)	tRNA-Leu	12233-12294:1
NC_071182.1	CDS	ND1	NADH dehydrogenase subunit 1	12294-13233:1
NC_071182.1	tRNA	trnI(gat)	tRNA-Ile	13238-13300:1
NC_071182.1	tRNA	trnK(ttt)	tRNA-Lys	13300-13365:1
NC_071182.1	CDS	ND3	NADH dehydrogenase subunit 3	13365-13719:1
NC_071182.1	tRNA	trnS1(tct)	tRNA-Ser	13716-13784:1
NC_071182.1	CDS	ND2	NADH dehydrogenase subunit 2	13783-14788:1
NC_072217.1	tRNA	trnH-cac	tRNA-His	135-196:1
NC_072217.1	CDS	ND5	NADH dehydrogenase subunit 5	195-1903:1
NC_072217.1	tRNA	trnF-ttc	tRNA-Phe	1903-1969:1
NC_072217.1	tRNA	trnE-gaa	tRNA-Glu	1973-2028:1
NC_072217.1	tRNA	trnP-cca	tRNA-Pro	2029-2092:1
NC_072217.1	tRNA	trnT-aca	tRNA-Thr	2092-2158:1
NC_072217.1	CDS	ND4L	NADH dehydrogenase subunit 4L	2158-2452:1
NC_072217.1	CDS	ND4	NADH dehydrogenase subunit 4	2445-3789:1
NC_072217.1	tRNA	trnC-tgc	tRNA-Cys	3787-3848:1
NC_072217.1	tRNA	trnM-atg	tRNA-Met	3848-3913:1
NC_072217.1	rRNA	rrnS	12S ribosomal RNA	3912-4638:1
NC_072217.1	tRNA	trnV-gta	tRNA-Val	4632-4695:1
NC_072217.1	rRNA	rrnL	16S ribosomal RNA	4846-5825:1
NC_072217.1	tRNA	trnL1-cta	tRNA-Leu	5842-5903:1
NC_072217.1	tRNA	trnA-gca	tRNA-Ala	5904-5967:1
NC_072217.1	tRNA	trnS2-tca	tRNA-Ser	5965-6033:1
NC_072217.1	tRNA	trnL2-tta	tRNA-Leu	6035-6096:1
NC_072217.1	CDS	ND1	NADH dehydrogenase subunit 1	6096-7009:1
NC_072217.1	tRNA	trnI-atc	tRNA-Ile	7009-7073:1
NC_072217.1	tRNA	trnK-aaa	tRNA-Lys	7076-7142:1
NC_072217.1	CDS	ND3	NADH dehydrogenase subunit 3	7142-7490:1
NC_072217.1	tRNA	trnS1-aga	tRNA-Ser	7488-7552:1
NC_072217.1	CDS	ND2	NADH dehydrogenase subunit 2	7552-8539:1
NC_072217.1	CDS	COX1	cytochrome c oxidase subunit I	8516-10055:1
NC_072217.1	tRNA	trnN-aac	tRNA-Asn	10061-10127:1
NC_072217.1	CDS	COX2	cytochrome c oxidase subunit II	10127-10811:1
NC_072217.1	tRNA	trnD-gac	tRNA-Asp	10815-10879:1
NC_072217.1	CDS	ATP8	ATP synthase F0 subunit 8	10879-11030:1
NC_072217.1	tRNA	trnG-gga	tRNA-Gly	11030-11095:1
NC_072217.1	tRNA	trnY-tac	tRNA-Tyr	11095-11160:1
NC_072217.1	CDS	COX3	cytochrome c oxidase subunit III	11161-11939:1
NC_072217.1	tRNA	trnQ-caa	tRNA-Gln	11939-12007:1
NC_072217.1	CDS	ND6	NADH dehydrogenase subunit 6	12013-12478:1
NC_072217.1	CDS	CYTB	cytochrome b	12470-13607:1
NC_072217.1	tRNA	trnW-tga	tRNA-Trp	13605-13681:1
NC_072217.1	CDS	ATP6	ATP synthase F0 subunit 6	13681-14375:1
NC_072217.1	tRNA	trnR-cga	tRNA-Arg	14375-14436:1
NC_072218.1	tRNA	trnH-cac	tRNA-His	286-353:1
NC_072218.1	CDS	ND5	NADH dehydrogenase subunit 5	353-2055:1
NC_072218.1	tRNA	trnF-ttc	tRNA-Phe	2055-2118:1
NC_072218.1	tRNA	trnE-gaa	tRNA-Glu	2123-2178:1
NC_072218.1	tRNA	trnP-cca	tRNA-Pro	2179-2241:1
NC_072218.1	tRNA	trnT-aca	tRNA-Thr	2241-2301:1
NC_072218.1	CDS	ND4L	NADH dehydrogenase subunit 4L	2301-2595:1
NC_072218.1	CDS	ND4	NADH dehydrogenase subunit 4	2588-3923:1
NC_072218.1	tRNA	trnC-tgc	tRNA-Cys	3921-3984:1
NC_072218.1	tRNA	trnM-atg	tRNA-Met	3984-4047:1
NC_072218.1	rRNA	rrnS	12S ribosomal RNA	4045-4797:1
NC_072218.1	tRNA	trnV-gta	tRNA-Val	4791-4856:1
NC_072218.1	rRNA	rrnL	16S ribosomal RNA	5005-5979:1
NC_072218.1	tRNA	trnL1-cta	tRNA-Leu	6010-6072:1
NC_072218.1	tRNA	trnA-gca	tRNA-Ala	6072-6134:1
NC_072218.1	tRNA	trnS2-tca	tRNA-Ser	6133-6200:1
NC_072218.1	tRNA	trnL2-tta	tRNA-Leu	6200-6262:1
NC_072218.1	CDS	ND1	NADH dehydrogenase subunit 1	6262-7210:1
NC_072218.1	tRNA	trnI-atc	tRNA-Ile	7214-7276:1
NC_072218.1	tRNA	trnK-aaa	tRNA-Lys	7276-7339:1
NC_072218.1	CDS	ND3	NADH dehydrogenase subunit 3	7339-7693:1
NC_072218.1	tRNA	trnS1-aga	tRNA-Ser	7690-7757:1
NC_072218.1	CDS	ND2	NADH dehydrogenase subunit 2	7771-8794:1
NC_072218.1	CDS	COX1	cytochrome c oxidase subunit I	8765-10301:1
NC_072218.1	tRNA	trnN-aac	tRNA-Asn	10303-10366:1
NC_072218.1	CDS	COX2	cytochrome c oxidase subunit II	10366-11047:1
NC_072218.1	tRNA	trnD-gac	tRNA-Asp	11045-11110:1
NC_072218.1	CDS	ATP8	ATP synthase F0 subunit 8	11111-11270:1
NC_072218.1	tRNA	trnY-tac	tRNA-Tyr	11269-11333:1
NC_072218.1	tRNA	trnG-gga	tRNA-Gly	11336-11397:1
NC_072218.1	CDS	COX3	cytochrome c oxidase subunit III	11400-12175:1
NC_072218.1	tRNA	trnQ-caa	tRNA-Gln	12175-12244:1
NC_072218.1	CDS	ND6	NADH dehydrogenase subunit 6	12596-13070:1
NC_072218.1	CDS	CYTB	cytochrome b	13062-14202:1
NC_072218.1	tRNA	trnW-tga	tRNA-Trp	14200-14263:1
NC_072218.1	CDS	ATP6	ATP synthase F0 subunit 6	14267-14966:1
NC_072218.1	tRNA	trnR-cga	tRNA-Arg	14964-15029:1
NC_072219.1	tRNA	trnH-cac	tRNA-His	431-494:1
NC_072219.1	CDS	ND5	NADH dehydrogenase subunit 5	494-2196:1
NC_072219.1	tRNA	trnF-ttc	tRNA-Phe	2196-2258:1
NC_072219.1	tRNA	trnE-gaa	tRNA-Glu	2258-2320:1
NC_072219.1	tRNA	trnP-cca	tRNA-Pro	2320-2384:1
NC_072219.1	tRNA	trnT-aca	tRNA-Thr	2386-2450:1
NC_072219.1	CDS	ND4L	NADH dehydrogenase subunit 4L	2450-2744:1
NC_072219.1	CDS	ND4	NADH dehydrogenase subunit 4	2737-4078:1
NC_072219.1	tRNA	trnC-tgc	tRNA-Cys	4076-4139:1
NC_072219.1	tRNA	trnM-atg	tRNA-Met	4142-4206:1
NC_072219.1	rRNA	rrnS	12S ribosomal RNA	4204-4953:1
NC_072219.1	tRNA	trnV-gta	tRNA-Val	4947-5008:1
NC_072219.1	rRNA	rrnL	16S ribosomal RNA	5153-6135:1
NC_072219.1	tRNA	trnL1-cta	tRNA-Leu	6168-6230:1
NC_072219.1	tRNA	trnA-gca	tRNA-Ala	6232-6294:1
NC_072219.1	tRNA	trnS2-tca	tRNA-Ser	6293-6360:1
NC_072219.1	tRNA	trnL2-tta	tRNA-Leu	6361-6425:1
NC_072219.1	CDS	ND1	NADH dehydrogenase subunit 1	6425-7358:1
NC_072219.1	tRNA	trnI-atc	tRNA-Ile	7366-7429:1
NC_072219.1	tRNA	trnK-aaa	tRNA-Lys	7429-7496:1
NC_072219.1	CDS	ND3	NADH dehydrogenase subunit 3	7496-7850:1
NC_072219.1	tRNA	trnS1-aga	tRNA-Ser	7848-7915:1
NC_072219.1	CDS	ND2	NADH dehydrogenase subunit 2	7914-8928:1
NC_072219.1	CDS	COX1	cytochrome c oxidase subunit I	8899-10433:1
NC_072219.1	tRNA	trnN-aac	tRNA-Asn	10433-10495:1
NC_072219.1	CDS	COX2	cytochrome c oxidase subunit II	10495-11176:1
NC_072219.1	tRNA	trnD-gac	tRNA-Asp	11174-11240:1
NC_072219.1	CDS	ATP8	ATP synthase F0 subunit 8	11240-11396:1
NC_072219.1	tRNA	trnY-tac	tRNA-Tyr	11445-11514:1
NC_072219.1	tRNA	trnG-gga	tRNA-Gly	11512-11575:1
NC_072219.1	CDS	COX3	cytochrome c oxidase subunit III	11578-12353:1
NC_072219.1	tRNA	trnQ-caa	tRNA-Gln	12353-12422:1
NC_072219.1	CDS	ND6	NADH dehydrogenase subunit 6	12425-12896:1
NC_072219.1	CDS	CYTB	cytochrome b	12888-14025:1
NC_072219.1	tRNA	trnW-tga	tRNA-Trp	14024-14091:1
NC_072219.1	CDS	ATP6	ATP synthase F0 subunit 6	14091-14799:1
NC_072219.1	tRNA	trnR-cga	tRNA-Arg	14797-14858:1
NC_072220.1	tRNA	trnH-cac	tRNA-His	143-205:1
NC_072220.1	CDS	ND5	NADH dehydrogenase subunit 5	205-1907:1
NC_072220.1	tRNA	trnF-ttc	tRNA-Phe	1907-1970:1
NC_072220.1	tRNA	trnE-gaa	tRNA-Glu	1970-2033:1
NC_072220.1	tRNA	trnP-cca	tRNA-Pro	2030-2093:1
NC_072220.1	tRNA	trnT-aca	tRNA-Thr	2093-2155:1
NC_072220.1	CDS	ND4L	NADH dehydrogenase subunit 4L	2155-2449:1
NC_072220.1	CDS	ND4	NADH dehydrogenase subunit 4	2442-3777:1
NC_072220.1	tRNA	trnC-tgc	tRNA-Cys	3778-3842:1
NC_072220.1	tRNA	trnM-atg	tRNA-Met	3842-3905:1
NC_072220.1	rRNA	rrnS	12S ribosomal RNA	3905-4643:1
NC_072220.1	tRNA	trnV-gta	tRNA-Val	4642-4705:1
NC_072220.1	rRNA	rrnL	16S ribosomal RNA	4705-5869:1
NC_072220.1	tRNA	trnL1-cta	tRNA-Leu	5868-5930:1
NC_072220.1	tRNA	trnA-gca	tRNA-Ala	5930-5991:1
NC_072220.1	tRNA	trnS2-tca	tRNA-Ser	5991-6058:1
NC_072220.1	tRNA	trnL2-tta	tRNA-Leu	6058-6119:1
NC_072220.1	CDS	ND1	NADH dehydrogenase subunit 1	6119-7058:1
NC_072220.1	tRNA	trnI-atc	tRNA-Ile	7056-7118:1
NC_072220.1	tRNA	trnK-aaa	tRNA-Lys	7118-7180:1
NC_072220.1	CDS	ND3	NADH dehydrogenase subunit 3	7180-7534:1
NC_072220.1	tRNA	trnS1-aga	tRNA-Ser	7532-7597:1
NC_072220.1	CDS	ND2	NADH dehydrogenase subunit 2	7597-8599:1
NC_072220.1	CDS	COX1	cytochrome c oxidase subunit I	8602-10139:1
NC_072220.1	tRNA	trnN-aac	tRNA-Asn	10139-10203:1
NC_072220.1	CDS	COX2	cytochrome c oxidase subunit II	10203-10881:1
NC_072220.1	tRNA	trnD-gac	tRNA-Asp	10881-10945:1
NC_072220.1	CDS	ATP8	ATP synthase F0 subunit 8	10945-11105:1
NC_072220.1	tRNA	trnY-tac	tRNA-Tyr	11105-11171:1
NC_072220.1	tRNA	trnG-gga	tRNA-Gly	11169-11230:1
NC_072220.1	CDS	COX3	cytochrome c oxidase subunit III	11233-12008:1
NC_072220.1	tRNA	trnQ-caa	tRNA-Gln	12008-12077:1
NC_072220.1	CDS	ND6	NADH dehydrogenase subunit 6	12077-12540:1
NC_072220.1	CDS	CYTB	cytochrome b	12540-13687:1
NC_072220.1	tRNA	trnW-tga	tRNA-Trp	13687-13751:1
NC_072220.1	CDS	ATP6	ATP synthase F0 subunit 6	13752-14455:1
NC_072220.1	tRNA	trnR-cga	tRNA-Arg	14455-14521:1
NC_072221.1	CDS	COX1	cytochrome c oxidase subunit I	0-1536:1
NC_072221.1	tRNA	trnN(gtt)	tRNA-Asn	1583-1646:1
NC_072221.1	CDS	COX2	cytochrome c oxidase subunit II	1646-2321:1
NC_072221.1	tRNA	trnD(gtc)	tRNA-Asp	2319-2382:1
NC_072221.1	CDS	ATP8	ATP synthase F0 subunit 8	2382-2533:1
NC_072221.1	tRNA	trnG(tcc)	tRNA-Gly	2533-2593:1
NC_072221.1	tRNA	trnY(gta)	tRNA-Tyr	2592-2654:1
NC_072221.1	CDS	COX3	cytochrome c oxidase subunit III	2654-3432:1
NC_072221.1	tRNA	trnQ(ttg)	tRNA-Gln	3432-3498:1
NC_072221.1	CDS	ND6	NADH dehydrogenase subunit 6	3511-3985:1
NC_072221.1	CDS	CYTB	cytochrome b	3959-5090:1
NC_072221.1	tRNA	trnW(tca)	tRNA-Trp	5088-5148:1
NC_072221.1	tRNA	trnR(tcg)	tRNA-Arg	5175-5233:1
NC_072221.1	CDS	ATP6	ATP synthase F0 subunit 6	5411-6107:1
NC_072221.1	tRNA	trnH(gtg)	tRNA-His	6108-6169:1
NC_072221.1	CDS	ND5	NADH dehydrogenase subunit 5	6169-7865:1
NC_072221.1	tRNA	trnF(gaa)	tRNA-Phe	7865-7927:1
NC_072221.1	tRNA	trnE(ttc)	tRNA-Glu	7926-7985:1
NC_072221.1	tRNA	trnP(tgg)	tRNA-Pro	7982-8046:1
NC_072221.1	tRNA	trnT(tgt)	tRNA-Thr	8045-8103:1
NC_072221.1	CDS	ND4L	NADH dehydrogenase subunit 4L	8103-8400:1
NC_072221.1	CDS	ND4	NADH dehydrogenase subunit 4	8393-9731:1
NC_072221.1	tRNA	trnM(cat)	tRNA-Met	9817-9877:1
NC_072221.1	rRNA	rrnS	12S ribosomal RNA	9875-10572:1
NC_072221.1	tRNA	trnV(tac)	tRNA-Val	10564-10629:1
NC_072221.1	rRNA	rrnL	16S ribosomal RNA	10582-11771:1
NC_072221.1	tRNA	trnL1(tag)	tRNA-Leu	11771-11833:1
NC_072221.1	tRNA	trnA(tgc)	tRNA-Ala	11835-11893:1
NC_072221.1	tRNA	trnS2(tga)	tRNA-Ser	11892-11949:1
NC_072221.1	tRNA	trnL2(taa)	tRNA-Leu	11953-12013:1
NC_072221.1	CDS	ND1	NADH dehydrogenase subunit 1	12013-12931:1
NC_072221.1	tRNA	trnK(ttt)	tRNA-Lys	12930-12993:1
NC_072221.1	tRNA	trnI(gat)	tRNA-Ile	12993-13057:1
NC_072221.1	CDS	ND3	NADH dehydrogenase subunit 3	13060-13405:1
NC_072221.1	tRNA	trnC(gca)	tRNA-Cys	13405-13465:1
NC_072221.1	tRNA	trnS1(tct)	tRNA-Ser	13466-13522:1
NC_072221.1	CDS	ND2	NADH dehydrogenase subunit 2	13522-14527:1
NC_072222.1	CDS	COX1	cytochrome c oxidase subunit I	0-1534:1
NC_072222.1	tRNA	trnN-aac	tRNA-Asn	1534-1596:1
NC_072222.1	CDS	COX2	cytochrome c oxidase subunit II	1596-2280:1
NC_072222.1	tRNA	trnD-gac	tRNA-Asp	2278-2340:1
NC_072222.1	CDS	ATP8	ATP synthase F0 subunit 8	2340-2496:1
NC_072222.1	tRNA	trnY-tac	tRNA-Tyr	2494-2556:1
NC_072222.1	tRNA	trnG-gga	tRNA-Gly	2554-2615:1
NC_072222.1	CDS	COX3	cytochrome c oxidase subunit III	2650-3449:1
NC_072222.1	tRNA	trnQ-caa	tRNA-Gln	3449-3518:1
NC_072222.1	CDS	ND6	NADH dehydrogenase subunit 6	3521-3992:1
NC_072222.1	CDS	CYTB	cytochrome b	3984-5121:1
NC_072222.1	tRNA	trnW-tga	tRNA-Trp	5119-5183:1
NC_072222.1	CDS	ATP6	ATP synthase F0 subunit 6	5183-5897:1
NC_072222.1	tRNA	trnR-cga	tRNA-Arg	5898-5959:1
NC_072222.1	tRNA	trnH-cac	tRNA-His	6452-6515:1
NC_072222.1	CDS	ND5	NADH dehydrogenase subunit 5	6515-8217:1
NC_072222.1	tRNA	trnF-ttc	tRNA-Phe	8217-8279:1
NC_072222.1	tRNA	trnE-gaa	tRNA-Glu	8279-8340:1
NC_072222.1	tRNA	trnP-cca	tRNA-Pro	8340-8403:1
NC_072222.1	tRNA	trnT-aca	tRNA-Thr	8404-8464:1
NC_072222.1	CDS	ND4L	NADH dehydrogenase subunit 4L	8465-8759:1
NC_072222.1	CDS	ND4	NADH dehydrogenase subunit 4	8752-10087:1
NC_072222.1	tRNA	trnC-tgc	tRNA-Cys	10086-10150:1
NC_072222.1	tRNA	trnM-atg	tRNA-Met	10151-10214:1
NC_072222.1	rRNA	rrnS	12S ribosomal RNA	10212-10960:1
NC_072222.1	tRNA	trnV-gta	tRNA-Val	10954-11016:1
NC_072222.1	rRNA	rrnL	16S ribosomal RNA	11164-12138:1
NC_072222.1	tRNA	trnL1-cta	tRNA-Leu	12179-12239:1
NC_072222.1	tRNA	trnA-gca	tRNA-Ala	12243-12304:1
NC_072222.1	tRNA	trnS2-tca	tRNA-Ser	12303-12370:1
NC_072222.1	tRNA	trnL2-tta	tRNA-Leu	12370-12431:1
NC_072222.1	CDS	ND1	NADH dehydrogenase subunit 1	12431-13361:1
NC_072222.1	tRNA	trnI-atc	tRNA-Ile	13359-13423:1
NC_072222.1	tRNA	trnK-aaa	tRNA-Lys	13424-13487:1
NC_072222.1	CDS	ND3	NADH dehydrogenase subunit 3	13487-13841:1
NC_072222.1	tRNA	trnS1-aga	tRNA-Ser	13839-13903:1
NC_072222.1	CDS	ND2	NADH dehydrogenase subunit 2	13903-14888:1
NC_072223.1	CDS	COX1	cytochrome c oxidase subunit I	0-1534:1
NC_072223.1	tRNA	trnN-aac	tRNA-Asn	1534-1596:1
NC_072223.1	CDS	COX2	cytochrome c oxidase subunit II	1596-2277:1
NC_072223.1	tRNA	trnD-gac	tRNA-Asp	2278-2342:1
NC_072223.1	CDS	ATP8	ATP synthase F0 subunit 8	2342-2498:1
NC_072223.1	tRNA	trnY-tac	tRNA-Tyr	2511-2577:1
NC_072223.1	tRNA	trnG-gga	tRNA-Gly	2575-2638:1
NC_072223.1	CDS	COX3	cytochrome c oxidase subunit III	2698-3479:1
NC_072223.1	tRNA	trnQ-caa	tRNA-Gln	3479-3548:1
NC_072223.1	CDS	ND6	NADH dehydrogenase subunit 6	3551-4022:1
NC_072223.1	CDS	CYTB	cytochrome b	4014-5151:1
NC_072223.1	tRNA	trnW-tga	tRNA-Trp	5149-5213:1
NC_072223.1	CDS	ATP6	ATP synthase F0 subunit 6	5213-5921:1
NC_072223.1	tRNA	trnR-cga	tRNA-Arg	5936-5995:1
NC_072223.1	tRNA	trnH-cac	tRNA-His	6629-6691:1
NC_072223.1	CDS	ND5	NADH dehydrogenase subunit 5	6691-8395:1
NC_072223.1	tRNA	trnF-ttc	tRNA-Phe	8394-8456:1
NC_072223.1	tRNA	trnE-gaa	tRNA-Glu	8456-8518:1
NC_072223.1	tRNA	trnP-cca	tRNA-Pro	8518-8581:1
NC_072223.1	tRNA	trnT-aca	tRNA-Thr	8581-8643:1
NC_072223.1	CDS	ND4L	NADH dehydrogenase subunit 4L	8643-8937:1
NC_072223.1	CDS	ND4	NADH dehydrogenase subunit 4	8930-10265:1
NC_072223.1	tRNA	trnC-tgc	tRNA-Cys	10264-10330:1
NC_072223.1	tRNA	trnM-atg	tRNA-Met	10330-10392:1
NC_072223.1	rRNA	rrnS	12S ribosomal RNA	10390-11139:1
NC_072223.1	tRNA	trnV-gta	tRNA-Val	11133-11199:1
NC_072223.1	rRNA	rrnL	16S ribosomal RNA	11350-12326:1
NC_072223.1	tRNA	trnL1-cta	tRNA-Leu	12367-12427:1
NC_072223.1	tRNA	trnA-gca	tRNA-Ala	12429-12493:1
NC_072223.1	tRNA	trnS2-tca	tRNA-Ser	12492-12559:1
NC_072223.1	tRNA	trnL2-tta	tRNA-Leu	12561-12625:1
NC_072223.1	CDS	ND1	NADH dehydrogenase subunit 1	12625-13555:1
NC_072223.1	tRNA	trnI-atc	tRNA-Ile	13553-13617:1
NC_072223.1	tRNA	trnK-aaa	tRNA-Lys	13617-13682:1
NC_072223.1	CDS	ND3	NADH dehydrogenase subunit 3	13682-14036:1
NC_072223.1	tRNA	trnS1-aga	tRNA-Ser	14033-14099:1
NC_072223.1	CDS	ND2	NADH dehydrogenase subunit 2	14098-15092:1
NC_072606.1	tRNA		tRNA-His	0-64:1
NC_072606.1	CDS	ND5	NADH dehydrogenase subunit 5	64-1766:1
NC_072606.1	tRNA		tRNA-Phe	1766-1828:1
NC_072606.1	tRNA		tRNA-Glu	1828-1891:1
NC_072606.1	tRNA		tRNA-Pro	1888-1954:1
NC_072606.1	tRNA		tRNA-Thr	1954-2014:1
NC_072606.1	CDS	ND4L	NADH dehydrogenase subunit 4L	2014-2308:1
NC_072606.1	CDS	ND4	NADH dehydrogenase subunit 4	2301-3636:1
NC_072606.1	tRNA		tRNA-Cys	3634-3699:1
NC_072606.1	tRNA		tRNA-Met	3699-3761:1
NC_072606.1	rRNA		12S ribosomal RNA	3761-4500:1
NC_072606.1	tRNA		tRNA-Val	4501-4566:1
NC_072606.1	rRNA		16S ribosomal RNA	4566-5729:1
NC_072606.1	tRNA		tRNA-Leu	5729-5792:1
NC_072606.1	tRNA		tRNA-Ala	5792-5855:1
NC_072606.1	tRNA		tRNA-Ser	5853-5920:1
NC_072606.1	tRNA		tRNA-Leu	5920-5981:1
NC_072606.1	CDS	ND1	NADH dehydrogenase subunit 1	5981-6923:1
NC_072606.1	tRNA		tRNA-Ile	6921-6983:1
NC_072606.1	tRNA		tRNA-Lys	6983-7044:1
NC_072606.1	CDS	ND3	NADH dehydrogenase subunit 3	7044-7398:1
NC_072606.1	tRNA		tRNA-Ser	7396-7459:1
NC_072606.1	CDS	ND2	NADH dehydrogenase subunit 2	7459-8459:1
NC_072606.1	CDS	COX1	cytochrome c oxidase subunit I	8459-9996:1
NC_072606.1	tRNA		tRNA-Asn	9996-10058:1
NC_072606.1	CDS	COX2	cytochrome c oxidase subunit II	10058-10736:1
NC_072606.1	tRNA		tRNA-Asp	10734-10797:1
NC_072606.1	CDS	ATP8	ATP synthase F0 subunit 8	10797-10956:1
NC_072606.1	tRNA		tRNA-Tyr	10954-11020:1
NC_072606.1	tRNA		tRNA-Gly	11018-11079:1
NC_072606.1	CDS	COX3	cytochrome c oxidase subunit III	11079-11857:1
NC_072606.1	tRNA		tRNA-Gln	11857-11926:1
NC_072606.1	CDS	ND6	NADH dehydrogenase subunit 6	11926-12389:1
NC_072606.1	CDS	CYTB	cytochrome b	12389-13529:1
NC_072606.1	tRNA		tRNA-Trp	13527-13587:1
NC_072606.1	CDS	ATP6	ATP synthase F0 subunit 6	13591-14290:1
NC_072606.1	tRNA		tRNA-Arg	14288-14355:1
NC_079968.1	CDS	COX1	cytochrome c oxidase subunit I	0-1542:1
NC_079968.1	tRNA		tRNA-Asn	1548-1609:1
NC_079968.1	CDS	COX2	cytochrome c oxidase subunit II	1610-2297:1
NC_079968.1	tRNA		tRNA-Asp	2296-2359:1
NC_079968.1	CDS	ATP8	ATP synthase F0 subunit 8	2359-2522:1
NC_079968.1	tRNA		tRNA-Tyr	2522-2584:1
NC_079968.1	tRNA		tRNA-Gly	2582-2647:1
NC_079968.1	CDS	COX3	cytochrome c oxidase subunit III	2648-3428:1
NC_079968.1	tRNA		tRNA-Gln	3428-3497:1
NC_079968.1	CDS	ND6	NADH dehydrogenase subunit 6	3497-3965:1
NC_079968.1	CDS	CYTB	cytochrome b	3966-5103:1
NC_079968.1	tRNA		tRNA-Trp	5104-5165:1
NC_079968.1	CDS	ATP6	ATP synthase F0 subunit 6	5167-5863:1
NC_079968.1	tRNA		tRNA-Arg	5863-5927:1
NC_079968.1	tRNA		tRNA-His	6839-6903:1
NC_079968.1	CDS	ND5	NADH dehydrogenase subunit 5	6903-8625:1
NC_079968.1	tRNA		tRNA-Phe	8625-8685:1
NC_079968.1	tRNA		tRNA-Glu	8685-8749:1
NC_079968.1	tRNA		tRNA-Pro	8747-8810:1
NC_079968.1	tRNA		tRNA-Thr	8811-8877:1
NC_079968.1	CDS	ND4L	NADH dehydrogenase subunit 4L	8877-9174:1
NC_079968.1	CDS	ND4	NADH dehydrogenase subunit 4	9197-10524:1
NC_079968.1	tRNA		tRNA-Cys	10524-10589:1
NC_079968.1	tRNA		tRNA-Met	10590-10653:1
NC_079968.1	rRNA		12S ribosomal RNA	10651-11444:1
NC_079968.1	tRNA		tRNA-Val	11438-11500:1
NC_079968.1	rRNA		16S ribosomal RNA	11483-12750:1
NC_079968.1	tRNA		tRNA-Leu	12747-12809:1
NC_079968.1	tRNA		tRNA-Ala	12811-12874:1
NC_079968.1	tRNA		tRNA-Ser	12872-12939:1
NC_079968.1	tRNA		tRNA-Leu	12939-13001:1
NC_079968.1	CDS	ND1	NADH dehydrogenase subunit 1	13002-13926:1
NC_079968.1	tRNA		tRNA-Ile	13925-13989:1
NC_079968.1	tRNA		tRNA-Lys	13989-14052:1
NC_079968.1	CDS	ND3	NADH dehydrogenase subunit 3	14052-14406:1
NC_079968.1	tRNA		tRNA-Ser	14404-14468:1
NC_079968.1	CDS	ND2	NADH dehydrogenase subunit 2	14469-15475:1
NC_081955.1	CDS	COX1	cytochrome c oxidase subunit I	0-1540:1
NC_081955.1	tRNA		tRNA-Asn	1540-1606:1
NC_081955.1	CDS	COX2	cytochrome c oxidase subunit II	1606-2293:1
NC_081955.1	tRNA		tRNA-Asp	2295-2361:1
NC_081955.1	CDS	ATP8	ATP synthase F0 subunit 8	2362-2521:1
NC_081955.1	tRNA		tRNA-Tyr	2519-2583:1
NC_081955.1	CDS	COX3	cytochrome c oxidase subunit III	2585-3365:1
NC_081955.1	tRNA		tRNA-Gln	3374-3443:1
NC_081955.1	CDS	ND6	NADH dehydrogenase subunit 6	3443-3932:1
NC_081955.1	CDS	CYTB	cytochrome b	3924-5062:1
NC_081955.1	tRNA		tRNA-Leu	5062-5127:1
NC_081955.1	tRNA		tRNA-Trp	5127-5193:1
NC_081955.1	CDS	ATP6	ATP synthase F0 subunit 6	5193-5895:1
NC_081955.1	tRNA		tRNA-Arg	5893-5960:1
NC_081955.1	tRNA		tRNA-His	5960-6026:1
NC_081955.1	CDS	ND5	NADH dehydrogenase subunit 5	6026-7722:1
NC_081955.1	tRNA		tRNA-Phe	7722-7790:1
NC_081955.1	tRNA		tRNA-Glu	7793-7862:1
NC_081955.1	tRNA		tRNA-Pro	7862-7933:1
NC_081955.1	tRNA		tRNA-Thr	7934-8001:1
NC_081955.1	CDS	ND4L	NADH dehydrogenase subunit 4L	8002-8299:1
NC_081955.1	CDS	ND4	NADH dehydrogenase subunit 4	8304-9655:1
NC_081955.1	tRNA		tRNA-Cys	9655-9718:1
NC_081955.1	tRNA		tRNA-Gly	9728-9793:1
NC_081955.1	tRNA		tRNA-Met	9793-9859:1
NC_081955.1	rRNA		12S ribosomal RNA	9859-10676:1
NC_081955.1	tRNA		tRNA-Val	10677-10743:1
NC_081955.1	rRNA		16S ribosomal RNA	10743-12022:1
NC_081955.1	tRNA		tRNA-Leu	12055-12120:1
NC_081955.1	tRNA		tRNA-Ala	12124-12188:1
NC_081955.1	tRNA		tRNA-Ser	13119-13186:1
NC_081955.1	CDS	ND1	NADH dehydrogenase subunit 1	13186-14122:1
NC_081955.1	tRNA		tRNA-Ile	14121-14188:1
NC_081955.1	tRNA		tRNA-Lys	14188-14255:1
NC_081955.1	CDS	ND3	NADH dehydrogenase subunit 3	14256-14610:1
NC_081955.1	tRNA		tRNA-Ser	14616-14681:1
NC_081955.1	CDS	ND2	NADH dehydrogenase subunit 2	14682-15682:1
NC_082189.1	tRNA	trnH	tRNA-His	255-318:1
NC_082189.1	CDS	ND5	NADH dehydrogenase subunit 5	318-2020:1
NC_082189.1	tRNA	trnF	tRNA-Phe	2020-2084:1
NC_082189.1	tRNA	trnE	tRNA-Glu	2084-2152:1
NC_082189.1	tRNA	trnP	tRNA-Pro	2164-2228:1
NC_082189.1	tRNA	trnT	tRNA-Thr	2230-2294:1
NC_082189.1	CDS	ND4L	NADH dehydrogenase subunit 4L	2294-2585:1
NC_082189.1	CDS	ND4	NADH dehydrogenase subunit 4	2578-3922:1
NC_082189.1	tRNA	trnC	tRNA-Cys	3922-3982:1
NC_082189.1	tRNA	trnM	tRNA-Met	3982-4045:1
NC_082189.1	rRNA	rrnS	12S ribosomal RNA	4045-4888:1
NC_082189.1	tRNA	trnV	tRNA-Val	4888-4948:1
NC_082189.1	rRNA	rrnL	16S ribosomal RNA	4948-6256:1
NC_082189.1	tRNA	trnL	tRNA-Leu	6256-6321:1
NC_082189.1	tRNA	trnA	tRNA-Ala	6327-6391:1
NC_082189.1	tRNA	trnS2	tRNA-Ser	6391-6458:1
NC_082189.1	tRNA	trnL2	tRNA-Leu	6459-6521:1
NC_082189.1	CDS	ND1	NADH dehydrogenase subunit 1	6522-7449:1
NC_082189.1	tRNA	trnI	tRNA-Ile	7449-7517:1
NC_082189.1	tRNA	trnK	tRNA-Lys	7519-7582:1
NC_082189.1	CDS	ND3	NADH dehydrogenase subunit 3	7582-7933:1
NC_082189.1	tRNA	trnS	tRNA-Ser	7934-8002:1
NC_082189.1	CDS	ND2	NADH dehydrogenase subunit 2	8002-8996:1
NC_082189.1	CDS	COX1	cytochrome c oxidase subunit I	8996-10551:1
NC_082189.1	tRNA	trnN	tRNA-Asn	10552-10615:1
NC_082189.1	CDS	COX2	cytochrome c oxidase subunit II	10615-11302:1
NC_082189.1	tRNA	trnD	tRNA-Asp	11302-11364:1
NC_082189.1	CDS	ATP8	ATP synthase F0 subunit 8	11365-11524:1
NC_082189.1	tRNA	trnY	tRNA-Tyr	11524-11584:1
NC_082189.1	tRNA	trnG	tRNA-Gly	11584-11648:-1
NC_082189.1	CDS	COX3	cytochrome c oxidase subunit III	11648-12428:1
NC_082189.1	tRNA	trnQ	tRNA-Gln	12431-12500:1
NC_082189.1	CDS	ND6	NADH dehydrogenase subunit 6	12500-12972:1
NC_082189.1	CDS	CYTB	cytochrome b	12972-14113:1
NC_082189.1	tRNA	trnW	tRNA-Trp	14113-14176:1
NC_082189.1	CDS	ATP6	ATP synthase F0 subunit 6	14176-14869:1
NC_082189.1	tRNA	trnR	tRNA-Arg	14872-14935:1
NC_082190.1	tRNA	trnH	tRNA-His	399-462:1
NC_082190.1	CDS	ND5	NADH dehydrogenase subunit 5	462-2164:1
NC_082190.1	tRNA	trnF	tRNA-Phe	2164-2228:1
NC_082190.1	tRNA	trnE	tRNA-Glu	2228-2296:1
NC_082190.1	tRNA	trnP	tRNA-Pro	2307-2371:1
NC_082190.1	tRNA	trnT	tRNA-Thr	2373-2437:1
NC_082190.1	CDS	ND4L	NADH dehydrogenase subunit 4L	2437-2728:1
NC_082190.1	CDS	ND4	NADH dehydrogenase subunit 4	2721-4063:1
NC_082190.1	tRNA	trnC	tRNA-Cys	4063-4125:1
NC_082190.1	tRNA	trnM	tRNA-Met	4125-4188:1
NC_082190.1	rRNA	rrnS	12S ribosomal RNA	4188-5031:1
NC_082190.1	tRNA	trnV	tRNA-Val	5031-5091:1
NC_082190.1	rRNA	rrnL	16S ribosomal RNA	5091-6399:1
NC_082190.1	tRNA	trnL	tRNA-Leu	6399-6464:1
NC_082190.1	tRNA	trnA	tRNA-Ala	6470-6534:1
NC_082190.1	tRNA	trnS2	tRNA-Ser	6534-6601:1
NC_082190.1	tRNA	trnL2	tRNA-Leu	6602-6664:1
NC_082190.1	CDS	ND1	NADH dehydrogenase subunit 1	6665-7592:1
NC_082190.1	tRNA	trnI	tRNA-Ile	7592-7660:1
NC_082190.1	tRNA	trnK	tRNA-Lys	7662-7725:1
NC_082190.1	CDS	ND3	NADH dehydrogenase subunit 3	7725-8076:1
NC_082190.1	tRNA	trnS	tRNA-Ser	8077-8145:1
NC_082190.1	CDS	ND2	NADH dehydrogenase subunit 2	8145-9139:1
NC_082190.1	CDS	COX1	cytochrome c oxidase subunit I	9139-10694:1
NC_082190.1	tRNA	trnN	tRNA-Asn	10695-10758:1
NC_082190.1	CDS	COX2	cytochrome c oxidase subunit II	10758-11445:1
NC_082190.1	tRNA	trnD	tRNA-Asp	11445-11507:1
NC_082190.1	CDS	ATP8	ATP synthase F0 subunit 8	11508-11667:1
NC_082190.1	tRNA	trnY	tRNA-Tyr	11667-11727:1
NC_082190.1	tRNA	trnG	tRNA-Gly	11727-11791:1
NC_082190.1	CDS	COX3	cytochrome c oxidase subunit III	11791-12571:1
NC_082190.1	tRNA	trnQ	tRNA-Gln	12574-12643:1
NC_082190.1	CDS	ND6	NADH dehydrogenase subunit 6	12643-13115:1
NC_082190.1	CDS	CYTB	cytochrome b	13115-14256:1
NC_082190.1	tRNA	trnW	tRNA-Trp	14256-14319:1
NC_082190.1	CDS	ATP6	ATP synthase F0 subunit 6	14319-15006:1
NC_082190.1	tRNA	trnR	tRNA-Arg	15015-15080:1
NC_082191.1	tRNA	trnH	tRNA-His	279-342:1
NC_082191.1	CDS	ND5	NADH dehydrogenase subunit 5	342-2044:1
NC_082191.1	tRNA	trnF	tRNA-Phe	2044-2108:1
NC_082191.1	tRNA	trnE	tRNA-Glu	2108-2176:1
NC_082191.1	tRNA	trnP	tRNA-Pro	2188-2252:1
NC_082191.1	tRNA	trnT	tRNA-Thr	2254-2318:1
NC_082191.1	CDS	ND4L	NADH dehydrogenase subunit 4L	2318-2609:1
NC_082191.1	CDS	ND4	NADH dehydrogenase subunit 4	2602-3944:1
NC_082191.1	tRNA	trnC	tRNA-Cys	3944-4006:1
NC_082191.1	tRNA	trnM	tRNA-Met	4006-4069:1
NC_082191.1	rRNA	rrnS	12S ribosomal RNA	4069-4912:1
NC_082191.1	tRNA	trnV	tRNA-Val	4912-4972:1
NC_082191.1	rRNA	rrnL	16S ribosomal RNA	4972-6278:1
NC_082191.1	tRNA	trnL	tRNA-Leu	6278-6343:1
NC_082191.1	tRNA	trnA	tRNA-Ala	6349-6413:1
NC_082191.1	tRNA	trnS2	tRNA-Ser	6413-6480:1
NC_082191.1	tRNA	trnL2	tRNA-Leu	6481-6543:1
NC_082191.1	CDS	ND1	NADH dehydrogenase subunit 1	6544-7469:1
NC_082191.1	tRNA	trnI	tRNA-Ile	7470-7539:1
NC_082191.1	tRNA	trnK	tRNA-Lys	7541-7604:1
NC_082191.1	CDS	ND3	NADH dehydrogenase subunit 3	7604-7955:1
NC_082191.1	tRNA	trnS	tRNA-Ser	7956-8024:1
NC_082191.1	CDS	ND2	NADH dehydrogenase subunit 2	8024-9018:1
NC_082191.1	CDS	COX1	cytochrome c oxidase subunit I	9018-10579:1
NC_082191.1	tRNA	trnN	tRNA-Asn	10579-10637:1
NC_082191.1	CDS	COX2	cytochrome c oxidase subunit II	10637-11324:1
NC_082191.1	tRNA	trnD	tRNA-Asp	11324-11386:1
NC_082191.1	CDS	ATP8	ATP synthase F0 subunit 8	11387-11546:1
NC_082191.1	tRNA	trnY	tRNA-Tyr	11546-11606:1
NC_082191.1	tRNA	trnG	tRNA-Gly	11606-11670:1
NC_082191.1	CDS	COX3	cytochrome c oxidase subunit III	11670-12450:1
NC_082191.1	tRNA	trnQ	tRNA-Gln	12453-12522:1
NC_082191.1	CDS	ND6	NADH dehydrogenase subunit 6	12522-12994:1
NC_082191.1	CDS	CYTB	cytochrome b	12994-14135:1
NC_082191.1	tRNA	trnW	tRNA-Trp	14135-14198:1
NC_082191.1	CDS	ATP6	ATP synthase F0 subunit 6	14198-14885:1
NC_082191.1	tRNA	trnR	tRNA-Arg	14894-14957:1
NC_082192.1	tRNA	trnH	tRNA-His	288-351:1
NC_082192.1	CDS	ND5	NADH dehydrogenase subunit 5	351-2050:1
NC_082192.1	tRNA	trnF	tRNA-Phe	2050-2114:1
NC_082192.1	tRNA	trnE	tRNA-Glu	2114-2181:1
NC_082192.1	tRNA	trnP	tRNA-Pro	2189-2253:1
NC_082192.1	tRNA	trnT	tRNA-Thr	2255-2319:1
NC_082192.1	CDS	ND4L	NADH dehydrogenase subunit 4L	2319-2610:1
NC_082192.1	CDS	ND4	NADH dehydrogenase subunit 4	2603-3947:1
NC_082192.1	tRNA	trnC	tRNA-Cys	3947-4008:1
NC_082192.1	tRNA	trnM	tRNA-Met	4008-4072:1
NC_082192.1	rRNA	rrnS	12S ribosomal RNA	4072-4908:1
NC_082192.1	tRNA	trnV	tRNA-Val	4908-4974:1
NC_082192.1	rRNA	rrnL	16S ribosomal RNA	4974-6277:1
NC_082192.1	tRNA	trnL	tRNA-Leu	6277-6342:1
NC_082192.1	tRNA	trnA	tRNA-Ala	6346-6409:1
NC_082192.1	tRNA	trnS2	tRNA-Ser	6411-6478:1
NC_082192.1	tRNA	trnL2	tRNA-Leu	6479-6541:1
NC_082192.1	CDS	ND1	NADH dehydrogenase subunit 1	6542-7469:1
NC_082192.1	tRNA	trnI	tRNA-Ile	7469-7537:1
NC_082192.1	tRNA	trnK	tRNA-Lys	7539-7602:1
NC_082192.1	CDS	ND3	NADH dehydrogenase subunit 3	7602-7950:1
NC_082192.1	tRNA	trnS	tRNA-Ser	7951-8019:1
NC_082192.1	CDS	ND2	NADH dehydrogenase subunit 2	8019-9013:1
NC_082192.1	CDS	COX1	cytochrome c oxidase subunit I	9013-10568:1
NC_082192.1	tRNA	trnN	tRNA-Asn	10568-10631:1
NC_082192.1	CDS	COX2	cytochrome c oxidase subunit II	10631-11318:1
NC_082192.1	tRNA	trnD	tRNA-Asp	11318-11379:1
NC_082192.1	CDS	ATP8	ATP synthase F0 subunit 8	11380-11539:1
NC_082192.1	tRNA	trnY	tRNA-Tyr	11539-11599:1
NC_082192.1	tRNA	trnG	tRNA-Gly	11599-11663:1
NC_082192.1	CDS	COX3	cytochrome c oxidase subunit III	11663-12443:1
NC_082192.1	tRNA	trnQ	tRNA-Gln	12446-12515:1
NC_082192.1	CDS	ND6	NADH dehydrogenase subunit 6	12515-12987:1
NC_082192.1	CDS	CYTB	cytochrome b	12987-14128:1
NC_082192.1	tRNA	trnW	tRNA-Trp	14128-14191:1
NC_082192.1	CDS	ATP6	ATP synthase F0 subunit 6	14191-14878:1
NC_082192.1	tRNA	trnR	tRNA-Arg	14878-14941:1
NC_082193.1	tRNA	trnH	tRNA-His	277-340:1
NC_082193.1	CDS	ND5	NADH dehydrogenase subunit 5	340-2033:1
NC_082193.1	tRNA	trnF	tRNA-Phe	2039-2103:1
NC_082193.1	tRNA	trnE	tRNA-Glu	2103-2170:1
NC_082193.1	tRNA	trnP	tRNA-Pro	2178-2242:1
NC_082193.1	tRNA	trnT	tRNA-Thr	2244-2302:1
NC_082193.1	CDS	ND4L	NADH dehydrogenase subunit 4L	2302-2599:1
NC_082193.1	CDS	ND4	NADH dehydrogenase subunit 4	2592-3936:1
NC_082193.1	tRNA	trnC	tRNA-Cys	3936-3997:1
NC_082193.1	tRNA	trnM	tRNA-Met	3997-4061:1
NC_082193.1	rRNA	rrnS	12S ribosomal RNA	4061-4896:1
NC_082193.1	tRNA	trnV	tRNA-Val	4896-4964:1
NC_082193.1	rRNA	rrnL	16S ribosomal RNA	4964-6270:1
NC_082193.1	tRNA	trnL	tRNA-Leu	6270-6335:1
NC_082193.1	tRNA	trnA	tRNA-Ala	6339-6402:1
NC_082193.1	tRNA	trnS2	tRNA-Ser	6403-6470:1
NC_082193.1	tRNA	trnL2	tRNA-Leu	6471-6533:1
NC_082193.1	CDS	ND1	NADH dehydrogenase subunit 1	6534-7461:1
NC_082193.1	tRNA	trnI	tRNA-Ile	7461-7529:1
NC_082193.1	tRNA	trnK	tRNA-Lys	7531-7595:1
NC_082193.1	CDS	ND3	NADH dehydrogenase subunit 3	7595-7943:1
NC_082193.1	tRNA	trnS	tRNA-Ser	7944-8012:1
NC_082193.1	CDS	ND2	NADH dehydrogenase subunit 2	8012-9006:1
NC_082193.1	CDS	COX1	cytochrome c oxidase subunit I	9006-10561:1
NC_082193.1	tRNA	trnN	tRNA-Asn	10562-10624:1
NC_082193.1	CDS	COX2	cytochrome c oxidase subunit II	10624-11311:1
NC_082193.1	tRNA	trnD	tRNA-Asp	11311-11372:1
NC_082193.1	CDS	ATP8	ATP synthase F0 subunit 8	11373-11532:1
NC_082193.1	tRNA	trnY	tRNA-Tyr	11532-11592:1
NC_082193.1	tRNA	trnG	tRNA-Gly	11592-11656:1
NC_082193.1	CDS	COX3	cytochrome c oxidase subunit III	11656-12436:1
NC_082193.1	tRNA	trnQ	tRNA-Gln	12439-12508:1
NC_082193.1	CDS	ND6	NADH dehydrogenase subunit 6	12508-12980:1
NC_082193.1	CDS	CYTB	cytochrome b	12980-14121:1
NC_082193.1	tRNA	trnW	tRNA-Trp	14121-14184:1
NC_082193.1	CDS	ATP6	ATP synthase F0 subunit 6	14184-14871:1
NC_082193.1	tRNA	trnR	tRNA-Arg	14871-14934:1
NC_082300.1	CDS	COX1	cytochrome c oxidase subunit I	0-1536:1
NC_082300.1	tRNA	trnN(guu)	tRNA-Asn	1540-1602:1
NC_082300.1	CDS	COX2	cytochrome c oxidase subunit II	1602-2295:1
NC_082300.1	tRNA	trnG(ucc)	tRNA-Gly	2334-2401:1
NC_082300.1	tRNA	trnY(gua)	tRNA-Tyr	3260-3323:1
NC_082300.1	CDS	ATP8	ATP synthase F0 subunit 8	3387-3552:1
NC_082300.1	tRNA	trnM	tRNA-Met	3547-3613:1
NC_082300.1	tRNA	trnD(guc)	tRNA-Asp	3613-3676:1
NC_082300.1	CDS	COX3	cytochrome c oxidase subunit III	3690-4468:1
NC_082300.1	tRNA	trnQ(uug)	tRNA-Gln	4468-4532:1
NC_082300.1	CDS	ND6	NADH dehydrogenase subunit 6	4541-5006:1
NC_082300.1	CDS	CYTB	cytochrome b	4998-6138:1
NC_082300.1	tRNA	trnW(uca)	tRNA-Trp	6139-6202:1
NC_082300.1	CDS	ATP6	ATP synthase F0 subunit 6	6202-6898:1
NC_082300.1	tRNA	trnR-UCG	tRNA-Arg	6898-6958:1
NC_082300.1	tRNA	trnH(gug)	tRNA-His	6956-7019:1
NC_082300.1	CDS	ND5	NADH dehydrogenase subunit 5	7019-8699:1
NC_082300.1	tRNA	trnF(gaa)	tRNA-Phe	8711-8777:1
NC_082300.1	tRNA	trnE(uuc)	tRNA-Glu	8778-8842:1
NC_082300.1	tRNA	trnP(ugg)	tRNA-Pro	8842-8905:1
NC_082300.1	tRNA	trnT(ugu)	tRNA-Thr	8925-8993:1
NC_082300.1	CDS	ND4L	NADH dehydrogenase subunit 4L	8993-9281:1
NC_082300.1	CDS	ND4	NADH dehydrogenase subunit 4	9274-10600:1
NC_082300.1	rRNA	rrn12	12S ribosomal RNA	10602-11404:1
NC_082300.1	tRNA	trnV(uac)	tRNA-Val	11404-11469:1
NC_082300.1	rRNA	rrn16	16S ribosomal RNA	11469-12657:1
NC_082300.1	tRNA	trnL(uag)	tRNA-Leu	12657-12719:1
NC_082300.1	tRNA	trnS(uga)	tRNA-Ser	12731-12789:1
NC_082300.1	tRNA	trnA(ugc)	tRNA-Ala	12793-12859:1
NC_082300.1	tRNA	trnL(uaa)	tRNA-Leu	12861-12924:1
NC_082300.1	CDS	ND1	NADH dehydrogenase subunit 1	12924-13851:1
NC_082300.1	tRNA	trnI(gau)	tRNA-Ile	13850-13915:1
NC_082300.1	tRNA	trnK(uuu)	tRNA-Lys	13915-13979:1
NC_082300.1	CDS	ND3	NADH dehydrogenase subunit 3	13979-14324:1
NC_082300.1	tRNA	trnS(ucu)	tRNA-Ser	14322-14390:1
NC_082300.1	CDS	ND2	NADH dehydrogenase subunit 2	14390-15374:1
NC_082300.1	tRNA	trnC(gca)	tRNA-Cys	15384-15446:1
NC_082301.1	CDS	COX1	cytochrome c oxidase subunit I	0-1536:1
NC_082301.1	tRNA	trnN(guu)	tRNA-Asn	1540-1602:1
NC_082301.1	CDS	COX2	cytochrome c oxidase subunit II	1602-2295:1
NC_082301.1	tRNA	trnG(ucc)	tRNA-Gly	2334-2401:1
NC_082301.1	tRNA	trnY(gua)	tRNA-Tyr	3259-3322:1
NC_082301.1	CDS	ATP8	ATP synthase F0 subunit 8	3386-3551:1
NC_082301.1	tRNA	trnM(cau)	tRNA-Met	3546-3612:1
NC_082301.1	tRNA	trnD(guc)	tRNA-Asp	3612-3675:1
NC_082301.1	CDS	COX3	cytochrome c oxidase subunit III	3689-4467:1
NC_082301.1	tRNA	trnQ(uug)	tRNA-Gln	4467-4531:1
NC_082301.1	CDS	ND6	NADH dehydrogenase subunit 6	4540-5005:1
NC_082301.1	CDS	CYTB	cytochrome b	4997-6137:1
NC_082301.1	tRNA	trnW(uca)	tRNA-Trp	6138-6201:1
NC_082301.1	CDS	ATP6	ATP synthase F0 subunit 6	6201-6897:1
NC_082301.1	tRNA	trnR-UCG	tRNA-Arg	6897-6956:1
NC_082301.1	tRNA	trnH(gug)	tRNA-His	6954-7017:1
NC_082301.1	CDS	ND5	NADH dehydrogenase subunit 5	7017-8697:1
NC_082301.1	tRNA	trnF(gaa)	tRNA-Phe	8709-8775:1
NC_082301.1	tRNA	trnE(uuc)	tRNA-Glu	8776-8840:1
NC_082301.1	tRNA	trnP(ugg)	tRNA-Pro	8840-8903:1
NC_082301.1	tRNA	trnT(ugu)	tRNA-Thr	8924-8992:1
NC_082301.1	CDS	ND4L	NADH dehydrogenase subunit 4L	8992-9280:1
NC_082301.1	CDS	ND4	NADH dehydrogenase subunit 4	9273-10599:1
NC_082301.1	rRNA	rrn12	12S ribosomal RNA	10601-11403:1
NC_082301.1	tRNA	trnV(uac)	tRNA-Val	11403-11468:1
NC_082301.1	rRNA	rrn16	16S ribosomal RNA	11468-12656:1
NC_082301.1	tRNA	trnL(uag)	tRNA-Leu	12656-12718:1
NC_082301.1	tRNA	trnS(uga)	tRNA-Ser	12730-12788:1
NC_082301.1	tRNA	trnA(ugc)	tRNA-Ala	12792-12858:1
NC_082301.1	tRNA	trnL(uaa)	tRNA-Leu	12860-12923:1
NC_082301.1	CDS	ND1	NADH dehydrogenase subunit 1	12923-13850:1
NC_082301.1	tRNA	trnI(gau)	tRNA-Ile	13849-13914:1
NC_082301.1	tRNA	trnK(uuu)	tRNA-Lys	13914-13978:1
NC_082301.1	CDS	ND3	NADH dehydrogenase subunit 3	13978-14323:1
NC_082301.1	tRNA	trnS(ucu)	tRNA-Ser	14321-14389:1
NC_082301.1	CDS	ND2	NADH dehydrogenase subunit 2	14389-15373:1
NC_082301.1	tRNA	trnC(gca)	tRNA-Cys	15383-15445:1
NC_084115.1	CDS	CYTB	cytochrome b	14199-15291:1,0-37:1
NC_084115.1	tRNA	trnW	tRNA-Trp	43-104:1
NC_084115.1	CDS	ATP6	ATP synthase F0 subunit 6	104-788:1
NC_084115.1	tRNA	trnR	tRNA-Arg	1026-1078:1
NC_084115.1	tRNA	trnH	tRNA-His	1675-1736:1
NC_084115.1	CDS	ND5	NADH dehydrogenase subunit 5	1736-3423:1
NC_084115.1	tRNA	trnF	tRNA-Phe	3423-3487:1
NC_084115.1	tRNA	trnE	tRNA-Glu	3492-3566:1
NC_084115.1	tRNA	trnP	tRNA-Pro	3566-3629:1
NC_084115.1	tRNA	trnT	tRNA-Thr	3629-3691:1
NC_084115.1	CDS	ND4L	NADH dehydrogenase subunit 4L	3691-3979:1
NC_084115.1	CDS	ND4	NADH dehydrogenase subunit 4	3972-5322:1
NC_084115.1	tRNA	trnC	tRNA-Cys	5320-5383:1
NC_084115.1	tRNA	trnM	tRNA-Met	5398-5460:1
NC_084115.1	rRNA	rrnS	12S ribosomal RNA	5456-6242:1
NC_084115.1	tRNA	trnV	tRNA-Val	6234-6294:1
NC_084115.1	rRNA	rrnL	16S ribosomal RNA	6451-7489:1
NC_084115.1	tRNA	trnL	tRNA-Leu	7530-7590:1
NC_084115.1	tRNA	trnA	tRNA-Ala	7599-7658:1
NC_084115.1	tRNA	trnS	tRNA-Ser	7658-7725:1
NC_084115.1	tRNA	trnL2	tRNA-Leu	7725-7787:1
NC_084115.1	CDS	ND1	NADH dehydrogenase subunit 1	7787-8711:1
NC_084115.1	tRNA	trnI	tRNA-Ile	8710-8774:1
NC_084115.1	tRNA	trnK	tRNA-Lys	8773-8844:1
NC_084115.1	CDS	ND3	NADH dehydrogenase subunit 3	8844-9198:1
NC_084115.1	tRNA	trnS2	tRNA-Ser	9195-9253:1
NC_084115.1	CDS	ND2	NADH dehydrogenase subunit 2	9254-10254:1
NC_084115.1	CDS		cytochrome c oxidase subunit I	10254-11802:1
NC_084115.1	tRNA	trnN	tRNA-Asn	11805-11873:1
NC_084115.1	CDS	COX2	cytochrome c oxidase subunit II	11873-12560:1
NC_084115.1	tRNA	trnD	tRNA-Asp	12558-12619:1
NC_084115.1	CDS	ATP8	ATP synthase F0 subunit 8	12619-12772:1
NC_084115.1	tRNA	trnY	tRNA-Tyr	12770-12829:1
NC_084115.1	tRNA	trnG	tRNA-Gly	12828-12884:1
NC_084115.1	CDS	COX3	cytochrome c oxidase subunit III	12887-13664:1
NC_084115.1	tRNA	trnQ	tRNA-Gln	13666-13733:1
NC_084115.1	CDS	ND6	NADH dehydrogenase subunit 6	13733-14199:1
NC_085286.1	CDS	COX1	cytochrome c oxidase subunit I	0-1534:1
NC_085286.1	tRNA	trnN(guu)	tRNA-Asn	1534-1598:1
NC_085286.1	CDS	COX2	cytochrome c oxidase subunit II	1598-2288:1
NC_085286.1	tRNA	trnG(ucc)	tRNA-Gly	2366-2432:1
NC_085286.1	tRNA	trnY(gua)	tRNA-Tyr	3592-3658:1
NC_085286.1	CDS	ATP8	ATP synthase F0 subunit 8	3730-3890:1
NC_085286.1	tRNA	trnM(cau)	tRNA-Met	3890-3956:1
NC_085286.1	tRNA	trnD(guc)	tRNA-Asp	3957-4020:1
NC_085286.1	CDS	COX3	cytochrome c oxidase subunit III	4046-4824:1
NC_085286.1	tRNA	trnQ(uug)	tRNA-Gln	4824-4887:1
NC_085286.1	CDS	ND6	NADH dehydrogenase subunit 6	4896-5353:1
NC_085286.1	CDS	CYTB	cytochrome b	5353-6490:1
NC_085286.1	tRNA	trnW(uca)	tRNA-Trp	6491-6554:1
NC_085286.1	CDS	ATP6	ATP synthase F0 subunit 6	6554-7250:1
NC_085286.1	tRNA	trnR(ucg)	tRNA-Arg	7257-7310:1
NC_085286.1	tRNA	trnH(gug)	tRNA-His	7310-7374:1
NC_085286.1	CDS	ND5	NADH dehydrogenase subunit 5	7374-9055:1
NC_085286.1	tRNA	trnF(gaa)	tRNA-Phe	9055-9120:1
NC_085286.1	tRNA	trnE(uuc)	tRNA-Glu	9129-9194:1
NC_085286.1	tRNA	trnP(ugg)	tRNA-Pro	9192-9254:1
NC_085286.1	tRNA	trnT(ugu)	tRNA-Thr	9269-9336:1
NC_085286.1	CDS	ND4L	NADH dehydrogenase subunit 4L	9336-9624:1
NC_085286.1	CDS	ND4	NADH dehydrogenase subunit 4	9617-10949:1
NC_085286.1	rRNA	rrn12	12S ribosomal RNA	10949-11752:1
NC_085286.1	tRNA	trnV(uac)	tRNA-Val	11752-11815:1
NC_085286.1	rRNA	rrn16	16S ribosomal RNA	11815-13011:1
NC_085286.1	tRNA	trnL(uag)	tRNA-Leu	13011-13075:1
NC_085286.1	tRNA	trnS(uga)	tRNA-Ser	13082-13143:1
NC_085286.1	tRNA	trnA(ugc)	tRNA-Ala	13169-13235:1
NC_085286.1	tRNA	trnL(uaa)	tRNA-Leu	13235-13297:1
NC_085286.1	CDS	ND1	NADH dehydrogenase subunit 1	13297-14222:1
NC_085286.1	tRNA	trnI(gau)	tRNA-Ile	14222-14286:1
NC_085286.1	tRNA	trnK(uuu)	tRNA-Lys	14294-14357:1
NC_085286.1	CDS	ND3	NADH dehydrogenase subunit 3	14357-14702:1
NC_085286.1	tRNA	trnS(ucu)	tRNA-Ser	14700-14768:1
NC_085286.1	CDS	ND2	NADH dehydrogenase subunit 2	14768-15755:1
NC_085286.1	tRNA	trnC(gca)	tRNA-Cys	15755-15816:1
NC_085348.1	tRNA	trnH	tRNA-His	998-1061:1
NC_085348.1	CDS	ND5	NADH dehydrogenase subunit 5	1074-2764:1
NC_085348.1	tRNA	trnF	tRNA-Phe	2764-2826:1
NC_085348.1	tRNA	trnE	tRNA-Glu	2826-2889:1
NC_085348.1	tRNA	trnP	tRNA-Pro	2890-2953:1
NC_085348.1	tRNA	trnT	tRNA-Thr	2953-3015:1
NC_085348.1	CDS	nad4l	NADH dehydrogenase subunit 4L	3015-3303:1
NC_085348.1	CDS	nad4	NADH dehydrogenase subunit 4	3296-4649:1
NC_085348.1	tRNA	trnC	tRNA-Cys	4647-4708:1
NC_085348.1	tRNA	trnM	tRNA-Met	4710-4773:1
NC_085348.1	rRNA	rrnS	12S ribosomal RNA	4769-5586:1
NC_085348.1	tRNA	trnV	tRNA-Val	5586-5647:1
NC_085348.1	rRNA	rrnL	16S ribosomal RNA	5647-7033:1
NC_085348.1	tRNA	trnL1	tRNA-Leu	7010-7069:1
NC_085348.1	tRNA	trnA	tRNA-Ala	7073-7136:1
NC_085348.1	tRNA	trnS2	tRNA-Ser	7332-7401:1
NC_085348.1	tRNA	trnL2	tRNA-Leu	7404-7469:1
NC_085348.1	CDS	nad1	NADH dehydrogenase subunit 1	7469-8393:1
NC_085348.1	tRNA	trnI	tRNA-Ile	8391-8457:1
NC_085348.1	tRNA	trnK	tRNA-Lys	8456-8523:1
NC_085348.1	CDS	nad3	NADH dehydrogenase subunit 3	8523-8877:1
NC_085348.1	tRNA	trnS1	tRNA-Ser	8875-8939:1
NC_085348.1	CDS	nad2	NADH dehydrogenase subunit 2	8938-9934:1
NC_085348.1	CDS	cox1	cytochrome c oxidase subunit I	9936-11480:1
NC_085348.1	tRNA	trnN	tRNA-Asn	11480-11546:1
NC_085348.1	CDS	cox2	cytochrome c oxidase subunit II	11547-12234:1
NC_085348.1	tRNA	trnD	tRNA-Asp	12233-12293:1
NC_085348.1	CDS	atp8	ATP synthase F0 subunit 8	12295-12451:1
NC_085348.1	tRNA	trnY	tRNA-Tyr	12450-12511:1
NC_085348.1	tRNA	trnG	tRNA-Gly	12510-12567:1
NC_085348.1	CDS	cox3	cytochrome c oxidase subunit III	12568-13348:1
NC_085348.1	tRNA	trnQ	tRNA-Gln	13349-13417:1
NC_085348.1	CDS	nad6	NADH dehydrogenase subunit 6	13418-13887:1
NC_085348.1	CDS	cob	cytochrome b	13887-15022:1
NC_085348.1	tRNA	trnW	tRNA-Trp	15022-15085:1
NC_085348.1	CDS	atp6	ATP synthase F0 subunit 6	15085-15766:1
NC_085348.1	tRNA	trnR	tRNA-Arg	15764-15819:1
NC_086457.1	tRNA	trnY	tRNA-Tyr	352-415:1
NC_086457.1	CDS	ATP8	ATP synthase F0 subunit 8	473-632:1
NC_086457.1	tRNA	trnM	tRNA-Met	632-693:1
NC_086457.1	tRNA	trnD	tRNA-Asp	704-767:1
NC_086457.1	CDS	COX3	cytochrome c oxidase subunit III	808-1591:1
NC_086457.1	tRNA	trnQ	tRNA-Gln	1591-1650:1
NC_086457.1	CDS	ND6	NADH dehydrogenase subunit 6	1659-2116:1
NC_086457.1	CDS	CYTB	cytochrome b	2116-3268:1
NC_086457.1	tRNA	trnW	tRNA-Trp	3268-3331:1
NC_086457.1	CDS	ATP6	ATP synthase F0 subunit 6	3331-4024:1
NC_086457.1	tRNA	trnR	tRNA-Arg	4030-4080:1
NC_086457.1	tRNA	trnH	tRNA-His	4080-4142:1
NC_086457.1	CDS	ND5	NADH dehydrogenase subunit 5	4142-5829:1
NC_086457.1	tRNA	trnF	tRNA-Phe	5829-5891:1
NC_086457.1	tRNA	trnE	tRNA-Glu	5891-5956:1
NC_086457.1	tRNA	trnP	tRNA-Pro	5956-6018:1
NC_086457.1	tRNA	trnT	tRNA-Thr	6035-6103:1
NC_086457.1	CDS	ND4L	NADH dehydrogenase subunit 4L	6103-6391:1
NC_086457.1	CDS	ND4	NADH dehydrogenase subunit 4	6384-7716:1
NC_086457.1	rRNA	rrnS	12S ribosomal RNA	7716-8519:1
NC_086457.1	tRNA	trnV	tRNA-Val	8519-8584:1
NC_086457.1	rRNA	rrnL	16S ribosomal RNA	8684-9768:1
NC_086457.1	tRNA	trnL	tRNA-Leu	9768-9831:1
NC_086457.1	tRNA	trnS2	tRNA-Ser	9835-9894:1
NC_086457.1	tRNA	trnA	tRNA-Ala	9894-9958:1
NC_086457.1	tRNA	trnL2	tRNA-Leu	9958-10021:1
NC_086457.1	CDS	ND1	NADH dehydrogenase subunit 1	10021-10940:1
NC_086457.1	tRNA	trnI	tRNA-Ile	10940-11005:1
NC_086457.1	tRNA	trnK	tRNA-Lys	11005-11068:1
NC_086457.1	CDS	ND3	NADH dehydrogenase subunit 3	11068-11413:1
NC_086457.1	tRNA	trnS	tRNA-Ser	11413-11479:1
NC_086457.1	CDS	ND2	NADH dehydrogenase subunit 2	11479-12463:1
NC_086457.1	tRNA	trnC	tRNA-Cys	12466-12528:1
NC_086457.1	CDS	COX1	cytochrome c oxidase subunit I	12530-14064:1
NC_086457.1	tRNA	trnN	tRNA-Asn	14064-14129:1
NC_086457.1	CDS	COX2	cytochrome c oxidase subunit II	14129-14819:1
NC_086457.1	tRNA	trnG	tRNA-Gly	14881-14947:1
NC_086458.1	tRNA	trnY	tRNA-Tyr	680-743:1
NC_086458.1	CDS	ATP8	ATP synthase F0 subunit 8	807-972:1
NC_086458.1	tRNA	trnM	tRNA-Met	972-1033:1
NC_086458.1	tRNA	trnD	tRNA-Asp	1033-1096:1
NC_086458.1	CDS	COX3	cytochrome c oxidase subunit III	1110-1893:1
NC_086458.1	tRNA	trnQ	tRNA-Gln	1893-1952:1
NC_086458.1	CDS	ND6	NADH dehydrogenase subunit 6	1961-2418:1
NC_086458.1	CDS	CYTB	cytochrome b	2418-3558:1
NC_086458.1	tRNA	trnW	tRNA-Trp	3558-3621:1
NC_086458.1	CDS	ATP6	ATP synthase F0 subunit 6	3621-4317:1
NC_086458.1	tRNA	trnR	tRNA-Arg	4320-4374:1
NC_086458.1	tRNA	trnH	tRNA-His	4375-4438:1
NC_086458.1	CDS	ND5	NADH dehydrogenase subunit 5	4438-6118:1
NC_086458.1	tRNA	trnF	tRNA-Phe	6131-6197:1
NC_086458.1	tRNA	trnE	tRNA-Glu	6198-6261:1
NC_086458.1	tRNA	trnP	tRNA-Pro	6261-6324:1
NC_086458.1	tRNA	trnT	tRNA-Thr	6344-6412:1
NC_086458.1	CDS	ND4L	NADH dehydrogenase subunit 4L	6412-6700:1
NC_086458.1	CDS	ND4	NADH dehydrogenase subunit 4	6693-8019:1
NC_086458.1	rRNA	rrnS	12S ribosomal RNA	8019-8829:1
NC_086458.1	tRNA	trnV	tRNA-Val	8829-8893:1
NC_086458.1	rRNA	rrnL	16S ribosomal RNA	8993-10079:1
NC_086458.1	tRNA	trnL	tRNA-Leu	10079-10141:1
NC_086458.1	tRNA	trnS2	tRNA-Ser	10154-10212:1
NC_086458.1	tRNA	trnA	tRNA-Ala	10216-10282:1
NC_086458.1	tRNA	trnL2	tRNA-Leu	10284-10347:1
NC_086458.1	CDS	ND1	NADH dehydrogenase subunit 1	10347-11274:1
NC_086458.1	tRNA	trnI	tRNA-Ile	11274-11338:1
NC_086458.1	tRNA	trnK	tRNA-Lys	11338-11402:1
NC_086458.1	CDS	ND3	NADH dehydrogenase subunit 3	11402-11747:1
NC_086458.1	tRNA	trnS	tRNA-Ser	11747-11813:1
NC_086458.1	CDS	ND2	NADH dehydrogenase subunit 2	11813-12797:1
NC_086458.1	tRNA	trnC	tRNA-Cys	12806-12868:1
NC_086458.1	CDS	COX1	cytochrome c oxidase subunit I	12869-14405:1
NC_086458.1	tRNA	trnN	tRNA-Asn	14409-14471:1
NC_086458.1	CDS	COX2	cytochrome c oxidase subunit II	14471-15164:1
NC_086458.1	tRNA	trnG	tRNA-Gly	15202-15269:1
NC_087805.1	tRNA	trnL2	tRNA-Leu	180-245:1
NC_087805.1	CDS	ND1	NADH dehydrogenase subunit 1	245-1178:1
NC_087805.1	tRNA	trnI	tRNA-Ile	1180-1247:1
NC_087805.1	tRNA	trnK	tRNA-Lys	1247-1311:1
NC_087805.1	CDS	ND3	NADH dehydrogenase subunit 3	1311-1665:1
NC_087805.1	tRNA	trnS1	tRNA-Ser	1669-1737:1
NC_087805.1	CDS	ND2	NADH dehydrogenase subunit 2	1737-2745:1
NC_087805.1	CDS	COX1	cytochrome c oxidase subunit I	2747-4298:1
NC_087805.1	tRNA	trnN	tRNA-Asn	4301-4368:1
NC_087805.1	CDS	COX2	cytochrome c oxidase subunit II	4369-5056:1
NC_087805.1	tRNA	trnD	tRNA-Asp	5059-5126:1
NC_087805.1	CDS	ATP8	ATP synthase F0 subunit 8	5127-5283:1
NC_087805.1	tRNA	trnY	tRNA-Tyr	5298-5359:1
NC_087805.1	CDS	COX3	cytochrome c oxidase subunit III	5362-6142:1
NC_087805.1	tRNA	trnQ	tRNA-Gln	6143-6212:1
NC_087805.1	CDS	ND6	NADH dehydrogenase subunit 6	6213-6682:1
NC_087805.1	CDS	CYTB	cytochrome b	6682-7819:1
NC_087805.1	tRNA	trnW	tRNA-Trp	7819-7883:1
NC_087805.1	CDS	ATP6	ATP synthase F0 subunit 6	7883-8582:1
NC_087805.1	tRNA	trnR	tRNA-Arg	8586-8646:1
NC_087805.1	tRNA	trnH	tRNA-His	8646-8709:1
NC_087805.1	CDS	ND5	NADH dehydrogenase subunit 5	8709-10423:1
NC_087805.1	tRNA	trnF	tRNA-Phe	10423-10489:1
NC_087805.1	tRNA	trnE	tRNA-Glu	10489-10553:1
NC_087805.1	tRNA	trnP	tRNA-Pro	10553-10616:1
NC_087805.1	tRNA	trnT	tRNA-Thr	10617-10682:1
NC_087805.1	CDS	ND4L	NADH dehydrogenase subunit 4L	10682-10979:1
NC_087805.1	CDS	ND4	NADH dehydrogenase subunit 4	10972-12340:1
NC_087805.1	tRNA	trnC	tRNA-Cys	12340-12402:1
NC_087805.1	tRNA	trnG	tRNA-Gly	12406-12472:1
NC_087805.1	tRNA	trnM	tRNA-Met	12480-12544:1
NC_087805.1	rRNA	rrnS	12S ribosomal RNA	12572-13397:1
NC_087805.1	tRNA	trnV	tRNA-Val	13397-13462:1
NC_087805.1	rRNA	rrnL	16S ribosomal RNA	13462-14777:1
NC_087805.1	tRNA	trnL1	tRNA-Leu	14777-14840:1
NC_087805.1	tRNA	trnA	tRNA-Ala	14842-14905:1
NC_087805.1	tRNA	trnS2	tRNA-Ser	14905-14973:1
NC_087806.1	CDS	ND1	NADH dehydrogenase subunit 1	374-1313:1
NC_087806.1	tRNA	trnI	tRNA-Ile	1316-1384:1
NC_087806.1	tRNA	trnS1	tRNA-Ser	1385-1454:1
NC_087806.1	CDS	ND2	NADH dehydrogenase subunit 2	1454-2480:1
NC_087806.1	CDS	COX1	cytochrome c oxidase subunit I	2490-3213:1,5672-6497:1
NC_087806.1	tRNA	trnN	tRNA-Asn	6497-6567:1
NC_087806.1	CDS	COX2	cytochrome c oxidase subunit II	6568-7255:1
NC_087806.1	tRNA	trnS2	tRNA-Ser	7273-7340:1
NC_087806.1	tRNA	trnK	tRNA-Lys	7362-7426:1
NC_087806.1	CDS	ND3	NADH dehydrogenase subunit 3	7426-7780:1
NC_087806.1	tRNA	trnD	tRNA-Asp	7792-7859:1
NC_087806.1	CDS	ATP8	ATP synthase F0 subunit 8	7860-8016:1
NC_087806.1	tRNA	trnY	tRNA-Tyr	8025-8092:1
NC_087806.1	CDS	COX3	cytochrome c oxidase subunit III	8092-8872:1
NC_087806.1	tRNA	trnQ	tRNA-Gln	8885-8954:1
NC_087806.1	CDS	ND6	NADH dehydrogenase subunit 6	8955-9430:1
NC_087806.1	CDS	CYTB	cytochrome b	9430-10576:1
NC_087806.1	tRNA	trnW	tRNA-Trp	10576-10640:1
NC_087806.1	CDS	ATP6	ATP synthase F0 subunit 6	10661-11360:1
NC_087806.1	tRNA	trnR	tRNA-Arg	11360-11418:1
NC_087806.1	tRNA	trnH	tRNA-His	11421-11487:1
NC_087806.1	CDS	ND5	NADH dehydrogenase subunit 5	11487-13210:1
NC_087806.1	tRNA	trnF	tRNA-Phe	13210-13276:1
NC_087806.1	tRNA	trnE	tRNA-Glu	13284-13352:1
NC_087806.1	tRNA	trnP	tRNA-Pro	13352-13418:1
NC_087806.1	tRNA	trnT	tRNA-Thr	13420-13487:1
NC_087806.1	CDS	ND4L	NADH dehydrogenase subunit 4L	13488-13785:1
NC_087806.1	CDS	ND4	NADH dehydrogenase subunit 4	13778-15140:1
NC_087806.1	tRNA	trnC	tRNA-Cys	15140-15201:1
NC_087806.1	tRNA	trnG	tRNA-Gly	15201-15266:1
NC_087806.1	tRNA	trnM	tRNA-Met	15267-15333:1
NC_087806.1	rRNA	rrnS	12S ribosomal RNA	15333-16180:1
NC_087806.1	tRNA	trnV	tRNA-Val	16180-16248:1
NC_087806.1	rRNA	rrnL	16S ribosomal RNA	16248-17553:1
NC_087806.1	tRNA	trnL1	tRNA-Leu	17553-17618:1
NC_087806.1	tRNA	trnA	tRNA-Ala	17618-17683:1
NC_087806.1	tRNA	trnL2	tRNA-Leu	17687-17751:1
NC_087807.1	tRNA	trnR	tRNA-Arg	272-327:1
NC_087807.1	tRNA	trnH	tRNA-His	327-390:1
NC_087807.1	CDS	ND5	NADH dehydrogenase subunit 5	390-2104:1
NC_087807.1	tRNA	trnF	tRNA-Phe	2104-2168:1
NC_087807.1	tRNA	trnE	tRNA-Glu	2168-2233:1
NC_087807.1	tRNA	trnP	tRNA-Pro	2234-2299:1
NC_087807.1	tRNA	trnT	tRNA-Thr	2307-2371:1
NC_087807.1	CDS	ND4L	NADH dehydrogenase subunit 4L	2445-2742:1
NC_087807.1	CDS	ND4	NADH dehydrogenase subunit 4	2735-4095:1
NC_087807.1	tRNA	trnC	tRNA-Cys	4095-4156:1
NC_087807.1	tRNA	trnG	tRNA-Gly	4180-4242:1
NC_087807.1	tRNA	trnM	tRNA-Met	4242-4308:1
NC_087807.1	rRNA	rrnS	12S ribosomal RNA	4308-5099:1
NC_087807.1	tRNA	trnV	tRNA-Val	5099-5162:1
NC_087807.1	rRNA	rrnL	16S ribosomal RNA	5163-6372:1
NC_087807.1	tRNA	trnL1	tRNA-Leu	6411-6475:1
NC_087807.1	tRNA	trnA	tRNA-Ala	6475-6537:1
NC_087807.1	tRNA	trnS2	tRNA-Ser	6537-6604:1
NC_087807.1	tRNA	trnN	tRNA-Asn	6671-6738:1
NC_087807.1	CDS	COX2	cytochrome c oxidase subunit II	6738-7446:1
NC_087807.1	tRNA	trnD	tRNA-Asp	7446-7508:1
NC_087807.1	CDS	ATP8	ATP synthase F0 subunit 8	7508-7662:1
NC_087807.1	tRNA	trnY	tRNA-Tyr	7662-7727:1
NC_087807.1	CDS	COX3	cytochrome c oxidase subunit III	7727-8505:1
NC_087807.1	tRNA	trnQ	tRNA-Gln	8506-8575:1
NC_087807.1	CDS	ND6	NADH dehydrogenase subunit 6	8575-9044:1
NC_087807.1	CDS	CYTB	cytochrome b	9044-10184:1
NC_087807.1	tRNA	trnW	tRNA-Trp	10184-10245:1
NC_087807.1	CDS	ATP6	ATP synthase F0 subunit 6	10245-10944:1
NC_087807.1	tRNA	trnL2	tRNA-Leu	10946-11010:1
NC_087807.1	CDS	ND1	NADH dehydrogenase subunit 1	11011-11945:1
NC_087807.1	tRNA	trnI	tRNA-Ile	11945-12012:1
NC_087807.1	tRNA	trnK	tRNA-Lys	12012-12076:1
NC_087807.1	CDS	ND3	NADH dehydrogenase subunit 3	12077-12425:1
NC_087807.1	tRNA	trnS1	tRNA-Ser	12426-12493:1
NC_087807.1	CDS	ND2	NADH dehydrogenase subunit 2	12493-13504:1
NC_087807.1	CDS	COX1	cytochrome c oxidase subunit I	13507-15052:1
NC_087808.1	tRNA	trnH	tRNA-His	1338-1399:1
NC_087808.1	CDS	ND5	NADH dehydrogenase subunit 5	1399-3118:1
NC_087808.1	tRNA	trnF	tRNA-Phe	3120-3184:1
NC_087808.1	tRNA	trnE	tRNA-Glu	3185-3247:1
NC_087808.1	tRNA	trnP	tRNA-Pro	3247-3312:1
NC_087808.1	tRNA	trnG	tRNA-Gly	3323-3383:1
NC_087808.1	tRNA	trnM	tRNA-Met	3383-3448:1
NC_087808.1	rRNA	rrnS	12S ribosomal RNA	3448-4212:1
NC_087808.1	tRNA	trnV	tRNA-Val	4212-4276:1
NC_087808.1	tRNA	trnS2	tRNA-Ser	4291-4347:1
NC_087808.1	tRNA	trnN	tRNA-Asn	4347-4410:1
NC_087808.1	tRNA	trnD	tRNA-Asp	4418-4484:1
NC_087808.1	CDS	ATP8	ATP synthase F0 subunit 8	4484-4638:1
NC_087808.1	tRNA	trnY	tRNA-Tyr	4638-4703:1
NC_087808.1	tRNA	trnQ	tRNA-Gln	4705-4772:1
NC_087808.1	CDS	ND6	NADH dehydrogenase subunit 6	4772-5241:1
NC_087808.1	CDS	CYTB	cytochrome b	5241-6396:1
NC_087808.1	tRNA	trnL2	tRNA-Leu	6406-6469:1
NC_087808.1	CDS	ND1	NADH dehydrogenase subunit 1	6469-7402:1
NC_087808.1	CDS	COX1	cytochrome c oxidase subunit I	7431-8559:1,8864-9278:1
NC_087808.1	tRNA	trnR	tRNA-Arg	9306-9361:1
NC_087808.1	tRNA	trnT	tRNA-Thr	9374-9437:1
NC_087808.1	CDS	ND4L	NADH dehydrogenase subunit 4L	9437-9734:1
NC_087808.1	CDS	ND4	NADH dehydrogenase subunit 4	9727-11083:1
NC_087808.1	tRNA	trnC	tRNA-Cys	11083-11145:1
NC_087808.1	rRNA	rrnL	16S ribosomal RNA	11353-12383:1
NC_087808.1	tRNA	trnL1	tRNA-Leu	12430-12489:1
NC_087808.1	tRNA	trnA	tRNA-Ala	12489-12551:1
NC_087808.1	CDS	COX2	cytochrome c oxidase subunit II	12616-13315:1
NC_087808.1	CDS	COX3	cytochrome c oxidase subunit III	13390-14170:1
NC_087808.1	tRNA	trnW	tRNA-Trp	14197-14260:1
NC_087808.1	CDS	ATP6	ATP synthase F0 subunit 6	14260-14971:1
NC_087808.1	tRNA	trnI	tRNA-Ile	15238-15300:1
NC_087808.1	tRNA	trnK	tRNA-Lys	15300-15360:1
NC_087808.1	CDS	ND3	NADH dehydrogenase subunit 3	15360-15711:1
NC_087808.1	tRNA	trnS1	tRNA-Ser	15711-15771:1
NC_087808.1	CDS	ND2	NADH dehydrogenase subunit 2	15771-16776:1
NC_087809.1	tRNA	trnL2	tRNA-Leu	88-155:1
NC_087809.1	CDS	ND1	NADH dehydrogenase subunit 1	155-1088:1
NC_087809.1	tRNA	trnI	tRNA-Ile	1090-1156:1
NC_087809.1	tRNA	trnK	tRNA-Lys	1156-1220:1
NC_087809.1	CDS	ND3	NADH dehydrogenase subunit 3	1220-1574:1
NC_087809.1	tRNA	trnS1	tRNA-Ser	1583-1652:1
NC_087809.1	CDS	ND2	NADH dehydrogenase subunit 2	1652-2660:1
NC_087809.1	CDS	COX1	cytochrome c oxidase subunit I	2665-4216:1
NC_087809.1	tRNA	trnN	tRNA-Asn	4225-4289:1
NC_087809.1	CDS	COX2	cytochrome c oxidase subunit II	4290-4977:1
NC_087809.1	tRNA	trnD	tRNA-Asp	4982-5048:1
NC_087809.1	CDS	ATP8	ATP synthase F0 subunit 8	5049-5208:1
NC_087809.1	tRNA	trnY	tRNA-Tyr	5217-5282:1
NC_087809.1	CDS	COX3	cytochrome c oxidase subunit III	5286-6066:1
NC_087809.1	tRNA	trnQ	tRNA-Gln	6071-6140:1
NC_087809.1	CDS	ND6	NADH dehydrogenase subunit 6	6141-6610:1
NC_087809.1	CDS	CYTB	cytochrome b	6610-7747:1
NC_087809.1	tRNA	trnW	tRNA-Trp	7747-7809:1
NC_087809.1	CDS	ATP6	ATP synthase F0 subunit 6	7809-8508:1
NC_087809.1	tRNA	trnR	tRNA-Arg	8516-8576:1
NC_087809.1	tRNA	trnH	tRNA-His	8576-8638:1
NC_087809.1	CDS	ND5	NADH dehydrogenase subunit 5	8638-10360:1
NC_087809.1	tRNA	trnF	tRNA-Phe	10360-10425:1
NC_087809.1	tRNA	trnE	tRNA-Glu	10425-10490:1
NC_087809.1	tRNA	trnP	tRNA-Pro	10490-10556:1
NC_087809.1	tRNA	trnT	tRNA-Thr	10557-10623:1
NC_087809.1	CDS	ND4L	NADH dehydrogenase subunit 4L	10623-10920:1
NC_087809.1	CDS	ND4	NADH dehydrogenase subunit 4	10913-12281:1
NC_087809.1	tRNA	trnC	tRNA-Cys	12281-12344:1
NC_087809.1	tRNA	trnG	tRNA-Gly	12345-12410:1
NC_087809.1	tRNA	trnM	tRNA-Met	12448-12514:1
NC_087809.1	rRNA	rrnS	12S ribosomal RNA	12534-13358:1
NC_087809.1	tRNA	trnV	tRNA-Val	13358-13423:1
NC_087809.1	rRNA	rrnL	16S ribosomal RNA	13423-14740:1
NC_087809.1	tRNA	trnL1	tRNA-Leu	14740-14806:1
NC_087809.1	tRNA	trnA	tRNA-Ala	14809-14871:1
NC_087809.1	tRNA	trnS2	tRNA-Ser	14871-14938:1
NC_087810.1	CDS	COX3	cytochrome c oxidase subunit III	15719-16335:1,0-164:1
NC_087810.1	tRNA	trnQ	tRNA-Gln	164-234:1
NC_087810.1	CDS	ND6	NADH dehydrogenase subunit 6	234-706:1
NC_087810.1	CDS	CYTB	cytochrome b	706-1846:1
NC_087810.1	tRNA	trnW	tRNA-Trp	1846-1907:1
NC_087810.1	CDS	ATP6	ATP synthase F0 subunit 6	1907-2606:1
NC_087810.1	tRNA	trnR	tRNA-Arg	2606-2669:1
NC_087810.1	tRNA	trnH	tRNA-His	2669-2731:1
NC_087810.1	CDS	ND5	NADH dehydrogenase subunit 5	2731-4453:1
NC_087810.1	tRNA	trnF	tRNA-Phe	4453-4517:1
NC_087810.1	tRNA	trnE	tRNA-Glu	4518-4584:1
NC_087810.1	tRNA	trnP	tRNA-Pro	4584-4648:1
NC_087810.1	tRNA	trnT	tRNA-Thr	4648-4714:1
NC_087810.1	CDS	ND4L	NADH dehydrogenase subunit 4L	4714-5011:1
NC_087810.1	CDS	ND4	NADH dehydrogenase subunit 4	5004-6369:1
NC_087810.1	tRNA	trnC	tRNA-Cys	6369-6431:1
NC_087810.1	tRNA	trnG	tRNA-Gly	6431-6493:1
NC_087810.1	tRNA	trnM	tRNA-Met	6493-6556:1
NC_087810.1	rRNA	rrnS	12S ribosomal RNA	6556-7371:1
NC_087810.1	tRNA	trnV	tRNA-Val	7371-7436:1
NC_087810.1	rRNA	rrnL	16S ribosomal RNA	7436-8745:1
NC_087810.1	tRNA	trnL1	tRNA-Leu	8745-8807:1
NC_087810.1	tRNA	trnA	tRNA-Ala	8807-8870:1
NC_087810.1	tRNA	trnS2	tRNA-Ser	10482-10549:1
NC_087810.1	tRNA	trnL2	tRNA-Leu	10549-10614:1
NC_087810.1	CDS	ND1	NADH dehydrogenase subunit 1	10614-11548:1
NC_087810.1	tRNA	trnI	tRNA-Ile	11548-11615:1
NC_087810.1	tRNA	trnK	tRNA-Lys	11615-11679:1
NC_087810.1	CDS	ND3	NADH dehydrogenase subunit 3	11679-12033:1
NC_087810.1	tRNA	trnS1	tRNA-Ser	12033-12100:1
NC_087810.1	CDS	ND2	NADH dehydrogenase subunit 2	12100-13121:1
NC_087810.1	CDS	COX1	cytochrome c oxidase subunit I	13121-14663:1
NC_087810.1	tRNA	trnN	tRNA-Asn	14665-14732:1
NC_087810.1	CDS	COX2	cytochrome c oxidase subunit II	14733-15418:1
NC_087810.1	tRNA	trnD	tRNA-Asp	15418-15486:1
NC_087810.1	CDS	ATP8	ATP synthase F0 subunit 8	15486-15645:1
NC_087810.1	tRNA	trnY	tRNA-Tyr	15645-15706:1
NC_087824.1	CDS	nad2	NADH dehydrogenase subunit 2	14818-15800:1,0-23:1
NC_087824.1	CDS	cox1	cytochrome c oxidase subunit I	0-1534:1
NC_087824.1	tRNA	trnN-aac	tRNA-Asn	1534-1597:1
NC_087824.1	CDS	cox2	cytochrome c oxidase subunit II	1597-2272:1
NC_087824.1	tRNA	trnD-gac	tRNA-Asp	2270-2331:1
NC_087824.1	CDS	atp8	ATP synthase F0 subunit 8	2367-2483:1
NC_087824.1	tRNA	trnG-gga	tRNA-Gly	2482-2541:1
NC_087824.1	tRNA	trnY-UAC	tRNA-Tyr	2540-2603:1
NC_087824.1	CDS	cox3	cytochrome c oxidase subunit III	2612-3381:1
NC_087824.1	tRNA	trnQ-UUG	tRNA-Gln	3381-3447:1
NC_087824.1	CDS	nad6	NADH dehydrogenase subunit 6	3447-3933:1
NC_087824.1	CDS	cob	cytochrome b	3907-5038:1
NC_087824.1	tRNA	trnW-UGA	tRNA-Trp	5036-5098:1
NC_087824.1	tRNA	trnR-cga	tRNA-Arg	5117-5177:1
NC_087824.1	CDS	atp6	ATP synthase F0 subunit 6	6695-7391:1
NC_087824.1	tRNA	trnH-cac	tRNA-His	7394-7455:1
NC_087824.1	CDS	nad5	NADH dehydrogenase subunit 5	7467-9151:1
NC_087824.1	tRNA	trnF-UUC	tRNA-Phe	9151-9213:1
NC_087824.1	tRNA	trnE-gaa	tRNA-Glu	9213-9272:1
NC_087824.1	tRNA	trnP-cca	tRNA-Pro	9269-9338:1
NC_087824.1	tRNA	trnT-aca	tRNA-Thr	9337-9395:1
NC_087824.1	CDS	nad4l	NADH dehydrogenase subunit 4L	9395-9692:1
NC_087824.1	CDS	nad4	NADH dehydrogenase subunit 4	9685-11023:1
NC_087824.1	tRNA	trnM-AUG	tRNA-Met	11109-11171:1
NC_087824.1	rRNA	rrnS	12S ribosomal RNA	11169-11858:1
NC_087824.1	tRNA	trnV-GUA	tRNA-Val	11858-11922:1
NC_087824.1	rRNA	rrnL	16S ribosomal RNA	11887-13088:1
NC_087824.1	tRNA	trnL-CUA	tRNA-Leu	13072-13134:1
NC_087824.1	tRNA	trnA-gca	tRNA-Ala	13137-13195:1
NC_087824.1	tRNA	trnS-UGA	tRNA-Ser	13195-13252:1
NC_087824.1	tRNA	trnL-UUA	tRNA-Leu	13252-13312:1
NC_087824.1	CDS	nad1	NADH dehydrogenase subunit 1	13312-14229:1
NC_087824.1	tRNA	trnK-aaa	tRNA-Lys	14229-14291:1
NC_087824.1	tRNA	trnI-AUC	tRNA-Ile	14291-14355:1
NC_087824.1	CDS	nad3	NADH dehydrogenase subunit 3	14355-14707:1
NC_087824.1	tRNA	trnC-gca	tRNA-Cys	14707-14761:1
NC_087824.1	tRNA	trnS-aga	tRNA-Ser	14762-14818:1
NC_087881.1	tRNA	tRNA-Leu2	tRNA-Leu	10-74:1
NC_087881.1	CDS	ND1	NADH dehydrogenase subunit 1	74-1007:1
NC_087881.1	tRNA	tRNA-Ile	tRNA-Ile	1007-1072:1
NC_087881.1	tRNA	tRNA-Lys	tRNA-Lys	1072-1138:1
NC_087881.1	CDS	ND3	NADH dehydrogenase subunit 3	1138-1492:1
NC_087881.1	tRNA	tRNA-Ser1	tRNA-Ser	1499-1567:1
NC_087881.1	CDS	ND2	NADH dehydrogenase subunit 2	1567-2582:1
NC_087881.1	CDS	COX1	cytochrome c oxidase subunit I	2582-4116:1
NC_087881.1	tRNA	tRNA-Asn	tRNA-Asn	4116-4181:1
NC_087881.1	CDS	COX2	cytochrome c oxidase subunit II	4181-4889:1
NC_087881.1	tRNA	tRNA-Asp	tRNA-Asp	4939-5008:1
NC_087881.1	CDS	ATP8	ATP synthase F0 subunit 8	5008-5170:1
NC_087881.1	tRNA	tRNA-Tyr	tRNA-Tyr	5169-5235:1
NC_087881.1	CDS	COX3	cytochrome c oxidase subunit III	5235-6015:1
NC_087881.1	tRNA	tRNA-Gln	tRNA-Gln	6021-6090:1
NC_087881.1	CDS	ND6	NADH dehydrogenase subunit 6	6090-6555:1
NC_087881.1	CDS	CYTB	cytochrome b	6559-7708:1
NC_087881.1	tRNA	tRNA-Trp	tRNA-Trp	7711-7777:1
NC_087881.1	CDS	ATP6	ATP synthase F0 subunit 6	7777-8474:1
NC_087881.1	tRNA	tRNA-Arg	tRNA-Arg	8474-8540:1
NC_087881.1	tRNA	tRNA-His	tRNA-His	8540-8605:1
NC_087881.1	CDS	ND5	NADH dehydrogenase subunit 5	8605-10307:1
NC_087881.1	tRNA	tRNA-Phe	tRNA-Phe	10312-10378:1
NC_087881.1	tRNA	tRNA-Glu	tRNA-Glu	10402-10478:1
NC_087881.1	tRNA	tRNA-Pro	tRNA-Pro	10480-10547:1
NC_087881.1	tRNA	tRNA-Thr	tRNA-Thr	10547-10617:1
NC_087881.1	CDS	ND4L	NADH dehydrogenase subunit 4L	10617-10905:1
NC_087881.1	CDS	ND4	NADH dehydrogenase subunit 4	10898-12257:1
NC_087881.1	tRNA	tRNA-Cys	tRNA-Cys	12264-12328:1
NC_087881.1	tRNA	tRNA-Gly	tRNA-Gly	12663-12730:1
NC_087881.1	tRNA	tRNA-Met	tRNA-Met	12741-12806:1
NC_087881.1	rRNA	rrnS	12S ribosomal RNA	12806-13617:1
NC_087881.1	tRNA	tRNA-Val	tRNA-Val	13617-13685:1
NC_087881.1	rRNA	rrnL	16S ribosomal RNA	13847-14897:1
NC_087881.1	tRNA	tRNA-Leu1	tRNA-Leu	14927-14989:1
NC_087881.1	tRNA	tRNA-Ser2	tRNA-Ser	14989-15054:1
NC_087881.1	tRNA	tRNA-Ala	tRNA-Ala	15054-15120:1
NC_087882.1	tRNA	tRNA-His	tRNA-His	626-694:1
NC_087882.1	CDS	ND5	NADH dehydrogenase subunit 5	694-2408:1
NC_087882.1	tRNA	tRNA-Phe	tRNA-Phe	2410-2476:1
NC_087882.1	tRNA	tRNA-Glu	tRNA-Glu	2478-2547:1
NC_087882.1	tRNA	tRNA-Pro	tRNA-Pro	2546-2613:1
NC_087882.1	tRNA	tRNA-Thr	tRNA-Thr	2611-2674:1
NC_087882.1	CDS	ND4L	NADH dehydrogenase subunit 4L	2674-2962:1
NC_087882.1	CDS	ND4	NADH dehydrogenase subunit 4	2955-4300:1
NC_087882.1	tRNA	tRNA-Cys	tRNA-Cys	4303-4368:1
NC_087882.1	tRNA	tRNA-Met	tRNA-Met	4377-4442:1
NC_087882.1	rRNA	rrnS	12S ribosomal RNA	4442-5314:1
NC_087882.1	tRNA	tRNA-Val	tRNA-Val	5314-5384:1
NC_087882.1	rRNA	rrnL	16S ribosomal RNA	5384-6712:1
NC_087882.1	tRNA	tRNA-Leu1	tRNA-Leu	6712-6777:1
NC_087882.1	tRNA	tRNA-Ser2	tRNA-Ser	6779-6846:1
NC_087882.1	tRNA	tRNA-Ala	tRNA-Ala	6847-6913:1
NC_087882.1	tRNA	tRNA-Leu2	tRNA-Leu	6913-6982:1
NC_087882.1	CDS	ND1	NADH dehydrogenase subunit 1	6983-7913:1
NC_087882.1	tRNA	tRNA-Ile	tRNA-Ile	7921-7983:1
NC_087882.1	tRNA	tRNA-Lys	tRNA-Lys	7987-8054:1
NC_087882.1	CDS	ND3	NADH dehydrogenase subunit 3	8054-8406:1
NC_087882.1	tRNA	tRNA-Ser1	tRNA-Ser	8406-8473:1
NC_087882.1	CDS	ND2	NADH dehydrogenase subunit 2	8476-9484:1
NC_087882.1	CDS	COX1	cytochrome c oxidase subunit I	9498-11040:1
NC_087882.1	tRNA	tRNA-Asn	tRNA-Asn	11042-11112:1
NC_087882.1	CDS	COX2	cytochrome c oxidase subunit II	11112-11800:1
NC_087882.1	tRNA	tRNA-Asp	tRNA-Asp	11800-11865:1
NC_087882.1	CDS	ATP8	ATP synthase F0 subunit 8	11865-12027:1
NC_087882.1	tRNA	tRNA-Tyr	tRNA-Tyr	12026-12093:1
NC_087882.1	tRNA	tRNA-Gly	tRNA-Gly	12093-12158:1
NC_087882.1	CDS	COX3	cytochrome c oxidase subunit III	12158-12936:1
NC_087882.1	tRNA	tRNA-Gln	tRNA-Gln	12937-13006:1
NC_087882.1	CDS	ND6	NADH dehydrogenase subunit 6	13006-13480:1
NC_087882.1	CDS	CYTB	cytochrome b	13484-14624:1
NC_087882.1	tRNA	tRNA-Trp	tRNA-Trp	14622-14687:1
NC_087882.1	CDS	ATP6	ATP synthase F0 subunit 6	14687-15383:1
NC_087882.1	tRNA	tRNA-Arg	tRNA-Arg	15381-15449:1
NC_088773.1	CDS	cox1	cytochrome c oxidase subunit 1	0-1543:1
NC_088773.1	tRNA		tRNA-Asn	1543-1614:1
NC_088773.1	CDS	cox2	cytochrome c oxidase subunit 2	1614-2298:1
NC_088773.1	tRNA		tRNA-Asp	2309-2376:1
NC_088773.1	CDS	atp8	ATP synthase F0 subunit 8	2377-2542:1
NC_088773.1	tRNA		tRNA-Tyr	2545-2612:1
NC_088773.1	tRNA		tRNA-Gly	2614-2681:1
NC_088773.1	CDS	cox3	cytochrome c oxidase subunit 3	2681-3461:1
NC_088773.1	tRNA		tRNA-Gln	3496-3563:1
NC_088773.1	CDS	nad6	NADH dehydrogenase subunit 6	3563-4046:1
NC_088773.1	CDS	cob	cytochrome b	4064-5204:1
NC_088773.1	tRNA		tRNA-Trp	5202-5268:1
NC_088773.1	CDS	atp6	ATP synthase F0 subunit 6	5268-5973:1
NC_088773.1	tRNA		tRNA-Arg	5972-6042:1
NC_088773.1	tRNA		tRNA-His	6956-7021:1
NC_088773.1	CDS	nad5	NADH dehydrogenase subunit 5	7022-8748:1
NC_088773.1	tRNA		tRNA-Phe	8748-8815:1
NC_088773.1	tRNA		tRNA-Glu	8833-8899:1
NC_088773.1	tRNA		tRNA-Pro	8920-8989:1
NC_088773.1	tRNA		tRNA-Thr	8989-9056:1
NC_088773.1	CDS	nad4l	NADH dehydrogenase subunit 4L	9059-9347:1
NC_088773.1	CDS	nad4	NADH dehydrogenase subunit 4	9340-10702:1
NC_088773.1	tRNA		tRNA-Cys	10700-10767:1
NC_088773.1	tRNA		tRNA-Met	10769-10834:1
NC_088773.1	tRNA		tRNA-Met	10838-10903:1
NC_088773.1	rRNA	rrn12	12S ribosomal RNA	10923-11789:1
NC_088773.1	tRNA		tRNA-Val	11790-11860:1
NC_088773.1	rRNA	rrn16	16S ribosomal RNA	11850-13239:1
NC_088773.1	tRNA	trnL1(cta)	tRNA-Leu	13241-13307:1
NC_088773.1	tRNA		tRNA-Ala	13313-13379:1
NC_088773.1	tRNA	trnS2(tca)	tRNA-Ser	13379-13447:1
NC_088773.1	tRNA	trnL2(tta)	tRNA-Leu	13447-13512:1
NC_088773.1	CDS	nad1	NADH dehydrogenase subunit 1	13512-14448:1
NC_088773.1	tRNA		tRNA-Ile	14447-14514:1
NC_088773.1	tRNA		tRNA-Lys	14520-14587:1
NC_088773.1	CDS	nad3	NADH dehydrogenase subunit 3	14587-14941:1
NC_088773.1	tRNA	trnS1(aga)	tRNA-Ser	14954-15025:1
NC_088773.1	CDS	nad2	NADH dehydrogenase subunit 2	15024-16011:1
OK012096.1	tRNA	trnL2(taa)	tRNA-Leu	718-781:1
OK012096.1	CDS	nad1	NADH dehydrogenase subunit 1	781-1715:1
OK012096.1	tRNA	trnI(gat)	tRNA-Ile	1715-1780:1
OK012096.1	tRNA	trnK(ttt)	tRNA-Lys	1781-1846:1
OK012096.1	CDS	nad3	NADH dehydrogenase subunit 3	1846-2200:1
OK012096.1	tRNA	trnS1(tct)	tRNA-Ser	2201-2269:1
OK012096.1	CDS	nad2	NADH dehydrogenase subunit 2	2269-3268:1
OK012096.1	CDS	cox1	cytochrome c oxidase subunit 1	3271-4807:1
OK012096.1	tRNA	trnN(gtt)	tRNA-Asn	4814-4877:1
OK012096.1	CDS	cox2	cytochrome c oxidase subunit 2	4877-5570:1
OK012096.1	tRNA	trnD(gtc)	tRNA-Asp	5568-5632:1
OK012096.1	CDS	atp8	ATP synthase F0 subunit 8	5633-5792:1
OK012096.1	tRNA	trnY(gta)	tRNA-Tyr	5790-5852:1
OK012096.1	CDS	cox3	cytochrome c oxidase subunit 3	5853-6633:1
OK012096.1	tRNA	trnQ(ttg)	tRNA-Gln	6635-6704:1
OK012096.1	CDS	nad6	NADH dehydrogenase subunit 6	6704-7172:1
OK012096.1	CDS	cob	cytochrome b	7164-8301:1
OK012096.1	tRNA	trnW(tca)	tRNA-Trp	8301-8366:1
OK012096.1	CDS	atp6	ATP synthase F0 subunit 6	8366-9059:1
OK012096.1	tRNA	trnR(tcg)	tRNA-Arg	9057-9122:1
OK012096.1	tRNA	trnH(gtg)	tRNA-His	9122-9186:1
OK012096.1	CDS	nad5	NADH dehydrogenase subunit 5	9237-10888:1
OK012096.1	tRNA	trnF(gaa)	tRNA-Phe	10888-10951:1
OK012096.1	tRNA	trnE(ttc)	tRNA-Glu	10951-11014:1
OK012096.1	tRNA	trnP(tgg)	tRNA-Pro	11014-11077:1
OK012096.1	tRNA	trnT(tgt)	tRNA-Thr	11077-11142:1
OK012096.1	CDS	nad4l	NADH dehydrogenase subunit 4L	11142-11430:1
OK012096.1	CDS	nad4	NADH dehydrogenase subunit 4	11423-12780:1
OK012096.1	tRNA	trnC(gca)	tRNA-Cys	12780-12842:1
OK012096.1	tRNA	trnG(tcc)	tRNA-Gly	12843-12906:1
OK012096.1	tRNA	trnM(cat)	tRNA-Met	12906-12972:1
OK012096.1	rRNA	rrnS	12S ribosomal RNA	12971-13779:1
OK012096.1	tRNA	trnV(tac)	tRNA-Val	13773-13838:1
OK012096.1	rRNA	rrnL	16S ribosomal RNA	13835-15062:1
OK012096.1	tRNA	trnL1(tag)	tRNA-Leu	15054-15118:1
OK012096.1	tRNA	trnS2(tga)	tRNA-Ser	15117-15185:1
OK012096.1	tRNA	trnA(tgc)	tRNA-Ala	15187-15250:1
OL782600.1	tRNA	trnY	tRNA-Tyr	249-313:1
OL782600.1	CDS	ATP8	ATP synthase F0 subunit 8	370-532:1
OL782600.1	tRNA	trnM	tRNA-Met	532-588:1
OL782600.1	tRNA	trnD	tRNA-Asp	588-655:1
OL782600.1	CDS	COX3	cytochrome c oxidase subunit III	695-1478:1
OL782600.1	tRNA	trnQ	tRNA-Gln	1478-1536:1
OL782600.1	CDS	ND6	NADH dehydrogenase subunit 6	1545-2002:1
OL782600.1	CDS	CYTB	cytochrome b	2002-3139:1
OL782600.1	tRNA	trnW	tRNA-Trp	3139-3200:1
OL782600.1	CDS	ATP6	ATP synthase F0 subunit 6	3200-3893:1
OL782600.1	tRNA	trnR	tRNA-Arg	3894-3950:1
OL782600.1	tRNA	trnH	tRNA-His	3950-4013:1
OL782600.1	CDS	ND5	NADH dehydrogenase subunit 5	4013-5694:1
OL782600.1	tRNA	trnF	tRNA-Phe	5694-5757:1
OL782600.1	tRNA	trnE	tRNA-Glu	5758-5816:1
OL782600.1	tRNA	trnP	tRNA-Pro	5816-5878:1
OL782600.1	tRNA	trnT	tRNA-Thr	5880-5945:1
OL782600.1	CDS	ND4L	NADH dehydrogenase subunit 4L	5945-6233:1
OL782600.1	CDS	ND4	NADH dehydrogenase subunit 4	6226-7561:1
OL782600.1	rRNA	rrnS	12S ribosomal RNA	7561-8352:1
OL782600.1	tRNA	trnV	tRNA-Val	8352-8416:1
OL782600.1	rRNA	rrnL	16S ribosomal RNA	8416-9603:1
OL782600.1	tRNA	trnL	tRNA-Leu	9603-9666:1
OL782600.1	tRNA	trnS2	tRNA-Ser	9669-9729:1
OL782600.1	tRNA	trnA	tRNA-Ala	9732-9797:1
OL782600.1	tRNA	trnL2	tRNA-Leu	9797-9860:1
OL782600.1	CDS	ND1	NADH dehydrogenase subunit 1	9860-10787:1
OL782600.1	tRNA	trnI	tRNA-Ile	10793-10857:1
OL782600.1	tRNA	trnK	tRNA-Lys	10857-10919:1
OL782600.1	CDS	ND3	NADH dehydrogenase subunit 3	10919-11264:1
OL782600.1	tRNA	trnS	tRNA-Ser	11264-11330:1
OL782600.1	CDS	ND2	NADH dehydrogenase subunit 2	11330-12315:1
OL782600.1	tRNA	trnC	tRNA-Cys	12315-12376:1
OL782600.1	CDS	COX1	cytochrome c oxidase subunit I	12377-13911:1
OL782600.1	tRNA	trnN	tRNA-Asn	13911-13974:1
OL782600.1	CDS	COX2	cytochrome c oxidase subunit II	13974-14667:1
OL782600.1	tRNA	trnG	tRNA-Gly	14684-14748:1
OM213998.1	CDS	COX1	cytochrome c oxidase subunit I	0-1540:1
OM213998.1	tRNA		tRNA-Asn	1540-1600:1
OM213998.1	CDS	COX2	cytochrome c oxidase subunit II	1601-2288:1
OM213998.1	tRNA		tRNA-Asp	2287-2350:1
OM213998.1	CDS	ATP8	ATP synthase F0 subunit 8	2350-2510:1
OM213998.1	tRNA		tRNA-Tyr	2510-2572:1
OM213998.1	tRNA		tRNA-Gly	2570-2635:1
OM213998.1	CDS	COX3	cytochrome c oxidase subunit III	2636-3414:1
OM213998.1	tRNA		tRNA-Gln	3415-3484:1
OM213998.1	CDS	ND6	NADH dehydrogenase subunit 6	3484-3950:1
OM213998.1	CDS	CYTB	cytochrome b	3950-5090:1
OM213998.1	tRNA		tRNA-Trp	5088-5149:1
OM213998.1	CDS	ATP6	ATP synthase F0 subunit 6	5152-5848:1
OM213998.1	tRNA		tRNA-Arg	5846-5909:1
OM213998.1	tRNA		tRNA-His	7174-7237:1
OM213998.1	CDS	ND5	NADH dehydrogenase subunit 5	7237-8959:1
OM213998.1	tRNA		tRNA-Phe	8960-9022:1
OM213998.1	tRNA		tRNA-Glu	9024-9087:1
OM213998.1	tRNA		tRNA-Pro	9085-9149:1
OM213998.1	tRNA		tRNA-Thr	9150-9213:1
OM213998.1	CDS	ND4L	NADH dehydrogenase subunit 4L	9213-9510:1
OM213998.1	CDS	ND4	NADH dehydrogenase subunit 4	9503-10862:1
OM213998.1	tRNA		tRNA-Cys	10860-10925:1
OM213998.1	tRNA		tRNA-Met	10925-10988:1
OM213998.1	rRNA		12S ribosomal RNA	10986-11781:1
OM213998.1	tRNA		tRNA-Val	11775-11837:1
OM213998.1	rRNA		16S ribosomal RNA	11834-13083:1
OM213998.1	tRNA		tRNA-Leu	13094-13155:1
OM213998.1	tRNA		tRNA-Ala	13157-13219:1
OM213998.1	tRNA		tRNA-Ser	13217-13284:1
OM213998.1	tRNA		tRNA-Leu	13284-13347:1
OM213998.1	CDS	ND1	NADH dehydrogenase subunit 1	13348-14270:1
OM213998.1	tRNA		tRNA-Ile	14270-14335:1
OM213998.1	tRNA		tRNA-Lys	14339-14402:1
OM213998.1	CDS	ND3	NADH dehydrogenase subunit 3	14402-14756:1
OM213998.1	tRNA		tRNA-Ser	14754-14817:1
OM213998.1	CDS	ND2	NADH dehydrogenase subunit 2	14818-15824:1
OM237314.1	tRNA	trnN(aac)	tRNA-Asn	563-629:1
OM237314.1	CDS	cox2	cytochrome c oxidase subunit 2	629-1316:1
OM237314.1	tRNA	trnD(gac)	tRNA-Asp	1322-1388:1
OM237314.1	CDS	atp8	ATP synthase F0 subunit 8	1389-1554:1
OM237314.1	tRNA	trnY(tac)	tRNA-Tyr	1559-1625:1
OM237314.1	tRNA	trnG(gga)	tRNA-Gly	1630-1695:1
OM237314.1	CDS	cox3	cytochrome c oxidase subunit 3	1695-2475:1
OM237314.1	tRNA	trnQ(caa)	tRNA-Gln	2484-2553:1
OM237314.1	CDS	nad6	NADH dehydrogenase subunit 6	2553-3027:1
OM237314.1	CDS	cob	cytochrome b	3028-4171:1
OM237314.1	tRNA	trnW(tga)	tRNA-Trp	4175-4242:1
OM237314.1	CDS	atp6	ATP synthase F0 subunit 6	4242-4938:1
OM237314.1	tRNA	trnR(cga)	tRNA-Arg	4937-5002:1
OM237314.1	tRNA	trnH(cac)	tRNA-His	5002-5068:1
OM237314.1	CDS	nad5	NADH dehydrogenase subunit 5	5068-6796:1
OM237314.1	tRNA	trnF(ttc)	tRNA-Phe	6795-6859:1
OM237314.1	tRNA	trnE(gaa)	tRNA-Glu	6860-6925:1
OM237314.1	tRNA	trnP(cca)	tRNA-Pro	6925-6992:1
OM237314.1	tRNA	trnT(aca)	tRNA-Thr	6993-7058:1
OM237314.1	CDS	nad4l	NADH dehydrogenase subunit 4L	7059-7359:1
OM237314.1	CDS	nad4	NADH dehydrogenase subunit 4	7352-8711:1
OM237314.1	tRNA	trnC(tgc)	tRNA-Cys	8713-8780:1
OM237314.1	tRNA	trnM(atg)	tRNA-Met	8780-8846:1
OM237314.1	rRNA	rrn12	12S ribosomal RNA	8849-9715:1
OM237314.1	tRNA	trnV(gta)	tRNA-Val	9708-9779:1
OM237314.1	rRNA	rrn16	16S ribosomal RNA	9743-11104:1
OM237314.1	tRNA	trnL(tta)	tRNA-Leu	11104-11173:1
OM237314.1	tRNA	trnL(cta)	tRNA-Leu	11178-11243:1
OM237314.1	tRNA	trnA(gca)	tRNA-Ala	11244-11310:1
OM237314.1	tRNA	trnS(tca)	tRNA-Ser	11310-11377:1
OM237314.1	CDS	nad1	NADH dehydrogenase subunit 1	11377-12313:1
OM237314.1	tRNA	trnI(atc)	tRNA-Ile	12311-12381:1
OM237314.1	tRNA	trnK(aaa)	tRNA-Lys	12384-12448:1
OM237314.1	CDS	nad3	NADH dehydrogenase subunit 3	12448-12802:1
OM237314.1	tRNA	trnS(aga)	tRNA-Ser	12803-12869:1
OM237314.1	CDS	nad2	NADH dehydrogenase subunit 2	12869-13877:1
OM237314.1	CDS	cox1	cytochrome c oxidase subunit 1	13878-15417:1
OM273170.1	CDS	cox1	cytochrome c oxidase subunit 1	0-1542:1
OM273170.1	tRNA	trnN(aac)	tRNA-Asn	1549-1611:1
OM273170.1	CDS	cox2	cytochrome c oxidase subunit 2	1611-2298:1
OM273170.1	tRNA	trnD(gac)	tRNA-Asp	2296-2364:1
OM273170.1	CDS	atp8	ATP synthase F0 subunit 8	2364-2523:1
OM273170.1	tRNA	trnY(tac)	tRNA-Tyr	2521-2585:1
OM273170.1	tRNA	trnG(gga)	tRNA-Gly	2584-2648:1
OM273170.1	CDS	cox3	cytochrome c oxidase subunit 3	2648-3426:1
OM273170.1	tRNA	trnQ(caa)	tRNA-Gln	3426-3494:1
OM273170.1	CDS	nad6	NADH dehydrogenase subunit 6	3494-3962:1
OM273170.1	CDS	cob	cytochrome b	3963-5100:1
OM273170.1	tRNA	trnW(tga)	tRNA-Trp	5098-5162:1
OM273170.1	CDS	atp6	ATP synthase F0 subunit 6	5162-5861:1
OM273170.1	tRNA	trnR(cga)	tRNA-Arg	5859-5924:1
OM273170.1	tRNA	trnK(aaa)	tRNA-Lys	6789-6850:1
OM273170.1	tRNA	trnH(cac)	tRNA-His	6850-6913:1
OM273170.1	CDS	nad5	NADH dehydrogenase subunit 5	6913-8647:1
OM273170.1	tRNA	trnF(ttc)	tRNA-Phe	8645-8710:1
OM273170.1	tRNA	trnE(gaa)	tRNA-Glu	8710-8774:1
OM273170.1	tRNA	trnP(cca)	tRNA-Pro	8775-8843:1
OM273170.1	tRNA	trnT(aca)	tRNA-Thr	8843-8907:1
OM273170.1	CDS	nad4l	NADH dehydrogenase subunit 4L	8907-9207:1
OM273170.1	CDS	nad4	NADH dehydrogenase subunit 4	9200-10572:1
OM273170.1	tRNA	trnC(tgc)	tRNA-Cys	10572-10634:1
OM273170.1	tRNA	trnM(atg)	tRNA-Met	10635-10698:1
OM273170.1	rRNA	rrn12	12S ribosomal RNA	10697-11534:1
OM273170.1	tRNA	trnV(gta)	tRNA-Val	11526-11593:1
OM273170.1	rRNA	rrn16	16S ribosomal RNA	11713-12863:1
OM273170.1	tRNA	trnL(cta)	tRNA-Leu	12863-12927:1
OM273170.1	tRNA	trnA(gca)	tRNA-Ala	12927-12995:1
OM273170.1	tRNA	trnS(tca)	tRNA-Ser	12996-13059:1
OM273170.1	tRNA	trnL(tta)	tRNA-Leu	13059-13123:1
OM273170.1	CDS	nad1	NADH dehydrogenase subunit 1	13123-14054:1
OM273170.1	tRNA	trnI(atc)	tRNA-Ile	14054-14121:1
OM273170.1	CDS	nad3	NADH dehydrogenase subunit 3	14121-14472:1
OM273170.1	tRNA	trnS(aga)	tRNA-Ser	14470-14538:1
OM273170.1	CDS	nad2	NADH dehydrogenase subunit 2	14538-15549:1
ON155433.1	CDS	cox1	cytochrome c oxidase subunit 1	0-1542:1
ON155433.1	tRNA	trnN(gtt)	tRNA-Asn	1542-1606:1
ON155433.1	CDS	cox2	cytochrome c oxidase subunit 2	1606-2365:1
ON155433.1	tRNA	trnD(gtc)	tRNA-Asp	2366-2433:1
ON155433.1	CDS	atp8	ATP synthase F0 subunit 8	2433-2595:1
ON155433.1	tRNA	trnY(gta)	tRNA-Tyr	2593-2655:1
ON155433.1	tRNA	trnG(tcc)	tRNA-Gly	2654-2720:1
ON155433.1	CDS	cox3	cytochrome c oxidase subunit 3	2722-3502:1
ON155433.1	CDS	nad6	NADH dehydrogenase subunit 6	3522-4014:1
ON155433.1	CDS	cob	cytochrome b	4006-5146:1
ON155433.1	tRNA	trnW(tca)	tRNA-Trp	5144-5207:1
ON155433.1	CDS	atp6	ATP synthase F0 subunit 6	5209-5908:1
ON155433.1	tRNA	trnR(tcg)	tRNA-Arg	5906-5969:1
ON155433.1	tRNA	trnA(tgc)	tRNA-Ala	5969-6031:1
ON155433.1	tRNA	trnS(tga)	tRNA-Ser	6034-6099:1
ON155433.1	tRNA	trnL(taa)	tRNA-Leu	6099-6161:1
ON155433.1	CDS	nad1	NADH dehydrogenase subunit 1	6161-7074:1
ON155433.1	tRNA	trnH(gtg)	tRNA-His	7074-7138:1
ON155433.1	CDS	nad5	NADH dehydrogenase subunit 5	7139-8849:1
ON155433.1	tRNA	trnF(gaa)	tRNA-Phe	8850-8912:1
ON155433.1	tRNA	trnE(ttc)	tRNA-Glu	8913-8976:1
ON155433.1	tRNA	trnP(tgg)	tRNA-Pro	8977-9042:1
ON155433.1	tRNA	trnT(tgt)	tRNA-Thr	9043-9110:1
ON155433.1	CDS	nad4l	NADH dehydrogenase subunit 4L	9111-9402:1
ON155433.1	CDS	nad4	NADH dehydrogenase subunit 4	9395-10757:1
ON155433.1	tRNA	trnC(gca)	tRNA-Cys	13702-13765:1
ON155433.1	tRNA	trnM(cat)	tRNA-Met	13765-13829:1
ON155433.1	rRNA	rrn12	12S ribosomal RNA	13827-14672:1
ON155433.1	tRNA	trnV(tac)	tRNA-Val	14665-14736:1
ON155433.1	rRNA	rrn16	16S ribosomal RNA	14719-16030:1
ON155433.1	tRNA	trnL(tag)	tRNA-Leu	16024-16088:1
ON155433.1	tRNA	trnI(gat)	tRNA-Ile	16095-16164:1
ON155433.1	tRNA	trnQ(ttg)	tRNA-Gln	16164-16232:1
ON155433.1	tRNA	trnK(ttt)	tRNA-Lys	16231-16299:1
ON155433.1	CDS	nad3	NADH dehydrogenase subunit 3	16299-16653:1
ON155433.1	tRNA	trnS(tct)	tRNA-Ser	16651-16719:1
ON155433.1	CDS	nad2	NADH dehydrogenase subunit 2	16719-17722:1
ON312495.1	tRNA	trnG	tRNA-Gly	0-61:1
ON312495.1	tRNA	trnL	tRNA-Leu	62-127:1
ON312495.1	CDS	atp6	ATP synthase F0 subunit 6	133-853:1
ON312495.1	CDS	cox3	cytochrome c oxidase subunit III	890-1673:1
ON312495.1	tRNA	trnC	tRNA-Cys	2006-2063:1
ON312495.1	CDS	nad6	NADH dehydrogenase subunit 6	2226-2694:1
ON312495.1	tRNA	trnF	tRNA-Phe	2695-2756:1
ON312495.1	tRNA	trnD	tRNA-Asp	2757-2814:1
ON312495.1	tRNA	trnT	tRNA-Thr	2814-2874:1
ON312495.1	tRNA		tRNA-Ser	2874-2932:1
ON312495.1	tRNA	trnK	tRNA-Lys	2932-2996:1
ON312495.1	tRNA	trnY	tRNA-Tyr	3000-3062:1
ON312495.1	rRNA		16S ribosomal RNA	3206-4222:1
ON312495.1	CDS	nad2	NADH dehydrogenase subunit 2	4241-5226:1
ON312495.1	tRNA	trnR	tRNA-Arg	5225-5283:1
ON312495.1	tRNA	trnS	tRNA-Ser	5284-5348:1
ON312495.1	tRNA	trnE	tRNA-Glu	5350-5414:1
ON312495.1	tRNA	trnV	tRNA-Val	5414-5474:1
ON312495.1	tRNA	trnI	tRNA-Ile	5474-5537:1
ON312495.1	CDS	atp8	ATP synthase F0 subunit 8	5540-5693:1
ON312495.1	CDS	cob	cytochrome b	5692-6823:1
ON312495.1	CDS	nad3	NADH dehydrogenase subunit 3	6831-7194:1
ON312495.1	tRNA	trnN	tRNA-Asn	7197-7257:1
ON312495.1	tRNA		tRNA-Met	7261-7324:1
ON312495.1	tRNA	trnM	tRNA-Met	7325-7389:1
ON312495.1	CDS	nad5	NADH dehydrogenase subunit 5	7495-9394:1
ON312495.1	CDS	nad1	NADH dehydrogenase subunit 1	9447-10381:1
ON312495.1	CDS	cox2	cytochrome c oxidase subunit II	10381-11059:1
ON312495.1	CDS	nad4	NADH dehydrogenase subunit 4	11103-12432:1
ON312495.1	tRNA	trnL	tRNA-Leu	12590-12653:1
ON312495.1	rRNA		12S ribosomal RNA	12653-13533:1
ON312495.1	tRNA	trnA	tRNA-Ala	13562-13624:1
ON312495.1	tRNA	trnP	tRNA-Pro	13624-13686:1
ON312495.1	tRNA	trnH	tRNA-His	13704-13767:1
ON312495.1	CDS	cox1	cytochrome c oxidase subunit I	13782-15351:1
ON312495.1	CDS	nad4l	NADH dehydrogenase subunit 4L	15394-15661:1
ON312495.1	tRNA	trnQ	tRNA-Gln	15663-15719:1
ON312495.1	tRNA	trnW	tRNA-Trp	15719-15781:1
ON553959.1	CDS	COX1	cytochrome c oxidase subunit I	0-1542:1
ON553959.1	tRNA		tRNA-Asn	1550-1612:1
ON553959.1	CDS	COX2	cytochrome c oxidase subunit II	1613-2297:1
ON553959.1	tRNA		tRNA-Asp	2299-2361:1
ON553959.1	CDS	ATP8	ATP synthase F0 subunit 8	2361-2521:1
ON553959.1	tRNA		tRNA-Tyr	2521-2584:1
ON553959.1	tRNA		tRNA-Gly	2582-2646:1
ON553959.1	CDS	COX3	cytochrome c oxidase subunit III	2647-3425:1
ON553959.1	tRNA		tRNA-Gln	3425-3494:1
ON553959.1	CDS	ND6	NADH dehydrogenase subunit 6	3494-3960:1
ON553959.1	CDS	CYTB	cytochrome b	3960-5098:1
ON553959.1	tRNA		tRNA-Trp	5098-5164:1
ON553959.1	CDS	ATP6	ATP synthase F0 subunit 6	5166-5860:1
ON553959.1	tRNA		tRNA-Arg	5860-5924:1
ON553959.1	tRNA		tRNA-His	6492-6556:1
ON553959.1	CDS	ND5	NADH dehydrogenase subunit 5	6556-8273:1
ON553959.1	tRNA		tRNA-Phe	8273-8336:1
ON553959.1	tRNA		tRNA-Glu	8336-8401:1
ON553959.1	tRNA		tRNA-Pro	8400-8462:1
ON553959.1	tRNA		tRNA-Thr	8462-8527:1
ON553959.1	CDS	ND4L	NADH dehydrogenase subunit 4L	8527-8824:1
ON553959.1	CDS	ND4	NADH dehydrogenase subunit 4	8817-10174:1
ON553959.1	tRNA		tRNA-Cys	10174-10239:1
ON553959.1	tRNA		tRNA-Met	10239-10302:1
ON553959.1	rRNA		12S ribosomal RNA	10302-11095:1
ON553959.1	tRNA		tRNA-Val	11095-11157:1
ON553959.1	rRNA		16S ribosomal RNA	11156-12412:1
ON553959.1	tRNA		tRNA-Leu	12414-12477:1
ON553959.1	tRNA		tRNA-Ala	12480-12542:1
ON553959.1	tRNA		tRNA-Ser	12540-12606:1
ON553959.1	tRNA		tRNA-Leu	12606-12668:1
ON553959.1	CDS	ND1	NADH dehydrogenase subunit 1	12669-13593:1
ON553959.1	tRNA		tRNA-Ile	13592-13657:1
ON553959.1	tRNA		tRNA-Lys	13657-13722:1
ON553959.1	CDS	ND3	NADH dehydrogenase subunit 3	13722-14079:1
ON553959.1	tRNA		tRNA-Ser	14080-14144:1
ON553959.1	CDS	ND2	NADH dehydrogenase subunit 2	14145-15151:1
ON553960.1	CDS	COX1	cytochrome c oxidase subunit I	0-1542:1
ON553960.1	tRNA		tRNA-Asn	1550-1612:1
ON553960.1	CDS	CO2	cytochrome c oxidase subunit II	1613-2297:1
ON553960.1	tRNA		tRNA-Asp	2299-2361:1
ON553960.1	CDS	ATP8	ATP synthase F0 subunit 8	2361-2521:1
ON553960.1	tRNA		tRNA-Tyr	2521-2584:1
ON553960.1	tRNA		tRNA-Gly	2582-2646:1
ON553960.1	CDS	CO3	cytochrome c oxidase subunit III	2647-3425:1
ON553960.1	tRNA		tRNA-Gln	3425-3494:1
ON553960.1	CDS	ND6	NADH dehydrogenase subunit 6	3494-3960:1
ON553960.1	CDS	CYTB	cytochrome b	3960-5098:1
ON553960.1	tRNA		tRNA-Trp	5098-5164:1
ON553960.1	CDS	ATP6	ATP synthase F0 subunit 6	5166-5860:1
ON553960.1	tRNA		tRNA-Arg	5860-5924:1
ON553960.1	tRNA		tRNA-His	6499-6563:1
ON553960.1	CDS	ND5	NADH dehydrogenase subunit 5	6563-8280:1
ON553960.1	tRNA		tRNA-Phe	8280-8343:1
ON553960.1	tRNA		tRNA-Glu	8343-8408:1
ON553960.1	tRNA		tRNA-Pro	8407-8469:1
ON553960.1	tRNA		tRNA-Thr	8469-8534:1
ON553960.1	CDS	ND4L	NADH dehydrogenase subunit 4L	8534-8831:1
ON553960.1	CDS	ND4	NADH dehydrogenase subunit 4	8824-10181:1
ON553960.1	tRNA		tRNA-Cys	10181-10246:1
ON553960.1	tRNA		tRNA-Met	10246-10309:1
ON553960.1	rRNA		12S ribosomal RNA	10309-11102:1
ON553960.1	tRNA		tRNA-Val	11102-11164:1
ON553960.1	rRNA		16S ribosomal RNA	11163-12419:1
ON553960.1	tRNA		tRNA-Leu	12421-12484:1
ON553960.1	tRNA		tRNA-Ala	12487-12549:1
ON553960.1	tRNA		tRNA-Ser	12547-12613:1
ON553960.1	tRNA		tRNA-Leu	12613-12675:1
ON553960.1	CDS	ND1	NADH dehydrogenase subunit 1	12676-13600:1
ON553960.1	tRNA		tRNA-Ile	13599-13664:1
ON553960.1	tRNA		tRNA-Lys	13664-13729:1
ON553960.1	CDS	ND3	NADH dehydrogenase subunit 3	13729-14086:1
ON553960.1	tRNA		tRNA-Ser	14087-14151:1
ON553960.1	CDS	ND2	NADH dehydrogenase subunit 2	14152-15158:1
ON929993.1	tRNA	trnH	tRNA-His	276-338:1
ON929993.1	CDS	ND5	NADH dehydrogenase subunit 5	338-2037:1
ON929993.1	tRNA	trnF	tRNA-Phe	2037-2101:1
ON929993.1	tRNA	trnE	tRNA-Glu	2101-2168:1
ON929993.1	tRNA	trnP	tRNA-Pro	2178-2241:1
ON929993.1	tRNA	trnT	tRNA-Thr	2243-2308:1
ON929993.1	CDS	ND4L	NADH dehydrogenase subunit 4L	2308-2599:1
ON929993.1	CDS	ND4	NADH dehydrogenase subunit 4	2592-3936:1
ON929993.1	tRNA	trnC	tRNA-Cys	3936-3997:1
ON929993.1	tRNA	trnM	tRNA-Met	3997-4061:1
ON929993.1	rRNA	rrnS	12S ribosomal RNA	4061-4891:1
ON929993.1	tRNA	trnV	tRNA-Val	4891-4958:1
ON929993.1	rRNA	rrnL	16S ribosomal RNA	4958-6260:1
ON929993.1	tRNA	trnL	tRNA-Leu	6260-6324:1
ON929993.1	tRNA	trnA	tRNA-Ala	6335-6399:1
ON929993.1	tRNA	trnS2	tRNA-Ser	6405-6472:1
ON929993.1	tRNA	trnL2	tRNA-Leu	6474-6536:1
ON929993.1	CDS	ND1	NADH dehydrogenase subunit 1	6537-7464:1
ON929993.1	tRNA	trnI	tRNA-Ile	7464-7532:1
ON929993.1	tRNA	trnK	tRNA-Lys	7537-7605:1
ON929993.1	CDS	ND3	NADH dehydrogenase subunit 3	7605-7956:1
ON929993.1	tRNA	trnS	tRNA-Ser	7957-8025:1
ON929993.1	CDS	ND2	NADH dehydrogenase subunit 2	8025-9019:1
ON929993.1	CDS	COX1	cytochrome c oxidase subunit I	9019-10574:1
ON929993.1	tRNA	trnN	tRNA-Asn	10575-10638:1
ON929993.1	CDS	COX2	cytochrome c oxidase subunit II	10638-11325:1
ON929993.1	tRNA	trnD	tRNA-Asp	11323-11387:1
ON929993.1	CDS	ATP8	ATP synthase F0 subunit 8	11388-11547:1
ON929993.1	tRNA	trnY	tRNA-Tyr	11547-11607:1
ON929993.1	tRNA	trnG	tRNA-Gly	11607-11671:1
ON929993.1	CDS	COX3	cytochrome c oxidase subunit III	11671-12451:1
ON929993.1	tRNA	trnQ	tRNA-Gln	12454-12523:1
ON929993.1	CDS	ND6	NADH dehydrogenase subunit 6	12523-12995:1
ON929993.1	CDS	CYTB	cytochrome b	12995-14136:1
ON929993.1	tRNA	trnW	tRNA-Trp	14136-14199:1
ON929993.1	CDS	ATP6	ATP synthase F0 subunit 6	14199-14889:1
ON929993.1	tRNA	trnR	tRNA-Arg	14900-14962:1
ON929999.1	tRNA	trnH	tRNA-His	280-343:1
ON929999.1	CDS	ND5	NADH dehydrogenase subunit 5	343-2036:1
ON929999.1	tRNA	trnF	tRNA-Phe	2042-2106:1
ON929999.1	tRNA	trnE	tRNA-Glu	2106-2173:1
ON929999.1	tRNA	trnP	tRNA-Pro	2181-2245:1
ON929999.1	tRNA	trnT	tRNA-Thr	2247-2305:1
ON929999.1	CDS	ND4L	NADH dehydrogenase subunit 4L	2305-2602:1
ON929999.1	CDS	ND4	NADH dehydrogenase subunit 4	2595-3939:1
ON929999.1	tRNA	trnC	tRNA-Cys	3939-4000:1
ON929999.1	tRNA	trnM	tRNA-Met	4000-4064:1
ON929999.1	rRNA	rrnS	12S ribosomal RNA	4064-4898:1
ON929999.1	tRNA	trnV	tRNA-Val	4898-4966:1
ON929999.1	rRNA	rrnL	16S ribosomal RNA	4966-6269:1
ON929999.1	tRNA	trnL	tRNA-Leu	6269-6334:1
ON929999.1	tRNA	trnA	tRNA-Ala	6338-6401:1
ON929999.1	tRNA	trnS2	tRNA-Ser	6402-6469:1
ON929999.1	tRNA	trnL2	tRNA-Leu	6470-6532:1
ON929999.1	CDS	ND1	NADH dehydrogenase subunit 1	6533-7460:1
ON929999.1	tRNA	trnI	tRNA-Ile	7460-7528:1
ON929999.1	tRNA	trnK	tRNA-Lys	7530-7593:1
ON929999.1	CDS	ND3	NADH dehydrogenase subunit 3	7593-7941:1
ON929999.1	tRNA	trnS	tRNA-Ser	7942-8010:1
ON929999.1	CDS	ND2	NADH dehydrogenase subunit 2	8010-9004:1
ON929999.1	CDS	COX1	cytochrome c oxidase subunit I	9004-10559:1
ON929999.1	tRNA	trnN	tRNA-Asn	10560-10622:1
ON929999.1	CDS	COX2	cytochrome c oxidase subunit II	10622-11309:1
ON929999.1	tRNA	trnD	tRNA-Asp	11307-11370:1
ON929999.1	CDS	ATP8	ATP synthase F0 subunit 8	11371-11530:1
ON929999.1	tRNA	trnY	tRNA-Tyr	11530-11590:1
ON929999.1	tRNA	trnG	tRNA-Gly	11590-11654:1
ON929999.1	CDS	COX3	cytochrome c oxidase subunit III	11654-12434:1
ON929999.1	tRNA	trnQ	tRNA-Gln	12437-12506:1
ON929999.1	CDS	ND6	NADH dehydrogenase subunit 6	12506-12978:1
ON929999.1	CDS	CYTB	cytochrome b	12978-14119:1
ON929999.1	tRNA	trnW	tRNA-Trp	14119-14182:1
ON929999.1	CDS	ATP6	ATP synthase F0 subunit 6	14182-14869:1
ON929999.1	tRNA	trnR	tRNA-Arg	14869-14934:1
OP531856.1	tRNA	trnH(gtg)	tRNA-His	194-255:1
OP531856.1	CDS	nad5	NADH dehydrogenase subunit 5	255-1981:1
OP531856.1	tRNA	trnF(gaa)	tRNA-Phe	1981-2043:1
OP531856.1	tRNA	trnE(ttc)	tRNA-Glu	2044-2107:1
OP531856.1	tRNA	trnP(tgg)	tRNA-Pro	2107-2170:1
OP531856.1	tRNA	trnT(tgt)	tRNA-Thr	2169-2232:1
OP531856.1	CDS	nad4l	NADH dehydrogenase subunit 4L	2232-2532:1
OP531856.1	CDS	nad4	NADH dehydrogenase subunit 4	2543-3899:1
OP531856.1	tRNA	trnC(gca)	tRNA-Cys	3898-3960:1
OP531856.1	tRNA	trnM(cat)	tRNA-Met	3960-4023:1
OP531856.1	rRNA	rrn12	12S ribosomal RNA	4022-4846:1
OP531856.1	tRNA	trnV(tac)	tRNA-Val	4840-4908:1
OP531856.1	rRNA	rrn16	16S ribosomal RNA	4892-6173:1
OP531856.1	tRNA	trnL(tag)	tRNA-Leu	6185-6251:1
OP531856.1	tRNA	trnA(tgc)	tRNA-Ala	6251-6314:1
OP531856.1	tRNA	trnS(tga)	tRNA-Ser	6313-6377:1
OP531856.1	tRNA	trnL(taa)	tRNA-Leu	6377-6438:1
OP531856.1	CDS	nad1	NADH dehydrogenase subunit 1	6438-7371:1
OP531856.1	tRNA	trnI(gat)	tRNA-Ile	7370-7437:1
OP531856.1	CDS	nad3	NADH dehydrogenase subunit 3	7447-7798:1
OP531856.1	tRNA	trnS(tct)	tRNA-Ser	7796-7863:1
OP531856.1	CDS	nad2	NADH dehydrogenase subunit 2	7863-8883:1
OP531856.1	CDS	cox1	cytochrome c oxidase subunit 1	8887-10446:1
OP531856.1	tRNA	trnN(gtt)	tRNA-Asn	10446-10508:1
OP531856.1	CDS	cox2	cytochrome c oxidase subunit 2	10508-11195:1
OP531856.1	tRNA	trnD(gtc)	tRNA-Asp	11193-11256:1
OP531856.1	CDS	atp8	ATP synthase F0 subunit 8	11257-11416:1
OP531856.1	tRNA	trnY(gta)	tRNA-Tyr	11429-11491:1
OP531856.1	tRNA	trnG(tcc)	tRNA-Gly	11490-11552:1
OP531856.1	CDS	cox3	cytochrome c oxidase subunit 3	11552-12330:1
OP531856.1	tRNA	trnQ(ttg)	tRNA-Gln	12330-12396:1
OP531856.1	CDS	nad6	NADH dehydrogenase subunit 6	12397-12877:1
OP531856.1	CDS	cob	cytochrome b	12869-14012:1
OP531856.1	tRNA	trnW(tca)	tRNA-Trp	14010-14073:1
OP531856.1	CDS	atp6	ATP synthase F0 subunit 6	14074-14773:1
OP531856.1	tRNA	trnR(tcg)	tRNA-Arg	14770-14836:1
OP531856.1	tRNA	trnK(ttt)	tRNA-Lys	14943-15003:1
OP531857.1	CDS	cox1	cytochrome c oxidase subunit 1	0-1539:1
OP531857.1	tRNA	trnN(gtt)	tRNA-Asn	1536-1604:1
OP531857.1	CDS	cox2	cytochrome c oxidase subunit 2	1604-2291:1
OP531857.1	tRNA	trnD(gtc)	tRNA-Asp	2289-2354:1
OP531857.1	CDS	atp8	ATP synthase F0 subunit 8	2355-2523:1
OP531857.1	tRNA	trnY(gta)	tRNA-Tyr	2521-2587:1
OP531857.1	tRNA	trnG(tcc)	tRNA-Gly	2586-2650:1
OP531857.1	CDS	cox3	cytochrome c oxidase subunit 3	2651-3431:1
OP531857.1	tRNA	trnQ(ttg)	tRNA-Gln	3432-3501:1
OP531857.1	CDS	nad6	NADH dehydrogenase subunit 6	3501-3984:1
OP531857.1	CDS	cob	cytochrome b	4016-5156:1
OP531857.1	tRNA	trnW(tca)	tRNA-Trp	5174-5239:1
OP531857.1	CDS	atp6	ATP synthase F0 subunit 6	5239-5939:1
OP531857.1	tRNA	trnR(tcg)	tRNA-Arg	5938-6004:1
OP531857.1	tRNA	trnK(ttt)	tRNA-Lys	6645-6708:1
OP531857.1	tRNA	trnH(gtg)	tRNA-His	6741-6806:1
OP531857.1	CDS	nad5	NADH dehydrogenase subunit 5	6807-8523:1
OP531857.1	tRNA	trnF(gaa)	tRNA-Phe	8533-8597:1
OP531857.1	tRNA	trnE(ttc)	tRNA-Glu	8599-8663:1
OP531857.1	tRNA	trnP(tgg)	tRNA-Pro	8667-8724:1
OP531857.1	tRNA	trnT(tgt)	tRNA-Thr	8728-8791:1
OP531857.1	CDS	nad4l	NADH dehydrogenase subunit 4L	8791-9091:1
OP531857.1	CDS	nad4	NADH dehydrogenase subunit 4	9108-10452:1
OP531857.1	tRNA	trnC(gca)	tRNA-Cys	10454-10517:1
OP531857.1	tRNA	trnM(cat)	tRNA-Met	10519-10586:1
OP531857.1	rRNA	12rrn12	12S ribosomal RNA	10585-11446:1
OP531857.1	tRNA	trnV(tac)	tRNA-Val	11439-11508:1
OP531857.1	rRNA	16rrn12	16S ribosomal RNA	11496-12799:1
OP531857.1	tRNA	trnL(tag)	tRNA-Leu	12841-12905:1
OP531857.1	tRNA	trnA(tgc)	tRNA-Ala	12908-12973:1
OP531857.1	tRNA	trnS(tga)	tRNA-Ser	12972-13039:1
OP531857.1	tRNA	trnL(taa)	tRNA-Leu	13117-13180:1
OP531857.1	CDS	nad1	NADH dehydrogenase subunit 1	13180-14113:1
OP531857.1	tRNA	trnI(gat)	tRNA-Ile	14114-14184:1
OP531857.1	CDS	nad3	NADH dehydrogenase subunit 3	14226-14580:1
OP531857.1	tRNA	trnS(tct)	tRNA-Ser	14578-14645:1
OP531857.1	CDS	nad2	NADH dehydrogenase subunit 2	14645-15653:1
OP605751.1	CDS	cox2	cytochrome c oxidase subunit 2	0-687:1
OP605751.1	CDS	atp8	ATP synthase F0 subunit 8	745-910:1
OP605751.1	tRNA	trnY(tac)	tRNA-Tyr	915-981:1
OP605751.1	tRNA	trnG(gga)	tRNA-Gly	982-1047:1
OP605751.1	CDS	cox3	cytochrome c oxidase subunit 3	1047-1827:1
OP605751.1	tRNA	trnQ(caa)	tRNA-Gln	1833-1903:1
OP605751.1	CDS	nad6	NADH dehydrogenase subunit 6	1904-2378:1
OP605751.1	CDS	cob	cytochrome b	2384-3533:1
OP605751.1	tRNA	trnW(tga)	tRNA-Trp	3531-3596:1
OP605751.1	CDS	atp6	ATP synthase F0 subunit 6	3596-4289:1
OP605751.1	tRNA	trnR(cga)	tRNA-Arg	4290-4353:1
OP605751.1	tRNA	trnH(cac)	tRNA-His	4356-4423:1
OP605751.1	CDS	nad5	NADH dehydrogenase subunit 5	4423-6152:1
OP605751.1	tRNA	trnF(ttc)	tRNA-Phe	6152-6217:1
OP605751.1	tRNA	trnE(gaa)	tRNA-Glu	6224-6290:1
OP605751.1	tRNA	trnP(cca)	tRNA-Pro	6290-6358:1
OP605751.1	tRNA	trnT(aca)	tRNA-Thr	6359-6428:1
OP605751.1	CDS	nad4l	NADH dehydrogenase subunit 4L	6428-6725:1
OP605751.1	CDS	nad4	NADH dehydrogenase subunit 4	6718-8077:1
OP605751.1	tRNA	trnC(tgc)	tRNA-Cys	8075-8141:1
OP605751.1	tRNA	trnM(atg)	tRNA-Met	8141-8205:1
OP605751.1	rRNA	rrn12	12S ribosomal RNA	8208-9070:1
OP605751.1	tRNA	trnV(gta)	tRNA-Val	9067-9138:1
OP605751.1	rRNA	rrn16	16S ribosomal RNA	9110-10480:1
OP605751.1	tRNA	trnL(tta)	tRNA-Leu	10475-10544:1
OP605751.1	tRNA	trnL(cta)	tRNA-Leu	10544-10608:1
OP605751.1	tRNA	trnA(gca)	tRNA-Ala	10609-10675:1
OP605751.1	tRNA	trnS(tca)	tRNA-Ser	10674-10741:1
OP605751.1	CDS	nad1	NADH dehydrogenase subunit 1	10744-11680:1
OP605751.1	tRNA	trnI(atc)	tRNA-Ile	11679-11748:1
OP605751.1	tRNA	trnK(aaa)	tRNA-Lys	11765-11830:1
OP605751.1	CDS	nad3	NADH dehydrogenase subunit 3	11830-12184:1
OP605751.1	tRNA	trnS(aga)	tRNA-Ser	12188-12255:1
OP605751.1	CDS	nad2	NADH dehydrogenase subunit 2	12255-13263:1
OP605751.1	CDS	cox1	cytochrome c oxidase subunit 1	13269-14805:1
OP605751.1	tRNA	trnD(gac)	tRNA-Asp	15605-15671:1
OP605751.1	tRNA	trnN(aac)	tRNA-Asn	15696-15765:1
OP605752.1	tRNA	trnH(cac)	tRNA-His	46-113:1
OP605752.1	CDS	nad5	NADH dehydrogenase subunit 5	1040-2765:1
OP605752.1	tRNA	trnF(ttc)	tRNA-Phe	2767-2833:1
OP605752.1	tRNA	trnE(gaa)	tRNA-Glu	2843-2908:1
OP605752.1	tRNA	trnP(cca)	tRNA-Pro	2914-2981:1
OP605752.1	tRNA	trnT(aca)	tRNA-Thr	2981-3047:1
OP605752.1	CDS	nad4l	NADH dehydrogenase subunit 4L	3047-3347:1
OP605752.1	CDS	nad4	NADH dehydrogenase subunit 4	3340-4705:1
OP605752.1	tRNA	trnC(tgc)	tRNA-Cys	4703-4766:1
OP605752.1	tRNA	trnM(atg)	tRNA-Met	4772-4837:1
OP605752.1	rRNA	12rrn12	12S ribosomal RNA	4836-5674:1
OP605752.1	tRNA	trnV(gta)	tRNA-Val	5666-5736:1
OP605752.1	rRNA	16rrn12	16S ribosomal RNA	5678-7047:1
OP605752.1	tRNA	trnL(cta)	tRNA-Leu	7037-7100:1
OP605752.1	tRNA	trnA(gca)	tRNA-Ala	7102-7165:1
OP605752.1	tRNA	trnS(tca)	tRNA-Ser	7165-7232:1
OP605752.1	tRNA	trnL(tta)	tRNA-Leu	7236-7303:1
OP605752.1	CDS	nad1	NADH dehydrogenase subunit 1	7304-8238:1
OP605752.1	tRNA	trnI(atc)	tRNA-Ile	8238-8307:1
OP605752.1	CDS	nad3	NADH dehydrogenase subunit 3	8331-8685:1
OP605752.1	tRNA	trnS(aga)	tRNA-Ser	8683-8751:1
OP605752.1	CDS	nad2	NADH dehydrogenase subunit 2	8751-9756:1
OP605752.1	CDS	cox1	cytochrome c oxidase subunit 1	9759-11292:1
OP605752.1	tRNA	trnN(aac)	tRNA-Asn	11294-11358:1
OP605752.1	CDS	cox2	cytochrome c oxidase subunit 2	11358-12045:1
OP605752.1	tRNA	trnD(gac)	tRNA-Asp	12050-12113:1
OP605752.1	CDS	atp8	ATP synthase F0 subunit 8	12114-12282:1
OP605752.1	tRNA	trnY(tac)	tRNA-Tyr	12285-12349:1
OP605752.1	tRNA	trnG(gga)	tRNA-Gly	12348-12412:1
OP605752.1	CDS	cox3	cytochrome c oxidase subunit 3	12412-13192:1
OP605752.1	tRNA	trnQ(caa)	tRNA-Gln	13199-13267:1
OP605752.1	CDS	nad6	NADH dehydrogenase subunit 6	13267-13750:1
OP605752.1	CDS	cob	cytochrome b	13742-14882:1
OP605752.1	tRNA	trnW(tga)	tRNA-Trp	14883-14949:1
OP605752.1	CDS	atp6	ATP synthase F0 subunit 6	14949-15648:1
OP605752.1	tRNA	trnR(cga)	tRNA-Arg	15652-15718:1
OP605752.1	tRNA	trnK(aaa)	tRNA-Lys	15817-15885:1
OP605753.1	tRNA	trnH(gtg)	tRNA-His	1085-1148:1
OP605753.1	CDS	nad5	NADH dehydrogenase subunit 5	1148-2861:1
OP605753.1	tRNA	trnF(gaa)	tRNA-Phe	2859-2920:1
OP605753.1	tRNA	trnE(ttc)	tRNA-Glu	3258-3322:1
OP605753.1	tRNA	trnP(tgg)	tRNA-Pro	3322-3388:1
OP605753.1	tRNA	trnT(tgt)	tRNA-Thr	3387-3451:1
OP605753.1	CDS	nad4l	NADH dehydrogenase subunit 4L	3451-3748:1
OP605753.1	CDS	nad4	NADH dehydrogenase subunit 4	3756-5112:1
OP605753.1	tRNA	trnC(gca)	tRNA-Cys	5111-5172:1
OP605753.1	tRNA	trnM(cat)	tRNA-Met	5172-5235:1
OP605753.1	rRNA	rrn12	12S ribosomal RNA	5234-6076:1
OP605753.1	tRNA	trnV(tac)	tRNA-Val	6068-6135:1
OP605753.1	rRNA	rrn16	16S ribosomal RNA	6119-7419:1
OP605753.1	tRNA	trnL(tag)	tRNA-Leu	7419-7481:1
OP605753.1	tRNA	trnA(tgc)	tRNA-Ala	7481-7542:1
OP605753.1	tRNA	trnS(tga)	tRNA-Ser	7541-7601:1
OP605753.1	tRNA	trnL(taa)	tRNA-Leu	7602-7665:1
OP605753.1	CDS	nad1	NADH dehydrogenase subunit 1	7666-8597:1
OP605753.1	tRNA	trnI(gat)	tRNA-Ile	8597-8662:1
OP605753.1	CDS	nad3	NADH dehydrogenase subunit 3	9030-9384:1
OP605753.1	tRNA	trnS(tct)	tRNA-Ser	9382-9446:1
OP605753.1	CDS	nad2	NADH dehydrogenase subunit 2	9446-10442:1
OP605753.1	CDS	cox1	cytochrome c oxidase subunit 1	10443-11982:1
OP605753.1	tRNA	trnN(gtt)	tRNA-Asn	11980-12043:1
OP605753.1	CDS	cox2	cytochrome c oxidase subunit 2	12043-12724:1
OP605753.1	tRNA	trnD(gtc)	tRNA-Asp	12722-12785:1
OP605753.1	CDS	atp8	ATP synthase F0 subunit 8	12786-12945:1
OP605753.1	tRNA	trnY(gta)	tRNA-Tyr	12943-13006:1
OP605753.1	tRNA	trnG(tcc)	tRNA-Gly	13005-13069:1
OP605753.1	CDS	cox3	cytochrome c oxidase subunit 3	13069-13847:1
OP605753.1	tRNA	trnQ(ttg)	tRNA-Gln	13847-13911:1
OP605753.1	CDS	nad6	NADH dehydrogenase subunit 6	13957-14431:1
OP605753.1	CDS	cob	cytochrome b	14423-15560:1
OP605753.1	tRNA	trnW(tca)	tRNA-Trp	15558-15622:1
OP605753.1	CDS	atp6	ATP synthase F0 subunit 6	15623-16322:1
OP605753.1	tRNA	trnR(tcg)	tRNA-Arg	16320-16386:1
OP605753.1	tRNA	trnK(ttt)	tRNA-Lys	16386-16448:1
OP605754.1	CDS	cox1	cytochrome c oxidase subunit 1	0-1537:1
OP605754.1	tRNA	trnN(aac)	tRNA-Asn	1537-1602:1
OP605754.1	CDS	cox2	cytochrome c oxidase subunit 2	1602-2289:1
OP605754.1	tRNA	trnD(gac)	tRNA-Asp	2287-2352:1
OP605754.1	CDS	atp8	ATP synthase F0 subunit 8	2353-2518:1
OP605754.1	tRNA	trnY(tac)	tRNA-Tyr	2516-2579:1
OP605754.1	tRNA	trnG(gga)	tRNA-Gly	2578-2646:1
OP605754.1	CDS	cox3	cytochrome c oxidase subunit 3	2646-3426:1
OP605754.1	tRNA	trnQ(caa)	tRNA-Gln	3430-3497:1
OP605754.1	CDS	nad6	NADH dehydrogenase subunit 6	3497-3980:1
OP605754.1	CDS	cob	cytochrome b	3988-5125:1
OP605754.1	tRNA	trnW(tga)	tRNA-Trp	5136-5202:1
OP605754.1	CDS	atp6	ATP synthase F0 subunit 6	5202-5904:1
OP605754.1	tRNA	trnR(cga)	tRNA-Arg	5902-5962:1
OP605754.1	tRNA	trnK(aaa)	tRNA-Lys	6557-6621:1
OP605754.1	tRNA	trnH(cac)	tRNA-His	6631-6694:1
OP605754.1	CDS	nad5	NADH dehydrogenase subunit 5	6694-8419:1
OP605754.1	tRNA	trnF(ttc)	tRNA-Phe	8420-8485:1
OP605754.1	tRNA	trnE(gaa)	tRNA-Glu	8491-8560:1
OP605754.1	tRNA	trnP(cca)	tRNA-Pro	8564-8628:1
OP605754.1	tRNA	trnT(aca)	tRNA-Thr	8627-8692:1
OP605754.1	CDS	nad4l	NADH dehydrogenase subunit 4L	8692-8992:1
OP605754.1	CDS	nad4	NADH dehydrogenase subunit 4	8985-10353:1
OP605754.1	tRNA	trnC(tgc)	tRNA-Cys	10355-10417:1
OP605754.1	tRNA	trnM(atg)	tRNA-Met	10417-10480:1
OP605754.1	rRNA	12rrn12	12S ribosomal RNA	10486-11332:1
OP605754.1	tRNA	trnV(gta)	tRNA-Val	11325-11395:1
OP605754.1	rRNA	16rrn12	16S ribosomal RNA	11362-12722:1
OP605754.1	tRNA	trnL(cta)	tRNA-Leu	12713-12779:1
OP605754.1	tRNA	trnA(gca)	tRNA-Ala	12781-12843:1
OP605754.1	tRNA	trnS(tca)	tRNA-Ser	12843-12910:1
OP605754.1	tRNA	trnL(tta)	tRNA-Leu	12911-12978:1
OP605754.1	CDS	nad1	NADH dehydrogenase subunit 1	12978-13912:1
OP605754.1	tRNA	trnI(atc)	tRNA-Ile	13912-13982:1
OP605754.1	CDS	nad3	NADH dehydrogenase subunit 3	14004-14358:1
OP605754.1	tRNA	trnS(aga)	tRNA-Ser	14363-14430:1
OP605754.1	CDS	nad2	NADH dehydrogenase subunit 2	14430-15438:1
OP627014.1	tRNA	trnK(ttt)	tRNA-Lys	252-313:1
OP627014.1	tRNA	trnH(gtg)	tRNA-His	313-374:1
OP627014.1	CDS	nad5	NADH dehydrogenase subunit 5	374-2102:1
OP627014.1	tRNA	trnF(gaa)	tRNA-Phe	2100-2162:1
OP627014.1	tRNA	trnE(ttc)	tRNA-Glu	2166-2229:1
OP627014.1	tRNA	trnP(tgg)	tRNA-Pro	2229-2293:1
OP627014.1	tRNA	trnT(tgt)	tRNA-Thr	2292-2354:1
OP627014.1	CDS	nad4l	NADH dehydrogenase subunit 4L	2354-2654:1
OP627014.1	CDS	nad4	NADH dehydrogenase subunit 4	2659-4021:1
OP627014.1	tRNA	trnC(gca)	tRNA-Cys	4020-4082:1
OP627014.1	tRNA	trnM(cat)	tRNA-Met	4082-4145:1
OP627014.1	rRNA	rrn12	12S ribosomal RNA	4147-4969:1
OP627014.1	tRNA	trnV(tac)	tRNA-Val	4965-5032:1
OP627014.1	rRNA	rrn16	16S ribosomal RNA	5016-6325:1
OP627014.1	tRNA	trnL(tag)	tRNA-Leu	6317-6381:1
OP627014.1	tRNA	trnA(tgc)	tRNA-Ala	6381-6443:1
OP627014.1	tRNA	trnS(tga)	tRNA-Ser	6442-6506:1
OP627014.1	tRNA	trnL(taa)	tRNA-Leu	6506-6568:1
OP627014.1	CDS	nad1	NADH dehydrogenase subunit 1	6568-7501:1
OP627014.1	tRNA	trnI(gat)	tRNA-Ile	7500-7569:1
OP627014.1	CDS	nad3	NADH dehydrogenase subunit 3	7570-7921:1
OP627014.1	tRNA	trnS(tct)	tRNA-Ser	7919-7987:1
OP627014.1	CDS	nad2	NADH dehydrogenase subunit 2	7987-9007:1
OP627014.1	CDS	cox1	cytochrome c oxidase subunit 1	9009-10554:1
OP627014.1	tRNA	trnN(gtt)	tRNA-Asn	10557-10619:1
OP627014.1	CDS	cox2	cytochrome c oxidase subunit 2	10619-11309:1
OP627014.1	tRNA	trnD(gtc)	tRNA-Asp	11307-11371:1
OP627014.1	CDS	atp8	ATP synthase F0 subunit 8	11372-11540:1
OP627014.1	tRNA	trnY(gta)	tRNA-Tyr	11545-11607:1
OP627014.1	tRNA	trnG(tcc)	tRNA-Gly	11606-11669:1
OP627014.1	CDS	cox3	cytochrome c oxidase subunit 3	11669-12447:1
OP627014.1	tRNA	trnQ(ttg)	tRNA-Gln	12447-12513:1
OP627014.1	CDS	nad6	NADH dehydrogenase subunit 6	12523-13003:1
OP627014.1	CDS	cob	cytochrome b	12995-14129:1
OP627014.1	tRNA	trnW(tca)	tRNA-Trp	14136-14199:1
OP627014.1	CDS	atp6	ATP synthase F0 subunit 6	14200-14899:1
OP627014.1	tRNA	trnR(tcg)	tRNA-Arg	14896-14960:1
OP627283.1	CDS	ND1	NADH dehydrogenase subunit 1	656-1580:1
OP627283.1	tRNA		tRNA-Ile	1578-1639:1
OP627283.1	tRNA		tRNA-Lys	1639-1698:1
OP627283.1	CDS	ND3	NADH dehydrogenase subunit 3	1698-2052:1
OP627283.1	tRNA		tRNA-Ser	2050-2116:1
OP627283.1	CDS	ND2	NADH dehydrogenase subunit 2	2116-3119:1
OP627283.1	CDS	COX1	cytochrome c oxidase subunit 1	3119-4670:1
OP627283.1	CDS	COX2	cytochrome c oxidase subunit 2	4683-5367:1
OP627283.1	tRNA		tRNA-Asp	5365-5427:1
OP627283.1	CDS	ATP8	ATP synthase F0 subunit 8	5427-5592:1
OP627283.1	tRNA		tRNA-Tyr	5590-5654:1
OP627283.1	CDS	COX3	cytochrome c oxidase subunit 3	5654-6432:1
OP627283.1	tRNA		tRNA-Gln	6432-6499:1
OP627283.1	CDS	ND6	NADH dehydrogenase subunit 6	6499-6962:1
OP627283.1	CDS	CYTB	cytochrome b	6962-8093:1
OP627283.1	tRNA		tRNA-Trp	8091-8153:1
OP627283.1	CDS	ATP6	ATP synthase F0 subunit 6	8153-8850:1
OP627283.1	tRNA		tRNA-Arg	8850-8903:1
OP627283.1	tRNA		tRNA-His	8903-8964:1
OP627283.1	CDS	ND5	NADH dehydrogenase subunit 5	8964-10698:1
OP627283.1	tRNA		tRNA-Phe	10697-10759:1
OP627283.1	tRNA		tRNA-Glu	10762-10818:1
OP627283.1	tRNA		tRNA-Pro	10818-10885:1
OP627283.1	tRNA		tRNA-Thr	10886-10947:1
OP627283.1	CDS	ND4L	NADH dehydrogenase subunit 4L	10947-11244:1
OP627283.1	CDS	ND4	NADH dehydrogenase subunit 4	11237-12575:1
OP627283.1	tRNA		tRNA-Ser	12573-12639:1
OP627283.1	tRNA		tRNA-Leu	12641-12702:1
OP627283.1	tRNA		tRNA-Gly	12701-12764:1
OP627283.1	tRNA		tRNA-Met	12764-12826:1
OP627283.1	rRNA		12S ribosomal RNA	12824-13582:1
OP627283.1	tRNA		tRNA-Val	13574-13635:1
OP627283.1	rRNA		16S ribosomal RNA	13779-14784:1
OP627283.1	tRNA		tRNA-Leu	14797-14857:1
OP627283.1	tRNA		tRNA-Asn	14857-14920:1
OP627283.1	tRNA		tRNA-Cys	14920-14980:1
OP627283.1	tRNA		tRNA-Ala	14985-15047:1
OP648301.1	tRNA	trnS2	tRNA-Ser	183-250:1
OP648301.1	CDS	ND1	NADH dehydrogenase subunit 1	250-1181:1
OP648301.1	tRNA	trnI	tRNA-Ile	1181-1249:1
OP648301.1	tRNA	trnK	tRNA-Lys	1251-1319:1
OP648301.1	CDS	ND3	NADH dehydrogenase subunit 3	1319-1673:1
OP648301.1	tRNA	trnS	tRNA-Ser	1680-1748:1
OP648301.1	CDS	ND2	NADH dehydrogenase subunit 2	1748-2754:1
OP648301.1	CDS	COX1	cytochrome c oxidase subunit I	2754-4294:1
OP648301.1	tRNA	trnN	tRNA-Asn	4294-4362:1
OP648301.1	CDS	COX2	cytochrome c oxidase subunit II	4362-5052:1
OP648301.1	tRNA	trnD	tRNA-Asp	5056-5125:1
OP648301.1	CDS	ATP8	ATP synthase F0 subunit 8	5127-5286:1
OP648301.1	tRNA	trnY	tRNA-Tyr	5286-5351:1
OP648301.1	CDS	COX3	cytochrome c oxidase subunit III	5353-6133:1
OP648301.1	tRNA	trnQ	tRNA-Gln	6140-6210:1
OP648301.1	CDS	ND6	NADH dehydrogenase subunit 6	6210-6693:1
OP648301.1	CDS	CYTB	cytochrome b	6695-7833:1
OP648301.1	tRNA	trnL2	tRNA-Leu	7833-7897:1
OP648301.1	tRNA	trnW	tRNA-Trp	7899-7967:1
OP648301.1	CDS	ATP6	ATP synthase F0 subunit 6	7967-8669:1
OP648301.1	tRNA	trnR	tRNA-Arg	8669-8738:1
OP648301.1	tRNA	trnH	tRNA-His	8740-8806:1
OP648301.1	CDS	ND5	NADH dehydrogenase subunit 5	8806-10502:1
OP648301.1	tRNA	trnF	tRNA-Phe	10502-10571:1
OP648301.1	tRNA	trnE	tRNA-Glu	10571-10640:1
OP648301.1	tRNA	trnP	tRNA-Pro	10640-10708:1
OP648301.1	tRNA	trnT	tRNA-Thr	10709-10777:1
OP648301.1	CDS	ND4L	NADH dehydrogenase subunit 4L	10777-11074:1
OP648301.1	CDS	ND4	NADH dehydrogenase subunit 4	11067-12430:1
OP648301.1	tRNA	trnC	tRNA-Cys	12430-12493:1
OP648301.1	tRNA	trnG	tRNA-Gly	12503-12571:1
OP648301.1	tRNA	trnM	tRNA-Met	12573-12641:1
OP648301.1	rRNA	rrnS	12S ribosomal RNA	12641-13456:1
OP648301.1	tRNA	trnV	tRNA-Val	13456-13523:1
OP648301.1	rRNA	rrnL	16S ribosomal RNA	13523-14843:1
OP648301.1	tRNA	trnL	tRNA-Leu	14843-14909:1
OP648301.1	tRNA	trnA	tRNA-Ala	14911-14979:1
OP648302.1	tRNA	trnL	tRNA-Leu	355-419:1
OP648302.1	tRNA	trnA	tRNA-Ala	420-484:1
OP648302.1	tRNA	trnI	tRNA-Ile	484-550:1
OP648302.1	tRNA	trnK	tRNA-Lys	551-615:1
OP648302.1	CDS	ND3	NADH dehydrogenase subunit 3	615-969:1
OP648302.1	tRNA	trnS	tRNA-Ser	974-1042:1
OP648302.1	CDS	ND2	NADH dehydrogenase subunit 2	1042-2042:1
OP648302.1	CDS	COX1	cytochrome c oxidase subunit I	2042-3582:1
OP648302.1	tRNA	trnN	tRNA-Asn	3582-3644:1
OP648302.1	CDS	COX2	cytochrome c oxidase subunit II	3644-4331:1
OP648302.1	tRNA	trnD	tRNA-Asp	4340-4405:1
OP648302.1	CDS	ATP8	ATP synthase F0 subunit 8	4405-4564:1
OP648302.1	tRNA	trnY	tRNA-Tyr	4564-4626:1
OP648302.1	CDS	COX3	cytochrome c oxidase subunit III	4627-5407:1
OP648302.1	tRNA	trnQ	tRNA-Gln	5410-5478:1
OP648302.1	CDS	ND6	NADH dehydrogenase subunit 6	5478-5956:1
OP648302.1	CDS	CYTB	cytochrome b	5956-7094:1
OP648302.1	tRNA	trnL2	tRNA-Leu	7094-7157:1
OP648302.1	tRNA	trnW	tRNA-Trp	7157-7220:1
OP648302.1	CDS	ATP6	ATP synthase F0 subunit 6	7220-7922:1
OP648302.1	tRNA	trnR	tRNA-Arg	7922-7981:1
OP648302.1	tRNA	trnH	tRNA-His	7983-8046:1
OP648302.1	CDS	ND5	NADH dehydrogenase subunit 5	8046-9744:1
OP648302.1	tRNA	trnF	tRNA-Phe	9744-9809:1
OP648302.1	tRNA	trnE	tRNA-Glu	9810-9873:1
OP648302.1	tRNA	trnP	tRNA-Pro	9873-9935:1
OP648302.1	tRNA	trnT	tRNA-Thr	9935-10001:1
OP648302.1	CDS	ND4L	NADH dehydrogenase subunit 4L	10001-10304:1
OP648302.1	CDS	ND4	NADH dehydrogenase subunit 4	10297-11657:1
OP648302.1	tRNA	trnC	tRNA-Cys	11657-11721:1
OP648302.1	tRNA	trnG	tRNA-Gly	11721-11784:1
OP648302.1	tRNA	trnM	tRNA-Met	11784-11849:1
OP648302.1	rRNA	rrnS	12S ribosomal RNA	11849-12652:1
OP648302.1	tRNA	trnV	tRNA-Val	12652-12719:1
OP648302.1	rRNA	rrnL	16S ribosomal RNA	12719-14016:1
OP648302.1	tRNA	trnS2	tRNA-Ser	14016-14083:1
OP648302.1	CDS	ND1	NADH dehydrogenase subunit 1	14083-15034:1
OP648303.1	tRNA	trnS2	tRNA-Ser	1243-1313:1
OP648303.1	CDS	ND1	NADH dehydrogenase subunit 1	1313-2246:1
OP648303.1	tRNA	trnI	tRNA-Ile	2246-2307:1
OP648303.1	tRNA	trnK	tRNA-Lys	2307-2371:1
OP648303.1	CDS	ND3	NADH dehydrogenase subunit 3	2371-2725:1
OP648303.1	tRNA	trnS	tRNA-Ser	2727-2794:1
OP648303.1	CDS	ND2	NADH dehydrogenase subunit 2	2794-3788:1
OP648303.1	CDS	COX1	cytochrome c oxidase subunit I	3788-5321:1
OP648303.1	tRNA	trnN	tRNA-Asn	5327-5390:1
OP648303.1	CDS	COX2	cytochrome c oxidase subunit II	5390-6071:1
OP648303.1	tRNA	trnD	tRNA-Asp	6071-6134:1
OP648303.1	CDS	ATP8	ATP synthase F0 subunit 8	6134-6287:1
OP648303.1	tRNA	trnY	tRNA-Tyr	6287-6349:1
OP648303.1	CDS	COX3	cytochrome c oxidase subunit III	6352-7132:1
OP648303.1	tRNA	trnQ	tRNA-Gln	7136-7207:1
OP648303.1	CDS	ND6	NADH dehydrogenase subunit 6	7207-7682:1
OP648303.1	CDS	CYTB	cytochrome b	7682-8820:1
OP648303.1	tRNA	trnL2	tRNA-Leu	8820-8882:1
OP648303.1	tRNA	trnW	tRNA-Trp	8882-8945:1
OP648303.1	CDS	ATP6	ATP synthase F0 subunit 6	8947-9649:1
OP648303.1	tRNA	trnR	tRNA-Arg	9649-9702:1
OP648303.1	tRNA	trnH	tRNA-His	9703-9766:1
OP648303.1	CDS	ND5	NADH dehydrogenase subunit 5	9766-11464:1
OP648303.1	tRNA	trnE	tRNA-Glu	11469-11531:1
OP648303.1	tRNA	trnF	tRNA-Phe	11537-11600:1
OP648303.1	tRNA	trnP	tRNA-Pro	11606-11671:1
OP648303.1	tRNA	trnT	tRNA-Thr	11672-11731:1
OP648303.1	CDS	ND4L	NADH dehydrogenase subunit 4L	11731-12034:1
OP648303.1	CDS	ND4	NADH dehydrogenase subunit 4	12027-13390:1
OP648303.1	tRNA	trnC	tRNA-Cys	13390-13453:1
OP648303.1	tRNA	trnG	tRNA-Gly	13453-13518:1
OP648303.1	tRNA	trnM	tRNA-Met	13518-13582:1
OP648303.1	rRNA	rrnS	12S ribosomal RNA	13582-14345:1
OP648303.1	tRNA	trnV	tRNA-Val	14345-14412:1
OP648303.1	rRNA	rrnL	16S ribosomal RNA	14412-15655:1
OP648303.1	tRNA	trnL	tRNA-Leu	15655-15715:1
OP648303.1	tRNA	trnA	tRNA-Ala	15715-15777:1
OP648304.1	tRNA	trnS2	tRNA-Ser	46-114:1
OP648304.1	CDS	ND1	NADH dehydrogenase subunit 1	114-1047:1
OP648304.1	tRNA	trnI	tRNA-Ile	1047-1110:1
OP648304.1	tRNA	trnK	tRNA-Lys	1110-1173:1
OP648304.1	CDS	ND3	NADH dehydrogenase subunit 3	1173-1527:1
OP648304.1	tRNA	trnS	tRNA-Ser	1527-1593:1
OP648304.1	CDS	ND2	NADH dehydrogenase subunit 2	1593-2593:1
OP648304.1	CDS	COX1	cytochrome c oxidase subunit I	2593-4126:1
OP648304.1	tRNA	trnN	tRNA-Asn	4130-4193:1
OP648304.1	CDS	COX2	cytochrome c oxidase subunit II	4193-4874:1
OP648304.1	tRNA	trnD	tRNA-Asp	4874-4936:1
OP648304.1	CDS	ATP8	ATP synthase F0 subunit 8	4936-5089:1
OP648304.1	tRNA	trnY	tRNA-Tyr	5089-5153:1
OP648304.1	CDS	COX3	cytochrome c oxidase subunit III	5161-5941:1
OP648304.1	tRNA	trnQ	tRNA-Gln	5946-6018:1
OP648304.1	CDS	ND6	NADH dehydrogenase subunit 6	6018-6493:1
OP648304.1	CDS	CYTB	cytochrome b	6493-7631:1
OP648304.1	tRNA	trnL2	tRNA-Leu	7631-7692:1
OP648304.1	tRNA	trnW	tRNA-Trp	7692-7758:1
OP648304.1	CDS	ATP6	ATP synthase F0 subunit 6	7760-8462:1
OP648304.1	tRNA	trnR	tRNA-Arg	8462-8518:1
OP648304.1	tRNA	trnH	tRNA-His	8520-8584:1
OP648304.1	CDS	ND5	NADH dehydrogenase subunit 5	8584-10282:1
OP648304.1	tRNA	trnE	tRNA-Glu	10284-10346:1
OP648304.1	tRNA	trnF	tRNA-Phe	10347-10415:1
OP648304.1	tRNA	trnP	tRNA-Pro	10416-10476:1
OP648304.1	tRNA	trnT	tRNA-Thr	10486-10546:1
OP648304.1	CDS	ND4L	NADH dehydrogenase subunit 4L	10546-10849:1
OP648304.1	CDS	ND4	NADH dehydrogenase subunit 4	10842-12201:1
OP648304.1	tRNA	trnC	tRNA-Cys	12201-12262:1
OP648304.1	tRNA	trnG	tRNA-Gly	12262-12327:1
OP648304.1	rRNA	rrnS	12S ribosomal RNA	12385-13159:1
OP648304.1	tRNA	trnV	tRNA-Val	13159-13230:1
OP648304.1	tRNA	trnL	tRNA-Leu	13231-13298:1
OP648304.1	tRNA	trnA	tRNA-Ala	13298-13370:1
OP648304.1	tRNA	trnM	tRNA-Met	14318-14380:1
OP648304.1	rRNA	rrnL	16S ribosomal RNA	14380-15736:1
OP648305.1	tRNA	trnS2	tRNA-Ser	798-865:1
OP648305.1	CDS	ND1	NADH dehydrogenase subunit 1	865-1798:1
OP648305.1	tRNA	trnI	tRNA-Ile	1798-1861:1
OP648305.1	tRNA	trnK	tRNA-Lys	1861-1923:1
OP648305.1	CDS	ND3	NADH dehydrogenase subunit 3	1923-2277:1
OP648305.1	tRNA	trnS	tRNA-Ser	2277-2341:1
OP648305.1	CDS	ND2	NADH dehydrogenase subunit 2	2341-3338:1
OP648305.1	CDS	COX1	cytochrome c oxidase subunit I	3338-4871:1
OP648305.1	tRNA	trnN	tRNA-Asn	4871-4934:1
OP648305.1	CDS	COX2	cytochrome c oxidase subunit II	4934-5615:1
OP648305.1	tRNA	trnD	tRNA-Asp	5615-5678:1
OP648305.1	CDS	ATP8	ATP synthase F0 subunit 8	5679-5832:1
OP648305.1	tRNA	trnY	tRNA-Tyr	5832-5891:1
OP648305.1	CDS	COX3	cytochrome c oxidase subunit III	5896-6676:1
OP648305.1	tRNA	trnQ	tRNA-Gln	6677-6746:1
OP648305.1	CDS	ND6	NADH dehydrogenase subunit 6	6746-7221:1
OP648305.1	CDS	CYTB	cytochrome b	7221-8359:1
OP648305.1	tRNA	trnL2	tRNA-Leu	8359-8421:1
OP648305.1	tRNA	trnW	tRNA-Trp	8421-8485:1
OP648305.1	CDS	ATP6	ATP synthase F0 subunit 6	8487-9189:1
OP648305.1	tRNA	trnR	tRNA-Arg	9189-9243:1
OP648305.1	tRNA	trnH	tRNA-His	9245-9307:1
OP648305.1	CDS	ND5	NADH dehydrogenase subunit 5	9307-11005:1
OP648305.1	tRNA	trnE	tRNA-Glu	11010-11070:1
OP648305.1	tRNA	trnF	tRNA-Phe	11098-11161:1
OP648305.1	tRNA	trnP	tRNA-Pro	11161-11224:1
OP648305.1	tRNA	trnT	tRNA-Thr	11227-11286:1
OP648305.1	CDS	ND4L	NADH dehydrogenase subunit 4L	11286-11589:1
OP648305.1	CDS	ND4	NADH dehydrogenase subunit 4	11582-12944:1
OP648305.1	tRNA	trnC	tRNA-Cys	12944-13006:1
OP648305.1	tRNA	trnG	tRNA-Gly	13006-13072:1
OP648305.1	tRNA	trnM	tRNA-Met	13072-13137:1
OP648305.1	rRNA	rrnS	12S ribosomal RNA	13137-13909:1
OP648305.1	tRNA	trnV	tRNA-Val	13909-13976:1
OP648305.1	rRNA	rrnL	16S ribosomal RNA	14083-15218:1
OP648305.1	tRNA	trnL	tRNA-Leu	15218-15276:1
OP648305.1	tRNA	trnA	tRNA-Ala	15276-15336:1
OP648306.1	tRNA	trnS2	tRNA-Ser	2119-2187:1
OP648306.1	CDS	ND1	NADH dehydrogenase subunit 1	2187-3120:1
OP648306.1	tRNA	trnI	tRNA-Ile	3120-3181:1
OP648306.1	tRNA	trnK	tRNA-Lys	3181-3245:1
OP648306.1	CDS	ND3	NADH dehydrogenase subunit 3	3245-3599:1
OP648306.1	tRNA	trnS	tRNA-Ser	3599-3663:1
OP648306.1	CDS	ND2	NADH dehydrogenase subunit 2	3663-4660:1
OP648306.1	CDS	COX1	cytochrome c oxidase subunit I	4660-6193:1
OP648306.1	tRNA	trnN	tRNA-Asn	6201-6262:1
OP648306.1	CDS	COX2	cytochrome c oxidase subunit II	6262-6944:1
OP648306.1	tRNA	trnD	tRNA-Asp	6944-7004:1
OP648306.1	CDS	ATP8	ATP synthase F0 subunit 8	7005-7158:1
OP648306.1	tRNA	trnY	tRNA-Tyr	7158-7218:1
OP648306.1	CDS	COX3	cytochrome c oxidase subunit III	7221-8001:1
OP648306.1	tRNA	trnQ	tRNA-Gln	8011-8076:1
OP648306.1	CDS	ND6	NADH dehydrogenase subunit 6	8076-8548:1
OP648306.1	CDS	CYTB	cytochrome b	8548-9682:1
OP648306.1	tRNA	trnL2	tRNA-Leu	9683-9745:1
OP648306.1	tRNA	trnW	tRNA-Trp	9745-9805:1
OP648306.1	CDS	ATP6	ATP synthase F0 subunit 6	9808-10510:1
OP648306.1	tRNA	trnR	tRNA-Arg	10510-10562:1
OP648306.1	tRNA	trnH	tRNA-His	10562-10626:1
OP648306.1	CDS	ND5	NADH dehydrogenase subunit 5	10626-12316:1
OP648306.1	tRNA	trnF	tRNA-Phe	12316-12378:1
OP648306.1	tRNA	trnE	tRNA-Glu	12382-12446:1
OP648306.1	tRNA	trnP	tRNA-Pro	12447-12510:1
OP648306.1	tRNA	trnT	tRNA-Thr	12512-12571:1
OP648306.1	CDS	ND4L	NADH dehydrogenase subunit 4L	12572-12875:1
OP648306.1	CDS	ND4	NADH dehydrogenase subunit 4	12868-14233:1
OP648306.1	tRNA	trnC	tRNA-Cys	14233-14294:1
OP648306.1	tRNA	trnG	tRNA-Gly	14294-14354:1
OP648306.1	tRNA	trnM	tRNA-Met	14354-14418:1
OP648306.1	rRNA	rrnS	12S ribosomal RNA	14418-15191:1
OP648306.1	tRNA	trnV	tRNA-Val	15191-15253:1
OP648306.1	rRNA	rrnL	16S ribosomal RNA	15421-16463:1
OP648306.1	tRNA	trnL	tRNA-Leu	16505-16570:1
OP648306.1	tRNA	trnA	tRNA-Ala	16570-16630:1
OP648307.1	tRNA	trnS2	tRNA-Ser	78-145:1
OP648307.1	CDS	ND1	NADH dehydrogenase subunit 1	146-1079:1
OP648307.1	tRNA	trnI	tRNA-Ile	1079-1142:1
OP648307.1	tRNA	trnK	tRNA-Lys	1142-1204:1
OP648307.1	CDS	ND3	NADH dehydrogenase subunit 3	1204-1558:1
OP648307.1	tRNA	trnS	tRNA-Ser	1559-1626:1
OP648307.1	CDS	ND2	NADH dehydrogenase subunit 2	1626-2623:1
OP648307.1	CDS	COX1	cytochrome c oxidase subunit I	2623-4156:1
OP648307.1	tRNA	trnN	tRNA-Asn	4158-4221:1
OP648307.1	CDS	COX2	cytochrome c oxidase subunit II	4221-4905:1
OP648307.1	tRNA	trnD	tRNA-Asp	4905-4971:1
OP648307.1	CDS	ATP8	ATP synthase F0 subunit 8	4971-5124:1
OP648307.1	tRNA	trnY	tRNA-Tyr	5124-5184:1
OP648307.1	CDS	COX3	cytochrome c oxidase subunit III	5189-5969:1
OP648307.1	tRNA	trnQ	tRNA-Gln	5973-6045:1
OP648307.1	CDS	ND6	NADH dehydrogenase subunit 6	6047-6522:1
OP648307.1	CDS	CYTB	cytochrome b	6522-7660:1
OP648307.1	tRNA	trnL2	tRNA-Leu	7660-7724:1
OP648307.1	tRNA	trnW	tRNA-Trp	7724-7790:1
OP648307.1	CDS	ATP6	ATP synthase F0 subunit 6	7792-8494:1
OP648307.1	tRNA	trnR	tRNA-Arg	8494-8548:1
OP648307.1	tRNA	trnH	tRNA-His	8550-8613:1
OP648307.1	CDS	ND5	NADH dehydrogenase subunit 5	8613-10311:1
OP648307.1	tRNA	trnE	tRNA-Glu	10311-10373:1
OP648307.1	tRNA	trnF	tRNA-Phe	10382-10446:1
OP648307.1	tRNA	trnP	tRNA-Pro	10450-10513:1
OP648307.1	tRNA	trnT	tRNA-Thr	10517-10578:1
OP648307.1	CDS	ND4L	NADH dehydrogenase subunit 4L	10579-10882:1
OP648307.1	CDS	ND4	NADH dehydrogenase subunit 4	10875-12237:1
OP648307.1	tRNA	trnC	tRNA-Cys	12237-12299:1
OP648307.1	tRNA	trnG	tRNA-Gly	12299-12367:1
OP648307.1	tRNA	trnM	tRNA-Met	12367-12429:1
OP648307.1	rRNA	rrnS	12S ribosomal RNA	12429-13202:1
OP648307.1	tRNA	trnV	tRNA-Val	13202-13266:1
OP648307.1	rRNA	rrnL	16S ribosomal RNA	13371-14516:1
OP648307.1	tRNA	trnL	tRNA-Leu	14516-14582:1
OP648307.1	tRNA	trnA	tRNA-Ala	14582-14642:1
OP694172.1	CDS	cox1	cytochrome c oxidase subunit 1	0-1539:1
OP694172.1	tRNA	trnN(gtt)	tRNA-Asn	2644-2710:1
OP694172.1	CDS	cox2	cytochrome c oxidase subunit 2	2710-3397:1
OP694172.1	tRNA	trnD(gtc)	tRNA-Asp	3404-3469:1
OP694172.1	CDS	atp8	ATP synthase F0 subunit 8	3470-3635:1
OP694172.1	tRNA	trnY(gta)	tRNA-Tyr	3639-3704:1
OP694172.1	tRNA	trnG(tcc)	tRNA-Gly	3705-3770:1
OP694172.1	CDS	cox3	cytochrome c oxidase subunit 3	3770-4550:1
OP694172.1	tRNA	trnQ(ttg)	tRNA-Gln	4556-4625:1
OP694172.1	CDS	nad6	NADH dehydrogenase subunit 6	4625-5099:1
OP694172.1	CDS	cob	cytochrome b	5100-6243:1
OP694172.1	tRNA	trnW(tca)	tRNA-Trp	6248-6315:1
OP694172.1	CDS	atp6	ATP synthase F0 subunit 6	6315-7011:1
OP694172.1	tRNA	trnR(tcg)	tRNA-Arg	7012-7075:1
OP694172.1	tRNA	trnH(gtg)	tRNA-His	7075-7141:1
OP694172.1	CDS	nad5	NADH dehydrogenase subunit 5	7141-8869:1
OP694172.1	tRNA	trnF(gaa)	tRNA-Phe	8867-8931:1
OP694172.1	tRNA	trnE(ttc)	tRNA-Glu	8934-9000:1
OP694172.1	tRNA	trnP(tgg)	tRNA-Pro	8999-9066:1
OP694172.1	tRNA	trnT(tgt)	tRNA-Thr	9067-9131:1
OP694172.1	CDS	nad4l	NADH dehydrogenase subunit 4L	9132-9432:1
OP694172.1	CDS	nad4	NADH dehydrogenase subunit 4	9425-10784:1
OP694172.1	tRNA	trnC(gca)	tRNA-Cys	10786-10852:1
OP694172.1	tRNA	trnM(cat)	tRNA-Met	10852-10918:1
OP694172.1	rRNA	12rrn12	12S ribosomal RNA	10918-11783:1
OP694172.1	tRNA	trnV(tac)	tRNA-Val	11776-11847:1
OP694172.1	rRNA	16rrn12	16S ribosomal RNA	11836-13193:1
OP694172.1	tRNA	trnL(taa)	tRNA-Leu	13186-13256:1
OP694172.1	tRNA	trnL(tag)	tRNA-Leu	13258-13323:1
OP694172.1	tRNA	trnA(tgc)	tRNA-Ala	13324-13390:1
OP694172.1	tRNA	trnS(tga)	tRNA-Ser	13390-13457:1
OP694172.1	CDS	nad1	NADH dehydrogenase subunit 1	13457-14393:1
OP694172.1	tRNA	trnI(gat)	tRNA-Ile	14391-14461:1
OP694172.1	tRNA	trnK(ttt)	tRNA-Lys	14464-14528:1
OP694172.1	CDS	nad3	NADH dehydrogenase subunit 3	14528-14882:1
OP694172.1	tRNA	trnS(tct)	tRNA-Ser	14883-14949:1
OP694172.1	CDS	nad2	NADH dehydrogenase subunit 2	14949-15957:1
OP787079.1	tRNA	trnK(ttt)	tRNA-Lys	454-520:1
OP787079.1	tRNA	trnH(gtg)	tRNA-His	521-586:1
OP787079.1	CDS	nad5	NADH dehydrogenase subunit 5	586-2326:1
OP787079.1	tRNA	trnF(gaa)	tRNA-Phe	2328-2394:1
OP787079.1	tRNA	trnE(ttc)	tRNA-Glu	2394-2465:1
OP787079.1	tRNA	trnP(tgg)	tRNA-Pro	2469-2535:1
OP787079.1	tRNA	trnT(tgt)	tRNA-Thr	2535-2600:1
OP787079.1	CDS	nad4l	NADH dehydrogenase subunit 4L	2600-2894:1
OP787079.1	CDS	nad4	NADH dehydrogenase subunit 4	2887-4252:1
OP787079.1	tRNA	trnC(gca)	tRNA-Cys	4250-4314:1
OP787079.1	tRNA	trnM(cat)	tRNA-Met	4319-4383:1
OP787079.1	rRNA	12rrn12	12S ribosomal RNA	4385-5242:1
OP787079.1	tRNA	trnV(tac)	tRNA-Val	5235-5304:1
OP787079.1	rRNA	16rrn12	16S ribosomal RNA	5290-6586:1
OP787079.1	tRNA	trnL(tag)	tRNA-Leu	6610-6674:1
OP787079.1	tRNA	trnA(tgc)	tRNA-Ala	6680-6744:1
OP787079.1	tRNA	trnS(tga)	tRNA-Ser	6743-6810:1
OP787079.1	tRNA	trnL(taa)	tRNA-Leu	6814-6882:1
OP787079.1	CDS	nad1	NADH dehydrogenase subunit 1	6883-7817:1
OP787079.1	tRNA	trnI(gau)	tRNA-Ile	7817-7884:1
OP787079.1	CDS	nad3	NADH dehydrogenase subunit 3	7932-8286:1
OP787079.1	tRNA	trnS(tct)	tRNA-Ser	8284-8353:1
OP787079.1	CDS	nad2	NADH dehydrogenase subunit 2	8353-9358:1
OP787079.1	CDS	cox1	cytochrome c oxidase subunit 1	9382-10927:1
OP787079.1	tRNA	trnN(gtt)	tRNA-Asn	10934-10999:1
OP787079.1	CDS	cox2	cytochrome c oxidase subunit 2	10999-11689:1
OP787079.1	tRNA	trnD(gtc)	tRNA-Asp	11687-11750:1
OP787079.1	CDS	atp8	ATP synthase F0 subunit 8	11751-11913:1
OP787079.1	tRNA	trnY(gta)	tRNA-Tyr	11915-11977:1
OP787079.1	tRNA	trnG(tcc)	tRNA-Gly	11976-12041:1
OP787079.1	CDS	cox3	cytochrome c oxidase subunit 3	12041-12821:1
OP787079.1	tRNA	trnQ(ttg)	tRNA-Gln	12822-12891:1
OP787079.1	CDS	nad6	NADH dehydrogenase subunit 6	12891-13368:1
OP787079.1	CDS	cob	cytochrome b	13369-14527:1
OP787079.1	tRNA	trnW(tca)	tRNA-Trp	14525-14591:1
OP787079.1	CDS	atp6	ATP synthase F0 subunit 6	14591-15296:1
OP787079.1	tRNA	trnR(tcg)	tRNA-Arg	15300-15363:1
OQ078742.1	CDS	nad2	NADH dehydrogenase subunit 2	16693-17645:1,0-14:1
OQ078742.1	CDS	cox1	cytochrome c oxidase subunit I	0-1542:1
OQ078742.1	tRNA		tRNA-His	1579-1643:1
OQ078742.1	tRNA		tRNA-Asp	1643-1707:1
OQ078742.1	tRNA		tRNA-Glu	1708-1771:1
OQ078742.1	tRNA		tRNA-Lys	2339-2404:1
OQ078742.1	tRNA		tRNA-Met	2402-2466:1
OQ078742.1	rRNA		16S ribosomal RNA	2466-3674:1
OQ078742.1	tRNA		tRNA-Tyr	3674-3738:1
OQ078742.1	CDS	nad6	NADH dehydrogenase subunit 6	3743-4232:1
OQ078742.1	CDS	atp8	ATPase subunit 8	4235-4407:1
OQ078742.1	tRNA		tRNA-Gly	4406-4471:1
OQ078742.1	tRNA		tRNA-Asn	4473-4539:1
OQ078742.1	tRNA		tRNA-Cys	4538-4597:1
OQ078742.1	tRNA		tRNA-Gln	4596-4661:1
OQ078742.1	tRNA		tRNA-Ala	5730-5795:1
OQ078742.1	rRNA		12S ribosomal RNA	5795-6602:1
OQ078742.1	CDS	nad3	NADH dehydrogenase subunit 3	6602-6962:1
OQ078742.1	tRNA		tRNA-Leu	7593-7657:1
OQ078742.1	CDS	cob	cytochrome b	7658-8813:1
OQ078742.1	CDS	nad4	NADH dehydrogenase subunit 4	8813-10169:1
OQ078742.1	CDS	cox3	cytochrome c oxidase subunit III	10227-11089:1
OQ078742.1	tRNA		tRNA-Ser	11089-11158:1
OQ078742.1	CDS	atp6	ATPase subunit 6	11169-11967:1
OQ078742.1	tRNA		tRNA-Arg	12405-12469:1
OQ078742.1	CDS	nad5	NADH dehydrogenase subunit 5	12474-14181:1
OQ078742.1	tRNA		tRNA-Phe	14182-14246:1
OQ078742.1	CDS	nad4L	NADH dehydrogenase subunit 4L	14255-14538:1
OQ078742.1	tRNA		tRNA-Ile	14538-14602:1
OQ078742.1	CDS	cox2	cytochrome c oxidase subunit II	14602-15313:1
OQ078742.1	tRNA		tRNA-Trp	15314-15380:1
OQ078742.1	tRNA		tRNA-Val	15380-15445:1
OQ078742.1	tRNA		tRNA-Leu	15445-15510:1
OQ078742.1	tRNA		tRNA-Met	15509-15573:1
OQ078742.1	CDS	nad1	NADH dehydrogenase subunit 1	15590-16497:1
OQ078742.1	tRNA		tRNA-Pro	16497-16560:1
OQ078742.1	tRNA		tRNA-Thr	16561-16625:1
OQ078742.1	tRNA		tRNA-Ser	16625-16691:1
OQ339201.1	CDS	ND2	NADH dehydrogenase subunit 2	13877-14847:1,0-29:1
OQ339201.1	CDS	COX1	cytochrome c oxidase subunit 1	0-1534:1
OQ339201.1	tRNA	trnN(gtt)	tRNA-Asn	1534-1596:1
OQ339201.1	CDS	COX2	cytochrome c oxidase subunit 2	1596-2280:1
OQ339201.1	tRNA	trnD(gtc)	tRNA-Asp	2278-2340:1
OQ339201.1	CDS	ATP8	ATP synthase F0 subunit 8	2340-2496:1
OQ339201.1	tRNA	trnY(gta)	tRNA-Tyr	2494-2557:1
OQ339201.1	tRNA	trnG(tcc)	tRNA-Gly	2555-2616:1
OQ339201.1	CDS	COX3	cytochrome c oxidase subunit 3	2651-3450:1
OQ339201.1	tRNA	trnQ(ttg)	tRNA-Gln	3450-3519:1
OQ339201.1	CDS	ND6	NADH dehydrogenase subunit 6	3519-3985:1
OQ339201.1	CDS	CYTB	cytochrome b	3985-5122:1
OQ339201.1	tRNA	trnW(tca)	tRNA-Trp	5120-5184:1
OQ339201.1	CDS	ATP6	ATP synthase F0 subunit 6	5184-5898:1
OQ339201.1	tRNA	trnR(tcg)	tRNA-Arg	5899-5959:1
OQ339201.1	tRNA	trnH(gtg)	tRNA-His	6410-6474:1
OQ339201.1	CDS	ND5	NADH dehydrogenase subunit 5	6489-8176:1
OQ339201.1	tRNA	trnF(gaa)	tRNA-Phe	8176-8238:1
OQ339201.1	tRNA	trnE(ttc)	tRNA-Glu	8238-8302:1
OQ339201.1	tRNA	trnP(tgg)	tRNA-Pro	8299-8362:1
OQ339201.1	tRNA	trnT(tgt)	tRNA-Thr	8362-8424:1
OQ339201.1	CDS	ND4l	NADH dehydrogenase subunit 4L	8424-8718:1
OQ339201.1	CDS	ND4	NADH dehydrogenase subunit 4	8711-10046:1
OQ339201.1	tRNA	trnC(gca)	tRNA-Cys	10045-10109:1
OQ339201.1	tRNA	trnM(cat)	tRNA-Met	10110-10173:1
OQ339201.1	rRNA		12S ribosomal RNA	10171-10919:1
OQ339201.1	tRNA	trnV(tac)	tRNA-Val	10913-10975:1
OQ339201.1	rRNA		16S ribosomal RNA	10967-12133:1
OQ339201.1	tRNA	trnL(tag)	tRNA-Leu	12138-12198:1
OQ339201.1	tRNA	trnA(tgc)	tRNA-Ala	12202-12264:1
OQ339201.1	tRNA	trnS(tga)	tRNA-Ser	12262-12329:1
OQ339201.1	tRNA	trnL(taa)	tRNA-Leu	12329-12390:1
OQ339201.1	CDS	ND1	NADH dehydrogenase subunit 1	12390-13320:1
OQ339201.1	tRNA	trnI(gat)	tRNA-Ile	13318-13382:1
OQ339201.1	tRNA	trnK(ttt)	tRNA-Lys	13383-13446:1
OQ339201.1	CDS	ND3	NADH dehydrogenase subunit 3	13446-13800:1
OQ339201.1	tRNA	trnS(tct)	tRNA-Ser	13798-13862:1
OR123440.1	tRNA	trnL2	tRNA-Leu	234-299:1
OR123440.1	CDS	ND1	NADH dehydrogenase subunit 1	299-1232:1
OR123440.1	tRNA	trnI	tRNA-Ile	1232-1297:1
OR123440.1	tRNA	trnK	tRNA-Lys	1297-1363:1
OR123440.1	CDS	ND3	NADH dehydrogenase subunit 3	1363-1717:1
OR123440.1	tRNA	trnS1	tRNA-Ser	1717-1785:1
OR123440.1	CDS	ND2	NADH dehydrogenase subunit 2	1785-2791:1
OR123440.1	CDS	COX1	cytochrome c oxidase subunit I	2791-4342:1
OR123440.1	tRNA	trnN	tRNA-Asn	4344-4414:1
OR123440.1	CDS	COX2	cytochrome c oxidase subunit II	4415-5108:1
OR123440.1	tRNA	trnD	tRNA-Asp	5125-5193:1
OR123440.1	CDS	ATP8	ATP synthase F0 subunit 8	5193-5349:1
OR123440.1	tRNA	trnY	tRNA-Tyr	5352-5417:1
OR123440.1	CDS	COX3	cytochrome c oxidase subunit III	5420-6200:1
OR123440.1	tRNA	trnQ	tRNA-Gln	6204-6274:1
OR123440.1	CDS	ND6	NADH dehydrogenase subunit 6	6275-6744:1
OR123440.1	CDS	CYTB	cytochrome b	6744-7884:1
OR123440.1	tRNA	trnW	tRNA-Trp	7886-7951:1
OR123440.1	CDS	ATP6	ATP synthase F0 subunit 6	7951-8650:1
OR123440.1	tRNA	trnR	tRNA-Arg	8651-8717:1
OR123440.1	tRNA	trnH	tRNA-His	8722-8784:1
OR123440.1	CDS	ND5	NADH dehydrogenase subunit 5	8784-10504:1
OR123440.1	tRNA	trnF	tRNA-Phe	10504-10571:1
OR123440.1	tRNA	trnE	tRNA-Glu	10571-10634:1
OR123440.1	tRNA	trnP	tRNA-Pro	10634-10697:1
OR123440.1	tRNA	trnT	tRNA-Thr	10699-10767:1
OR123440.1	CDS	ND4L	NADH dehydrogenase subunit 4L	10767-11064:1
OR123440.1	CDS	ND4	NADH dehydrogenase subunit 4	11057-12422:1
OR123440.1	tRNA	trnC	tRNA-Cys	12422-12484:1
OR123440.1	tRNA	trnG	tRNA-Gly	12487-12552:1
OR123440.1	tRNA	trnM	tRNA-Met	12560-12625:1
OR123440.1	rRNA	rrnS	12S ribosomal RNA	12663-13492:1
OR123440.1	tRNA	trnV	tRNA-Val	13497-13559:1
OR123440.1	rRNA	rrnL	16S ribosomal RNA	13559-14828:1
OR123440.1	tRNA	trnL1	tRNA-Leu	14868-14933:1
OR123440.1	tRNA	trnA	tRNA-Ala	14934-14997:1
OR123440.1	tRNA	trnS2	tRNA-Ser	14997-15064:1
OR123441.1	tRNA	trnR	tRNA-Arg	349-409:1
OR123441.1	tRNA	trnH	tRNA-His	411-473:1
OR123441.1	CDS	ND5	NADH dehydrogenase subunit 5	473-2184:1
OR123441.1	tRNA	trnF	tRNA-Phe	2184-2243:1
OR123441.1	tRNA	trnE	tRNA-Glu	2243-2309:1
OR123441.1	tRNA	trnP	tRNA-Pro	2309-2375:1
OR123441.1	tRNA	trnT	tRNA-Thr	2375-2438:1
OR123441.1	CDS	ND4L	NADH dehydrogenase subunit 4L	2438-2735:1
OR123441.1	CDS	ND4	NADH dehydrogenase subunit 4	2740-4084:1
OR123441.1	tRNA	trnC	tRNA-Cys	4086-4147:1
OR123441.1	tRNA	trnG	tRNA-Gly	4148-4211:1
OR123441.1	tRNA	trnM	tRNA-Met	4211-4274:1
OR123441.1	rRNA	rrnS	12S ribosomal RNA	4274-5048:1
OR123441.1	tRNA	trnV	tRNA-Val	5048-5110:1
OR123441.1	rRNA	rrnL	16S ribosomal RNA	5110-6346:1
OR123441.1	tRNA	trnL1	tRNA-Leu	6346-6409:1
OR123441.1	tRNA	trnA	tRNA-Ala	6409-6468:1
OR123441.1	tRNA	trnS2	tRNA-Ser	6468-6533:1
OR123441.1	tRNA	trnN	tRNA-Asn	6533-6597:1
OR123441.1	CDS	COX2	cytochrome c oxidase subunit II	6597-7302:1
OR123441.1	tRNA	trnD	tRNA-Asp	7303-7364:1
OR123441.1	CDS	ATP8	ATP synthase F0 subunit 8	7364-7518:1
OR123441.1	tRNA	trnY	tRNA-Tyr	7518-7578:1
OR123441.1	CDS	COX3	cytochrome c oxidase subunit III	7578-8356:1
OR123441.1	tRNA	trnQ	tRNA-Gln	8357-8423:1
OR123441.1	CDS	ND6	NADH dehydrogenase subunit 6	8423-8892:1
OR123441.1	CDS	CYTB	cytochrome b	8892-10041:1
OR123441.1	tRNA	trnW	tRNA-Trp	10041-10101:1
OR123441.1	CDS	ATP6	ATP synthase F0 subunit 6	10101-10800:1
OR123441.1	tRNA	trnL2	tRNA-Leu	10800-10861:1
OR123441.1	CDS	ND1	NADH dehydrogenase subunit 1	10861-11797:1
OR123441.1	tRNA	trnI	tRNA-Ile	11797-11860:1
OR123441.1	tRNA	trnK	tRNA-Lys	11860-11924:1
OR123441.1	CDS	ND3	NADH dehydrogenase subunit 3	11925-12276:1
OR123441.1	tRNA	trnS1	tRNA-Ser	12276-12337:1
OR123441.1	CDS	ND2	NADH dehydrogenase subunit 2	12337-13348:1
OR123441.1	CDS	COX1	cytochrome c oxidase subunit I	13350-14886:1
OR123444.1	CDS	COX2	cytochrome c oxidase subunit II	14789-15304:1,0-175:1
OR123444.1	tRNA	trnD	tRNA-Asp	180-250:1
OR123444.1	CDS	ATP8	ATP synthase F0 subunit 8	251-407:1
OR123444.1	tRNA	trnY	tRNA-Tyr	415-482:1
OR123444.1	CDS	COX3	cytochrome c oxidase subunit III	486-1266:1
OR123444.1	tRNA	trnQ	tRNA-Gln	1267-1336:1
OR123444.1	CDS	ND6	NADH dehydrogenase subunit 6	1337-1806:1
OR123444.1	CDS	CYTB	cytochrome b	1806-2949:1
OR123444.1	tRNA	trnW	tRNA-Trp	2949-3011:1
OR123444.1	CDS	ATP6	ATP synthase F0 subunit 6	3011-3710:1
OR123444.1	tRNA	trnR	tRNA-Arg	3710-3769:1
OR123444.1	tRNA	trnH	tRNA-His	3771-3834:1
OR123444.1	CDS	ND5	NADH dehydrogenase subunit 5	3834-5554:1
OR123444.1	tRNA	trnF	tRNA-Phe	5554-5620:1
OR123444.1	tRNA	trnE	tRNA-Glu	5625-5690:1
OR123444.1	tRNA	trnP	tRNA-Pro	5691-5756:1
OR123444.1	tRNA	trnT	tRNA-Thr	5760-5831:1
OR123444.1	CDS	ND4L	NADH dehydrogenase subunit 4L	5831-6128:1
OR123444.1	CDS	ND4	NADH dehydrogenase subunit 4	6121-7486:1
OR123444.1	tRNA	trnC	tRNA-Cys	7486-7548:1
OR123444.1	tRNA	trnG	tRNA-Gly	7557-7623:1
OR123444.1	tRNA	trnM	tRNA-Met	7631-7694:1
OR123444.1	rRNA	rrnS	12S ribosomal RNA	7726-8554:1
OR123444.1	tRNA	trnV	tRNA-Val	8554-8615:1
OR123444.1	rRNA	rrnL	16S ribosomal RNA	8615-9920:1
OR123444.1	tRNA	trnL1	tRNA-Leu	9920-9983:1
OR123444.1	tRNA	trnA	tRNA-Ala	9984-10047:1
OR123444.1	tRNA	trnS2	tRNA-Ser	10048-10115:1
OR123444.1	tRNA	trnL2	tRNA-Leu	10607-10669:1
OR123444.1	CDS	ND1	NADH dehydrogenase subunit 1	10669-11599:1
OR123444.1	tRNA	trnI	tRNA-Ile	11599-11664:1
OR123444.1	tRNA	trnK	tRNA-Lys	11668-11733:1
OR123444.1	CDS	ND3	NADH dehydrogenase subunit 3	11733-12087:1
OR123444.1	tRNA	trnS1	tRNA-Ser	12088-12159:1
OR123444.1	CDS	ND2	NADH dehydrogenase subunit 2	12159-13168:1
OR123444.1	CDS	COX1	cytochrome c oxidase subunit I	13168-14719:1
OR123444.1	tRNA	trnN	tRNA-Asn	14722-14788:1
OR123445.1	tRNA	trnV	tRNA-Val	121-184:1
OR123445.1	rRNA	rrnL	16S ribosomal RNA	184-1487:1
OR123445.1	tRNA	trnL1	tRNA-Leu	1487-1550:1
OR123445.1	tRNA	trnA	tRNA-Ala	1556-1625:1
OR123445.1	tRNA	trnS2	tRNA-Ser	1625-1692:1
OR123445.1	tRNA	trnL2	tRNA-Leu	2287-2352:1
OR123445.1	CDS	ND1	NADH dehydrogenase subunit 1	2352-3285:1
OR123445.1	tRNA	trnI	tRNA-Ile	3285-3351:1
OR123445.1	tRNA	trnK	tRNA-Lys	3351-3417:1
OR123445.1	CDS	ND3	NADH dehydrogenase subunit 3	3417-3771:1
OR123445.1	tRNA	trnS1	tRNA-Ser	3771-3838:1
OR123445.1	CDS	ND2	NADH dehydrogenase subunit 2	3838-4847:1
OR123445.1	CDS	COX1	cytochrome c oxidase subunit I	4847-6398:1
OR123445.1	tRNA	trnN	tRNA-Asn	6407-6472:1
OR123445.1	CDS	COX2	cytochrome c oxidase subunit II	6473-7160:1
OR123445.1	tRNA	trnD	tRNA-Asp	7169-7234:1
OR123445.1	CDS	ATP8	ATP synthase F0 subunit 8	7235-7391:1
OR123445.1	tRNA	trnY	tRNA-Tyr	7394-7461:1
OR123445.1	CDS	COX3	cytochrome c oxidase subunit III	7464-8244:1
OR123445.1	tRNA	trnQ	tRNA-Gln	8248-8317:1
OR123445.1	CDS	ND6	NADH dehydrogenase subunit 6	8318-8787:1
OR123445.1	CDS	CYTB	cytochrome b	8787-9927:1
OR123445.1	tRNA	trnW	tRNA-Trp	9927-9989:1
OR123445.1	CDS	ATP6	ATP synthase F0 subunit 6	9989-10688:1
OR123445.1	tRNA	trnR	tRNA-Arg	10688-10751:1
OR123445.1	tRNA	trnH	tRNA-His	10752-10815:1
OR123445.1	CDS	ND5	NADH dehydrogenase subunit 5	10815-12535:1
OR123445.1	tRNA	trnF	tRNA-Phe	12535-12600:1
OR123445.1	tRNA	trnE	tRNA-Glu	12600-12666:1
OR123445.1	tRNA	trnP	tRNA-Pro	12667-12730:1
OR123445.1	tRNA	trnT	tRNA-Thr	12732-12796:1
OR123445.1	CDS	ND4L	NADH dehydrogenase subunit 4L	12796-13093:1
OR123445.1	CDS	ND4	NADH dehydrogenase subunit 4	13086-14451:1
OR123445.1	tRNA	trnC	tRNA-Cys	14451-14513:1
OR123445.1	tRNA	trnG	tRNA-Gly	14513-14581:1
OR123445.1	tRNA	trnM	tRNA-Met	14581-14646:1
OR123445.1	rRNA	rrnS	12S ribosomal RNA	14670-15392:1
OR449961.1	tRNA		tRNA-Arg	721-781:-1
OR449961.1	tRNA		tRNA-Leu	781-845:-1
OR449961.1	tRNA		tRNA-Phe	845-906:-1
OR449961.1	tRNA		tRNA-Cys	906-967:-1
OR449961.1	tRNA		tRNA-Gly	967-1028:-1
OR449961.1	tRNA		tRNA-Trp	1029-1095:-1
OR449961.1	tRNA		tRNA-Ala	1098-1160:-1
OR449961.1	rRNA		12S ribosomal RNA	1180-1949:-1
OR449961.1	tRNA		tRNA-Met	1949-2009:-1
OR449961.1	tRNA		tRNA-Ser	2009-2069:-1
OR449961.1	CDS	ND4	NADH dehydrogenase subunit 4	2069-3407:-1
OR449961.1	CDS	ND4L	NADH dehydrogenase subunit 4L	3400-3688:-1
OR449961.1	tRNA		tRNA-Pro	3695-3761:-1
OR449961.1	tRNA		tRNA-Glu	3761-3821:-1
OR449961.1	CDS	ND5	NADH dehydrogenase subunit 5	3844-5542:-1
OR449961.1	tRNA		tRNA-His	5550-5612:-1
OR449961.1	CDS	ATP6	ATP synthase F0 subunit 6	5614-6229:-1
OR449961.1	CDS	ND6	NADH dehydrogenase subunit 6	6316-6760:-1
OR449961.1	tRNA		tRNA-Gln	6773-6842:-1
OR449961.1	CDS	COX3	cytochrome c oxidase subunit 3	6843-7623:-1
OR449961.1	CDS	ATP8	ATP synthase F0 subunit 8	7633-7789:-1
OR449961.1	tRNA		tRNA-Asp	7789-7848:-1
OR449961.1	CDS	COX2	cytochrome c oxidase subunit 2	7848-8529:-1
OR449961.1	tRNA		tRNA-Asn	8532-8592:-1
OR449961.1	CDS	COX1	cytochrome c oxidase subunit 1	8598-10128:-1
OR449961.1	CDS	ND2	NADH dehydrogenase subunit 2	10114-11110:-1
OR449961.1	tRNA		tRNA-Ser	11117-11174:-1
OR449961.1	CDS	ND3	NADH dehydrogenase subunit 3	11174-11522:-1
OR449961.1	tRNA		tRNA-Ile	11522-11584:-1
OR449961.1	tRNA		tRNA-Lys	11584-11638:-1
OR449961.1	CDS	ND1	NADH dehydrogenase subunit 1	11638-12577:-1
OR449961.1	tRNA		tRNA-Tyr	12577-12664:-1
OR449961.1	tRNA		tRNA-Thr	12642-12707:-1
OR449961.1	tRNA		tRNA-Val	12707-12771:-1
OR449961.1	CDS	CYTB	cytochrome b	12771-13932:-1
OR449961.1	rRNA		16S ribosomal RNA	13966-14990:-1
OR449961.1	tRNA		tRNA-Leu	14990-15056:-1
OR496151.1	CDS	COX1	cytochrome c oxidase subunit I	0-1540:1
OR496151.1	tRNA		tRNA-Asn	1540-1601:1
OR496151.1	CDS	COX2	cytochrome c oxidase subunit II	1602-2289:1
OR496151.1	tRNA		tRNA-Asp	2287-2349:1
OR496151.1	CDS	ATP8	ATP synthase F0 subunit 8	2349-2509:1
OR496151.1	tRNA		tRNA-Tyr	2509-2574:1
OR496151.1	tRNA		tRNA-Gly	2573-2640:1
OR496151.1	CDS	COX3	cytochrome c oxidase subunit III	2639-3418:1
OR496151.1	tRNA		tRNA-Gln	3418-3487:1
OR496151.1	CDS	ND6	NADH dehydrogenase subunit 6	3487-3955:1
OR496151.1	CDS	CYTB	cytochrome b	3956-5096:1
OR496151.1	tRNA		tRNA-Trp	5094-5157:1
OR496151.1	CDS	ATP6	ATP synthase F0 subunit 6	5159-5855:1
OR496151.1	tRNA		tRNA-Arg	5856-5917:1
OR496151.1	tRNA		tRNA-His	6438-6501:1
OR496151.1	CDS	ND5	NADH dehydrogenase subunit 5	6503-8225:1
OR496151.1	tRNA		tRNA-Phe	8226-8288:1
OR496151.1	tRNA		tRNA-Glu	8289-8352:1
OR496151.1	tRNA		tRNA-Pro	8350-8414:1
OR496151.1	tRNA		tRNA-Thr	8414-8479:1
OR496151.1	CDS	ND4L	NADH dehydrogenase subunit 4L	8479-8776:1
OR496151.1	CDS	ND4	NADH dehydrogenase subunit 4	8769-10128:1
OR496151.1	tRNA		tRNA-Cys	10127-10192:1
OR496151.1	tRNA		tRNA-Met	10193-10256:1
OR496151.1	rRNA		12S ribosomal RNA	10256-11044:1
OR496151.1	tRNA		tRNA-Val	11044-11107:1
OR496151.1	rRNA		16S ribosomal RNA	11110-12367:1
OR496151.1	tRNA		tRNA-Leu	12368-12431:1
OR496151.1	tRNA		tRNA-Ala	12433-12495:1
OR496151.1	tRNA		tRNA-Ser	12495-12559:1
OR496151.1	tRNA		tRNA-Leu	12559-12622:1
OR496151.1	CDS	ND1	NADH dehydrogenase subunit 1	12622-13544:1
OR496151.1	tRNA		tRNA-Ile	13544-13609:1
OR496151.1	tRNA		tRNA-Lys	13611-13676:1
OR496151.1	CDS	ND3	NADH dehydrogenase subunit 3	13675-14029:1
OR496151.1	tRNA		tRNA-Ser	14027-14092:1
OR496151.1	CDS	ND2	NADH dehydrogenase subunit 2	14093-15099:1
OR601003.1	CDS	cox1	cytochrome c oxidase subunit 1	0-1560:1
OR601003.1	tRNA	trnD(GTC)	tRNA-Asp	1567-1631:1
OR601003.1	CDS	cox2	cytochrome c oxidase subunit 2	1659-2350:1
OR601003.1	tRNA	trnL(TAG)	tRNA-Leu	2350-2411:1
OR601003.1	tRNA	trnN(GTT)	tRNA-Asn	2413-2479:1
OR601003.1	tRNA	trnY(GTA)	tRNA-Tyr	2480-2544:1
OR601003.1	tRNA	trnE(TTC)	tRNA-Glu	2543-2605:1
OR601003.1	tRNA	trnG(TCC)	tRNA-Gly	2602-2666:1
OR601003.1	CDS	atp8	ATP synthase F0 subunit 8	2705-2867:1
OR601003.1	tRNA	trnQ(TTG)	tRNA-Gln	2870-2937:1
OR601003.1	CDS	cox3	cytochrome c oxidase subunit 3	2956-3805:1
OR601003.1	CDS	nad6	NADH dehydrogenase subunit 6	3808-4282:1
OR601003.1	CDS	cob	cytochrome b	4283-5419:1
OR601003.1	tRNA	trnP(TGG)	tRNA-Pro	5419-5483:1
OR601003.1	tRNA	trnS(TGA)	tRNA-Ser	6149-6212:1
OR601003.1	CDS	atp8	ATP synthase F0 subunit 8	6301-6463:1
OR601003.1	tRNA	trnC(GCA)	tRNA-Cys	6474-6535:1
OR601003.1	tRNA	trnM(CAT)	tRNA-Met	6542-6605:1
OR601003.1	tRNA	trnM(CAT)	tRNA-Met	6609-6672:1
OR601003.1	rRNA	rrn12	12S ribosomal RNA	6672-7523:1
OR601003.1	rRNA	rrn16	16S ribosomal RNA	7523-8754:1
OR601003.1	tRNA	trnI(GAT)	tRNA-Ile	8754-8817:1
OR601003.1	tRNA	trnK(TTT)	tRNA-Lys	8818-8881:1
OR601003.1	CDS	nad3	NADH dehydrogenase subunit 3	8881-9245:1
OR601003.1	tRNA	trnF(GAA)	tRNA-Phe	9245-9308:1
OR601003.1	tRNA	trnT(TGT)	tRNA-Thr	9308-9369:1
OR601003.1	CDS	nad4l	NADH dehydrogenase subunit 4L	9371-9656:1
OR601003.1	CDS	nad4	NADH dehydrogenase subunit 4	9649-11000:1
OR601003.1	tRNA	trnL(TAA)	tRNA-Leu	11000-11064:1
OR601003.1	CDS	nad1	NADH dehydrogenase subunit 1	11066-11978:1
OR601003.1	tRNA	trnW(TCA)	tRNA-Trp	11976-12038:1
OR601003.1	CDS	atp6	ATP synthase F0 subunit 6	12038-12732:1
OR601003.1	tRNA	trnR(TCG)	tRNA-Arg	12732-12796:1
OR601003.1	tRNA	trnH(GTG)	tRNA-His	12796-12858:1
OR601003.1	CDS	nad5	NADH dehydrogenase subunit 5	12858-14574:1
OR601003.1	tRNA	trnS(TCT)	tRNA-Ser	14572-14640:1
OR601003.1	tRNA	trnV(TAC)	tRNA-Val	14646-14707:1
OR601003.1	tRNA	trnA(TGC)	tRNA-Ala	15473-15535:1
OR601003.1	CDS	nad2	NADH dehydrogenase subunit 2	15537-16498:1
OR854549.1	CDS	cox1	cytochrome c oxidase subunit 1	0-1572:1
OR854549.1	tRNA	trnN-aac	tRNA-Asn	1577-1641:1
OR854549.1	CDS	cox2	cytochrome c oxidase subunit 2	1641-2328:1
OR854549.1	CDS	atp8	ATP synthase F0 subunit 8	2387-2549:1
OR854549.1	tRNA	trnG-gga	tRNA-Gly	2566-2629:1
OR854549.1	tRNA	trnY-tac	tRNA-Tyr	2631-2696:1
OR854549.1	CDS	cox3	cytochrome c oxidase subunit 3	2702-3527:1
OR854549.1	CDS	cob	cytochrome b	3550-4702:1
OR854549.1	tRNA	trnW-tga	tRNA-Trp	4700-4762:1
OR854549.1	CDS	atp6	ATP synthase F0 subunit 6	4762-5449:1
OR854549.1	tRNA	trnH-cac	tRNA-His	5448-5512:1
OR854549.1	CDS	nad5	NADH dehydrogenase subunit 5	5512-7211:1
OR854549.1	tRNA	trnF-ttc	tRNA-Phe	7211-7273:1
OR854549.1	tRNA	trnE-gaa	tRNA-Glu	7273-7340:1
OR854549.1	tRNA	trnP-cca	tRNA-Pro	7340-7404:1
OR854549.1	tRNA	trnT-aca	tRNA-Thr	7406-7474:1
OR854549.1	CDS	nad4l	NADH dehydrogenase subunit 4L	7475-7772:1
OR854549.1	CDS	nad4	NADH dehydrogenase subunit 4	7765-9085:1
OR854549.1	tRNA	trnD-gac	tRNA-Asp	9083-9146:1
OR854549.1	tRNA	trnM-atg	tRNA-Met	9148-9210:1
OR854549.1	tRNA	trnM-atg	tRNA-Met	9211-9275:1
OR854549.1	rRNA	rrnS	12S ribosomal RNA	9273-10132:1
OR854549.1	tRNA	trnV-gta	tRNA-Val	10127-10189:1
OR854549.1	rRNA	rrnL	16S ribosomal RNA	10242-11503:1
OR854549.1	tRNA	trnA-gca	tRNA-Ala	11492-11553:1
OR854549.1	tRNA	trnS1-aga	tRNA-Ser	11553-11615:1
OR854549.1	tRNA	trnC-tgc	tRNA-Cys	11615-11676:1
OR854549.1	tRNA	trnS2-tca	tRNA-Ser	11679-11746:1
OR854549.1	tRNA	trnI-atc	tRNA-Ile	11749-11813:1
OR854549.1	tRNA	trnL1-cta	tRNA-Leu	11813-11875:1
OR854549.1	tRNA	trnL2-tta	tRNA-Leu	12403-12465:1
OR854549.1	CDS	nad1	NADH dehydrogenase subunit 1	12466-13390:1
OR854549.1	tRNA	trnK-aaa	tRNA-Lys	13391-13453:1
OR854549.1	CDS	nad3	NADH dehydrogenase subunit 3	13454-13808:1
OR854549.1	CDS	nad2	NADH dehydrogenase subunit 2	13839-14871:1
OR854549.1	CDS	nad6	NADH dehydrogenase subunit 6	14893-15382:1
OR854549.1	tRNA	trnR-cga	tRNA-Arg	15383-15445:1
OR854549.1	tRNA	trnQ-caa	tRNA-Gln	15445-15513:1
OR935903.1	CDS	ND2	NADH dehydrogenase subunit 2	0-966:1
OR935903.1	CDS	COX1	cytochrome oxidase subunit I	974-2511:1
OR935903.1	tRNA		tRNA-Asn	2511-2576:1
OR935903.1	CDS	COX2	cytochrome oxidase subunit II	2577-3267:1
OR935903.1	tRNA		tRNA-Asp	3265-3331:1
OR935903.1	CDS	ATP8	ATP synthase F0 subunit 8	3332-3494:1
OR935903.1	tRNA		tRNA-Tyr	3503-3566:1
OR935903.1	tRNA		tRNA-Gly	3566-3632:1
OR935903.1	CDS	COX3	cytochrome oxidase subunit III	3721-4498:1
OR935903.1	tRNA		tRNA-Gln	4511-4578:1
OR935903.1	CDS	ND6	NADH dehydrogenase subunit 6	4578-5051:1
OR935903.1	CDS	cob	cytochrome b	5050-6193:1
OR935903.1	tRNA		tRNA-Trp	6191-6258:1
OR935903.1	CDS	atp6	ATP synthase F0 subunit 6	6258-6935:1
OR935903.1	tRNA		tRNA-Ala	6989-7054:1
OR935903.1	tRNA		tRNA-Arg	7063-7128:1
OR935903.1	tRNA		tRNA-Cys	7131-7195:1
OR935903.1	tRNA		tRNA-Ser	7196-7264:1
OR935903.1	tRNA		tRNA-His	8559-8623:1
OR935903.1	CDS	nad5	NADH dehydrogenase subunit 5	8624-10343:1
OR935903.1	tRNA		tRNA-Phe	10343-10407:1
OR935903.1	tRNA		tRNA-Glu	10404-10471:1
OR935903.1	tRNA		tRNA-Pro	10472-10538:1
OR935903.1	tRNA		tRNA-Thr	10539-10604:1
OR935903.1	CDS	nad4L	NADH dehydrogenase subunit 4L	10604-10901:1
OR935903.1	CDS	nad4	NADH dehydrogenase subunit 4	10894-12253:1
OR935903.1	tRNA		tRNA-Met	12322-12388:1
OR935903.1	rRNA	rrnS	12S ribosomal RNA	12386-13232:1
OR935903.1	tRNA		tRNA-Val	13231-13296:1
OR935903.1	rRNA	rrnL	16S ribosomal RNA	13296-14572:1
OR935903.1	tRNA		tRNA-Leu	14572-14637:1
OR935903.1	tRNA		tRNA-Leu	14639-14704:1
OR935903.1	CDS	nad1	NADH dehydrogenase subunit 1	14705-15636:1
OR935903.1	tRNA		tRNA-Ile	15636-15702:1
OR935903.1	tRNA		tRNA-Lys	15704-15768:1
OR935903.1	CDS	nad3	NADH dehydrogenase subunit 3	15768-16122:1
OR935903.1	tRNA		tRNA-Ser	16120-16189:1
OR935908.1	CDS	ND2	NADH dehydrogenase subunit 2	0-963:1
OR935908.1	CDS	COX1	cytochrome oxidase subunit I	964-2501:1
OR935908.1	tRNA		tRNA-Asn	2501-2570:1
OR935908.1	CDS	COX2	cytochrome oxidase subunit II	2571-3264:1
OR935908.1	tRNA		tRNA-Asp	3263-3328:1
OR935908.1	CDS	ATP8	ATP synthase F0 subunit 8	3329-3487:1
OR935908.1	tRNA		tRNA-Tyr	3487-3552:1
OR935908.1	tRNA		tRNA-Gly	3554-3618:1
OR935908.1	CDS	COX3	cytochrome oxidase subunit III	3620-4400:1
OR935908.1	tRNA		tRNA-Gln	4405-4475:1
OR935908.1	CDS	ND6	NADH dehydrogenase subunit 6	4475-4946:1
OR935908.1	CDS	cob	cytochrome b	4952-6092:1
OR935908.1	tRNA		tRNA-Trp	6090-6156:1
OR935908.1	CDS	atp6	ATP synthase F0 subunit 6	6159-6833:1
OR935908.1	tRNA		tRNA-Ala	6863-6928:1
OR935908.1	tRNA		tRNA-Arg	6930-6996:1
OR935908.1	tRNA		tRNA-Ser	8567-8633:1
OR935908.1	tRNA		tRNA-His	8638-8700:1
OR935908.1	CDS	nad5	NADH dehydrogenase subunit 5	8701-10421:1
OR935908.1	tRNA		tRNA-Phe	10421-10486:1
OR935908.1	tRNA		tRNA-Glu	10483-10548:1
OR935908.1	tRNA		tRNA-Pro	10551-10614:1
OR935908.1	tRNA		tRNA-Thr	10621-10688:1
OR935908.1	CDS	nad4L	NADH dehydrogenase subunit 4L	10688-10982:1
OR935908.1	CDS	nad4	NADH dehydrogenase subunit 4	10975-12335:1
OR935908.1	tRNA		tRNA-Cys	12335-12398:1
OR935908.1	tRNA		tRNA-Met	12402-12466:1
OR935908.1	rRNA	rrnS	12S ribosomal RNA	12464-13309:1
OR935908.1	tRNA		tRNA-Val	13308-13378:1
OR935908.1	rRNA	rrnL	16S ribosomal RNA	13378-14656:1
OR935908.1	tRNA		tRNA-Leu	14656-14719:1
OR935908.1	tRNA		tRNA-Leu	14719-14782:1
OR935908.1	CDS	nad1	NADH dehydrogenase subunit 1	14782-15710:1
OR935908.1	tRNA		tRNA-Ile	15710-15775:1
OR935908.1	tRNA		tRNA-Lys	15775-15839:1
OR935908.1	CDS	nad3	NADH dehydrogenase subunit 3	15839-16193:1
OR935908.1	tRNA		tRNA-Ser	16191-16260:1
OR935915.1	CDS	ND2	NADH dehydrogenase subunit 2	0-963:1
OR935915.1	CDS	COX1	cytochrome oxidase subunit I	964-2501:1
OR935915.1	tRNA		tRNA-Asn	2501-2567:1
OR935915.1	CDS	COX2	cytochrome oxidase subunit II	2568-3261:1
OR935915.1	tRNA		tRNA-Asp	3260-3326:1
OR935915.1	CDS	ATP8	ATP synthase F0 subunit 8	3327-3485:1
OR935915.1	tRNA		tRNA-Tyr	3485-3552:1
OR935915.1	tRNA		tRNA-Gly	3552-3617:1
OR935915.1	CDS	COX3	cytochrome oxidase subunit III	3619-4399:1
OR935915.1	tRNA		tRNA-Gln	4405-4474:1
OR935915.1	CDS	ND6	NADH dehydrogenase subunit 6	4474-4945:1
OR935915.1	CDS	cob	cytochrome b	4948-6088:1
OR935915.1	tRNA		tRNA-Trp	6086-6155:1
OR935915.1	CDS	atp6	ATP synthase F0 subunit 6	6158-6832:1
OR935915.1	tRNA		tRNA-Ala	6863-6927:1
OR935915.1	tRNA		tRNA-Arg	6937-7003:1
OR935915.1	tRNA		tRNA-Ser	7718-7785:1
OR935915.1	tRNA		tRNA-His	7787-7850:1
OR935915.1	CDS	nad5	NADH dehydrogenase subunit 5	7851-9571:1
OR935915.1	tRNA		tRNA-Phe	9571-9636:1
OR935915.1	tRNA		tRNA-Glu	9633-9698:1
OR935915.1	tRNA		tRNA-Pro	9702-9766:1
OR935915.1	tRNA		tRNA-Thr	9769-9836:1
OR935915.1	CDS	nad4L	NADH dehydrogenase subunit 4L	9836-10130:1
OR935915.1	CDS	nad4	NADH dehydrogenase subunit 4	10123-11483:1
OR935915.1	tRNA		tRNA-Cys	11483-11546:1
OR935915.1	tRNA		tRNA-Met	11625-11689:1
OR935915.1	rRNA	rrnS	12S ribosomal RNA	11687-12540:1
OR935915.1	tRNA		tRNA-Val	12539-12604:1
OR935915.1	rRNA	rrnL	16S ribosomal RNA	12604-13872:1
OR935915.1	tRNA		tRNA-Leu	13872-13935:1
OR935915.1	tRNA		tRNA-Leu	13935-14001:1
OR935915.1	CDS	nad1	NADH dehydrogenase subunit 1	14001-14929:1
OR935915.1	tRNA		tRNA-Ile	14929-14994:1
OR935915.1	tRNA		tRNA-Lys	14994-15058:1
OR935915.1	CDS	nad3	NADH dehydrogenase subunit 3	15058-15412:1
OR935915.1	tRNA		tRNA-Ser	15410-15479:1
OR935916.1	CDS	ND2	NADH dehydrogenase subunit 2	0-959:1
OR935916.1	CDS	COX1	cytochrome oxidase subunit I	958-2495:1
OR935916.1	tRNA		tRNA-Asn	2495-2563:1
OR935916.1	CDS	COX2	cytochrome oxidase subunit II	2564-3260:1
OR935916.1	tRNA		tRNA-Asp	3258-3325:1
OR935916.1	CDS	ATP8	ATP synthase F0 subunit 8	3326-3485:1
OR935916.1	tRNA		tRNA-Tyr	3485-3551:1
OR935916.1	tRNA		tRNA-Gly	3551-3617:1
OR935916.1	CDS	COX3	cytochrome oxidase subunit III	3617-4397:1
OR935916.1	tRNA		tRNA-Gln	4400-4470:1
OR935916.1	CDS	ND6	NADH dehydrogenase subunit 6	4470-4935:1
OR935916.1	CDS	cob	cytochrome b	4936-6076:1
OR935916.1	tRNA		tRNA-Trp	6075-6141:1
OR935916.1	CDS	atp6	ATP synthase F0 subunit 6	6144-6843:1
OR935916.1	tRNA		tRNA-Arg	6891-6954:1
OR935916.1	tRNA		tRNA-Ala	6991-7055:1
OR935916.1	tRNA		tRNA-Ser	7102-7167:1
OR935916.1	tRNA		tRNA-His	8953-9020:1
OR935916.1	CDS	nad5	NADH dehydrogenase subunit 5	9021-10741:1
OR935916.1	tRNA		tRNA-Phe	10741-10806:1
OR935916.1	tRNA		tRNA-Glu	10803-10867:1
OR935916.1	tRNA		tRNA-Pro	10868-10932:1
OR935916.1	tRNA		tRNA-Thr	10933-11000:1
OR935916.1	CDS	nad4L	NADH dehydrogenase subunit 4L	11000-11294:1
OR935916.1	CDS	nad4	NADH dehydrogenase subunit 4	11287-12646:1
OR935916.1	tRNA		tRNA-Cys	12644-12707:1
OR935916.1	tRNA		tRNA-Met	12719-12785:1
OR935916.1	rRNA	rrnS	12S ribosomal RNA	12786-13653:1
OR935916.1	tRNA		tRNA-Val	13652-13718:1
OR935916.1	rRNA	rrnL	16S ribosomal RNA	13718-14985:1
OR935916.1	tRNA		tRNA-Leu	14985-15048:1
OR935916.1	tRNA		tRNA-Leu	15048-15116:1
OR935916.1	CDS	nad1	NADH dehydrogenase subunit 1	15116-16047:1
OR935916.1	tRNA		tRNA-Ile	16047-16112:1
OR935916.1	tRNA		tRNA-Lys	16112-16177:1
OR935916.1	CDS	nad3	NADH dehydrogenase subunit 3	16177-16531:1
OR935916.1	tRNA		tRNA-Ser	16529-16598:1
OR935917.1	CDS	ND2	NADH dehydrogenase subunit 2	0-960:1
OR935917.1	CDS	COX1	cytochrome oxidase subunit I	961-2498:1
OR935917.1	tRNA		tRNA-Asn	2498-2562:1
OR935917.1	CDS	COX2	cytochrome oxidase subunit II	2563-3256:1
OR935917.1	tRNA		tRNA-Asp	3254-3320:1
OR935917.1	CDS	ATP8	ATP synthase F0 subunit 8	3321-3479:1
OR935917.1	tRNA		tRNA-Tyr	3479-3544:1
OR935917.1	tRNA		tRNA-Gly	3544-3609:1
OR935917.1	CDS	COX3	cytochrome oxidase subunit III	3611-4391:1
OR935917.1	tRNA		tRNA-Gln	4395-4464:1
OR935917.1	CDS	ND6	NADH dehydrogenase subunit 6	4464-4935:1
OR935917.1	CDS	cob	cytochrome b	4938-6078:1
OR935917.1	tRNA		tRNA-Trp	6076-6141:1
OR935917.1	CDS	atp6	ATP synthase F0 subunit 6	6144-6818:1
OR935917.1	tRNA		tRNA-Ala	6849-6914:1
OR935917.1	tRNA		tRNA-Arg	6916-6982:1
OR935917.1	tRNA		tRNA-Ser	7320-7387:1
OR935917.1	tRNA		tRNA-His	7388-7452:1
OR935917.1	CDS	nad5	NADH dehydrogenase subunit 5	7453-9173:1
OR935917.1	tRNA		tRNA-Phe	9173-9238:1
OR935917.1	tRNA		tRNA-Glu	9235-9300:1
OR935917.1	tRNA		tRNA-Pro	9301-9366:1
OR935917.1	tRNA		tRNA-Thr	9369-9437:1
OR935917.1	CDS	nad4L	NADH dehydrogenase subunit 4L	9437-9731:1
OR935917.1	CDS	nad4	NADH dehydrogenase subunit 4	9724-11084:1
OR935917.1	tRNA		tRNA-Cys	11084-11147:1
OR935917.1	tRNA		tRNA-Met	11150-11214:1
OR935917.1	rRNA	rrnS	12S ribosomal RNA	11212-12059:1
OR935917.1	tRNA		tRNA-Val	12058-12123:1
OR935917.1	rRNA	rrnL	16S ribosomal RNA	12123-13400:1
OR935917.1	tRNA		tRNA-Leu	13400-13463:1
OR935917.1	tRNA		tRNA-Leu	13463-13527:1
OR935917.1	CDS	nad1	NADH dehydrogenase subunit 1	13527-14457:1
OR935917.1	tRNA		tRNA-Ile	14455-14520:1
OR935917.1	tRNA		tRNA-Lys	14520-14587:1
OR935917.1	CDS	nad3	NADH dehydrogenase subunit 3	14587-14941:1
OR935917.1	tRNA		tRNA-Ser	14939-15007:1
OR935919.1	CDS	ND2	NADH dehydrogenase subunit 2	0-966:1
OR935919.1	CDS	COX1	cytochrome oxidase subunit I	969-2512:1
OR935919.1	tRNA		tRNA-Asn	2512-2578:1
OR935919.1	CDS	COX2	cytochrome oxidase subunit II	2579-3272:1
OR935919.1	tRNA		tRNA-Asp	3270-3335:1
OR935919.1	CDS	ATP8	ATP synthase F0 subunit 8	3336-3498:1
OR935919.1	tRNA		tRNA-Tyr	3499-3562:1
OR935919.1	tRNA		tRNA-Gly	3562-3628:1
OR935919.1	CDS	COX3	cytochrome oxidase subunit III	3762-4539:1
OR935919.1	tRNA		tRNA-Gln	4545-4612:1
OR935919.1	CDS	ND6	NADH dehydrogenase subunit 6	4612-5083:1
OR935919.1	CDS	cob	cytochrome b	5084-6224:1
OR935919.1	tRNA		tRNA-Trp	6222-6290:1
OR935919.1	CDS	atp6	ATP synthase F0 subunit 6	6290-6967:1
OR935919.1	tRNA		tRNA-Ala	7021-7088:1
OR935919.1	tRNA		tRNA-Cys	7114-7178:1
OR935919.1	tRNA		tRNA-Ser	7178-7245:1
OR935919.1	tRNA		tRNA-Arg	7314-7380:1
OR935919.1	tRNA		tRNA-His	8554-8618:1
OR935919.1	CDS	nad5	NADH dehydrogenase subunit 5	8619-10339:1
OR935919.1	tRNA		tRNA-Phe	10339-10406:1
OR935919.1	tRNA		tRNA-Glu	10403-10471:1
OR935919.1	tRNA		tRNA-Pro	10475-10542:1
OR935919.1	tRNA		tRNA-Thr	10546-10613:1
OR935919.1	CDS	nad4L	NADH dehydrogenase subunit 4L	10614-10905:1
OR935919.1	CDS	nad4	NADH dehydrogenase subunit 4	10898-12257:1
OR935919.1	tRNA		tRNA-Met	12320-12385:1
OR935919.1	rRNA	rrnS	12S ribosomal RNA	12383-13220:1
OR935919.1	tRNA		tRNA-Val	13219-13284:1
OR935919.1	rRNA	rrnL	16S ribosomal RNA	13284-14544:1
OR935919.1	tRNA		tRNA-Leu	14544-14609:1
OR935919.1	tRNA		tRNA-Leu	14615-14680:1
OR935919.1	CDS	nad1	NADH dehydrogenase subunit 1	14680-15599:1
OR935919.1	tRNA		tRNA-Ile	15599-15666:1
OR935919.1	tRNA		tRNA-Lys	15666-15731:1
OR935919.1	CDS	nad3	NADH dehydrogenase subunit 3	15732-16086:1
OR935919.1	tRNA		tRNA-Ser	16084-16153:1
OR935920.1	CDS	ND2	NADH dehydrogenase subunit 2	0-969:1
OR935920.1	CDS	COX1	cytochrome oxidase subunit I	970-2505:1
OR935920.1	tRNA		tRNA-Asn	2505-2569:1
OR935920.1	CDS	COX2	cytochrome oxidase subunit II	2570-3275:1
OR935920.1	tRNA		tRNA-Asp	3273-3339:1
OR935920.1	CDS	ATP8	ATP synthase F0 subunit 8	4914-5076:1
OR935920.1	tRNA		tRNA-Tyr	5078-5144:1
OR935920.1	tRNA		tRNA-Gly	5144-5209:1
OR935920.1	CDS	COX3	cytochrome oxidase subunit III	5307-6087:1
OR935920.1	tRNA		tRNA-Gln	6087-6154:1
OR935920.1	CDS	ND6	NADH dehydrogenase subunit 6	6154-6628:1
OR935920.1	CDS	cob	cytochrome b	6629-7769:1
OR935920.1	tRNA		tRNA-Trp	7767-7835:1
OR935920.1	CDS	atp6	ATP synthase F0 subunit 6	7835-8512:1
OR935920.1	tRNA		tRNA-Ala	8578-8643:1
OR935920.1	tRNA		tRNA-Arg	8645-8709:1
OR935920.1	tRNA		tRNA-Cys	8715-8779:1
OR935920.1	tRNA		tRNA-Ser	8779-8847:1
OR935920.1	tRNA		tRNA-His	8849-8912:1
OR935920.1	CDS	nad5	NADH dehydrogenase subunit 5	8913-10633:1
OR935920.1	tRNA		tRNA-Phe	10633-10697:1
OR935920.1	tRNA		tRNA-Glu	10694-10761:1
OR935920.1	tRNA		tRNA-Pro	10760-10825:1
OR935920.1	tRNA		tRNA-Thr	10828-10894:1
OR935920.1	CDS	nad4L	NADH dehydrogenase subunit 4L	10894-11191:1
OR935920.1	CDS	nad4	NADH dehydrogenase subunit 4	11184-12540:1
OR935920.1	tRNA		tRNA-Met	12538-12604:1
OR935920.1	rRNA	rrnS	12S ribosomal RNA	12602-13435:1
OR935920.1	tRNA		tRNA-Val	13434-13499:1
OR935920.1	rRNA	rrnL	16S ribosomal RNA	13499-14743:1
OR935920.1	tRNA		tRNA-Leu	14743-14808:1
OR935920.1	tRNA		tRNA-Leu	14811-14875:1
OR935920.1	CDS	nad1	NADH dehydrogenase subunit 1	14875-15805:1
OR935920.1	tRNA		tRNA-Ile	15806-15871:1
OR935920.1	tRNA		tRNA-Lys	15872-15936:1
OR935920.1	CDS	nad3	NADH dehydrogenase subunit 3	15936-16290:1
OR935920.1	tRNA		tRNA-Ser	16289-16358:1
OR935922.1	CDS	ND2	NADH dehydrogenase subunit 2	0-963:1
OR935922.1	CDS	COX1	cytochrome oxidase subunit I	980-2517:1
OR935922.1	tRNA		tRNA-Asn	2517-2583:1
OR935922.1	CDS	COX2	cytochrome oxidase subunit II	2584-3277:1
OR935922.1	tRNA		tRNA-Asp	3275-3342:1
OR935922.1	CDS	ATP8	ATP synthase F0 subunit 8	3343-3505:1
OR935922.1	tRNA		tRNA-Tyr	3508-3569:1
OR935922.1	tRNA		tRNA-Gly	3569-3636:1
OR935922.1	CDS	COX3	cytochrome oxidase subunit III	3725-4517:1
OR935922.1	tRNA		tRNA-Gln	4524-4594:1
OR935922.1	CDS	ND6	NADH dehydrogenase subunit 6	4594-5067:1
OR935922.1	CDS	cob	cytochrome b	5066-6206:1
OR935922.1	tRNA		tRNA-Trp	6204-6271:1
OR935922.1	CDS	atp6	ATP synthase F0 subunit 6	6271-6948:1
OR935922.1	tRNA		tRNA-Cys	7002-7065:1
OR935922.1	tRNA		tRNA-His	7066-7132:1
OR935922.1	tRNA		tRNA-Ser	8274-8342:1
OR935922.1	tRNA		tRNA-Ala	8821-8886:1
OR935922.1	tRNA		tRNA-Arg	8886-8952:1
OR935922.1	CDS	nad5	NADH dehydrogenase subunit 5	9116-10836:1
OR935922.1	tRNA		tRNA-Phe	10836-10906:1
OR935922.1	tRNA		tRNA-Glu	10903-10971:1
OR935922.1	tRNA		tRNA-Pro	10970-11036:1
OR935922.1	tRNA		tRNA-Thr	11040-11110:1
OR935922.1	CDS	nad4L	NADH dehydrogenase subunit 4L	11110-11404:1
OR935922.1	CDS	nad4	NADH dehydrogenase subunit 4	11397-12756:1
OR935922.1	tRNA		tRNA-Met	12816-12883:1
OR935922.1	rRNA	rrnS	12S ribosomal RNA	12883-13712:1
OR935922.1	tRNA		tRNA-Val	13711-13775:1
OR935922.1	rRNA	rrnL	16S ribosomal RNA	13775-15022:1
OR935922.1	tRNA		tRNA-Leu	15022-15085:1
OR935922.1	tRNA		tRNA-Leu	15085-15150:1
OR935922.1	CDS	nad1	NADH dehydrogenase subunit 1	15151-16084:1
OR935922.1	tRNA		tRNA-Ile	16083-16150:1
OR935922.1	tRNA		tRNA-Lys	16155-16219:1
OR935922.1	CDS	nad3	NADH dehydrogenase subunit 3	16220-16574:1
OR935922.1	tRNA		tRNA-Ser	16572-16641:1
OR935928.1	CDS	ND2	NADH dehydrogenase subunit 2	0-963:1
OR935928.1	CDS	COX1	cytochrome oxidase subunit I	969-2505:1
OR935928.1	tRNA		tRNA-Asn	2509-2573:1
OR935928.1	CDS	COX2	cytochrome oxidase subunit II	2574-3261:1
OR935928.1	tRNA		tRNA-Asp	3259-3325:1
OR935928.1	CDS	ATP8	ATP synthase F0 subunit 8	3326-3485:1
OR935928.1	tRNA		tRNA-Tyr	3505-3570:1
OR935928.1	tRNA		tRNA-Gly	3570-3635:1
OR935928.1	CDS	COX3	cytochrome oxidase subunit III	3637-4417:1
OR935928.1	tRNA		tRNA-Gln	4423-4492:1
OR935928.1	CDS	ND6	NADH dehydrogenase subunit 6	4492-4963:1
OR935928.1	CDS	cob	cytochrome b	4966-6106:1
OR935928.1	tRNA		tRNA-Trp	6104-6172:1
OR935928.1	CDS	atp6	ATP synthase F0 subunit 6	6172-6846:1
OR935928.1	tRNA		tRNA-Ala	6900-6967:1
OR935928.1	tRNA		tRNA-Arg	6967-7032:1
OR935928.1	tRNA		tRNA-Ser	7035-7102:1
OR935928.1	tRNA		tRNA-His	8200-8263:1
OR935928.1	CDS	nad5	NADH dehydrogenase subunit 5	8264-9984:1
OR935928.1	tRNA		tRNA-Phe	9984-10051:1
OR935928.1	tRNA		tRNA-Glu	10055-10123:1
OR935928.1	tRNA		tRNA-Pro	10124-10188:1
OR935928.1	tRNA		tRNA-Thr	10187-10251:1
OR935928.1	CDS	nad4L	NADH dehydrogenase subunit 4L	10251-10548:1
OR935928.1	CDS	nad4	NADH dehydrogenase subunit 4	10541-11901:1
OR935928.1	tRNA		tRNA-Cys	11901-11965:1
OR935928.1	tRNA		tRNA-Met	11972-12037:1
OR935928.1	rRNA	rrnS	12S ribosomal RNA	12036-12899:1
OR935928.1	tRNA		tRNA-Val	12898-12966:1
OR935928.1	rRNA	rrnL	16S ribosomal RNA	12966-14245:1
OR935928.1	tRNA		tRNA-Leu	14245-14310:1
OR935928.1	tRNA		tRNA-Leu	14311-14375:1
OR935928.1	CDS	nad1	NADH dehydrogenase subunit 1	14376-15303:1
OR935928.1	tRNA		tRNA-Ile	15302-15369:1
OR935928.1	tRNA		tRNA-Lys	15370-15434:1
OR935928.1	CDS	nad3	NADH dehydrogenase subunit 3	15434-15788:1
OR935928.1	tRNA		tRNA-Ser	15786-15854:1
OR935930.1	CDS	ND2	NADH dehydrogenase subunit 2	0-963:1
OR935930.1	CDS	COX1	cytochrome oxidase subunit I	967-2504:1
OR935930.1	tRNA		tRNA-Asn	2625-2688:1
OR935930.1	CDS	COX2	cytochrome oxidase subunit II	2689-3385:1
OR935930.1	tRNA		tRNA-Asp	3395-3460:1
OR935930.1	CDS	ATP8	ATP synthase F0 subunit 8	3461-3620:1
OR935930.1	tRNA		tRNA-Tyr	3627-3692:1
OR935930.1	tRNA		tRNA-Gly	3692-3760:1
OR935930.1	CDS	COX3	cytochrome oxidase subunit III	3762-4542:1
OR935930.1	tRNA		tRNA-Gln	4551-4620:1
OR935930.1	CDS	ND6	NADH dehydrogenase subunit 6	4620-5091:1
OR935930.1	CDS	cob	cytochrome b	5095-6235:1
OR935930.1	tRNA		tRNA-Trp	6233-6300:1
OR935930.1	CDS	atp6	ATP synthase F0 subunit 6	6300-6977:1
OR935930.1	tRNA		tRNA-Ala	7030-7094:1
OR935930.1	tRNA		tRNA-Arg	7094-7157:1
OR935930.1	tRNA		tRNA-Ser	7160-7227:1
OR935930.1	tRNA		tRNA-His	8555-8618:1
OR935930.1	CDS	nad5	NADH dehydrogenase subunit 5	8619-10338:1
OR935930.1	tRNA		tRNA-Phe	10340-10413:1
OR935930.1	tRNA		tRNA-Glu	10410-10478:1
OR935930.1	tRNA		tRNA-Pro	10478-10541:1
OR935930.1	tRNA		tRNA-Thr	10541-10612:1
OR935930.1	CDS	nad4L	NADH dehydrogenase subunit 4L	10612-10909:1
OR935930.1	CDS	nad4	NADH dehydrogenase subunit 4	10902-12264:1
OR935930.1	tRNA		tRNA-Cys	12262-12325:1
OR935930.1	tRNA		tRNA-Met	12325-12389:1
OR935930.1	rRNA	rrnS	12S ribosomal RNA	12388-13217:1
OR935930.1	tRNA		tRNA-Val	13216-13283:1
OR935930.1	rRNA	rrnL	16S ribosomal RNA	13283-14566:1
OR935930.1	tRNA		tRNA-Leu	14566-14632:1
OR935930.1	tRNA		tRNA-Leu	14636-14703:1
OR935930.1	CDS	nad1	NADH dehydrogenase subunit 1	14704-15617:1
OR935930.1	tRNA		tRNA-Ile	15687-15752:1
OR935930.1	tRNA		tRNA-Lys	15755-15819:1
OR935930.1	CDS	nad3	NADH dehydrogenase subunit 3	15819-16173:1
OR935930.1	tRNA		tRNA-Ser	16171-16239:1
OR935931.1	CDS	ND2	NADH dehydrogenase subunit 2	0-966:1
OR935931.1	CDS	COX1	cytochrome oxidase subunit I	968-2505:1
OR935931.1	tRNA		tRNA-Asn	2505-2572:1
OR935931.1	CDS	COX2	cytochrome oxidase subunit II	2573-3272:1
OR935931.1	tRNA		tRNA-Asp	3273-3339:1
OR935931.1	CDS	ATP8	ATP synthase F0 subunit 8	3340-3502:1
OR935931.1	tRNA		tRNA-Tyr	3504-3567:1
OR935931.1	tRNA		tRNA-Gly	3567-3632:1
OR935931.1	CDS	COX3	cytochrome oxidase subunit III	3703-4483:1
OR935931.1	tRNA		tRNA-Gln	4490-4556:1
OR935931.1	CDS	ND6	NADH dehydrogenase subunit 6	4556-5029:1
OR935931.1	CDS	cob	cytochrome b	5028-6168:1
OR935931.1	tRNA		tRNA-Trp	6166-6233:1
OR935931.1	CDS	atp6	ATP synthase F0 subunit 6	6233-6910:1
OR935931.1	tRNA		tRNA-Ala	6969-7035:1
OR935931.1	tRNA		tRNA-Arg	7035-7103:1
OR935931.1	tRNA		tRNA-Cys	7110-7179:1
OR935931.1	tRNA		tRNA-Ser	7179-7247:1
OR935931.1	tRNA		tRNA-His	8538-8602:1
OR935931.1	CDS	nad5	NADH dehydrogenase subunit 5	8603-10323:1
OR935931.1	tRNA		tRNA-Phe	10323-10391:1
OR935931.1	tRNA		tRNA-Glu	10388-10457:1
OR935931.1	tRNA		tRNA-Pro	10460-10525:1
OR935931.1	tRNA		tRNA-Thr	10534-10599:1
OR935931.1	CDS	nad4L	NADH dehydrogenase subunit 4L	10599-10896:1
OR935931.1	CDS	nad4	NADH dehydrogenase subunit 4	10889-12251:1
OR935931.1	tRNA		tRNA-Met	12332-12398:1
OR935931.1	rRNA	rrnS	12S ribosomal RNA	12396-13246:1
OR935931.1	tRNA		tRNA-Val	13245-13310:1
OR935931.1	rRNA	rrnL	16S ribosomal RNA	13310-14592:1
OR935931.1	tRNA		tRNA-Leu	14592-14658:1
OR935931.1	tRNA		tRNA-Leu	14663-14729:1
OR935931.1	CDS	nad1	NADH dehydrogenase subunit 1	14729-15659:1
OR935931.1	tRNA		tRNA-Ile	15663-15729:1
OR935931.1	tRNA		tRNA-Lys	15736-15800:1
OR935931.1	CDS	nad3	NADH dehydrogenase subunit 3	15800-16154:1
OR935931.1	tRNA		tRNA-Ser	16152-16221:1
OR935936.1	CDS	ND2	NADH dehydrogenase subunit 2	0-966:1
OR935936.1	CDS	COX1	cytochrome oxidase subunit I	968-2505:1
OR935936.1	tRNA		tRNA-Asn	2505-2570:1
OR935936.1	CDS	COX2	cytochrome oxidase subunit II	2571-3261:1
OR935936.1	tRNA		tRNA-Asp	3259-3325:1
OR935936.1	CDS	ATP8	ATP synthase F0 subunit 8	3326-3488:1
OR935936.1	tRNA		tRNA-Tyr	3490-3554:1
OR935936.1	tRNA		tRNA-Gly	3554-3620:1
OR935936.1	CDS	COX3	cytochrome oxidase subunit III	3709-4486:1
OR935936.1	tRNA		tRNA-Gln	4500-4567:1
OR935936.1	CDS	ND6	NADH dehydrogenase subunit 6	4567-5040:1
OR935936.1	CDS	cob	cytochrome b	5039-6182:1
OR935936.1	tRNA		tRNA-Trp	6180-6246:1
OR935936.1	CDS	atp6	ATP synthase F0 subunit 6	6246-6923:1
OR935936.1	tRNA		tRNA-Ala	6977-7043:1
OR935936.1	tRNA		tRNA-Arg	7051-7117:1
OR935936.1	tRNA		tRNA-Cys	7122-7185:1
OR935936.1	tRNA		tRNA-Ser	7186-7254:1
OR935936.1	tRNA		tRNA-His	9700-9765:1
OR935936.1	CDS	nad5	NADH dehydrogenase subunit 5	9766-11485:1
OR935936.1	tRNA		tRNA-Phe	11485-11551:1
OR935936.1	tRNA		tRNA-Glu	11548-11616:1
OR935936.1	tRNA		tRNA-Pro	11618-11684:1
OR935936.1	tRNA		tRNA-Thr	11686-11751:1
OR935936.1	CDS	nad4L	NADH dehydrogenase subunit 4L	11751-12048:1
OR935936.1	CDS	nad4	NADH dehydrogenase subunit 4	12041-13400:1
OR935936.1	tRNA		tRNA-Met	13469-13535:1
OR935936.1	rRNA	rrnS	12S ribosomal RNA	13533-14378:1
OR935936.1	tRNA		tRNA-Val	14377-14443:1
OR935936.1	rRNA	rrnL	16S ribosomal RNA	14443-15707:1
OR935936.1	tRNA		tRNA-Leu	15707-15771:1
OR935936.1	tRNA		tRNA-Leu	15772-15838:1
OR935936.1	CDS	nad1	NADH dehydrogenase subunit 1	15839-16770:1
OR935936.1	tRNA		tRNA-Ile	16770-16836:1
OR935936.1	tRNA		tRNA-Lys	16837-16901:1
OR935936.1	CDS	nad3	NADH dehydrogenase subunit 3	16901-17255:1
OR935936.1	tRNA		tRNA-Ser	17253-17322:1
OR935938.1	CDS	ND2	NADH dehydrogenase subunit 2	0-966:1
OR935938.1	CDS	COX1	cytochrome oxidase subunit I	967-2504:1
OR935938.1	tRNA		tRNA-Asn	2504-2570:1
OR935938.1	CDS	COX2	cytochrome oxidase subunit II	2571-3261:1
OR935938.1	tRNA		tRNA-Asp	3259-3325:1
OR935938.1	CDS	ATP8	ATP synthase F0 subunit 8	3326-3488:1
OR935938.1	tRNA		tRNA-Tyr	3490-3554:1
OR935938.1	tRNA		tRNA-Gly	3554-3619:1
OR935938.1	CDS	COX3	cytochrome oxidase subunit III	3707-4484:1
OR935938.1	tRNA		tRNA-Gln	4502-4569:1
OR935938.1	CDS	ND6	NADH dehydrogenase subunit 6	4569-5042:1
OR935938.1	CDS	cob	cytochrome b	5041-6184:1
OR935938.1	tRNA		tRNA-Trp	6183-6249:1
OR935938.1	CDS	atp6	ATP synthase F0 subunit 6	6249-6926:1
OR935938.1	tRNA		tRNA-Ala	6980-7046:1
OR935938.1	tRNA		tRNA-Arg	7057-7121:1
OR935938.1	tRNA		tRNA-Cys	7126-7190:1
OR935938.1	tRNA		tRNA-Ser	7191-7259:1
OR935938.1	tRNA		tRNA-His	9441-9505:1
OR935938.1	CDS	nad5	NADH dehydrogenase subunit 5	9506-11225:1
OR935938.1	tRNA		tRNA-Phe	11226-11293:1
OR935938.1	tRNA		tRNA-Glu	11290-11357:1
OR935938.1	tRNA		tRNA-Pro	11360-11427:1
OR935938.1	tRNA		tRNA-Thr	11427-11492:1
OR935938.1	CDS	nad4L	NADH dehydrogenase subunit 4L	11492-11789:1
OR935938.1	CDS	nad4	NADH dehydrogenase subunit 4	11782-13141:1
OR935938.1	tRNA		tRNA-Met	13205-13271:1
OR935938.1	rRNA	rrnS	12S ribosomal RNA	13269-14111:1
OR935938.1	tRNA		tRNA-Val	14110-14176:1
OR935938.1	rRNA	rrnL	16S ribosomal RNA	14176-15444:1
OR935938.1	tRNA		tRNA-Leu	15444-15509:1
OR935938.1	tRNA		tRNA-Leu	15509-15575:1
OR935938.1	CDS	nad1	NADH dehydrogenase subunit 1	15576-16507:1
OR935938.1	tRNA		tRNA-Ile	16507-16573:1
OR935938.1	tRNA		tRNA-Lys	16574-16638:1
OR935938.1	CDS	nad3	NADH dehydrogenase subunit 3	16638-16992:1
OR935938.1	tRNA		tRNA-Ser	16990-17060:1
OR935939.1	CDS	ND2	NADH dehydrogenase subunit 2	0-966:1
OR935939.1	CDS	COX1	cytochrome oxidase subunit I	971-2508:1
OR935939.1	tRNA		tRNA-Asn	2508-2575:1
OR935939.1	CDS	COX2	cytochrome oxidase subunit II	2576-3269:1
OR935939.1	tRNA		tRNA-Asp	3268-3333:1
OR935939.1	CDS	ATP8	ATP synthase F0 subunit 8	3334-3496:1
OR935939.1	tRNA		tRNA-Tyr	3499-3562:1
OR935939.1	tRNA		tRNA-Gly	3562-3627:1
OR935939.1	CDS	COX3	cytochrome oxidase subunit III	3689-4466:1
OR935939.1	tRNA		tRNA-Gln	4472-4541:1
OR935939.1	CDS	ND6	NADH dehydrogenase subunit 6	4541-5014:1
OR935939.1	CDS	cob	cytochrome b	5013-6153:1
OR935939.1	tRNA		tRNA-Trp	6151-6218:1
OR935939.1	CDS	atp6	ATP synthase F0 subunit 6	6218-6895:1
OR935939.1	tRNA		tRNA-Ala	6949-7015:1
OR935939.1	tRNA		tRNA-Arg	7015-7082:1
OR935939.1	tRNA		tRNA-Cys	7085-7152:1
OR935939.1	tRNA		tRNA-Ser	7152-7220:1
OR935939.1	tRNA		tRNA-His	8708-8772:1
OR935939.1	CDS	nad5	NADH dehydrogenase subunit 5	8773-10493:1
OR935939.1	tRNA		tRNA-Phe	10493-10561:1
OR935939.1	tRNA		tRNA-Glu	10558-10626:1
OR935939.1	tRNA		tRNA-Pro	10627-10693:1
OR935939.1	tRNA		tRNA-Thr	10694-10762:1
OR935939.1	CDS	nad4L	NADH dehydrogenase subunit 4L	10762-11059:1
OR935939.1	CDS	nad4	NADH dehydrogenase subunit 4	11052-12414:1
OR935939.1	tRNA		tRNA-Met	12504-12570:1
OR935939.1	rRNA	rrnS	12S ribosomal RNA	12568-13412:1
OR935939.1	tRNA		tRNA-Val	13411-13477:1
OR935939.1	rRNA	rrnL	16S ribosomal RNA	13477-14741:1
OR935939.1	tRNA		tRNA-Leu	14741-14806:1
OR935939.1	tRNA		tRNA-Leu	14811-14876:1
OR935939.1	CDS	nad1	NADH dehydrogenase subunit 1	14877-15807:1
OR935939.1	tRNA		tRNA-Ile	15810-15876:1
OR935939.1	tRNA		tRNA-Lys	15884-15949:1
OR935939.1	CDS	nad3	NADH dehydrogenase subunit 3	15949-16303:1
OR935939.1	tRNA		tRNA-Ser	16301-16370:1
PP003976.1	CDS	COX1	cytochrome c oxidase subunit I	0-1535:1
PP003976.1	tRNA	trnN(guu)	tRNA-Asn	1535-1602:1
PP003976.1	CDS	COX2	cytochrome c oxidase subunit II	1602-2298:1
PP003976.1	tRNA	trnD(guc)	tRNA-Asp	2297-2361:1
PP003976.1	CDS	ATP8	ATP synthase F0 subunit 8	2362-2521:1
PP003976.1	tRNA	trnY(gua)	tRNA-Tyr	2519-2585:1
PP003976.1	CDS	COX3	cytochrome c oxidase subunit III	2585-3363:1
PP003976.1	tRNA	trnQ(uug)	tRNA-Gln	3363-3433:1
PP003976.1	CDS	ND6	NADH dehydrogenase subunit 6	3433-3896:1
PP003976.1	CDS	CYTB	cytochrome b	3896-5027:1
PP003976.1	tRNA	trnW(uca)	tRNA-Trp	5314-5377:1
PP003976.1	CDS	ATP6	ATP synthase F0 subunit 6	5377-6076:1
PP003976.1	tRNA	trnR(ucg)	tRNA-Arg	6074-6140:1
PP003976.1	tRNA	trnH(gug)	tRNA-His	6139-6203:1
PP003976.1	CDS	ND5	NADH dehydrogenase subunit 5	6203-7910:1
PP003976.1	tRNA	trnF(gaa)	tRNA-Phe	7909-7974:1
PP003976.1	tRNA	trnK(uuu)	tRNA-Lys	7973-8041:1
PP003976.1	tRNA	trnE(uuc)	tRNA-Glu	8041-8107:1
PP003976.1	tRNA	trnP(ugg)	tRNA-Pro	8109-8174:1
PP003976.1	tRNA	trnT(ugu)	tRNA-Thr	8175-8241:1
PP003976.1	CDS	ND4L	NADH dehydrogenase subunit 4L	8242-8527:1
PP003976.1	CDS	ND4	NADH dehydrogenase subunit 4	8529-9871:1
PP003976.1	tRNA	trnC(gca)	tRNA-Cys	9871-9934:1
PP003976.1	tRNA	trnG(ucc)	tRNA-Gly	9964-10028:1
PP003976.1	tRNA	trnM(cau)	tRNA-Met	10030-10094:1
PP003976.1	tRNA	trnM(cau)	tRNA-Met	10098-10160:1
PP003976.1	rRNA	rrn12	12S ribosomal RNA	10160-10964:1
PP003976.1	tRNA	trnV(uac)	tRNA-Val	10964-11031:1
PP003976.1	rRNA	rrn16	16S ribosomal RNA	11031-12311:1
PP003976.1	tRNA	trnL(uag)	tRNA-Leu	12311-12377:1
PP003976.1	tRNA	trnS(uga)	tRNA-Ser	12377-12446:1
PP003976.1	tRNA	trnA(ugc)	tRNA-Ala	12446-12510:1
PP003976.1	tRNA	trnL(uaa)	tRNA-Leu	13059-13123:1
PP003976.1	CDS	ND1	NADH dehydrogenase subunit 1	13126-14054:1
PP003976.1	tRNA	trnI(gau)	tRNA-Ile	14054-14120:1
PP003976.1	CDS	ND3	NADH dehydrogenase subunit 3	14149-14497:1
PP003976.1	tRNA	trnS(ucu)	tRNA-Ser	14495-14563:1
PP003976.1	CDS	ND2	NADH dehydrogenase subunit 2	14563-15563:1
PP033590.1	CDS	CO1	cytochrome c oxidase subunit I	0-1542:1
PP033590.1	tRNA		tRNA-Asn	1550-1611:1
PP033590.1	CDS	CO2	cytochrome c oxidase subunit II	1612-2299:1
PP033590.1	tRNA		tRNA-Asp	2298-2360:1
PP033590.1	CDS	ATP8	ATP synthase F0 subunit 8	2360-2520:1
PP033590.1	tRNA		tRNA-Tyr	2520-2582:1
PP033590.1	tRNA		tRNA-Gly	2580-2643:1
PP033590.1	CDS	CO3	cytochrome c oxidase subunit III	2644-3422:1
PP033590.1	tRNA		tRNA-Gln	3422-3491:1
PP033590.1	CDS	ND6	NADH dehydrogenase subunit 6	3491-3957:1
PP033590.1	CDS	CYTB	cytochrome b	3957-5097:1
PP033590.1	tRNA		tRNA-Trp	5095-5159:1
PP033590.1	CDS	ATP6	ATP synthase F0 subunit 6	5161-5854:1
PP033590.1	tRNA		tRNA-Arg	5852-5916:1
PP033590.1	tRNA		tRNA-His	6487-6550:1
PP033590.1	CDS	ND5	NADH dehydrogenase subunit 5	6550-8267:1
PP033590.1	tRNA		tRNA-Phe	8267-8328:1
PP033590.1	tRNA		tRNA-Glu	8328-8392:1
PP033590.1	tRNA		tRNA-Pro	8390-8452:1
PP033590.1	tRNA		tRNA-Thr	8452-8516:1
PP033590.1	CDS	ND4L	NADH dehydrogenase subunit 4L	8516-8813:1
PP033590.1	CDS	ND4	NADH dehydrogenase subunit 4	8814-10162:1
PP033590.1	tRNA		tRNA-Cys	10162-10226:1
PP033590.1	tRNA		tRNA-Met	10226-10289:1
PP033590.1	rRNA		12S ribosomal RNA	10289-11081:1
PP033590.1	tRNA		tRNA-Val	11081-11145:1
PP033590.1	rRNA		16S ribosomal RNA	11143-12390:1
PP033590.1	tRNA		tRNA-Leu	12392-12455:1
PP033590.1	tRNA		tRNA-Ala	12456-12517:1
PP033590.1	tRNA		tRNA-Ser	12515-12581:1
PP033590.1	tRNA		tRNA-Leu	12581-12642:1
PP033590.1	CDS	ND1	NADH dehydrogenase subunit 1	12643-13567:1
PP033590.1	tRNA		tRNA-Ile	13566-13631:1
PP033590.1	tRNA		tRNA-Lys	13631-13694:1
PP033590.1	CDS	ND3	NADH dehydrogenase subunit 3	13694-14048:1
PP033590.1	tRNA		tRNA-Ser	14049-14113:1
PP033590.1	CDS		NADH dehydrogenase subunit 2	14113-15119:1
PP035855.1	CDS	ND2	NADH dehydrogenase subunit 2	14435-15304:1,0-140:1
PP035855.1	CDS	COX1	cytochrome c oxidase subunit I	140-1691:1
PP035855.1	tRNA	tRNA-Asn	tRNA-Asn	1692-1758:1
PP035855.1	CDS	COX2	cytochrome c oxidase subunit II	1759-2449:1
PP035855.1	tRNA	tRNA-Asp	tRNA-Asp	2454-2524:1
PP035855.1	CDS	ATP8	ATP synthase F0 subunit 8	2525-2681:1
PP035855.1	tRNA	tRNA-Tyr	tRNA-Tyr	2690-2757:1
PP035855.1	CDS	COX3	cytochrome c oxidase subunit III	2761-3541:1
PP035855.1	tRNA	tRNA-Gln	tRNA-Gln	3541-3609:1
PP035855.1	CDS	ND6	NADH dehydrogenase subunit 6	3610-4084:1
PP035855.1	CDS	CYTB	cytochrome b	4088-5219:1
PP035855.1	tRNA	tRNA-Trp	tRNA-Trp	5217-5281:1
PP035855.1	CDS	ATP6	ATP synthase F0 subunit 6	5281-5980:1
PP035855.1	tRNA	tRNA-Arg	tRNA-Arg	5978-6038:1
PP035855.1	tRNA	tRNA-His	tRNA-His	6040-6103:1
PP035855.1	CDS	ND5	NADH dehydrogenase subunit 5	6103-7817:1
PP035855.1	tRNA	tRNA-Phe	tRNA-Phe	7823-7890:1
PP035855.1	tRNA	tRNA-Glu	tRNA-Glu	7893-7959:1
PP035855.1	tRNA	tRNA-Pro	tRNA-Pro	7959-8024:1
PP035855.1	tRNA	tRNA-Thr	tRNA-Thr	8029-8099:1
PP035855.1	CDS	ND4L	NADH dehydrogenase subunit 4L	8099-8396:1
PP035855.1	CDS	ND4	NADH dehydrogenase subunit 4	8389-9754:1
PP035855.1	tRNA	tRNA-Cys	tRNA-Cys	9753-9816:1
PP035855.1	tRNA	tRNA-Gly	tRNA-Gly	9819-9886:1
PP035855.1	tRNA	tRNA-Met	tRNA-Met	9894-9957:1
PP035855.1	rRNA	rrnS	12S ribosomal RNA	9988-10811:1
PP035855.1	tRNA	tRNA-Val	tRNA-Val	10811-10875:1
PP035855.1	rRNA	rrnL	16S ribosomal RNA	10875-12179:1
PP035855.1	tRNA	tRNA-Leu1	tRNA-Leu	12179-12243:1
PP035855.1	tRNA	tRNA-Ala	tRNA-Ala	12246-12309:1
PP035855.1	tRNA	tRNA-Ser2	tRNA-Ser	12310-12377:1
PP035855.1	tRNA	tRNA-Leu2	tRNA-Leu	12883-12945:1
PP035855.1	CDS	ND1	NADH dehydrogenase subunit 1	12945-13875:1
PP035855.1	tRNA	tRNA-Ile	tRNA-Ile	13874-13940:1
PP035855.1	tRNA	tRNA-Lys	tRNA-Lys	13943-14009:1
PP035855.1	CDS	ND3	NADH dehydrogenase subunit 3	14009-14363:1
PP035855.1	tRNA	tRNA-Ser1	tRNA-Ser	14364-14435:1
PP228860.1	CDS	COX1	cytochrome c oxidase subunit I	0-1545:1
PP228860.1	tRNA	trnK(uuu)	tRNA-Lys	1546-1609:1
PP228860.1	tRNA	trnN(guu)	tRNA-Asn	1612-1675:1
PP228860.1	tRNA	trnS(uga)	tRNA-Ser	1675-1743:1
PP228860.1	CDS	ND3	NADH dehydrogenase subunit 3	1755-2114:1
PP228860.1	rRNA	rrn12	12S ribosomal RNA	2117-2920:1
PP228860.1	tRNA	trnV(uac)	tRNA-Val	2920-2985:1
PP228860.1	rRNA	rrn16	16S ribosomal RNA	2985-4266:1
PP228860.1	tRNA	trnL(uag)	tRNA-Leu	4266-4330:1
PP228860.1	tRNA	trnA(ugc)	tRNA-Ala	4330-4396:1
PP228860.1	tRNA	trnL(uaa)	tRNA-Leu	4915-4978:1
PP228860.1	CDS	ND1	NADH dehydrogenase subunit 1	4978-5903:1
PP228860.1	tRNA	trnI(gau)	tRNA-Ile	5903-5968:1
PP228860.1	CDS	COX2	cytochrome c oxidase subunit II	5968-6670:1
PP228860.1	tRNA	trnD(guc)	tRNA-Asp	6674-6740:1
PP228860.1	CDS	ATP8	ATP synthase F0 subunit 8	6740-6896:1
PP228860.1	tRNA	trnY(gua)	tRNA-Tyr	6894-6960:1
PP228860.1	CDS	COX3	cytochrome c oxidase subunit III	6960-7738:1
PP228860.1	tRNA	trnQ(uug)	tRNA-Gln	7738-7806:1
PP228860.1	CDS	ND6	NADH dehydrogenase subunit 6	7806-8265:1
PP228860.1	CDS	CYTB	cytochrome b	8267-9410:1
PP228860.1	tRNA	trnW(uca)	tRNA-Trp	9408-9471:1
PP228860.1	CDS	ATP6	ATP synthase F0 subunit 6	9471-10170:1
PP228860.1	tRNA	trnR(ucg)	tRNA-Arg	10168-10231:1
PP228860.1	tRNA	trnH(gug)	tRNA-His	10231-10293:1
PP228860.1	CDS	ND5	NADH dehydrogenase subunit 5	10293-11998:1
PP228860.1	tRNA	trnF(gaa)	tRNA-Phe	11998-12063:1
PP228860.1	tRNA	trnE(uuc)	tRNA-Glu	12065-12132:1
PP228860.1	tRNA	trnP(ugg)	tRNA-Pro	12134-12197:1
PP228860.1	tRNA	trnT(ugu)	tRNA-Thr	12199-12267:1
PP228860.1	CDS	ND4L	NADH dehydrogenase subunit 4L	12267-12552:1
PP228860.1	CDS	ND4	NADH dehydrogenase subunit 4	12545-13910:1
PP228860.1	tRNA	trnG(ucc)	tRNA-Gly	13908-13973:1
PP228860.1	tRNA	trnS(ucu)	tRNA-Ser	13972-14040:1
PP228860.1	tRNA	trnC(gca)	tRNA-Cys	14039-14105:1
PP228860.1	tRNA	trnM(cau)	tRNA-Met	14105-14169:1
PP228860.1	CDS	ND2	NADH dehydrogenase subunit 2	14172-15165:1
PP266604.1	tRNA	trnH(gug)	tRNA-His	0-62:1
PP266604.1	CDS	ND5	NADH dehydrogenase subunit 5	62-1779:1
PP266604.1	tRNA	trnF(gaa)	tRNA-Phe	1779-1841:1
PP266604.1	tRNA	trnE(uuc)	tRNA-Glu	1841-1903:1
PP266604.1	tRNA	trnP(ugg)	tRNA-Pro	1903-1966:1
PP266604.1	tRNA	trnT(ugu)	tRNA-Thr	1966-2030:1
PP266604.1	CDS	ND4L	NADH dehydrogenase subunit 4L	2030-2327:1
PP266604.1	CDS	ND4	NADH dehydrogenase subunit 4	2320-3677:1
PP266604.1	tRNA	trnC(gca)	tRNA-Cys	3677-3741:1
PP266604.1	tRNA	trnM(cau)	tRNA-Met	3742-3805:1
PP266604.1	rRNA	rrn12	12S ribosomal RNA	3803-4595:1
PP266604.1	tRNA	trnV(uac)	tRNA-Val	4595-4660:1
PP266604.1	rRNA	rrn16	16S ribosomal RNA	4658-5911:1
PP266604.1	tRNA	trnL(uag)	tRNA-Leu	5909-5972:1
PP266604.1	tRNA	trnA(ugc)	tRNA-Ala	5973-6035:1
PP266604.1	tRNA	trnS(uga)	tRNA-Ser	6033-6099:1
PP266604.1	tRNA	trnL(uaa)	tRNA-Leu	6099-6160:1
PP266604.1	CDS	ND1	NADH dehydrogenase subunit 1	6161-7085:1
PP266604.1	tRNA	trnI(gau)	tRNA-Ile	7084-7148:1
PP266604.1	tRNA	trnK(uuu)	tRNA-Lys	7148-7212:1
PP266604.1	CDS	ND3	NADH dehydrogenase subunit 3	7212-7566:1
PP266604.1	tRNA	trnS(ucu)	tRNA-Ser	7564-7628:1
PP266604.1	CDS	ND2	NADH dehydrogenase subunit 2	7628-8634:1
PP266604.1	CDS	COX1	cytochrome c oxidase subunit I	8634-10176:1
PP266604.1	tRNA	trnN(guu)	tRNA-Asn	10184-10245:1
PP266604.1	CDS	COX2	cytochrome c oxidase subunit II	10246-10933:1
PP266604.1	tRNA	trnD(guc)	tRNA-Asp	10932-10994:1
PP266604.1	CDS	ATP8	ATP synthase F0 subunit 8	10994-11154:1
PP266604.1	tRNA	trnY(gua)	tRNA-Tyr	11154-11218:1
PP266604.1	tRNA	trnG(ucc)	tRNA-Gly	11216-11279:1
PP266604.1	CDS	COX3	cytochrome c oxidase subunit III	11280-12058:1
PP266604.1	tRNA	trnQ(uug)	tRNA-Gln	12058-12127:1
PP266604.1	CDS	ND6	NADH dehydrogenase subunit 6	12127-12593:1
PP266604.1	CDS	CYTB	cytochrome b	12593-13733:1
PP266604.1	tRNA	trnW(uca)	tRNA-Trp	13731-13794:1
PP266604.1	CDS	ATP6	ATP synthase F0 subunit 6	13796-14492:1
PP266604.1	tRNA	trnR(ucg)	tRNA-Arg	14490-14555:1
PP266605.1	tRNA	trnH(gug)	tRNA-His	0-64:1
PP266605.1	CDS	ND5	NADH dehydrogenase subunit 5	64-1781:1
PP266605.1	tRNA	trnF(gaa)	tRNA-Phe	1781-1843:1
PP266605.1	tRNA	trnE(uuc)	tRNA-Glu	1843-1906:1
PP266605.1	tRNA	trnP(ugg)	tRNA-Pro	1906-1968:1
PP266605.1	tRNA	trnT(ugu)	tRNA-Thr	1969-2034:1
PP266605.1	CDS	ND4L	NADH dehydrogenase subunit 4L	2034-2331:1
PP266605.1	CDS	ND4	NADH dehydrogenase subunit 4	2324-3681:1
PP266605.1	tRNA	trnC(gca)	tRNA-Cys	3681-3745:1
PP266605.1	tRNA	trnM(cau)	tRNA-Met	3745-3808:1
PP266605.1	rRNA	rrn12	12S ribosomal RNA	3806-4597:1
PP266605.1	tRNA	trnV(uac)	tRNA-Val	4597-4662:1
PP266605.1	rRNA	rrn16	16S ribosomal RNA	4660-5921:1
PP266605.1	tRNA	trnL(uag)	tRNA-Leu	5921-5983:1
PP266605.1	tRNA	trnA(ugc)	tRNA-Ala	5986-6048:1
PP266605.1	tRNA	trnS(uga)	tRNA-Ser	6046-6112:1
PP266605.1	tRNA	trnL(uaa)	tRNA-Leu	6113-6175:1
PP266605.1	CDS	ND1	NADH dehydrogenase subunit 1	6176-7100:1
PP266605.1	tRNA	trnI(gau)	tRNA-Ile	7099-7163:1
PP266605.1	tRNA	trnK(uuu)	tRNA-Lys	7163-7228:1
PP266605.1	CDS	ND3	NADH dehydrogenase subunit 3	7228-7582:1
PP266605.1	tRNA	trnS(ucu)	tRNA-Ser	7583-7647:1
PP266605.1	CDS	ND2	NADH dehydrogenase subunit 2	7647-8653:1
PP266605.1	CDS	COX1	cytochrome c oxidase subunit I	8653-10195:1
PP266605.1	tRNA	trnN(guu)	tRNA-Asn	10203-10265:1
PP266605.1	CDS	COX2	cytochrome c oxidase subunit II	10266-10953:1
PP266605.1	tRNA	trnD(guc)	tRNA-Asp	10952-11014:1
PP266605.1	CDS	ATP8	ATP synthase F0 subunit 8	11014-11174:1
PP266605.1	tRNA	trnY(gua)	tRNA-Tyr	11174-11238:1
PP266605.1	tRNA	trnG(ucc)	tRNA-Gly	11238-11302:1
PP266605.1	CDS	COX3	cytochrome c oxidase subunit III	11303-12081:1
PP266605.1	tRNA	trnQ(uug)	tRNA-Gln	12081-12150:1
PP266605.1	CDS	ND6	NADH dehydrogenase subunit 6	12150-12616:1
PP266605.1	CDS	CYTB	cytochrome b	12616-13756:1
PP266605.1	tRNA	trnW(uca)	tRNA-Trp	13754-13816:1
PP266605.1	CDS	ATP6	ATP synthase F0 subunit 6	13818-14514:1
PP266605.1	tRNA	trnR(ucg)	tRNA-Arg	14512-14576:1
PP266606.1	tRNA	trnH(gug)	tRNA-His	0-63:1
PP266606.1	CDS	ND5	NADH dehydrogenase subunit 5	63-1780:1
PP266606.1	tRNA	trnF(gaa)	tRNA-Phe	1780-1843:1
PP266606.1	tRNA	trnE(uuc)	tRNA-Glu	1844-1907:1
PP266606.1	tRNA	trnP(ugg)	tRNA-Pro	1905-1969:1
PP266606.1	tRNA	trnT(ugu)	tRNA-Thr	1969-2033:1
PP266606.1	CDS	ND4L	NADH dehydrogenase subunit 4L	2033-2330:1
PP266606.1	CDS	ND4	NADH dehydrogenase subunit 4	2323-3680:1
PP266606.1	tRNA	trnC(gca)	tRNA-Cys	3680-3744:1
PP266606.1	tRNA	trnM(cau)	tRNA-Met	3744-3807:1
PP266606.1	rRNA	rrn12	12S ribosomal RNA	3805-4602:1
PP266606.1	tRNA	trnV(uac)	tRNA-Val	4602-4666:1
PP266606.1	rRNA	rrn16	16S ribosomal RNA	4664-5925:1
PP266606.1	tRNA	trnL(uag)	tRNA-Leu	5923-5984:1
PP266606.1	tRNA	trnA(ugc)	tRNA-Ala	5989-6050:1
PP266606.1	tRNA	trnS(uga)	tRNA-Ser	6048-6114:1
PP266606.1	tRNA	trnL(uaa)	tRNA-Leu	6114-6175:1
PP266606.1	CDS	ND1	NADH dehydrogenase subunit 1	6176-7100:1
PP266606.1	tRNA	trnI(gau)	tRNA-Ile	7099-7164:1
PP266606.1	tRNA	trnK(uuu)	tRNA-Lys	7164-7229:1
PP266606.1	CDS	ND3	NADH dehydrogenase subunit 3	7229-7583:1
PP266606.1	tRNA	trnS(ucu)	tRNA-Ser	7584-7648:1
PP266606.1	CDS	ND2	NADH dehydrogenase subunit 2	7649-8655:1
PP266606.1	CDS	COX1	cytochrome c oxidase subunit I	8655-10197:1
PP266606.1	tRNA	trnN(guu)	tRNA-Asn	10204-10266:1
PP266606.1	CDS	COX2	cytochrome c oxidase subunit II	10267-10954:1
PP266606.1	tRNA	trnD(guc)	tRNA-Asp	10953-11015:1
PP266606.1	CDS	ATP8	ATP synthase F0 subunit 8	11015-11175:1
PP266606.1	tRNA	trnY(gua)	tRNA-Tyr	11175-11240:1
PP266606.1	tRNA	trnG(ucc)	tRNA-Gly	11238-11301:1
PP266606.1	CDS	COX3	cytochrome c oxidase subunit III	11302-12080:1
PP266606.1	tRNA	trnQ(uug)	tRNA-Gln	12080-12149:1
PP266606.1	CDS	ND6	NADH dehydrogenase subunit 6	12149-12615:1
PP266606.1	CDS	CYTB	cytochrome b	12615-13755:1
PP266606.1	tRNA	trnW(uca)	tRNA-Trp	13753-13816:1
PP266606.1	CDS	ATP6	ATP synthase F0 subunit 6	13818-14514:1
PP266606.1	tRNA	trnR(ucg)	tRNA-Arg	14512-14574:1
PP266607.1	tRNA	trnH(gug)	tRNA-His	0-64:1
PP266607.1	CDS	ND5	NADH dehydrogenase subunit 5	64-1781:1
PP266607.1	tRNA	trnF(gaa)	tRNA-Phe	1781-1844:1
PP266607.1	tRNA	trnE(uuc)	tRNA-Glu	1844-1907:1
PP266607.1	tRNA	trnP(ugg)	tRNA-Pro	1907-1969:1
PP266607.1	tRNA	trnT(ugu)	tRNA-Thr	1970-2035:1
PP266607.1	CDS	ND4L	NADH dehydrogenase subunit 4L	2035-2332:1
PP266607.1	CDS	ND4	NADH dehydrogenase subunit 4	2325-3682:1
PP266607.1	tRNA	trnC(gca)	tRNA-Cys	3682-3746:1
PP266607.1	tRNA	trnM(cau)	tRNA-Met	3746-3809:1
PP266607.1	rRNA	rrn12	12S ribosomal RNA	3807-4600:1
PP266607.1	tRNA	trnV(uac)	tRNA-Val	4600-4664:1
PP266607.1	rRNA	rrn16	16S ribosomal RNA	4689-5918:1
PP266607.1	tRNA	trnL(uag)	tRNA-Leu	5918-5980:1
PP266607.1	tRNA	trnA(ugc)	tRNA-Ala	5983-6045:1
PP266607.1	tRNA	trnS(uga)	tRNA-Ser	6043-6109:1
PP266607.1	tRNA	trnL(uaa)	tRNA-Leu	6110-6172:1
PP266607.1	CDS	ND1	NADH dehydrogenase subunit 1	6173-7097:1
PP266607.1	tRNA	trnI(gau)	tRNA-Ile	7096-7161:1
PP266607.1	tRNA	trnK(uuu)	tRNA-Lys	7161-7225:1
PP266607.1	CDS	ND3	NADH dehydrogenase subunit 3	7225-7579:1
PP266607.1	tRNA	trnS(ucu)	tRNA-Ser	7579-7643:1
PP266607.1	CDS	ND2	NADH dehydrogenase subunit 2	7643-8649:1
PP266607.1	CDS	COX1	cytochrome c oxidase subunit I	8649-10191:1
PP266607.1	tRNA	trnN(guu)	tRNA-Asn	10198-10260:1
PP266607.1	CDS	COX2	cytochrome c oxidase subunit II	10261-10948:1
PP266607.1	tRNA	trnD(guc)	tRNA-Asp	10947-11009:1
PP266607.1	CDS	ATP8	ATP synthase F0 subunit 8	11009-11169:1
PP266607.1	tRNA	trnY(gua)	tRNA-Tyr	11169-11233:1
PP266607.1	tRNA	trnG(ucc)	tRNA-Gly	11233-11297:1
PP266607.1	CDS	COX3	cytochrome c oxidase subunit III	11297-12075:1
PP266607.1	tRNA	trnQ(uug)	tRNA-Gln	12075-12144:1
PP266607.1	CDS	ND6	NADH dehydrogenase subunit 6	12144-12610:1
PP266607.1	CDS	CYTB	cytochrome b	12610-13748:1
PP266607.1	tRNA	trnW(uca)	tRNA-Trp	13748-13810:1
PP266607.1	CDS	ATP6	ATP synthase F0 subunit 6	13812-14508:1
PP266607.1	tRNA	trnR(ucg)	tRNA-Arg	14506-14570:1
PP440187.1	tRNA	trnH(gtg)	tRNA-His	446-505:1
PP440187.1	CDS	ND5	NADH dehydrogenase subunit 5	556-2219:1
PP440187.1	tRNA	trnI(gat)	tRNA-Ile	2219-2282:1
PP440187.1	CDS	ND6	NADH dehydrogenase subunit 6	2282-2772:1
PP440187.1	tRNA	trnG(tcc)	tRNA-Gly	2772-2835:1
PP440187.1	CDS	ATP6	ATP synthase F0 subunit 6	2865-3546:1
PP440187.1	tRNA	trnQ(ttg)	tRNA-Gln	3547-3613:1
PP440187.1	tRNA	trnW(tca)	tRNA-Trp	3611-3674:1
PP440187.1	tRNA	trnY(gta)	tRNA-Tyr	3675-3738:1
PP440187.1	tRNA	trnV(tac)	tRNA-Val	3748-3813:1
PP440187.1	rRNA	rrn16	16S ribosomal RNA	3815-5040:1
PP440187.1	tRNA	trnL1(tag)	tRNA-Leu	5054-5118:1
PP440187.1	CDS	ND3	NADH dehydrogenase subunit 3	5118-5472:1
PP440187.1	tRNA	trnM(cat)	tRNA-Met	5476-5541:1
PP440187.1	rRNA	rrn12	12S ribosomal RNA	5539-6392:1
PP440187.1	tRNA	trnS1(tct)	tRNA-Ser	6391-6452:1
PP440187.1	CDS	ND2	NADH dehydrogenase subunit 2	6557-7479:1
PP440187.1	tRNA	trnE(ttc)	tRNA-Glu	7479-7542:1
PP440187.1	tRNA	trnF(gaa)	tRNA-Phe	7541-7605:1
PP440187.1	CDS	COX3	cytochrome c oxidase subunit III	7608-8386:1
PP440187.1	tRNA	trnK(ttt)	tRNA-Lys	8386-8452:1
PP440187.1	CDS	COX2	cytochrome c oxidase subunit II	8455-9133:1
PP440187.1	CDS	ATP8	ATP synthase F0 subunit 8	9134-9290:1
PP440187.1	tRNA	trnD(gtc)	tRNA-Asp	9288-9349:1
PP440187.1	tRNA	trnN(gtt)	tRNA-Asn	9352-9416:1
PP440187.1	CDS	COX1	cytochrome c oxidase subunit I	9510-11068:1
PP440187.1	tRNA	trnL2(taa)	tRNA-Leu	11068-11134:1
PP440187.1	CDS	ND1	NADH dehydrogenase subunit 1	11134-12071:1
PP440187.1	tRNA	trnT(tgt)	tRNA-Thr	12071-12134:1
PP440187.1	tRNA	trnR(tcg)	tRNA-Arg	12134-12198:1
PP440187.1	tRNA	trnC(gca)	tRNA-Cys	12757-12813:1
PP440187.1	tRNA	trnP(tgg)	tRNA-Pro	12813-12877:1
PP440187.1	tRNA	trnA(tgc)	tRNA-Ala	12883-12949:1
PP440187.1	CDS	CYTB	cytochrome b	12966-14118:1
PP440187.1	tRNA	trnS2(tga)	tRNA-Ser	14121-14187:1
PP440187.1	CDS	ND4L	NADH dehydrogenase subunit 4L	14187-14481:1
PP440187.1	CDS	ND4	NADH dehydrogenase subunit 4	14504-15507:1
PP504837.1	tRNA	trnH(gug)	tRNA-His	0-64:1
PP504837.1	CDS	ND5	NADH dehydrogenase subunit 5	64-1781:1
PP504837.1	tRNA	trnF(gaa)	tRNA-Phe	1781-1843:1
PP504837.1	tRNA	trnE(uuc)	tRNA-Glu	1843-1907:1
PP504837.1	tRNA	trnP(ugg)	tRNA-Pro	1905-1966:1
PP504837.1	tRNA	trnT(ugu)	tRNA-Thr	1966-2031:1
PP504837.1	CDS	ND4L	NADH dehydrogenase subunit 4L	2031-2323:1
PP504837.1	CDS	ND4	NADH dehydrogenase subunit 4	2321-3678:1
PP504837.1	tRNA	trnC(gca)	tRNA-Cys	3678-3743:1
PP504837.1	tRNA	trnM(cau)	tRNA-Met	3744-3807:1
PP504837.1	rRNA	s-rRNA	12S ribosomal RNA	3805-4600:1
PP504837.1	tRNA	trnV(uac)	tRNA-Val	4600-4662:1
PP504837.1	rRNA	l-rRNA	16S ribosomal RNA	4663-5917:1
PP504837.1	tRNA	trnL(uag)	tRNA-Leu	5917-5978:1
PP504837.1	tRNA	trnA(ugc)	tRNA-Ala	5980-6041:1
PP504837.1	tRNA	trnS(uga)	tRNA-Ser	6040-6106:1
PP504837.1	tRNA	trnL(uaa)	tRNA-Leu	6106-6167:1
PP504837.1	CDS	ND1	NADH dehydrogenase subunit 1	6168-7092:1
PP504837.1	tRNA	trnI(gau)	tRNA-Ile	7091-7157:1
PP504837.1	tRNA	trnK(uuu)	tRNA-Lys	7157-7222:1
PP504837.1	CDS	ND3	NADH dehydrogenase subunit 3	7222-7576:1
PP504837.1	tRNA	trnS(ucu)	tRNA-Ser	7576-7641:1
PP504837.1	CDS	ND2	NADH dehydrogenase subunit 2	7641-8647:1
PP504837.1	CDS	COX1	cytochrome c oxidase subunit I	8647-10189:1
PP504837.1	tRNA	trnN(guu)	tRNA-Asn	10197-10260:1
PP504837.1	CDS	COX2	cytochrome c oxidase subunit II	10261-10942:1
PP504837.1	tRNA	trnD(guc)	tRNA-Asp	10948-11010:1
PP504837.1	CDS	ATP8	ATP synthase F0 subunit 8	11010-11170:1
PP504837.1	tRNA	trnY(gua)	tRNA-Tyr	11170-11234:1
PP504837.1	tRNA	trnG(ucc)	tRNA-Gly	11232-11296:1
PP504837.1	CDS	COX3	cytochrome c oxidase subunit III	11296-12074:1
PP504837.1	tRNA	trnQ(uug)	tRNA-Gln	12074-12142:1
PP504837.1	CDS	ND6	NADH dehydrogenase subunit 6	12142-12608:1
PP504837.1	CDS	CYTB	cytochrome b	12608-13748:1
PP504837.1	tRNA	trnW(uca)	tRNA-Trp	13746-13808:1
PP504837.1	CDS	ATP6	ATP synthase F0 subunit 6	13810-14504:1
PP504837.1	tRNA	trnR(ucg)	tRNA-Arg	14504-14568:1
PP504839.1	tRNA	trnH(gug)	tRNA-His	0-62:1
PP504839.1	CDS	ND5	NADH dehydrogenase subunit 5	62-1779:1
PP504839.1	tRNA	trnF(gaa)	tRNA-Phe	1779-1839:1
PP504839.1	tRNA	trnE(uuc)	tRNA-Glu	1839-1904:1
PP504839.1	tRNA	trnP(ugg)	tRNA-Pro	1902-1964:1
PP504839.1	tRNA	trnT(ugu)	tRNA-Thr	1964-2028:1
PP504839.1	CDS	ND4L	NADH dehydrogenase subunit 4L	2028-2325:1
PP504839.1	CDS	ND4	NADH dehydrogenase subunit 4	2318-3675:1
PP504839.1	tRNA	trnC(gca)	tRNA-Cys	3675-3741:1
PP504839.1	tRNA	trnM(cau)	tRNA-Met	3745-3808:1
PP504839.1	rRNA	s-rRNA	12S ribosomal RNA	3806-4600:1
PP504839.1	tRNA	trnV(uac)	tRNA-Val	4600-4662:1
PP504839.1	rRNA	l-rRNA	16S ribosomal RNA	4663-5917:1
PP504839.1	tRNA	trnL(uag)	tRNA-Leu	5917-5979:1
PP504839.1	tRNA	trnA(ugc)	tRNA-Ala	5982-6043:1
PP504839.1	tRNA	trnS(uga)	tRNA-Ser	6042-6108:1
PP504839.1	tRNA	trnL(uaa)	tRNA-Leu	6108-6171:1
PP504839.1	CDS	ND1	NADH dehydrogenase subunit 1	6172-7096:1
PP504839.1	tRNA	trnI(gau)	tRNA-Ile	7095-7160:1
PP504839.1	tRNA	trnK(uuu)	tRNA-Lys	7160-7225:1
PP504839.1	CDS	ND3	NADH dehydrogenase subunit 3	7225-7579:1
PP504839.1	tRNA	trnS(ucu)	tRNA-Ser	7578-7646:1
PP504839.1	CDS	ND2	NADH dehydrogenase subunit 2	7645-8651:1
PP504839.1	CDS	COX1	cytochrome c oxidase subunit I	8651-10193:1
PP504839.1	tRNA	trnN(guu)	tRNA-Asn	10201-10263:1
PP504839.1	CDS	COX2	cytochrome c oxidase subunit II	10264-10951:1
PP504839.1	tRNA	trnD(guc)	tRNA-Asp	10950-11012:1
PP504839.1	CDS	ATP8	ATP synthase F0 subunit 8	11012-11172:1
PP504839.1	tRNA	trnY(gua)	tRNA-Tyr	11172-11235:1
PP504839.1	tRNA	trnG(ucc)	tRNA-Gly	11233-11295:1
PP504839.1	CDS	COX3	cytochrome c oxidase subunit III	11295-12073:1
PP504839.1	tRNA	trnQ(uug)	tRNA-Gln	12073-12141:1
PP504839.1	CDS	ND6	NADH dehydrogenase subunit 6	12141-12607:1
PP504839.1	CDS	CYTB	cytochrome b	12607-13747:1
PP504839.1	tRNA	trnW(uca)	tRNA-Trp	13745-13809:1
PP504839.1	CDS	ATP6	ATP synthase F0 subunit 6	13811-14505:1
PP504839.1	tRNA	trnR(ucg)	tRNA-Arg	14505-14571:1
PP790749.1	rRNA	rrn12	12S ribosomal RNA	0-754:1
PP790749.1	tRNA	trnV(uac)	tRNA-Val	754-809:1
PP790749.1	rRNA	rrn16	16S ribosomal RNA	810-2068:1
PP790749.1	tRNA	trnL(uag)	tRNA-Leu	2029-2089:1
PP790749.1	tRNA	trnA(ugc)	tRNA-Ala	2089-2150:1
PP790749.1	tRNA	trnS(uga)	tRNA-Ser	2150-2216:1
PP790749.1	CDS	ND1	NADH dehydrogenase subunit 1	2216-3146:1
PP790749.1	tRNA	trnI(gau)	tRNA-Ile	3147-3208:1
PP790749.1	tRNA	trnK(uuu)	tRNA-Lys	3208-3271:1
PP790749.1	CDS	ND3	NADH dehydrogenase subunit 3	3272-3626:1
PP790749.1	tRNA	trnS(ucu)	tRNA-Ser	3627-3692:1
PP790749.1	CDS	ND2	NADH dehydrogenase subunit 2	3692-4691:1
PP790749.1	CDS	COX1	cytochrome c oxidase subunit I	4692-6243:1
PP790749.1	tRNA	trnN(guu)	tRNA-Asn	6252-6311:1
PP790749.1	CDS	COX2	cytochrome c oxidase subunit II	6311-6992:1
PP790749.1	tRNA	trnD(guc)	tRNA-Asp	6992-7055:1
PP790749.1	CDS	ATP8	ATP synthase F0 subunit 8	7055-7217:1
PP790749.1	tRNA	trnL(uaa)	tRNA-Leu	7218-7275:1
PP790749.1	tRNA	trnG(ucc)	tRNA-Gly	7277-7337:1
PP790749.1	tRNA	trnY(gua)	tRNA-Tyr	7337-7399:1
PP790749.1	CDS	COX3	cytochrome c oxidase subunit III	7415-8204:1
PP790749.1	tRNA	trnQ(uug)	tRNA-Gln	8205-8263:1
PP790749.1	CDS	ND6	NADH dehydrogenase subunit 6	8263-8740:1
PP790749.1	CDS	CYTB	cytochrome b	8732-9869:1
PP790749.1	tRNA	trnW(uca)	tRNA-Trp	9870-9930:1
PP790749.1	CDS	ATP6	ATP synthase F0 subunit 6	9930-10642:1
PP790749.1	tRNA	trnR(ucg)	tRNA-Arg	10643-10686:1
PP790749.1	tRNA	trnE(uuc)	tRNA-Glu	10686-10748:1
PP790749.1	tRNA	trnH(gug)	tRNA-His	11290-11351:1
PP790749.1	CDS	ND5	NADH dehydrogenase subunit 5	11351-13072:1
PP790749.1	tRNA	trnF(gaa)	tRNA-Phe	13073-13133:1
PP790749.1	tRNA	trnP(ugg)	tRNA-Pro	13133-13195:1
PP790749.1	tRNA	trnT(ugu)	tRNA-Thr	13195-13256:1
PP790749.1	CDS	ND4L	NADH dehydrogenase subunit 4L	13256-13553:1
PP790749.1	CDS	ND4	NADH dehydrogenase subunit 4	13546-14905:1
PP790749.1	tRNA	trnC(gca)	tRNA-Cys	14906-14965:1
PP790749.1	tRNA	trnM(cau)	tRNA-Met	14965-15029:1
PP895294.1	CDS	COX3	cytochrome c oxidase subunit III	27-808:1
PP895294.1	tRNA	trnK	tRNA-Lys	808-875:1
PP895294.1	CDS	COX2	cytochrome c oxidase subunit II	875-1565:1
PP895294.1	tRNA	trnD	tRNA-Asp	1584-1648:1
PP895294.1	CDS	ATP8	ATP synthase F0 subunit 8	1650-1806:1
PP895294.1	tRNA	trnN	tRNA-Asn	1815-1882:1
PP895294.1	CDS	COX1	cytochrome c oxidase subunit I	1916-2681:1,2975-3797:1
PP895294.1	tRNA	trnA	tRNA-Ala	3804-3869:1
PP895294.1	tRNA	trnL2	tRNA-Leu	3869-3935:1
PP895294.1	CDS	ND1	NADH dehydrogenase subunit 1	3935-4862:1
PP895294.1	tRNA	trnR	tRNA-Arg	4867-4934:1
PP895294.1	tRNA	trnT	tRNA-Thr	4944-5015:1
PP895294.1	tRNA	trnI	tRNA-Ile	5030-5097:1
PP895294.1	CDS	ND6	NADH dehydrogenase subunit 6	5097-5583:1
PP895294.1	tRNA	trnG	tRNA-Gly	5597-5664:1
PP895294.1	CDS	ATP6	ATP synthase F0 subunit 6	5665-6376:1
PP895294.1	tRNA	trnQ	tRNA-Gln	6378-6447:1
PP895294.1	tRNA	trnW	tRNA-Trp	6452-6514:1
PP895294.1	tRNA	trnC	tRNA-Cys	6520-6586:1
PP895294.1	tRNA	trnM2	tRNA-Met	6605-6671:1
PP895294.1	tRNA	trnY	tRNA-Tyr	6675-6739:1
PP895294.1	tRNA	trnM1	tRNA-Met	6739-6808:1
PP895294.1	rRNA	rrnS	12S ribosomal RNA	6808-7667:1
PP895294.1	tRNA	trnV	tRNA-Val	7667-7735:1
PP895294.1	rRNA	rrnL	16S ribosomal RNA	7735-9077:1
PP895294.1	tRNA	trnL1	tRNA-Leu	9079-9143:1
PP895294.1	CDS	ND3	NADH dehydrogenase subunit 3	9168-9519:1
PP895294.1	tRNA	trnS1	tRNA-Ser	9520-9593:1
PP895294.1	CDS	ND2	NADH dehydrogenase subunit 2	9625-10585:1
PP895294.1	tRNA	trnP	tRNA-Pro	10592-10665:1
PP895294.1	CDS	CYTB	cytochrome b	11381-12542:1
PP895294.1	tRNA	trnS2	tRNA-Ser	12545-12612:1
PP895294.1	CDS	ND4L	NADH dehydrogenase subunit 4L	12621-12903:1
PP895294.1	CDS	ND4	NADH dehydrogenase subunit 4	12905-14267:1
PP895294.1	tRNA	trnH	tRNA-His	14267-14332:1
PP895294.1	CDS	ND5	NADH dehydrogenase subunit 5	14376-16047:1
PP895295.1	CDS	CYTB	cytochrome b	626-1796:1
PP895295.1	tRNA	trnS2	tRNA-Ser	1794-1860:1
PP895295.1	CDS	ND4L	NADH dehydrogenase subunit 4L	1860-2151:1
PP895295.1	CDS	ND4	NADH dehydrogenase subunit 4	2222-3509:1
PP895295.1	tRNA	trnH	tRNA-His	3521-3585:1
PP895295.1	CDS	ND5	NADH dehydrogenase subunit 5	3633-5301:1
PP895295.1	tRNA	trnE	tRNA-Glu	5325-5390:1
PP895295.1	tRNA	trnF	tRNA-Phe	5407-5471:1
PP895295.1	CDS	COX3	cytochrome c oxidase subunit III	5473-6251:1
PP895295.1	tRNA	trnK	tRNA-Lys	6251-6319:1
PP895295.1	CDS	COX2	cytochrome c oxidase subunit II	6320-7013:1
PP895295.1	tRNA	trnD	tRNA-Asp	7016-7086:1
PP895295.1	CDS	ATP8	ATP synthase F0 subunit 8	7087-7243:1
PP895295.1	tRNA	trnN	tRNA-Asn	7248-7316:1
PP895295.1	CDS	COX1	cytochrome c oxidase subunit I	7345-8119:1,8385-9219:1
PP895295.1	tRNA	trnA	tRNA-Ala	9251-9315:1
PP895295.1	tRNA	trnL2	tRNA-Leu	9319-9386:1
PP895295.1	CDS	ND1	NADH dehydrogenase subunit 1	9386-10316:1
PP895295.1	tRNA	trnR	tRNA-Arg	10322-10389:1
PP895295.1	tRNA	trnT	tRNA-Thr	10403-10468:1
PP895295.1	tRNA	trnI	tRNA-Ile	10468-10533:1
PP895295.1	CDS	ND6	NADH dehydrogenase subunit 6	10534-11026:1
PP895295.1	tRNA	trnG	tRNA-Gly	11025-11090:1
PP895295.1	CDS	ATP6	ATP synthase F0 subunit 6	11091-11805:1
PP895295.1	tRNA	trnQ	tRNA-Gln	11813-11882:1
PP895295.1	tRNA	trnW	tRNA-Trp	11882-11944:1
PP895295.1	tRNA	trnC	tRNA-Cys	11944-12009:1
PP895295.1	tRNA	trnM1	tRNA-Met	12009-12076:1
PP895295.1	tRNA	trnY	tRNA-Tyr	12077-12141:1
PP895295.1	tRNA	trnM2	tRNA-Met	12141-12208:1
PP895295.1	rRNA	rrnS	12S ribosomal RNA	12236-13093:1
PP895295.1	tRNA	trnV	tRNA-Val	13093-13159:1
PP895295.1	rRNA	rrnL	16S ribosomal RNA	13159-14480:1
PP895295.1	tRNA	trnL1	tRNA-Leu	14480-14544:1
PP895295.1	CDS	ND3	NADH dehydrogenase subunit 3	14566-14917:1
PP895295.1	tRNA	trnS1	tRNA-Ser	14916-14989:1
PP895295.1	CDS	ND2	NADH dehydrogenase subunit 2	15021-15964:1
PP895295.1	tRNA	trnP	tRNA-Pro	15980-16051:1
PP895296.1	CDS	CYTB	cytochrome b	423-1578:1
PP895296.1	tRNA	trnS2	tRNA-Ser	1577-1644:1
PP895296.1	CDS	ND4L	NADH dehydrogenase subunit 4L	1652-1934:1
PP895296.1	CDS	ND4	NADH dehydrogenase subunit 4	1930-3280:1
PP895296.1	tRNA	trnH	tRNA-His	3279-3346:1
PP895296.1	CDS	ND5	NADH dehydrogenase subunit 5	3357-5061:1
PP895296.1	tRNA	trnE	tRNA-Glu	5069-5139:1
PP895296.1	tRNA	trnF	tRNA-Phe	5142-5206:1
PP895296.1	CDS	COX3	cytochrome c oxidase subunit III	5207-5985:1
PP895296.1	tRNA	trnK	tRNA-Lys	5985-6051:1
PP895296.1	CDS	COX2	cytochrome c oxidase subunit II	6051-6747:1
PP895296.1	tRNA	trnD	tRNA-Asp	6750-6818:1
PP895296.1	CDS	ATP8	ATP synthase F0 subunit 8	6819-6975:1
PP895296.1	tRNA	trnN	tRNA-Asn	6984-7049:1
PP895296.1	CDS	COX1	cytochrome c oxidase subunit I	7081-7846:1,8149-8974:1
PP895296.1	tRNA	trnA	tRNA-Ala	8995-9061:1
PP895296.1	tRNA	trnL2	tRNA-Leu	9061-9129:1
PP895296.1	CDS	ND1	NADH dehydrogenase subunit 1	9129-10059:1
PP895296.1	tRNA	trnR	tRNA-Arg	10061-10128:1
PP895296.1	tRNA	trnT	tRNA-Thr	10138-10202:1
PP895296.1	tRNA	trnI	tRNA-Ile	10203-10268:1
PP895296.1	CDS	ND6	NADH dehydrogenase subunit 6	10269-10761:1
PP895296.1	tRNA	trnG	tRNA-Gly	10760-10826:1
PP895296.1	CDS	ATP6	ATP synthase F0 subunit 6	10827-11538:1
PP895296.1	tRNA	trnQ	tRNA-Gln	11545-11612:1
PP895296.1	tRNA	trnW	tRNA-Trp	11612-11673:1
PP895296.1	tRNA	trnC	tRNA-Cys	11673-11737:1
PP895296.1	tRNA	trnM1	tRNA-Met	11740-11804:1
PP895296.1	tRNA	trnY	tRNA-Tyr	11808-11870:1
PP895296.1	tRNA	trnM2	tRNA-Met	11870-11933:1
PP895296.1	rRNA	rrnS	12S ribosomal RNA	11966-12818:1
PP895296.1	tRNA	trnV	tRNA-Val	12818-12883:1
PP895296.1	rRNA	rrnL	16S ribosomal RNA	12883-14207:1
PP895296.1	tRNA	trnL1	tRNA-Leu	14207-14272:1
PP895296.1	CDS	ND3	NADH dehydrogenase subunit 3	14298-14655:1
PP895296.1	tRNA	trnS1	tRNA-Ser	14654-14727:1
PP895296.1	CDS	ND2	NADH dehydrogenase subunit 2	14735-15720:1
PP895296.1	tRNA	trnP	tRNA-Pro	15721-15792:1
PP922154.1	CDS	COX1	cytochrome c oxidase subunit I	0-1545:1
PP922154.1	tRNA		tRNA-Asn	1546-1607:1
PP922154.1	CDS	COX2	cytochrome c oxidase subunit II	1607-2294:1
PP922154.1	tRNA		tRNA-Asp	2293-2354:1
PP922154.1	CDS	ATP8	ATP synthase F0 subunit 8	2354-2514:1
PP922154.1	tRNA		tRNA-Tyr	2513-2575:1
PP922154.1	tRNA		tRNA-Gly	2574-2636:1
PP922154.1	CDS	COX3	cytochrome c oxidase subunit III	2636-3414:1
PP922154.1	tRNA		tRNA-Gln	3417-3484:1
PP922154.1	CDS	ND6	NADH dehydrogenase subunit 6	3484-3952:1
PP922154.1	CDS	CYTB	cytochrome b	3953-5093:1
PP922154.1	tRNA		tRNA-Trp	5092-5153:1
PP922154.1	CDS	ATP6	ATP synthase F0 subunit 6	5154-5850:1
PP922154.1	tRNA		tRNA-Arg	5850-5917:1
PP922154.1	tRNA		tRNA-His	6925-6987:1
PP922154.1	CDS	ND5	NADH dehydrogenase subunit 5	6987-8709:1
PP922154.1	tRNA		tRNA-Phe	8708-8770:1
PP922154.1	tRNA		tRNA-Glu	8770-8832:1
PP922154.1	tRNA		tRNA-Pro	8831-8893:1
PP922154.1	tRNA		tRNA-Thr	8893-8956:1
PP922154.1	CDS	ND4L	NADH dehydrogenase subunit 4L	8956-9253:1
PP922154.1	CDS	ND4	NADH dehydrogenase subunit 4	9246-10605:1
PP922154.1	tRNA		tRNA-Cys	10609-10674:1
PP922154.1	tRNA		tRNA-Met	10674-10737:1
PP922154.1	rRNA		12S ribosomal RNA	10736-11515:1
PP922154.1	tRNA		tRNA-Val	11515-11578:1
PP922154.1	rRNA		16S ribosomal RNA	11579-12811:1
PP922154.1	tRNA		tRNA-Leu	12811-12872:1
PP922154.1	tRNA		tRNA-Ala	12872-12934:1
PP922154.1	tRNA		tRNA-Ser	12934-12999:1
PP922154.1	tRNA		tRNA-Leu	12999-13062:1
PP922154.1	CDS	ND1	NADH dehydrogenase subunit 1	13062-13986:1
PP922154.1	tRNA		tRNA-Ile	13987-14053:1
PP922154.1	tRNA		tRNA-Lys	14053-14116:1
PP922154.1	CDS	ND3	NADH dehydrogenase subunit 3	14116-14470:1
PP922154.1	tRNA		tRNA-Ser	14470-14533:1
PP922154.1	CDS	ND2	NADH dehydrogenase subunit 2	14533-15539:1
PP944313.1	CDS	COX1	cytochrome c oxidase subunit I	0-1534:1
PP944313.1	tRNA	trnN(guu)	tRNA-Asn	1534-1598:1
PP944313.1	CDS	COX2	cytochrome c oxidase subunit II	1598-2291:1
PP944313.1	tRNA	trnD(guc)	tRNA-Asp	2300-2367:1
PP944313.1	CDS	ATP8	ATP synthase F0 subunit 8	2367-2524:1
PP944313.1	tRNA	trnY(gua)	tRNA-Tyr	2524-2591:1
PP944313.1	CDS	COX3	cytochrome c oxidase subunit III	2591-3369:1
PP944313.1	tRNA	trnQ(uug)	tRNA-Gln	3369-3438:1
PP944313.1	CDS	ND6	NADH dehydrogenase subunit 6	3438-3909:1
PP944313.1	CDS	CYTB	cytochrome b	3901-5041:1
PP944313.1	tRNA	trnW(uca)	tRNA-Trp	5039-5102:1
PP944313.1	CDS	ATP6	ATP synthase F0 subunit 6	5102-5801:1
PP944313.1	tRNA	trnR(ucg)	tRNA-Arg	5805-5866:1
PP944313.1	tRNA	trnH(gug)	tRNA-His	5867-5929:1
PP944313.1	CDS	ND5	NADH dehydrogenase subunit 5	5929-7670:1
PP944313.1	tRNA	trnF(gaa)	tRNA-Phe	7670-7735:1
PP944313.1	tRNA	trnP(ugg)	tRNA-Pro	7738-7802:1
PP944313.1	tRNA	trnT(ugu)	tRNA-Thr	7804-7869:1
PP944313.1	CDS	ND4L	NADH dehydrogenase subunit 4L	7869-8154:1
PP944313.1	CDS	ND4	NADH dehydrogenase subunit 4	8147-9507:1
PP944313.1	tRNA	trnC(gca)	tRNA-Cys	9507-9570:1
PP944313.1	tRNA	trnG(ucc)	tRNA-Gly	9852-9917:1
PP944313.1	tRNA	trnM(cau)	tRNA-Met	9920-9985:1
PP944313.1	rRNA	rrn12	12S ribosomal RNA	9986-10818:1
PP944313.1	tRNA	trnV(uac)	tRNA-Val	10818-10882:1
PP944313.1	rRNA	rrn16	16S ribosomal RNA	10882-12162:1
PP944313.1	tRNA	trnL(uag)	tRNA-Leu	12162-12227:1
PP944313.1	tRNA	trnS(uga)	tRNA-Ser	12227-12294:1
PP944313.1	tRNA	trnA(ugc)	tRNA-Ala	12294-12358:1
PP944313.1	tRNA	trnE(uuc)	tRNA-Glu	12362-12429:1
PP944313.1	tRNA	trnL(uaa)	tRNA-Leu	13906-13968:1
PP944313.1	CDS	ND1	NADH dehydrogenase subunit 1	13968-14901:1
PP944313.1	tRNA	trnI(gau)	tRNA-Ile	14903-14968:1
PP944313.1	tRNA	trnK(uuu)	tRNA-Lys	14979-15041:1
PP944313.1	CDS	ND3	NADH dehydrogenase subunit 3	15041-15395:1
PP944313.1	tRNA	trnS(ucu)	tRNA-Ser	15395-15465:1
PP944313.1	CDS	ND2	NADH dehydrogenase subunit 2	15477-16468:1
PP949969.1	CDS	COX1	cytochrome c oxidase subunit I	0-1542:1
PP949969.1	tRNA	trnN(guu)	tRNA-Asn	1550-1611:1
PP949969.1	CDS	COX2	cytochrome c oxidase subunit II	1612-2299:1
PP949969.1	tRNA	trnD(guc)	tRNA-Asp	2298-2360:1
PP949969.1	CDS	ATP8	ATP synthase F0 subunit 8	2360-2520:1
PP949969.1	tRNA	trnY(gua)	tRNA-Tyr	2520-2582:1
PP949969.1	tRNA	trnG(ucc)	tRNA-Gly	2580-2643:1
PP949969.1	CDS	COX3	cytochrome c oxidase subunit III	2643-3421:1
PP949969.1	tRNA	trnQ(uug)	tRNA-Gln	3421-3490:1
PP949969.1	CDS	ND6	NADH dehydrogenase subunit 6	3490-3956:1
PP949969.1	CDS	CYTB	cytochrome b	3956-5096:1
PP949969.1	tRNA	trnW(uca)	tRNA-Trp	5094-5157:1
PP949969.1	CDS	ATP6	ATP synthase F0 subunit 6	5159-5855:1
PP949969.1	tRNA	trnR(ucg)	tRNA-Arg	5853-5914:1
PP949969.1	tRNA	trnH(gug)	tRNA-His	6472-6535:1
PP949969.1	CDS	ND5	NADH dehydrogenase subunit 5	6535-8252:1
PP949969.1	tRNA	trnF(gaa)	tRNA-Phe	8252-8314:1
PP949969.1	tRNA	trnE(uuc)	tRNA-Glu	8314-8374:1
PP949969.1	tRNA	trnP(ugg)	tRNA-Pro	8374-8435:1
PP949969.1	tRNA	trnT(ugu)	tRNA-Thr	8435-8502:1
PP949969.1	CDS	ND4L	NADH dehydrogenase subunit 4L	8502-8799:1
PP949969.1	CDS	ND4	NADH dehydrogenase subunit 4	8792-10149:1
PP949969.1	tRNA	trnC(gca)	tRNA-Cys	10149-10213:1
PP949969.1	tRNA	trnM(cau)	tRNA-Met	10213-10276:1
PP949969.1	rRNA		12S ribosomal RNA	10276-11060:1
PP949969.1	tRNA		tRNA-Val	11060-11122:1
PP949969.1	rRNA		16S ribosomal RNA	11120-12371:1
PP949969.1	tRNA	trnL(uag)	tRNA-Leu	12373-12433:1
PP949969.1	tRNA	trnA(ugc)	tRNA-Ala	12433-12495:1
PP949969.1	tRNA	trnS(uga)	tRNA-Ser	12493-12559:1
PP949969.1	tRNA	trnL(uaa)	tRNA-Leu	12559-12621:1
PP949969.1	CDS	ND1	NADH dehydrogenase subunit 1	12622-13544:1
PP949969.1	tRNA	trnI(gau)	tRNA-Ile	13544-13608:1
PP949969.1	tRNA	trnK(uuu)	tRNA-Lys	13608-13673:1
PP949969.1	CDS	ND3	NADH dehydrogenase subunit 3	13673-14027:1
PP949969.1	tRNA	trnS(ucu)	tRNA-Ser	14025-14089:1
PP949969.1	CDS	ND2	NADH dehydrogenase subunit 2	14089-15095:1
PP965186.1	CDS	COX1	cytochrome c oxidase subunit I	0-1545:1
PP965186.1	tRNA		tRNA-Asn	1546-1607:1
PP965186.1	CDS	COX2	cytochrome c oxidase subunit II	1607-2294:1
PP965186.1	tRNA		tRNA-Asp	2293-2354:1
PP965186.1	CDS	ATP8	ATP synthase F0 subunit 8	2354-2514:1
PP965186.1	tRNA		tRNA-Tyr	2514-2576:1
PP965186.1	tRNA		tRNA-Gly	2576-2637:1
PP965186.1	CDS	COX3	cytochrome c oxidase subunit III	2637-3417:1
PP965186.1	tRNA		tRNA-Gln	3418-3486:1
PP965186.1	CDS	ND6	NADH dehydrogenase subunit 6	3486-3954:1
PP965186.1	CDS	CYTB	cytochrome b	3955-5095:1
PP965186.1	tRNA		tRNA-Trp	5094-5156:1
PP965186.1	CDS	ATP6	ATP synthase F0 subunit 6	5157-5853:1
PP965186.1	tRNA		tRNA-Arg	5853-5921:1
PP965186.1	tRNA		tRNA-His	6707-6769:1
PP965186.1	CDS	ND5	NADH dehydrogenase subunit 5	6769-8491:1
PP965186.1	tRNA		tRNA-Phe	8491-8555:1
PP965186.1	tRNA		tRNA-Glu	8555-8618:1
PP965186.1	tRNA		tRNA-Pro	8617-8679:1
PP965186.1	tRNA		tRNA-Thr	8680-8744:1
PP965186.1	CDS	ND4L	NADH dehydrogenase subunit 4L	8744-9041:1
PP965186.1	CDS	ND4	NADH dehydrogenase subunit 4	9034-10393:1
PP965186.1	tRNA		tRNA-Cys	10392-10456:1
PP965186.1	tRNA		tRNA-Met	10456-10517:1
PP965186.1	rRNA		12S ribosomal RNA	10517-11296:1
PP965186.1	tRNA		tRNA-Val	11296-11358:1
PP965186.1	rRNA		16S ribosomal RNA	11358-12597:1
PP965186.1	tRNA		tRNA-Leu	12597-12658:1
PP965186.1	tRNA		tRNA-Ala	12658-12719:1
PP965186.1	tRNA		tRNA-Ser	12719-12784:1
PP965186.1	tRNA		tRNA-Leu	12784-12845:1
PP965186.1	CDS	ND1	NADH dehydrogenase subunit 1	12846-13767:1
PP965186.1	tRNA		tRNA-Ile	13768-13833:1
PP965186.1	tRNA		tRNA-Lys	13833-13898:1
PP965186.1	CDS	ND3	NADH dehydrogenase subunit 3	13897-14251:1
PP965186.1	tRNA		tRNA-Ser	14251-14314:1
PP965186.1	CDS	ND2	NADH dehydrogenase subunit 2	14314-15320:1
PP975882.1	CDS	COX1	cytochrome c oxidase subunit I	0-1530:1
PP975882.1	tRNA		tRNA-Gly	1549-1620:1
PP975882.1	tRNA		tRNA-Phe	1643-1723:1
PP975882.1	CDS	ND6	NADH dehydrogenase subunit 6	1730-2204:1
PP975882.1	tRNA		tRNA-Thr	2204-2268:1
PP975882.1	tRNA		tRNA-Asp	2269-2340:1
PP975882.1	CDS	COX2	cytochrome c oxidase subunit II	2342-3029:1
PP975882.1	tRNA		tRNA-Gln	3029-3106:1
PP975882.1	tRNA		tRNA-Leu	3129-3211:1
PP975882.1	rRNA		12S ribosomal RNA	3216-4028:1
PP975882.1	CDS	ATP8	ATP synthase F0 subunit 8	4114-4267:1
PP975882.1	CDS	ATP6	ATP synthase F0 subunit 6	4278-4962:1
PP975882.1	tRNA		tRNA-Ile	4991-5061:1
PP975882.1	CDS	ND4	NADH dehydrogenase subunit 4	5064-6393:1
PP975882.1	tRNA		tRNA-Trp	6393-6448:1
PP975882.1	tRNA		tRNA-Ser	6448-6512:1
PP975882.1	tRNA		tRNA-Lys	6513-6573:1
PP975882.1	CDS	ND2	NADH dehydrogenase subunit 2	6574-7522:1
PP975882.1	tRNA		tRNA-Glu	7537-7592:1
PP975882.1	tRNA		tRNA-Leu	7652-7715:1
PP975882.1	tRNA		tRNA-Arg	7740-7811:1
PP975882.1	CDS	CYTB	cytochrome b	7818-8961:1
PP975882.1	tRNA		tRNA-Ser	8962-9031:1
PP975882.1	CDS	ND3	NADH dehydrogenase subunit 3	9085-9427:1
PP975882.1	CDS	COX3	cytochrome c oxidase subunit III	9515-10244:1
PP975882.1	CDS	ND5	NADH dehydrogenase subunit 5	10949-12632:1
PP975882.1	tRNA		tRNA-His	12634-12696:1
PP975882.1	tRNA		tRNA-Asn	12721-12790:1
PP975882.1	tRNA		tRNA-Tyr	12791-12854:1
PP975882.1	rRNA		16S ribosomal RNA	12855-14306:1
PP975882.1	tRNA		tRNA-Ala	14314-14385:1
PP975882.1	CDS	ND1	NADH dehydrogenase subunit 1	14401-15292:1
PP975882.1	CDS	ND4L	NADH dehydrogenase subunit 4L	15298-15580:1
PP975882.1	tRNA		tRNA-Cys	15637-15710:1
PP975882.1	tRNA		tRNA-Pro	15984-16064:1
PP975882.1	tRNA		tRNA-Val	16074-16141:1
PP975882.1	tRNA		tRNA-Met	16265-16339:1
PP990759.1	CDS	COX1	cytochrome c oxidase subunit I	0-1537:1
PP990759.1	tRNA		tRNA-Asn	1537-1599:1
PP990759.1	CDS	COX2	cytochrome c oxidase subunit II	1599-2286:1
PP990759.1	tRNA		tRNA-Asp	2286-2348:1
PP990759.1	CDS	ATP8	ATP synthase F0 subunit 8	2349-2514:1
PP990759.1	tRNA		tRNA-Tyr	2514-2577:1
PP990759.1	tRNA		tRNA-Gly	2576-2641:1
PP990759.1	CDS	COX3	cytochrome c oxidase subunit III	2641-3421:1
PP990759.1	tRNA		tRNA-Gln	3421-3489:1
PP990759.1	CDS	ND6	NADH dehydrogenase subunit 6	3489-3966:1
PP990759.1	CDS	CYTB	cytochrome b	3979-5119:1
PP990759.1	tRNA		tRNA-Trp	5122-5190:1
PP990759.1	CDS	ATP6	ATP synthase F0 subunit 6	5190-5890:1
PP990759.1	tRNA		tRNA-Arg	5890-5951:1
PP990759.1	tRNA		tRNA-Lys	7373-7435:1
PP990759.1	tRNA		tRNA-His	7447-7510:1
PP990759.1	CDS	ND5	NADH dehydrogenase subunit 5	7510-9236:1
PP990759.1	tRNA		tRNA-Phe	9236-9302:1
PP990759.1	tRNA		tRNA-Glu	9304-9368:1
PP990759.1	tRNA		tRNA-Pro	9369-9434:1
PP990759.1	tRNA		tRNA-Thr	9433-9497:1
PP990759.1	CDS	ND4L	NADH dehydrogenase subunit 4L	9497-9797:1
PP990759.1	CDS	ND4	NADH dehydrogenase subunit 4	9790-11158:1
PP990759.1	tRNA		tRNA-Cys	11160-11223:1
PP990759.1	tRNA		tRNA-Met	11223-11288:1
PP990759.1	rRNA	rrnS	12S ribosomal RNA	11290-12131:1
PP990759.1	tRNA		tRNA-Val	12131-12199:1
PP990759.1	rRNA	rrnL	16S ribosomal RNA	12199-13540:1
PP990759.1	tRNA		tRNA-Leu	13540-13605:1
PP990759.1	tRNA		tRNA-Ala	13607-13669:1
PP990759.1	tRNA		tRNA-Ser	13669-13736:1
PP990759.1	tRNA		tRNA-Leu	13736-13799:1
PP990759.1	CDS	ND1	NADH dehydrogenase subunit 1	13799-14733:1
PP990759.1	tRNA		tRNA-Ile	14733-14802:1
PP990759.1	CDS	ND3	NADH dehydrogenase subunit 3	14828-15182:1
PP990759.1	tRNA		tRNA-Ser	15180-15249:1
PP990759.1	CDS	ND2	NADH dehydrogenase subunit 2	15273-16257:1
PP999651.1	tRNA	trnQ(uug)	tRNA-Gln	394-459:1
PP999651.1	CDS	ND6	NADH dehydrogenase subunit 6	460-940:1
PP999651.1	CDS	CYTB	cytochrome b	951-2082:1
PP999651.1	tRNA	trnS(uga)	tRNA-Ser	2081-2148:1
PP999651.1	tRNA	trnL(uaa)	tRNA-Leu	2148-2210:1
PP999651.1	CDS	ND1	NADH dehydrogenase subunit 1	2210-3131:1
PP999651.1	tRNA	trnW(uca)	tRNA-Trp	3141-3204:1
PP999651.1	CDS	ATP6	ATP synthase F0 subunit 6	3206-3914:1
PP999651.1	tRNA	trnR(ucg)	tRNA-Arg	3913-3977:1
PP999651.1	tRNA	trnH(gug)	tRNA-His	3982-4046:1
PP999651.1	CDS	ND5	NADH dehydrogenase subunit 5	4052-5766:1
PP999651.1	tRNA	trnF(gaa)	tRNA-Phe	5766-5829:1
PP999651.1	tRNA	trnP(ugg)	tRNA-Pro	5829-5892:1
PP999651.1	tRNA	trnT(ugu)	tRNA-Thr	5893-5957:1
PP999651.1	CDS	ND4L	NADH dehydrogenase subunit 4L	5984-6248:1
PP999651.1	CDS	ND4	NADH dehydrogenase subunit 4	6241-7585:1
PP999651.1	CDS	COX1	cytochrome c oxidase subunit I	7622-9183:1
PP999651.1	tRNA	trnN(guu)	tRNA-Asn	9183-9249:1
PP999651.1	CDS	COX2	cytochrome c oxidase subunit II	9249-9936:1
PP999651.1	tRNA	trnD(guc)	tRNA-Asp	9934-9999:1
PP999651.1	CDS	ATP8	ATP synthase F0 subunit 8	10000-10158:1
PP999651.1	tRNA	trnY(gua)	tRNA-Tyr	10157-10222:1
PP999651.1	tRNA	trnE(uuc)	tRNA-Glu	10226-10290:1
PP999651.1	tRNA	trnC(gca)	tRNA-Cys	10291-10354:1
PP999651.1	tRNA	trnM(cau)	tRNA-Met	10354-10417:1
PP999651.1	tRNA	trnM(cau)	tRNA-Met	10421-10486:1
PP999651.1	rRNA	rrn12	12S ribosomal RNA	10487-11313:1
PP999651.1	tRNA	trnV(uac)	tRNA-Val	11307-11372:1
PP999651.1	rRNA	rrn16	16S ribosomal RNA	11340-12652:1
PP999651.1	tRNA	trnL(uag)	tRNA-Leu	12649-12712:1
PP999651.1	tRNA	trnA(ugc)	tRNA-Ala	12712-12776:1
PP999651.1	tRNA	trnI(gau)	tRNA-Ile	12776-12841:1
PP999651.1	CDS	ND3	NADH dehydrogenase subunit 3	12882-13236:1
PP999651.1	tRNA	trnS(ucu)	tRNA-Ser	13234-13302:1
PP999651.1	CDS	ND2	NADH dehydrogenase subunit 2	13302-14323:1
PP999651.1	tRNA	trnG(ucc)	tRNA-Gly	14323-14388:1
PP999651.1	CDS	COX3	cytochrome c oxidase subunit III	14388-15168:1
PP999651.1	tRNA	trnK(uuu)	tRNA-Lys	15170-15236:1
PQ015122.1	CDS	COX1	cytochrome c oxidase subunit I	0-1542:1
PQ015122.1	tRNA		tRNA-Asn	1545-1609:1
PQ015122.1	CDS	COX2	cytochrome c oxidase subunit II	1610-2297:1
PQ015122.1	tRNA		tRNA-Asp	2296-2357:1
PQ015122.1	CDS	ATP8	ATP synthase F0 subunit 8	2357-2520:1
PQ015122.1	tRNA		tRNA-Tyr	2520-2584:1
PQ015122.1	tRNA		tRNA-Gly	2583-2645:1
PQ015122.1	CDS	COX3	cytochrome c oxidase subunit III	2645-3425:1
PQ015122.1	tRNA		tRNA-Gln	3425-3494:1
PQ015122.1	CDS	ND6	NADH dehydrogenase subunit 6	3494-3962:1
PQ015122.1	CDS	CYTB	cytochrome b	3965-5102:1
PQ015122.1	tRNA		tRNA-Trp	5102-5164:1
PQ015122.1	CDS	ATP6	ATP synthase F0 subunit 6	5165-5861:1
PQ015122.1	tRNA		tRNA-Arg	5861-5926:1
PQ015122.1	tRNA		tRNA-His	7076-7140:1
PQ015122.1	CDS	ND5	NADH dehydrogenase subunit 5	7140-8862:1
PQ015122.1	tRNA		tRNA-Phe	8862-8924:1
PQ015122.1	tRNA		tRNA-Glu	8923-8985:1
PQ015122.1	tRNA		tRNA-Pro	8985-9048:1
PQ015122.1	tRNA		tRNA-Thr	9047-9110:1
PQ015122.1	CDS	ND4L	NADH dehydrogenase subunit 4L	9110-9407:1
PQ015122.1	CDS	ND4	NADH dehydrogenase subunit 4	9400-10757:1
PQ015122.1	tRNA		tRNA-Cys	10757-10822:1
PQ015122.1	tRNA		tRNA-Met	10823-10886:1
PQ015122.1	rRNA		12S ribosomal RNA	10886-11672:1
PQ015122.1	tRNA		tRNA-Val	11672-11735:1
PQ015122.1	rRNA		16S ribosomal RNA	11736-12977:1
PQ015122.1	tRNA		tRNA-Leu	12978-13041:1
PQ015122.1	tRNA		tRNA-Ala	13042-13104:1
PQ015122.1	tRNA		tRNA-Ser	13104-13167:1
PQ015122.1	tRNA		tRNA-Leu	13168-13231:1
PQ015122.1	CDS	ND1	NADH dehydrogenase subunit 1	13232-14156:1
PQ015122.1	tRNA		tRNA-Ile	14156-14220:1
PQ015122.1	tRNA		tRNA-Lys	14220-14283:1
PQ015122.1	CDS	ND3	NADH dehydrogenase subunit 3	14283-14637:1
PQ015122.1	tRNA		tRNA-Ser	14637-14700:1
PQ015122.1	CDS	ND2	NADH dehydrogenase subunit 2	14700-15706:1
PQ278996.1	tRNA	trnH(gug)	tRNA-His	0-68:1
PQ278996.1	CDS	ND5	NADH dehydrogenase subunit 5	68-1790:1
PQ278996.1	tRNA	trnF(gaa)	tRNA-Phe	1791-1856:1
PQ278996.1	tRNA	trnE(uuc)	tRNA-Glu	1856-1921:1
PQ278996.1	tRNA	trnP(ugg)	tRNA-Pro	1922-1989:1
PQ278996.1	tRNA	trnT(ugu)	tRNA-Thr	2002-2070:1
PQ278996.1	CDS	ND4L	NADH dehydrogenase subunit 4L	2070-2367:1
PQ278996.1	CDS	ND4	NADH dehydrogenase subunit 4	2360-3720:1
PQ278996.1	tRNA	trnC(gca)	tRNA-Cys	3720-3788:1
PQ278996.1	tRNA	trnM(cau)	tRNA-Met	3788-3853:1
PQ278996.1	rRNA	rrn12	12S ribosomal RNA	3851-4645:1
PQ278996.1	tRNA	trnV(uac)	tRNA-Val	4645-4709:1
PQ278996.1	rRNA	rrn16	16S ribosomal RNA	4709-5935:1
PQ278996.1	tRNA	trnL(uag)	tRNA-Leu	5935-5998:1
PQ278996.1	tRNA	trnA(ugc)	tRNA-Ala	6008-6070:1
PQ278996.1	tRNA	trnS(uga)	tRNA-Ser	6069-6136:1
PQ278996.1	tRNA	trnL(uaa)	tRNA-Leu	6136-6199:1
PQ278996.1	CDS	ND1	NADH dehydrogenase subunit 1	6199-7124:1
PQ278996.1	tRNA	trnI(gau)	tRNA-Ile	7124-7188:1
PQ278996.1	tRNA	trnK(uuu)	tRNA-Lys	7194-7262:1
PQ278996.1	CDS	ND3	NADH dehydrogenase subunit 3	7262-7616:1
PQ278996.1	tRNA	trnS(ucu)	tRNA-Ser	7631-7695:1
PQ278996.1	CDS	ND2	NADH dehydrogenase subunit 2	7695-8709:1
PQ278996.1	CDS	COX1	cytochrome c oxidase subunit I	8711-10251:1
PQ278996.1	tRNA	trnN(guu)	tRNA-Asn	10252-10320:1
PQ278996.1	CDS	COX2	cytochrome c oxidase subunit II	10321-11008:1
PQ278996.1	tRNA	trnD(guc)	tRNA-Asp	11008-11075:1
PQ278996.1	CDS	ATP8	ATP synthase F0 subunit 8	11076-11233:1
PQ278996.1	tRNA	trnY(gua)	tRNA-Tyr	11233-11299:1
PQ278996.1	tRNA	trnG(ucc)	tRNA-Gly	11297-11361:1
PQ278996.1	CDS	COX3	cytochrome c oxidase subunit III	11362-12140:1
PQ278996.1	tRNA	trnQ(uug)	tRNA-Gln	12140-12210:1
PQ278996.1	CDS	ND6	NADH dehydrogenase subunit 6	12210-12676:1
PQ278996.1	CDS	CYTB	cytochrome b	12676-13816:1
PQ278996.1	tRNA	trnW(uca)	tRNA-Trp	13815-13880:1
PQ278996.1	CDS	ATP6	ATP synthase F0 subunit 6	13881-14577:1
PQ278996.1	tRNA	trnR(ucg)	tRNA-Arg	14575-14637:1
PQ278998.1	tRNA	trnH(gug)	tRNA-His	0-64:1
PQ278998.1	CDS	ND5	NADH dehydrogenase subunit 5	64-1786:1
PQ278998.1	tRNA	trnF(gaa)	tRNA-Phe	1787-1853:1
PQ278998.1	tRNA	trnE(uuc)	tRNA-Glu	1855-1920:1
PQ278998.1	tRNA	trnP(ugg)	tRNA-Pro	1921-1986:1
PQ278998.1	tRNA	trnT(ugu)	tRNA-Thr	1998-2065:1
PQ278998.1	CDS	ND4L	NADH dehydrogenase subunit 4L	2065-2357:1
PQ278998.1	CDS	ND4	NADH dehydrogenase subunit 4	2355-3715:1
PQ278998.1	tRNA	trnC(gca)	tRNA-Cys	3715-3783:1
PQ278998.1	tRNA	trnM(cau)	tRNA-Met	3784-3848:1
PQ278998.1	rRNA	rrn12	12S ribosomal RNA	3846-4639:1
PQ278998.1	tRNA	trnV(uac)	tRNA-Val	4639-4703:1
PQ278998.1	rRNA	rrn16	16S ribosomal RNA	4703-5933:1
PQ278998.1	tRNA	trnL(uag)	tRNA-Leu	5933-5996:1
PQ278998.1	tRNA	trnA(ugc)	tRNA-Ala	6011-6072:1
PQ278998.1	tRNA	trnS(uga)	tRNA-Ser	6071-6138:1
PQ278998.1	tRNA	trnL(uaa)	tRNA-Leu	6138-6202:1
PQ278998.1	CDS	ND1	NADH dehydrogenase subunit 1	6202-7127:1
PQ278998.1	tRNA	trnI(gau)	tRNA-Ile	7127-7191:1
PQ278998.1	tRNA	trnK(uuu)	tRNA-Lys	7195-7260:1
PQ278998.1	CDS	ND3	NADH dehydrogenase subunit 3	7260-7614:1
PQ278998.1	tRNA	trnS(ucu)	tRNA-Ser	7626-7692:1
PQ278998.1	CDS	ND2	NADH dehydrogenase subunit 2	7691-8696:1
PQ278998.1	CDS	COX1	cytochrome c oxidase subunit I	8698-10238:1
PQ278998.1	tRNA	trnN(guu)	tRNA-Asn	10238-10305:1
PQ278998.1	CDS	COX2	cytochrome c oxidase subunit II	10306-10990:1
PQ278998.1	tRNA	trnD(guc)	tRNA-Asp	10994-11062:1
PQ278998.1	CDS	ATP8	ATP synthase F0 subunit 8	11062-11219:1
PQ278998.1	tRNA	trnY(gua)	tRNA-Tyr	11219-11286:1
PQ278998.1	tRNA	trnG(ucc)	tRNA-Gly	11284-11348:1
PQ278998.1	CDS	COX3	cytochrome c oxidase subunit III	11349-12127:1
PQ278998.1	tRNA	trnQ(uug)	tRNA-Gln	12127-12197:1
PQ278998.1	CDS	ND6	NADH dehydrogenase subunit 6	12197-12663:1
PQ278998.1	CDS	CYTB	cytochrome b	12663-13803:1
PQ278998.1	tRNA	trnW(uca)	tRNA-Trp	13801-13865:1
PQ278998.1	CDS	ATP6	ATP synthase F0 subunit 6	13866-14562:1
PQ278998.1	tRNA	trnR(ucg)	tRNA-Arg	14560-14622:1
PQ279000.1	tRNA	trnH(gug)	tRNA-His	0-65:1
PQ279000.1	CDS	ND5	NADH dehydrogenase subunit 5	66-1788:1
PQ279000.1	tRNA	trnF(gaa)	tRNA-Phe	1789-1855:1
PQ279000.1	tRNA	trnE(uuc)	tRNA-Glu	1857-1922:1
PQ279000.1	tRNA	trnP(ugg)	tRNA-Pro	1923-1986:1
PQ279000.1	tRNA	trnT(ugu)	tRNA-Thr	1992-2059:1
PQ279000.1	CDS	ND4L	NADH dehydrogenase subunit 4L	2059-2351:1
PQ279000.1	CDS	ND4	NADH dehydrogenase subunit 4	2349-3709:1
PQ279000.1	tRNA	trnC(gca)	tRNA-Cys	3709-3777:1
PQ279000.1	tRNA	trnM(cau)	tRNA-Met	3777-3842:1
PQ279000.1	rRNA	rrn12	12S ribosomal RNA	3840-4634:1
PQ279000.1	tRNA	trnV(uac)	tRNA-Val	4634-4699:1
PQ279000.1	rRNA	rrn16	16S ribosomal RNA	4699-5933:1
PQ279000.1	tRNA	trnL(uag)	tRNA-Leu	5933-5996:1
PQ279000.1	tRNA	trnA(ugc)	tRNA-Ala	6003-6065:1
PQ279000.1	tRNA	trnS(uga)	tRNA-Ser	6063-6130:1
PQ279000.1	tRNA	trnL(uaa)	tRNA-Leu	6130-6193:1
PQ279000.1	CDS	ND1	NADH dehydrogenase subunit 1	6193-7118:1
PQ279000.1	tRNA	trnI(gau)	tRNA-Ile	7118-7182:1
PQ279000.1	tRNA	trnK(uuu)	tRNA-Lys	7187-7252:1
PQ279000.1	CDS	ND3	NADH dehydrogenase subunit 3	7252-7606:1
PQ279000.1	tRNA	trnS(ucu)	tRNA-Ser	7615-7681:1
PQ279000.1	CDS	ND2	NADH dehydrogenase subunit 2	7686-8694:1
PQ279000.1	CDS	COX1	cytochrome c oxidase subunit I	8698-10238:1
PQ279000.1	tRNA	trnN(guu)	tRNA-Asn	10238-10305:1
PQ279000.1	CDS	COX2	cytochrome c oxidase subunit II	10306-10990:1
PQ279000.1	tRNA	trnD(guc)	tRNA-Asp	10993-11060:1
PQ279000.1	CDS	ATP8	ATP synthase F0 subunit 8	11061-11218:1
PQ279000.1	tRNA	trnY(gua)	tRNA-Tyr	11218-11284:1
PQ279000.1	tRNA	trnG(ucc)	tRNA-Gly	11282-11344:1
PQ279000.1	CDS	COX3	cytochrome c oxidase subunit III	11348-12123:1
PQ279000.1	tRNA	trnQ(uug)	tRNA-Gln	12123-12193:1
PQ279000.1	CDS	ND6	NADH dehydrogenase subunit 6	12193-12659:1
PQ279000.1	CDS	CYTB	cytochrome b	12659-13799:1
PQ279000.1	tRNA	trnW(uca)	tRNA-Trp	13797-13865:1
PQ279000.1	CDS	ATP6	ATP synthase F0 subunit 6	13866-14562:1
PQ279000.1	tRNA	trnR(ucg)	tRNA-Arg	14560-14622:1
PQ279308.1	CDS	COX1	cytochrome c oxidase subunit I	0-1545:1
PQ279308.1	tRNA		tRNA-Asn	1545-1608:1
PQ279308.1	CDS	COX2	cytochrome c oxidase subunit II	1608-2289:1
PQ279308.1	tRNA		tRNA-Asp	2294-2359:1
PQ279308.1	CDS	ATP8	ATP synthase F0 subunit 8	2360-2520:1
PQ279308.1	tRNA		tRNA-Tyr	2520-2584:1
PQ279308.1	tRNA		tRNA-Gly	2584-2648:1
PQ279308.1	CDS	COX3	cytochrome c oxidase subunit III	2648-3432:1
PQ279308.1	tRNA		tRNA-Gln	3432-3497:1
PQ279308.1	CDS	ND6	NADH dehydrogenase subunit 6	3497-3962:1
PQ279308.1	CDS	CYTB	cytochrome b	3963-5106:1
PQ279308.1	tRNA		tRNA-Trp	5105-5167:1
PQ279308.1	CDS	ATP6	ATP synthase F0 subunit 6	5167-5863:1
PQ279308.1	tRNA		tRNA-Arg	5863-5927:1
PQ279308.1	tRNA		tRNA-His	6590-6652:1
PQ279308.1	CDS	ND5	NADH dehydrogenase subunit 5	6652-8374:1
PQ279308.1	tRNA		tRNA-Phe	8374-8440:1
PQ279308.1	tRNA		tRNA-Glu	8440-8505:1
PQ279308.1	tRNA		tRNA-Pro	8505-8569:1
PQ279308.1	tRNA		tRNA-Thr	8569-8631:1
PQ279308.1	CDS	ND4L	NADH dehydrogenase subunit 4L	8631-8928:1
PQ279308.1	CDS	ND4	NADH dehydrogenase subunit 4	8921-10280:1
PQ279308.1	tRNA		tRNA-Cys	10279-10343:1
PQ279308.1	tRNA		tRNA-Met	10343-10405:1
PQ279308.1	rRNA		12S ribosomal RNA	10405-11184:1
PQ279308.1	tRNA		tRNA-Val	11184-11250:1
PQ279308.1	rRNA		16S ribosomal RNA	11250-12477:1
PQ279308.1	tRNA		tRNA-Leu	12477-12539:1
PQ279308.1	tRNA		tRNA-Ala	12539-12601:1
PQ279308.1	tRNA		tRNA-Ser	12601-12664:1
PQ279308.1	tRNA		tRNA-Leu	12663-12725:1
PQ279308.1	CDS	ND1	NADH dehydrogenase subunit 1	12725-13649:1
PQ279308.1	tRNA		tRNA-Ile	13651-13716:1
PQ279308.1	tRNA		tRNA-Lys	13716-13779:1
PQ279308.1	CDS	ND3	NADH dehydrogenase subunit 3	13779-14133:1
PQ279308.1	tRNA		tRNA-Ser	14133-14199:1
PQ279308.1	CDS	ND2	NADH dehydrogenase subunit 2	14199-15199:1
PQ279309.1	CDS	COX1	cytochrome c oxidase subunit I	0-1542:1
PQ279309.1	tRNA		tRNA-Asn	1544-1608:1
PQ279309.1	CDS	COX2	cytochrome c oxidase subunit II	1609-2296:1
PQ279309.1	tRNA		tRNA-Asp	2296-2357:1
PQ279309.1	CDS	ATP8	ATP synthase F0 subunit 8	2357-2520:1
PQ279309.1	tRNA		tRNA-Tyr	2520-2583:1
PQ279309.1	tRNA		tRNA-Gly	2583-2646:1
PQ279309.1	CDS	COX3	cytochrome c oxidase subunit III	2646-3426:1
PQ279309.1	tRNA		tRNA-Gln	3426-3494:1
PQ279309.1	CDS	ND6	NADH dehydrogenase subunit 6	3495-3963:1
PQ279309.1	CDS	CYTB	cytochrome b	3966-5103:1
PQ279309.1	tRNA		tRNA-Trp	5103-5167:1
PQ279309.1	CDS	ATP6	ATP synthase F0 subunit 6	5167-5863:1
PQ279309.1	tRNA		tRNA-Arg	5863-5927:1
PQ279309.1	tRNA		tRNA-His	6767-6830:1
PQ279309.1	CDS	ND5	NADH dehydrogenase subunit 5	6830-8552:1
PQ279309.1	tRNA		tRNA-Phe	8552-8615:1
PQ279309.1	tRNA		tRNA-Glu	8615-8677:1
PQ279309.1	tRNA		tRNA-Pro	8677-8739:1
PQ279309.1	tRNA		tRNA-Thr	8739-8801:1
PQ279309.1	CDS	ND4L	NADH dehydrogenase subunit 4L	8801-9098:1
PQ279309.1	CDS	ND4	NADH dehydrogenase subunit 4	9091-10448:1
PQ279309.1	tRNA		tRNA-Cys	10448-10512:1
PQ279309.1	tRNA		tRNA-Met	10512-10575:1
PQ279309.1	rRNA		12S ribosomal RNA	10575-11362:1
PQ279309.1	tRNA		tRNA-Val	11362-11426:1
PQ279309.1	rRNA		16S ribosomal RNA	11426-12661:1
PQ279309.1	tRNA		tRNA-Leu	12661-12723:1
PQ279309.1	tRNA		tRNA-Ala	12723-12786:1
PQ279309.1	tRNA		tRNA-Ser	12786-12852:1
PQ279309.1	tRNA		tRNA-Leu	12852-12917:1
PQ279309.1	CDS	ND1	NADH dehydrogenase subunit 1	12918-13842:1
PQ279309.1	tRNA		tRNA-Ile	13842-13907:1
PQ279309.1	tRNA		tRNA-Lys	13907-13970:1
PQ279309.1	CDS	ND3	NADH dehydrogenase subunit 3	13970-14324:1
PQ279309.1	tRNA		tRNA-Ser	14330-14398:1
PQ279309.1	CDS	ND2	NADH dehydrogenase subunit 2	14401-15407:1
PQ279311.1	CDS	COX1	cytochrome c oxidase subunit I	0-1540:1
PQ279311.1	tRNA		tRNA-Asn	1540-1602:1
PQ279311.1	CDS	COX2	cytochrome c oxidase subunit II	1602-2289:1
PQ279311.1	tRNA		tRNA-Asp	2289-2355:1
PQ279311.1	CDS	ATP8	ATP synthase F0 subunit 8	2355-2515:1
PQ279311.1	tRNA		tRNA-Tyr	2515-2578:1
PQ279311.1	tRNA		tRNA-Gly	2578-2641:1
PQ279311.1	CDS	COX3	cytochrome c oxidase subunit III	2641-3419:1
PQ279311.1	tRNA		tRNA-Gln	3420-3488:1
PQ279311.1	CDS	ND6	NADH dehydrogenase subunit 6	3489-3957:1
PQ279311.1	CDS	CYTB	cytochrome b	3958-5104:1
PQ279311.1	tRNA		tRNA-Trp	5104-5167:1
PQ279311.1	CDS	ATP6	ATP synthase F0 subunit 6	5167-5863:1
PQ279311.1	tRNA		tRNA-Arg	5863-5927:1
PQ279311.1	tRNA		tRNA-His	6391-6455:1
PQ279311.1	CDS	ND5	NADH dehydrogenase subunit 5	6455-8177:1
PQ279311.1	tRNA		tRNA-Phe	8177-8239:1
PQ279311.1	tRNA		tRNA-Glu	8239-8303:1
PQ279311.1	tRNA		tRNA-Pro	8303-8367:1
PQ279311.1	tRNA		tRNA-Thr	8367-8431:1
PQ279311.1	CDS	ND4L	NADH dehydrogenase subunit 4L	8431-8728:1
PQ279311.1	CDS	ND4	NADH dehydrogenase subunit 4	8721-10080:1
PQ279311.1	tRNA		tRNA-Cys	10080-10145:1
PQ279311.1	tRNA		tRNA-Met	10145-10207:1
PQ279311.1	rRNA		12S ribosomal RNA	10207-10997:1
PQ279311.1	tRNA		tRNA-Val	10997-11060:1
PQ279311.1	rRNA		16S ribosomal RNA	11060-12327:1
PQ279311.1	tRNA		tRNA-Leu	12327-12389:1
PQ279311.1	tRNA		tRNA-Ala	12389-12451:1
PQ279311.1	tRNA		tRNA-Ser	12451-12515:1
PQ279311.1	tRNA		tRNA-Leu	12515-12578:1
PQ279311.1	CDS	ND1	NADH dehydrogenase subunit 1	12578-13500:1
PQ279311.1	tRNA		tRNA-Ile	13500-13566:1
PQ279311.1	tRNA		tRNA-Lys	13566-13632:1
PQ279311.1	CDS	ND3	NADH dehydrogenase subunit 3	13632-13986:1
PQ279311.1	tRNA		tRNA-Ser	13986-14050:1
PQ279311.1	CDS	ND2	NADH dehydrogenase subunit 2	14050-15056:1
PQ510072.1	tRNA		tRNA-Ser	102-168:1
PQ510072.1	tRNA		tRNA-Ala	168-232:1
PQ510072.1	tRNA		tRNA-Leu	232-296:1
PQ510072.1	CDS	ND1	NADH dehydrogenase subunit 1	296-1233:1
PQ510072.1	tRNA		tRNA-Ile	1233-1295:1
PQ510072.1	tRNA		tRNA-Lys	1296-1361:1
PQ510072.1	CDS	ND3	NADH dehydrogenase subunit 3	1361-1715:1
PQ510072.1	tRNA		tRNA-Ser	1718-1786:1
PQ510072.1	CDS	ND2	NADH dehydrogenase subunit 2	1786-2804:1
PQ510072.1	CDS	COX1	cytochrome c oxidase subunit I	2804-4340:1
PQ510072.1	tRNA		tRNA-Asn	4342-4409:1
PQ510072.1	CDS	COX2	cytochrome c oxidase subunit II	4409-5099:1
PQ510072.1	tRNA		tRNA-Asp	5100-5164:1
PQ510072.1	CDS	ATP8	ATP synthase F0 subunit 8	5164-5326:1
PQ510072.1	tRNA		tRNA-Tyr	5324-5389:1
PQ510072.1	CDS	COX3	cytochrome c oxidase subunit III	5390-6170:1
PQ510072.1	tRNA		tRNA-Gln	6173-6242:1
PQ510072.1	CDS	ND6	NADH dehydrogenase subunit 6	6242-6710:1
PQ510072.1	CDS	CYTB	cytochrome b	6702-7848:1
PQ510072.1	tRNA		tRNA-Trp	7846-7910:1
PQ510072.1	CDS	ATP6	ATP synthase F0 subunit 6	7910-8606:1
PQ510072.1	tRNA		tRNA-Arg	8604-8671:1
PQ510072.1	tRNA		tRNA-His	8681-8743:1
PQ510072.1	CDS	ND5	NADH dehydrogenase subunit 5	8743-10451:1
PQ510072.1	tRNA		tRNA-Phe	10451-10516:1
PQ510072.1	tRNA		tRNA-Glu	10521-10583:1
PQ510072.1	tRNA		tRNA-Pro	10584-10648:1
PQ510072.1	tRNA		tRNA-Thr	10648-10711:1
PQ510072.1	CDS	ND4L	NADH dehydrogenase subunit 4L	10711-10999:1
PQ510072.1	CDS	ND4	NADH dehydrogenase subunit 4	10992-12351:1
PQ510072.1	tRNA		tRNA-Cys	12350-12414:1
PQ510072.1	tRNA		tRNA-Gly	12568-12631:1
PQ510072.1	tRNA		tRNA-Met	12631-12695:1
PQ510072.1	rRNA		12S ribosomal RNA	12693-13513:1
PQ510072.1	tRNA		tRNA-Val	13513-13577:1
PQ510072.1	rRNA		16S ribosomal RNA	13577-14879:1
PQ510072.1	tRNA		tRNA-Leu	14836-14898:1
PQ593498.1	tRNA	trnK-aaa	tRNA-Lys	156-219:1
PQ593498.1	tRNA	trnH-cac	tRNA-His	219-280:1
PQ593498.1	CDS	nad5	NADH dehydrogenase subunit 5	280-2003:1
PQ593498.1	tRNA	trnF-ttc	tRNA-Phe	2003-2068:1
PQ593498.1	tRNA	trnE-gaa	tRNA-Glu	2068-2131:1
PQ593498.1	tRNA	trnP-cca	tRNA-Pro	2132-2196:1
PQ593498.1	tRNA	trnT-aca	tRNA-Thr	2195-2257:1
PQ593498.1	CDS	nad4l	NADH dehydrogenase subunit 4L	2257-2551:1
PQ593498.1	CDS	nad4	NADH dehydrogenase subunit 4	2544-3915:1
PQ593498.1	tRNA	trnC-tgc	tRNA-Cys	3920-3985:1
PQ593498.1	tRNA	trnM-atg	tRNA-Met	3985-4048:1
PQ593498.1	rRNA	rrnS	12S ribosomal RNA	4046-4874:1
PQ593498.1	tRNA	trnV-gta	tRNA-Val	4866-4935:1
PQ593498.1	rRNA	rrnL	16S ribosomal RNA	4876-6241:1
PQ593498.1	tRNA	trnL1-cta	tRNA-Leu	6198-6261:1
PQ593498.1	tRNA	trnA-gca	tRNA-Ala	6261-6325:1
PQ593498.1	tRNA	trnS2-tca	tRNA-Ser	6327-6390:1
PQ593498.1	tRNA	trnL2-tta	tRNA-Leu	6390-6456:1
PQ593498.1	CDS	nad1	NADH dehydrogenase subunit 1	6456-7389:1
PQ593498.1	tRNA	trnI-atc	tRNA-Ile	7388-7455:1
PQ593498.1	CDS	nad3	NADH dehydrogenase subunit 3	7464-7815:1
PQ593498.1	tRNA	trnS1-aga	tRNA-Ser	7813-7881:1
PQ593498.1	CDS	nad2	NADH dehydrogenase subunit 2	7881-8895:1
PQ593498.1	CDS	cox1	cytochrome c oxidase subunit I	8898-10440:1
PQ593498.1	tRNA	trnN-aac	tRNA-Asn	10445-10507:1
PQ593498.1	CDS	cox2	cytochrome c oxidase subunit II	10507-11194:1
PQ593498.1	tRNA	trnD-gac	tRNA-Asp	11192-11256:1
PQ593498.1	CDS	atp8	ATP synthase F0 subunit 8	11257-11413:1
PQ593498.1	tRNA	trnY-tac	tRNA-Tyr	11411-11473:1
PQ593498.1	tRNA	trnG-gga	tRNA-Gly	11472-11536:1
PQ593498.1	CDS	cox3	cytochrome c oxidase subunit III	11536-12314:1
PQ593498.1	tRNA	trnQ-caa	tRNA-Gln	12314-12380:1
PQ593498.1	CDS	nad6	NADH dehydrogenase subunit 6	12392-12845:1
PQ593498.1	CDS	cob	cytochrome b	12860-13985:1
PQ593498.1	tRNA	trnW-tga	tRNA-Trp	13986-14050:1
PQ593498.1	CDS	atp6	ATP synthase F0 subunit 6	14050-14749:1
PQ593498.1	tRNA	trnR-cga	tRNA-Arg	14762-14823:1
PQ593499.1	CDS	cox1	cytochrome c oxidase subunit I	0-1537:1
PQ593499.1	tRNA	trnN-aac	tRNA-Asn	1537-1606:1
PQ593499.1	CDS	cox2	cytochrome c oxidase subunit II	1606-2293:1
PQ593499.1	tRNA	trnD-gac	tRNA-Asp	2291-2356:1
PQ593499.1	CDS	atp8	ATP synthase F0 subunit 8	2357-2525:1
PQ593499.1	tRNA	trnY-tac	tRNA-Tyr	2523-2587:1
PQ593499.1	tRNA	trnG-gga	tRNA-Gly	2586-2651:1
PQ593499.1	CDS	cox3	cytochrome c oxidase subunit III	2651-3431:1
PQ593499.1	tRNA	trnQ-caa	tRNA-Gln	3433-3502:1
PQ593499.1	CDS	nad6	NADH dehydrogenase subunit 6	3502-3985:1
PQ593499.1	CDS	cob	cytochrome b	3986-5129:1
PQ593499.1	tRNA	trnW-tga	tRNA-Trp	5127-5191:1
PQ593499.1	CDS	atp6	ATP synthase F0 subunit 6	5191-5893:1
PQ593499.1	tRNA	trnR-cga	tRNA-Arg	5891-5958:1
PQ593499.1	tRNA	trnK-aaa	tRNA-Lys	6608-6671:1
PQ593499.1	tRNA	trnH-cac	tRNA-His	6680-6743:1
PQ593499.1	CDS	nad5	NADH dehydrogenase subunit 5	6743-8469:1
PQ593499.1	tRNA	trnF-ttc	tRNA-Phe	8469-8534:1
PQ593499.1	tRNA	trnE-gaa	tRNA-Glu	8534-8601:1
PQ593499.1	tRNA	trnP-cca	tRNA-Pro	8601-8664:1
PQ593499.1	tRNA	trnT-aca	tRNA-Thr	8663-8728:1
PQ593499.1	CDS	nad4l	NADH dehydrogenase subunit 4L	8728-9028:1
PQ593499.1	CDS	nad4	NADH dehydrogenase subunit 4	9021-10389:1
PQ593499.1	tRNA	trnC-tgc	tRNA-Cys	10388-10451:1
PQ593499.1	tRNA	trnM-atg	tRNA-Met	10451-10515:1
PQ593499.1	rRNA	rrnS	12S ribosomal RNA	10518-11375:1
PQ593499.1	tRNA	trnV-gta	tRNA-Val	11368-11438:1
PQ593499.1	rRNA	rrnL	16S ribosomal RNA	11405-12766:1
PQ593499.1	tRNA	trnL1-cta	tRNA-Leu	12761-12826:1
PQ593499.1	tRNA	trnA-gca	tRNA-Ala	12827-12890:1
PQ593499.1	tRNA	trnS2-tca	tRNA-Ser	12890-12957:1
PQ593499.1	tRNA	trnL2-tta	tRNA-Leu	12959-13024:1
PQ593499.1	CDS	nad1	NADH dehydrogenase subunit 1	13024-13957:1
PQ593499.1	tRNA	trnI-atc	tRNA-Ile	13958-14029:1
PQ593499.1	CDS	nad3	NADH dehydrogenase subunit 3	14041-14392:1
PQ593499.1	tRNA	trnS1-aga	tRNA-Ser	14390-14458:1
PQ593499.1	CDS	nad2	NADH dehydrogenase subunit 2	14458-15466:1
PQ593500.1	CDS	cox1	cytochrome c oxidase subunit I	0-1542:1
PQ593500.1	tRNA	trnN-gtt	tRNA-Asn	1546-1607:1
PQ593500.1	CDS	cox2	cytochrome c oxidase subunit II	1607-2291:1
PQ593500.1	tRNA	trnD-gtc	tRNA-Asp	2292-2356:1
PQ593500.1	CDS	atp8	ATP synthase F0 subunit 8	2357-2522:1
PQ593500.1	tRNA	trnY-gta	tRNA-Tyr	2525-2587:1
PQ593500.1	tRNA	trnG-tcc	tRNA-Gly	2586-2649:1
PQ593500.1	CDS	cox3	cytochrome c oxidase subunit III	2649-3427:1
PQ593500.1	tRNA	trnQ-ttg	tRNA-Gln	3427-3494:1
PQ593500.1	CDS	nad6	NADH dehydrogenase subunit 6	3520-3988:1
PQ593500.1	CDS	cob	cytochrome b	3980-5123:1
PQ593500.1	tRNA	trnW-tca	tRNA-Trp	5121-5184:1
PQ593500.1	CDS	atp6	ATP synthase F0 subunit 6	5185-5884:1
PQ593500.1	tRNA	trnR-tcg	tRNA-Arg	5881-5948:1
PQ593500.1	tRNA	trnK-ttt	tRNA-Lys	6797-6859:1
PQ593500.1	tRNA	trnH-gtg	tRNA-His	6858-6919:1
PQ593500.1	CDS	nad5	NADH dehydrogenase subunit 5	6919-8645:1
PQ593500.1	tRNA	trnF-gaa	tRNA-Phe	8645-8706:1
PQ593500.1	tRNA	trnE-ttc	tRNA-Glu	8707-8771:1
PQ593500.1	tRNA	trnP-tgg	tRNA-Pro	8770-8833:1
PQ593500.1	tRNA	trnT-tgt	tRNA-Thr	8832-8895:1
PQ593500.1	CDS	nad4l	NADH dehydrogenase subunit 4L	8895-9195:1
PQ593500.1	CDS	nad4	NADH dehydrogenase subunit 4	9188-10562:1
PQ593500.1	tRNA	trnC-gca	tRNA-Cys	10561-10624:1
PQ593500.1	tRNA	trnM-cat	tRNA-Met	10625-10687:1
PQ593500.1	rRNA	rrnS	12S ribosomal RNA	10685-11505:1
PQ593500.1	tRNA	trnV-tac	tRNA-Val	11499-11567:1
PQ593500.1	rRNA	rrnL	16S ribosomal RNA	11551-12818:1
PQ593500.1	tRNA	trnL1-tag	tRNA-Leu	12839-12902:1
PQ593500.1	tRNA	trnA-tgc	tRNA-Ala	12902-12965:1
PQ593500.1	tRNA	trnS2-tga	tRNA-Ser	12964-13028:1
PQ593500.1	tRNA	trnL2-taa	tRNA-Leu	13028-13089:1
PQ593500.1	CDS	nad1	NADH dehydrogenase subunit 1	13089-14022:1
PQ593500.1	tRNA	trnI-gat	tRNA-Ile	14022-14089:1
PQ593500.1	CDS	nad3	NADH dehydrogenase subunit 3	14100-14451:1
PQ593500.1	tRNA	trnS1-tct	tRNA-Ser	14449-14516:1
PQ593500.1	CDS	nad2	NADH dehydrogenase subunit 2	14516-15536:1
PQ593501.1	CDS	cox1	cytochrome c oxidase subunit I	0-1537:1
PQ593501.1	tRNA	trnN-gtt	tRNA-Asn	1537-1605:1
PQ593501.1	CDS	cox2	cytochrome c oxidase subunit II	1605-2292:1
PQ593501.1	tRNA	trnD-gtc	tRNA-Asp	2290-2357:1
PQ593501.1	CDS	atp8	ATP synthase F0 subunit 8	2358-2526:1
PQ593501.1	tRNA	trnY-gta	tRNA-Tyr	2524-2586:1
PQ593501.1	tRNA	trnG-tcc	tRNA-Gly	2585-2650:1
PQ593501.1	CDS	cox3	cytochrome c oxidase subunit III	2650-3430:1
PQ593501.1	tRNA	trnQ-ttg	tRNA-Gln	3432-3501:1
PQ593501.1	CDS	nad6	NADH dehydrogenase subunit 6	3504-3984:1
PQ593501.1	CDS	cob	cytochrome b	3985-5128:1
PQ593501.1	tRNA	trnW-tca	tRNA-Trp	5126-5190:1
PQ593501.1	CDS	atp6	ATP synthase F0 subunit 6	5190-5892:1
PQ593501.1	tRNA	trnR-tcg	tRNA-Arg	5892-5956:1
PQ593501.1	tRNA	trnK-ttt	tRNA-Lys	6608-6671:1
PQ593501.1	tRNA	trnH-gtg	tRNA-His	6680-6742:1
PQ593501.1	CDS	nad5	NADH dehydrogenase subunit 5	6742-8468:1
PQ593501.1	tRNA	trnF-gaa	tRNA-Phe	8468-8533:1
PQ593501.1	tRNA	trnE-ttc	tRNA-Glu	8533-8600:1
PQ593501.1	tRNA	trnP-tgg	tRNA-Pro	8600-8663:1
PQ593501.1	tRNA	trnT-tgt	tRNA-Thr	8662-8726:1
PQ593501.1	CDS	nad4l	NADH dehydrogenase subunit 4L	8726-9026:1
PQ593501.1	CDS	nad4	NADH dehydrogenase subunit 4	9019-10387:1
PQ593501.1	tRNA	trnC-gca	tRNA-Cys	10386-10449:1
PQ593501.1	tRNA	trnM-cat	tRNA-Met	10449-10513:1
PQ593501.1	rRNA	rrnS	12S ribosomal RNA	10516-11370:1
PQ593501.1	tRNA	trnV-tac	tRNA-Val	11363-11433:1
PQ593501.1	rRNA	rrnL	16S ribosomal RNA	11417-12758:1
PQ593501.1	tRNA	trnL1-tag	tRNA-Leu	12753-12819:1
PQ593501.1	tRNA	trnA-tgc	tRNA-Ala	12820-12884:1
PQ593501.1	tRNA	trnS2-tga	tRNA-Ser	12883-12950:1
PQ593501.1	tRNA	trnL2-taa	tRNA-Leu	12952-13014:1
PQ593501.1	CDS	nad1	NADH dehydrogenase subunit 1	13014-13947:1
PQ593501.1	tRNA	trnI-gat	tRNA-Ile	13948-14019:1
PQ593501.1	CDS	nad3	NADH dehydrogenase subunit 3	14031-14382:1
PQ593501.1	tRNA	trnS1-tct	tRNA-Ser	14380-14448:1
PQ593501.1	CDS	nad2	NADH dehydrogenase subunit 2	14448-15456:1
PQ741859.1	tRNA	trnN-gtt	tRNA-Asn	814-884:1
PQ741859.1	CDS	cox2	cytochrome c oxidase subunit II	884-1571:1
PQ741859.1	tRNA	trnD-gtc	tRNA-Asp	1573-1638:1
PQ741859.1	CDS	atp8	ATP synthase F0 subunit 8	1639-1804:1
PQ741859.1	tRNA	trnY-gta	tRNA-Tyr	1802-1871:1
PQ741859.1	tRNA	trnG-tcc	tRNA-Gly	1870-1937:1
PQ741859.1	CDS	cox3	cytochrome c oxidase subunit III	1937-2717:1
PQ741859.1	tRNA	trnQ-ttg	tRNA-Gln	2728-2797:1
PQ741859.1	CDS	nad6	NADH dehydrogenase subunit 6	2800-3271:1
PQ741859.1	CDS	cob	cytochrome b	3272-4415:1
PQ741859.1	tRNA	trnW-tca	tRNA-Trp	4413-4481:1
PQ741859.1	CDS	atp6	ATP synthase F0 subunit 6	4481-5177:1
PQ741859.1	tRNA	trnR-tcg	tRNA-Arg	5175-5241:1
PQ741859.1	tRNA	trnH-gtg	tRNA-His	5242-5308:1
PQ741859.1	CDS	nad5	NADH dehydrogenase subunit 5	5308-7033:1
PQ741859.1	tRNA	trnF-gaa	tRNA-Phe	7032-7096:1
PQ741859.1	tRNA	trnE-ttc	tRNA-Glu	7095-7166:1
PQ741859.1	tRNA	trnP-tgg	tRNA-Pro	7175-7242:1
PQ741859.1	tRNA	trnT-tgt	tRNA-Thr	7251-7317:1
PQ741859.1	CDS	nad4l	NADH dehydrogenase subunit 4L	7318-7618:1
PQ741859.1	CDS	nad4	NADH dehydrogenase subunit 4	7611-8967:1
PQ741859.1	tRNA	trnC-gca	tRNA-Cys	8974-9041:1
PQ741859.1	tRNA	trnM-cat	tRNA-Met	9041-9106:1
PQ741859.1	rRNA	rrnS	rrnS	9121-9991:1
PQ741859.1	tRNA	trnV-tac	tRNA-Val	9983-10054:1
PQ741859.1	rRNA	rrnL	rrnL	10067-11382:1
PQ741859.1	tRNA	trnL2-taa	tRNA-Leu	11396-11462:1
PQ741859.1	tRNA	trnL1-tag	tRNA-Leu	11467-11532:1
PQ741859.1	tRNA	trnA-tgc	tRNA-Ala	11537-11606:1
PQ741859.1	tRNA	trnS2-tca	tRNA-Ser	11606-11685:1
PQ741859.1	CDS	nad1	NADH dehydrogenase subunit 1	11685-12615:1
PQ741859.1	tRNA	trnI-gat	tRNA-Ile	12614-12681:1
PQ741859.1	tRNA	trnK-ttt	tRNA-Lys	12682-12748:1
PQ741859.1	CDS	nad3	NADH dehydrogenase subunit 3	12748-13102:1
PQ741859.1	tRNA	trnS1-tct	tRNA-Ser	13100-13166:1
PQ741859.1	CDS	nad2	NADH dehydrogenase subunit 2	13166-14174:1
PQ741859.1	CDS	cox1	cytochrome c oxidase subunit I	14178-15729:1
PQ774336.1	CDS	COX1	cytochrome c oxidase subunit I	0-1543:1
PQ774336.1	tRNA	trnN(guu)	tRNA-Asn	1543-1614:1
PQ774336.1	CDS	COX2	cytochrome c oxidase subunit II	1614-2298:1
PQ774336.1	tRNA	trnD(guc)	tRNA-Asp	2301-2367:1
PQ774336.1	CDS	ATP8	ATP synthase F0 subunit 8	2368-2533:1
PQ774336.1	tRNA	trnY(gua)	tRNA-Tyr	2536-2600:1
PQ774336.1	tRNA	trnG(ucc)	tRNA-Gly	2600-2666:1
PQ774336.1	CDS	COX3	cytochrome c oxidase subunit III	2666-3446:1
PQ774336.1	tRNA	trnQ(uug)	tRNA-Gln	3489-3556:1
PQ774336.1	CDS	ND6	NADH dehydrogenase subunit 6	3556-4039:1
PQ774336.1	CDS	CYTB	cytochrome b	4041-5181:1
PQ774336.1	tRNA	trnW(uca)	tRNA-Trp	5179-5244:1
PQ774336.1	CDS	ATP6	ATP synthase F0 subunit 6	5244-5949:1
PQ774336.1	tRNA	trnR(ucg)	tRNA-Arg	5948-6017:1
PQ774336.1	tRNA	trnH(gug)	tRNA-His	6882-6947:1
PQ774336.1	CDS	ND5	NADH dehydrogenase subunit 5	6948-8674:1
PQ774336.1	tRNA	trnF(gaa)	tRNA-Phe	8674-8740:1
PQ774336.1	tRNA	trnE(uuc)	tRNA-Glu	8748-8817:1
PQ774336.1	tRNA	trnP(ugg)	tRNA-Pro	8822-8889:1
PQ774336.1	tRNA	trnT(ugu)	tRNA-Thr	8889-8954:1
PQ774336.1	CDS	ND4L	NADH dehydrogenase subunit 4L	8954-9245:1
PQ774336.1	CDS	ND4	NADH dehydrogenase subunit 4	9238-10600:1
PQ774336.1	tRNA	trnC(gca)	tRNA-Cys	10599-10666:1
PQ774336.1	tRNA	trnM(cau)	tRNA-Met	10666-10730:1
PQ774336.1	tRNA	trnM(cau)	tRNA-Met	10731-10799:1
PQ774336.1	rRNA	rrn12	12S ribosomal RNA	10799-11677:1
PQ774336.1	tRNA	trnV(uac)	tRNA-Val	11677-11747:1
PQ774336.1	rRNA	rrn16	16S ribosomal RNA	11747-13117:1
PQ774336.1	tRNA	trnL(uag)	tRNA-Leu	13117-13184:1
PQ774336.1	tRNA	trnA(ugc)	tRNA-Ala	13184-13249:1
PQ774336.1	tRNA	trnS(uga)	tRNA-Ser	13249-13317:1
PQ774336.1	tRNA	trnL(uaa)	tRNA-Leu	13317-13383:1
PQ774336.1	CDS	ND1	NADH dehydrogenase subunit 1	13383-14319:1
PQ774336.1	tRNA	trnI(gau)	tRNA-Ile	14318-14386:1
PQ774336.1	tRNA	trnK(uuu)	tRNA-Lys	14396-14462:1
PQ774336.1	CDS	ND3	NADH dehydrogenase subunit 3	14462-14816:1
PQ774336.1	tRNA	trnS(ucu)	tRNA-Ser	14818-14888:1
PQ774336.1	CDS	ND2	NADH dehydrogenase subunit 2	14888-15881:1
PQ821863.1	CDS	COX1	cytochrome c oxidase subunit I	0-1539:1
PQ821863.1	tRNA	trnS(uga)	tRNA-Ser	1557-1625:1
PQ821863.1	tRNA	trnK(uuu)	tRNA-Lys	1625-1692:1
PQ821863.1	CDS	ND3	NADH dehydrogenase subunit 3	1692-2046:1
PQ821863.1	tRNA	trnN(guu)	tRNA-Asn	2059-2127:1
PQ821863.1	rRNA	s-rRNA	12S ribosomal RNA	2127-2936:1
PQ821863.1	tRNA	trnV(uac)	tRNA-Val	2936-3002:1
PQ821863.1	rRNA	l-rRNA	16S ribosomal RNA	3002-4307:1
PQ821863.1	tRNA	trnA(ugc)	tRNA-Ala	4307-4373:1
PQ821863.1	tRNA	trnL(uag)	tRNA-Leu	4388-4452:1
PQ821863.1	tRNA	trnL(uaa)	tRNA-Leu	7097-7162:1
PQ821863.1	CDS	ND1	NADH dehydrogenase subunit 1	7162-8095:1
PQ821863.1	tRNA	trnI(gau)	tRNA-Ile	8097-8162:1
PQ821863.1	CDS	COX2	cytochrome c oxidase subunit II	8162-8864:1
PQ821863.1	tRNA	trnD(guc)	tRNA-Asp	8898-8967:1
PQ821863.1	CDS	ATP8	ATP synthase F0 subunit 8	8967-9147:1
PQ821863.1	tRNA	trnY(gua)	tRNA-Tyr	9155-9223:1
PQ821863.1	CDS	COX3	cytochrome c oxidase subunit III	9223-10003:1
PQ821863.1	tRNA	trnQ(uug)	tRNA-Gln	10048-10114:1
PQ821863.1	CDS	ND6	NADH dehydrogenase subunit 6	10114-10573:1
PQ821863.1	CDS	CYTB	cytochrome b	10602-11745:1
PQ821863.1	tRNA	trnW(uca)	tRNA-Trp	11760-11827:1
PQ821863.1	CDS	ATP6	ATP synthase F0 subunit 6	11827-12523:1
PQ821863.1	tRNA	trnR(ucg)	tRNA-Arg	12533-12601:1
PQ821863.1	tRNA	trnH(gug)	tRNA-His	12601-12663:1
PQ821863.1	CDS	ND5	NADH dehydrogenase subunit 5	12663-14365:1
PQ821863.1	tRNA	trnF(gaa)	tRNA-Phe	14365-14432:1
PQ821863.1	tRNA	trnE(uuc)	tRNA-Glu	14437-14501:1
PQ821863.1	tRNA	trnP(ugg)	tRNA-Pro	14513-14580:1
PQ821863.1	tRNA	trnT(ugu)	tRNA-Thr	14584-14651:1
PQ821863.1	CDS	ND4L	NADH dehydrogenase subunit 4L	14651-14936:1
PQ821863.1	CDS	ND4	NADH dehydrogenase subunit 4	14929-16291:1
PQ821863.1	tRNA	trnM(cau)	tRNA-Met	16293-16356:1
PQ821863.1	tRNA	trnC(gca)	tRNA-Cys	16362-16425:1
PQ821863.1	tRNA	trnG(ucc)	tRNA-Gly	16429-16497:1
PQ821863.1	tRNA	trnM(cau)	tRNA-Met	16513-16581:1
PQ821863.1	tRNA	trnS(ucu)	tRNA-Ser	16596-16666:1
PQ821863.1	CDS	ND2	NADH dehydrogenase subunit 2	16755-17766:1
PQ824720.1	CDS	COX1	cytochrome c oxidase subunit I	0-1542:1
PQ824720.1	tRNA	trnN	tRNA-Asn	1550-1620:1
PQ824720.1	CDS	COX2	cytochrome c oxidase subunit II	1620-2307:1
PQ824720.1	tRNA	trnD	tRNA-Asp	2321-2387:1
PQ824720.1	CDS	ATP8	ATP synthase F0 subunit 8	2387-2552:1
PQ824720.1	tRNA	trnY	tRNA-Tyr	2559-2627:1
PQ824720.1	tRNA	trnG	tRNA-Gly	2626-2692:1
PQ824720.1	CDS	COX3	cytochrome c oxidase subunit III	2692-3472:1
PQ824720.1	tRNA	trnQ	tRNA-Gln	3487-3553:1
PQ824720.1	CDS	ND6	NADH dehydrogenase subunit 6	3553-4039:1
PQ824720.1	CDS	CYTB	cytochrome b	4056-5199:1
PQ824720.1	tRNA	trnW	tRNA-Trp	5209-5277:1
PQ824720.1	CDS	ATP6	ATP synthase F0 subunit 6	5277-5979:1
PQ824720.1	tRNA	trnR	tRNA-Arg	5994-6062:1
PQ824720.1	tRNA	trnH	tRNA-His	6931-6999:1
PQ824720.1	CDS	ND5	NADH dehydrogenase subunit 5	7000-8726:1
PQ824720.1	tRNA	trnF	tRNA-Phe	8726-8793:1
PQ824720.1	tRNA	trnE	tRNA-Glu	8796-8863:1
PQ824720.1	tRNA	trnP	tRNA-Pro	8863-8930:1
PQ824720.1	tRNA	trnT	tRNA-Thr	8933-9004:1
PQ824720.1	CDS	ND4L	NADH dehydrogenase subunit 4L	9004-9295:1
PQ824720.1	CDS	ND4	NADH dehydrogenase subunit 4	9288-10647:1
PQ824720.1	tRNA	trnC	tRNA-Cys	10651-10721:1
PQ824720.1	tRNA	trnM	tRNA-Met	10722-10786:1
PQ824720.1	tRNA	trnM	tRNA-Met	10792-10856:1
PQ824720.1	rRNA	rrnS	12S ribosomal RNA	10887-11742:1
PQ824720.1	tRNA	trnV	tRNA-Val	11737-11807:1
PQ824720.1	rRNA	rrnL	16S ribosomal RNA	11829-13170:1
PQ824720.1	tRNA	trnL1	tRNA-Leu	13216-13284:1
PQ824720.1	tRNA	trnA	tRNA-Ala	13303-13371:1
PQ824720.1	tRNA	trnS2	tRNA-Ser	13371-13438:1
PQ824720.1	tRNA	trnL2	tRNA-Leu	13440-13504:1
PQ824720.1	CDS	ND1	NADH dehydrogenase subunit 1	13504-14437:1
PQ824720.1	tRNA	trnI	tRNA-Ile	14438-14509:1
PQ824720.1	tRNA	trnK	tRNA-Lys	14510-14578:1
PQ824720.1	CDS	ND3	NADH dehydrogenase subunit 3	14578-14932:1
PQ824720.1	tRNA	trnS1	tRNA-Ser	14933-15000:1
PQ824720.1	CDS	ND2	NADH dehydrogenase subunit 2	15000-16005:1
PV083664.1	CDS	COX1	cytochrome c oxidase subunit I	0-1575:1
PV083664.1	tRNA	trnN(gtt)	tRNA-Asn	1616-1683:1
PV083664.1	CDS	COX2	cytochrome c oxidase subunit II	1684-2374:1
PV083664.1	tRNA	trnD(gtc)	tRNA-Asp	2385-2452:1
PV083664.1	CDS	ATP8	ATP synthase F0 subunit 8	2453-2609:1
PV083664.1	tRNA	trnG(tcc)	tRNA-Gly	2620-2688:1
PV083664.1	CDS	COX3	cytochrome c oxidase subunit III	2688-3468:1
PV083664.1	tRNA	trnQ(ttg)	tRNA-Gln	3482-3553:1
PV083664.1	CDS	ND6	NADH dehydrogenase subunit 6	3553-4027:1
PV083664.1	CDS	CYTB	cytochrome b	4031-5168:1
PV083664.1	tRNA	trnW(tca)	tRNA-Trp	5171-5241:1
PV083664.1	CDS	ATP6	ATP synthase F0 subunit 6	5241-5955:1
PV083664.1	tRNA	trnY(gta)	tRNA-Tyr	7040-7108:1
PV083664.1	tRNA	trnH(gtg)	tRNA-His	7123-7191:1
PV083664.1	CDS	ND5	NADH dehydrogenase subunit 5	7192-8911:1
PV083664.1	tRNA	trnF(gaa)	tRNA-Phe	8937-9004:1
PV083664.1	tRNA	trnE(ttc)	tRNA-Glu	9009-9078:1
PV083664.1	tRNA	trnP(ttg)	tRNA-Pro	9081-9151:1
PV083664.1	tRNA	trnT(tgt)	tRNA-Thr	9165-9231:1
PV083664.1	tRNA	trnR(tcg)	tRNA-Arg	9233-9303:1
PV083664.1	CDS	ND4L	NADH dehydrogenase subunit 4L	9364-9655:1
PV083664.1	CDS	ND4	NADH dehydrogenase subunit 4	9648-11010:1
PV083664.1	tRNA	trnC(gca)	tRNA-Cys	11010-11076:1
PV083664.1	tRNA	trnM(cat)	tRNA-Met	11098-11166:1
PV083664.1	rRNA	rrnS	small subunit ribosomal RNA	11210-12103:1
PV083664.1	tRNA	trnV(tac)	tRNA-Val	12103-12173:1
PV083664.1	rRNA	rrnL	large subunit ribosomal RNA	12178-13559:1
PV083664.1	tRNA	trnL1(tag)	tRNA-Leu	13592-13660:1
PV083664.1	tRNA	trnA(tgc)	tRNA-Ala	13662-13729:1
PV083664.1	tRNA	trnS2(tga)	tRNA-Ser	13734-13801:1
PV083664.1	tRNA	trnL2(taa)	tRNA-Leu	13806-13875:1
PV083664.1	CDS	ND1	NADH dehydrogenase subunit 1	13875-14811:1
PV083664.1	tRNA	trnI(gat)	tRNA-Ile	14813-14884:1
PV083664.1	tRNA	trnK(ttt)	tRNA-Lys	14885-14954:1
PV083664.1	CDS	ND3	NADH dehydrogenase subunit 3	14954-15308:1
PV083664.1	tRNA	trnS1(tct)	tRNA-Ser	15314-15383:1
PV083664.1	CDS	ND2	NADH dehydrogenase subunit 2	15383-16403:1
PV151471.1	CDS	COX1	cytochrome c oxidase subunit I	0-1536:1
PV151471.1	tRNA		tRNA-Asn	1542-1606:1
PV151471.1	CDS	COX2	cytochrome c oxidase subunit II	1606-2329:1
PV151471.1	tRNA		tRNA-Asp	2406-2467:1
PV151471.1	tRNA		tRNA-Tyr	2468-2531:1
PV151471.1	tRNA		tRNA-Met	2545-2609:1
PV151471.1	tRNA		tRNA-Met	2616-2681:1
PV151471.1	CDS	ATP8	ATP synthase F0 subunit 8	2748-2916:1
PV151471.1	tRNA		tRNA-Gly	2916-2981:1
PV151471.1	CDS	COX3	cytochrome c oxidase subunit 3	3194-3995:1
PV151471.1	tRNA		tRNA-Gln	4010-4079:1
PV151471.1	CDS	ND6	NADH dehydrogenase subunit 6	4082-4559:1
PV151471.1	CDS	CYTB	cob	4567-5713:1
PV151471.1	tRNA		tRNA-Trp	5711-5775:1
PV151471.1	CDS	ATP6	ATP synthase F0 subunit 6	5776-6475:1
PV151471.1	tRNA		tRNA-Arg	6514-6571:1
PV151471.1	tRNA		tRNA-His	6571-6634:1
PV151471.1	CDS	ND5	NADH dehydrogenase subunit 5	6634-8344:1
PV151471.1	tRNA		tRNA-Phe	8343-8407:1
PV151471.1	tRNA		tRNA-Glu	8408-8472:1
PV151471.1	tRNA		tRNA-Pro	8472-8538:1
PV151471.1	tRNA		tRNA-Thr	8537-8604:1
PV151471.1	CDS	ND4L	NADH dehydrogenase subunit 4L	8604-8895:1
PV151471.1	CDS	ND4	NADH dehydrogenase subunit 4	8888-10277:1
PV151471.1	rRNA		12S ribosomal RNA	10302-11193:1
PV151471.1	tRNA		tRNA-Val	11188-11255:1
PV151471.1	rRNA		16S ribosomal RNA	11293-12614:1
PV151471.1	tRNA		tRNA-Leu	12603-12668:1
PV151471.1	tRNA		tRNA-Ala	12679-12741:1
PV151471.1	tRNA		tRNA-Ser	12741-12808:1
PV151471.1	tRNA		tRNA-Leu	12808-12874:1
PV151471.1	CDS	ND1	NADH dehydrogenase subunit 1	13012-13957:1
PV151471.1	tRNA		tRNA-Ile	14745-14810:1
PV151471.1	tRNA		tRNA-Lys	16698-16762:1
PV151471.1	tRNA		tRNA-Cys	16790-16854:1
PV151471.1	CDS	ND3	NADH dehydrogenase subunit 3	16918-17266:1
PV151471.1	tRNA		tRNA-Ser	17283-17352:1
PV151471.1	CDS	ND2	NADH dehydrogenase subunit 2	17352-18339:1
PV243576.1	CDS	COX1	cytochrome c oxidase subunit I	0-1542:1
PV243576.1	tRNA	trnN	tRNA-Asn	1546-1607:1
PV243576.1	CDS	COX2	cytochrome c oxidase subunit II	1607-2291:1
PV243576.1	tRNA	trnD	tRNA-Asp	2292-2356:1
PV243576.1	CDS	ATP8	ATP synthase F0 subunit 8	2357-2522:1
PV243576.1	tRNA	trnY	tRNA-Tyr	2525-2587:1
PV243576.1	tRNA	trnG	tRNA-Gly	2586-2649:1
PV243576.1	CDS	COX3	cytochrome c oxidase subunit III	2649-3427:1
PV243576.1	tRNA	trnQ	tRNA-Gln	3427-3494:1
PV243576.1	CDS	ND6	NADH dehydrogenase subunit 6	3493-3988:1
PV243576.1	CDS	CYTB	cytochrome b	3980-5123:1
PV243576.1	tRNA	trnW	tRNA-Trp	5121-5184:1
PV243576.1	CDS	ATP6	ATP synthase F0 subunit 6	5185-5884:1
PV243576.1	tRNA	trnR	tRNA-Arg	5881-5948:1
PV243576.1	tRNA	trnK	tRNA-Lys	6797-6858:1
PV243576.1	tRNA	trnH	tRNA-His	6858-6919:1
PV243576.1	CDS	ND5	NADH dehydrogenase subunit 5	6919-8645:1
PV243576.1	tRNA	trnF	tRNA-Phe	8645-8706:1
PV243576.1	tRNA	trnE	tRNA-Glu	8707-8771:1
PV243576.1	tRNA	trnP	tRNA-Pro	8770-8833:1
PV243576.1	tRNA	trnT	tRNA-Thr	8832-8895:1
PV243576.1	CDS	ND4L	NADH dehydrogenase subunit 4L	8949-9195:1
PV243576.1	CDS	ND4	NADH dehydrogenase subunit 4	9188-10562:1
PV243576.1	tRNA	trnC	tRNA-Cys	10561-10624:1
PV243576.1	tRNA	trnM	tRNA-Met	10625-10687:1
PV243576.1	rRNA	rrnS	12S ribosomal RNA	10834-11499:1
PV243576.1	tRNA	trnV	tRNA-Val	11501-11569:1
PV243576.1	rRNA	rrnL	16S ribosomal RNA	11687-12820:1
PV243576.1	tRNA	trnL	tRNA-Leu	12841-12904:1
PV243576.1	tRNA	trnA	tRNA-Ala	12903-12967:1
PV243576.1	tRNA	trnS	tRNA-Ser	12966-13030:1
PV243576.1	tRNA	trnL2	tRNA-Leu	13030-13091:1
PV243576.1	CDS	ND1	NADH dehydrogenase subunit 1	13091-14024:1
PV243576.1	tRNA	trnI	tRNA-Ile	14024-14091:1
PV243576.1	CDS	ND3	NADH dehydrogenase subunit 3	14102-14453:1
PV243576.1	tRNA	trnS2	tRNA-Ser	14451-14518:1
PV243576.1	CDS	ND2	NADH dehydrogenase subunit 2	14518-15538:1
PV245939.1	CDS	COX1	cytochrome c oxidase subunit I	0-1534:1
PV245939.1	tRNA	trnN-aac	tRNA-Asn	1534-1596:1
PV245939.1	CDS	COX2	cytochrome c oxidase subunit II	1596-2277:1
PV245939.1	tRNA	trnD-gac	tRNA-Asp	2284-2351:1
PV245939.1	CDS	ATP8	ATP synthase F0 subunit 8	2351-2507:1
PV245939.1	tRNA	trnY-tac	tRNA-Tyr	2509-2572:1
PV245939.1	tRNA	trnG-gga	tRNA-Gly	2570-2631:1
PV245939.1	CDS	COX3	cytochrome c oxidase subunit III	2690-3471:1
PV245939.1	tRNA	trnQ-caa	tRNA-Gln	3471-3540:1
PV245939.1	CDS	ND6	NADH dehydrogenase subunit 6	3543-4006:1
PV245939.1	CDS	CYTB	cytochrome b	4006-5143:1
PV245939.1	tRNA	trnW-tga	tRNA-Trp	5141-5209:1
PV245939.1	CDS	ATP6	ATP synthase F0 subunit 6	5209-5920:1
PV245939.1	tRNA	trnR-cga	tRNA-Arg	5930-5991:1
PV245939.1	tRNA	trnH-cac	tRNA-His	7282-7345:1
PV245939.1	CDS	ND5	NADH dehydrogenase subunit 5	7360-9047:1
PV245939.1	tRNA	trnF-ttc	tRNA-Phe	9047-9109:1
PV245939.1	tRNA	trnE-gaa	tRNA-Glu	9109-9174:1
PV245939.1	tRNA	trnP-cca	tRNA-Pro	9170-9235:1
PV245939.1	tRNA	trnT-aca	tRNA-Thr	9235-9299:1
PV245939.1	CDS	ND4L	NADH dehydrogenase subunit 4L	9299-9593:1
PV245939.1	CDS	ND4	NADH dehydrogenase subunit 4	9586-10921:1
PV245939.1	tRNA	trnC-tgc	tRNA-Cys	10920-10986:1
PV245939.1	tRNA	trnM-atg	tRNA-Met	10986-11049:1
PV245939.1	rRNA	rrnS	12S ribosomal RNA	11047-11788:1
PV245939.1	tRNA	trnV-gta	tRNA-Val	11788-11851:1
PV245939.1	rRNA	rrnL	16S ribosomal RNA	11851-12978:1
PV245939.1	tRNA	trnL1-cta	tRNA-Leu	13018-13078:1
PV245939.1	tRNA	trnA-gca	tRNA-Ala	13080-13142:1
PV245939.1	tRNA	trnS2-tca	tRNA-Ser	13140-13207:1
PV245939.1	tRNA	trnL2-tta	tRNA-Leu	13212-13273:1
PV245939.1	CDS	ND1	NADH dehydrogenase subunit 1	13273-14203:1
PV245939.1	tRNA	trnI-atc	tRNA-Ile	14201-14264:1
PV245939.1	tRNA	trnK-aaa	tRNA-Lys	14264-14328:1
PV245939.1	CDS	ND3	NADH dehydrogenase subunit 3	14328-14682:1
PV245939.1	tRNA	trnS1-aga	tRNA-Ser	14680-14744:1
PV245939.1	CDS	ND2	NADH dehydrogenase subunit 2	14744-15690:1
PV263602.1	CDS	cox1	cytochrome c oxidase subunit 1	9-1542:1
PV263602.1	tRNA	trnN(gtt)	tRNA-Asn	1552-1623:1
PV263602.1	CDS	cox2	cytochrome c oxidase subunit 2	1623-2310:1
PV263602.1	tRNA	trnD(gtc)	tRNA-Asp	2313-2381:1
PV263602.1	CDS	atp8	ATP synthase F0 subunit 8	2381-2543:1
PV263602.1	tRNA	trnY(gta)	tRNA-Tyr	2541-2613:1
PV263602.1	tRNA	trnG(tcc)	tRNA-Gly	2618-2684:1
PV263602.1	CDS	cox3	cytochrome c oxidase subunit 3	2684-3464:1
PV263602.1	tRNA	trnQ(ttg)	tRNA-Gln	3492-3558:1
PV263602.1	CDS	nad6	NADH dehydrogenase subunit 6	3570-4041:1
PV263602.1	CDS	cob	cytochrome b	4045-5188:1
PV263602.1	tRNA	trnW(tca)	tRNA-Trp	5191-5256:1
PV263602.1	CDS	atp6	ATP synthase F0 subunit 6	5256-5952:1
PV263602.1	tRNA	trnR(tcg)	tRNA-Arg	5956-6029:1
PV263602.1	tRNA	trnH(gtg)	tRNA-His	6844-6912:1
PV263602.1	CDS	nad5	NADH dehydrogenase subunit 5	6913-8644:1
PV263602.1	tRNA	trnF(gaa)	tRNA-Phe	8656-8726:1
PV263602.1	tRNA	trnE(ttc)	tRNA-Glu	8735-8805:1
PV263602.1	tRNA	trnP(tgg)	tRNA-Pro	8811-8879:1
PV263602.1	tRNA	trnT(tgt)	tRNA-Thr	8888-8953:1
PV263602.1	CDS	nad4l	NADH dehydrogenase subunit 4L	8953-9244:1
PV263602.1	CDS	nad4	NADH dehydrogenase subunit 4	9237-10599:1
PV263602.1	tRNA	trnC(gca)	tRNA-Cys	10620-10690:1
PV263602.1	tRNA	trnM_1(cat)	tRNA-Met	10692-10761:1
PV263602.1	tRNA	trnM_0(cat)	tRNA-Met	10767-10832:1
PV263602.1	rRNA	rrnS	12S ribosomal RNA	10888-11764:1
PV263602.1	tRNA	tRNA-Val	tRNA-Val	11759-11831:1
PV263602.1	rRNA	rrnL	16S ribosomal RNA	11832-13187:1
PV263602.1	tRNA	trnL1(tag)	tRNA-Leu	13219-13283:1
PV263602.1	tRNA	trnA(tgc)	tRNA-Ala	13292-13357:1
PV263602.1	tRNA	trnS2(tga)	tRNA-Ser	13356-13423:1
PV263602.1	tRNA	trnL2(taa)	tRNA-Leu	13426-13495:1
PV263602.1	CDS	nad1	NADH dehydrogenase subunit 1	13495-14428:1
PV263602.1	tRNA	trnI(gat)	tRNA-Ile	14430-14500:1
PV263602.1	tRNA	trnK(ttt)	tRNA-Lys	14503-14573:1
PV263602.1	CDS	nad3	NADH dehydrogenase subunit 3	14576-14927:1
PV263602.1	tRNA	trnS1(tct)	tRNA-Ser	14929-15000:1
PV263602.1	CDS	nad2	NADH dehydrogenase subunit 2	15000-16002:1
PV424659.1	tRNA		tRNA-Met	1342-1407:1
PV424659.1	tRNA		tRNA-Asp	1407-1469:1
PV424659.1	CDS	ATP8	ATP synthase F0 subunit 8	1469-1626:1
PV424659.1	tRNA		tRNA-Tyr	1626-1693:1
PV424659.1	CDS	COX3	cytochrome c oxidase subunit III	1693-2476:1
PV424659.1	tRNA		tRNA-Gln	2476-2541:1
PV424659.1	CDS	ND6	NADH dehydrogenase subunit 6	2541-3045:1
PV424659.1	CDS	CYTB	cytochrome b	3085-4135:1
PV424659.1	tRNA		tRNA-Trp	4135-4196:1
PV424659.1	CDS	ATP6	ATP synthase F0 subunit 6	4199-4901:1
PV424659.1	tRNA		tRNA-Arg	4901-4956:1
PV424659.1	tRNA		tRNA-His	4959-5022:1
PV424659.1	CDS	ND5	NADH dehydrogenase subunit 5	5022-6697:1
PV424659.1	tRNA		tRNA-Phe	6697-6763:1
PV424659.1	tRNA		tRNA-Glu	6763-6827:1
PV424659.1	tRNA		tRNA-Pro	6827-6890:1
PV424659.1	tRNA		tRNA-Thr	6894-6961:1
PV424659.1	CDS	ND4L	NADH dehydrogenase subunit 4L	6961-7246:1
PV424659.1	CDS	ND4	NADH dehydrogenase subunit 4	7239-8574:1
PV424659.1	rRNA		12S ribosomal RNA	8574-9391:1
PV424659.1	tRNA		tRNA-Val	9391-9458:1
PV424659.1	rRNA		16S ribosomal RNA	9458-10730:1
PV424659.1	tRNA		tRNA-Leu	10730-10781:1
PV424659.1	tRNA		tRNA-Ser	10781-10846:1
PV424659.1	tRNA		tRNA-Ala	10847-10914:1
PV424659.1	tRNA		tRNA-Leu	10914-10976:1
PV424659.1	CDS	ND1	NADH dehydrogenase subunit 1	10976-11907:1
PV424659.1	tRNA		tRNA-Ile	11907-11972:1
PV424659.1	tRNA		tRNA-Lys	11972-12036:1
PV424659.1	CDS	ND3	NADH dehydrogenase subunit 3	12036-12393:1
PV424659.1	tRNA		tRNA-Ser	12393-12444:1
PV424659.1	CDS	ND2	NADH dehydrogenase subunit 2	12444-13440:1
PV424659.1	tRNA		tRNA-Cys	13440-13501:1
PV424659.1	CDS	COX1	cytochrome c oxidase subunit I	13502-15036:1
PV424659.1	tRNA		tRNA-Asn	15036-15101:1
PV424659.1	CDS	COX2	cytochrome c oxidase subunit II	15101-15785:1
PV424659.1	tRNA		tRNA-Gly	15791-15855:1
PV424660.1	tRNA		tRNA-Met	897-963:1
PV424660.1	tRNA		tRNA-Asp	963-1028:1
PV424660.1	CDS	ATP8	ATP synthase F0 subunit 8	1028-1190:1
PV424660.1	tRNA		tRNA-Tyr	1190-1248:1
PV424660.1	CDS	COX3	cytochrome c oxidase subunit III	1248-2031:1
PV424660.1	tRNA		tRNA-Gln	2031-2089:1
PV424660.1	CDS	ND6	NADH dehydrogenase subunit 6	2089-2548:1
PV424660.1	CDS	CYTB	cytochrome b	2549-3689:1
PV424660.1	tRNA		tRNA-Trp	3689-3750:1
PV424660.1	CDS	ATP6	ATP synthase F0 subunit 6	3750-4452:1
PV424660.1	tRNA		tRNA-Arg	4452-4510:1
PV424660.1	tRNA		tRNA-His	4510-4572:1
PV424660.1	CDS	ND5	NADH dehydrogenase subunit 5	4572-6252:1
PV424660.1	tRNA		tRNA-Phe	6256-6320:1
PV424660.1	tRNA		tRNA-Glu	6335-6397:1
PV424660.1	tRNA		tRNA-Pro	6397-6458:1
PV424660.1	tRNA		tRNA-Thr	6458-6525:1
PV424660.1	CDS	ND4L	NADH dehydrogenase subunit 4L	6525-6813:1
PV424660.1	CDS	ND4	NADH dehydrogenase subunit 4	6827-8138:1
PV424660.1	rRNA		12S ribosomal RNA	8138-8944:1
PV424660.1	tRNA		tRNA-Val	8944-9003:1
PV424660.1	rRNA		16S ribosomal RNA	9003-10235:1
PV424660.1	tRNA		tRNA-Leu	10245-10308:1
PV424660.1	tRNA		tRNA-Ser	10310-10376:1
PV424660.1	tRNA		tRNA-Ala	10377-10441:1
PV424660.1	tRNA		tRNA-Leu	10440-10502:1
PV424660.1	CDS	ND1	NADH dehydrogenase subunit 1	10502-11423:1
PV424660.1	tRNA		tRNA-Ile	11425-11489:1
PV424660.1	tRNA		tRNA-Lys	11489-11552:1
PV424660.1	CDS	ND3	NADH dehydrogenase subunit 3	11553-11898:1
PV424660.1	tRNA		tRNA-Ser	11898-11962:1
PV424660.1	CDS	ND2	NADH dehydrogenase subunit 2	11962-12959:1
PV424660.1	tRNA		tRNA-Cys	12959-13020:1
PV424660.1	CDS	COX1	cytochrome c oxidase subunit I	13020-14568:1
PV424660.1	tRNA		tRNA-Asn	14568-14619:1
PV424660.1	CDS	COX2	cytochrome c oxidase subunit II	14619-15306:1
PV424660.1	tRNA		tRNA-Gly	15305-15368:1
PV460758.1	tRNA	trnH(gug)	tRNA-His	153-218:1
PV460758.1	CDS	ND5	NADH dehydrogenase subunit 5	219-1950:1
PV460758.1	tRNA	trnF(gaa)	tRNA-Phe	1951-2017:1
PV460758.1	tRNA	trnE(uuc)	tRNA-Glu	2031-2098:1
PV460758.1	tRNA	trnP(ugg)	tRNA-Pro	2098-2164:1
PV460758.1	tRNA	trnT(ugu)	tRNA-Thr	2167-2232:1
PV460758.1	CDS	ND4L	NADH dehydrogenase subunit 4L	2232-2523:1
PV460758.1	CDS	ND4	NADH dehydrogenase subunit 4	2516-3879:1
PV460758.1	tRNA	trnC(gca)	tRNA-Cys	3879-3949:1
PV460758.1	tRNA	trnM(cau)	tRNA-Met	3950-4015:1
PV460758.1	rRNA	s-rRNA	12S ribosomal RNA	4030-4901:1
PV460758.1	tRNA	trnV(uac)	tRNA-Val	4899-4970:1
PV460758.1	rRNA	l-rRNA	16S ribosomal RNA	4951-6358:1
PV460758.1	tRNA	trnL(uag)	tRNA-Leu	6351-6416:1
PV460758.1	tRNA	trnA(ugc)	tRNA-Ala	6421-6487:1
PV460758.1	tRNA	trnS(uga)	tRNA-Ser	6487-6554:1
PV460758.1	tRNA	trnL(uaa)	tRNA-Leu	6556-6621:1
PV460758.1	CDS	ND1	NADH dehydrogenase subunit 1	6621-7557:1
PV460758.1	tRNA	trnI(gau)	tRNA-Ile	7560-7630:1
PV460758.1	tRNA	trnK(uuu)	tRNA-Lys	7635-7702:1
PV460758.1	CDS	ND3	NADH dehydrogenase subunit 3	7702-8056:1
PV460758.1	tRNA	trnS(ucu)	tRNA-Ser	8064-8134:1
PV460758.1	CDS	ND2	NADH dehydrogenase subunit 2	8133-9142:1
PV460758.1	CDS	COX1	cytochrome c oxidase subunit I	9142-10694:1
PV460758.1	tRNA	trnN(guu)	tRNA-Asn	10694-10762:1
PV460758.1	CDS	COX2	cytochrome c oxidase subunit II	10762-11449:1
PV460758.1	tRNA	trnD(guc)	tRNA-Asp	11451-11518:1
PV460758.1	CDS	ATP8	ATP synthase F0 subunit 8	11519-11681:1
PV460758.1	tRNA	trnY(gua)	tRNA-Tyr	11680-11745:1
PV460758.1	tRNA	trnG(ucc)	tRNA-Gly	11748-11814:1
PV460758.1	CDS	COX3	cytochrome c oxidase subunit III	11814-12594:1
PV460758.1	tRNA	trnQ(uug)	tRNA-Gln	12600-12667:1
PV460758.1	CDS	ND6	NADH dehydrogenase subunit 6	12667-13147:1
PV460758.1	CDS	CYTB	cytochrome b	13151-14294:1
PV460758.1	tRNA	trnW(uca)	tRNA-Trp	14292-14357:1
PV460758.1	CDS	ATP6	ATP synthase F0 subunit 6	14357-15062:1
PV460758.1	tRNA	trnR(ucg)	tRNA-Arg	15064-15131:1
PV460759.1	tRNA	trnH(gug)	tRNA-His	563-630:1
PV460759.1	CDS	ND5	NADH dehydrogenase subunit 5	631-2359:1
PV460759.1	tRNA	trnF(gaa)	tRNA-Phe	2358-2424:1
PV460759.1	tRNA	trnE(uuc)	tRNA-Glu	2429-2497:1
PV460759.1	tRNA	trnP(ugg)	tRNA-Pro	2497-2566:1
PV460759.1	tRNA	trnT(ugu)	tRNA-Thr	2569-2634:1
PV460759.1	CDS	ND4L	NADH dehydrogenase subunit 4L	2634-2925:1
PV460759.1	CDS	ND4	NADH dehydrogenase subunit 4	2918-4278:1
PV460759.1	tRNA	trnC(gca)	tRNA-Cys	4278-4343:1
PV460759.1	tRNA	trnM(cau)	tRNA-Met	4346-4412:1
PV460759.1	tRNA	trnM(cau)	tRNA-Met	4412-4476:1
PV460759.1	rRNA	s-rRNA	12S ribosomal RNA	4475-5312:1
PV460759.1	tRNA	trnV(uac)	tRNA-Val	5307-5377:1
PV460759.1	rRNA	l-rRNA	16S ribosomal RNA	5340-6708:1
PV460759.1	tRNA	trnL(uag)	tRNA-Leu	6684-6750:1
PV460759.1	tRNA	trnA(ugc)	tRNA-Ala	6751-6817:1
PV460759.1	tRNA	trnS(uga)	tRNA-Ser	6825-6892:1
PV460759.1	tRNA	trnL(uaa)	tRNA-Leu	6894-6962:1
PV460759.1	CDS	ND1	NADH dehydrogenase subunit 1	6962-7892:1
PV460759.1	tRNA	trnI(gau)	tRNA-Ile	7890-7962:1
PV460759.1	tRNA	trnK(uuu)	tRNA-Lys	7962-8030:1
PV460759.1	CDS	ND3	NADH dehydrogenase subunit 3	8030-8384:1
PV460759.1	tRNA	trnS(ucu)	tRNA-Ser	8388-8458:1
PV460759.1	CDS	ND2	NADH dehydrogenase subunit 2	8457-9477:1
PV460759.1	CDS	COX1	cytochrome c oxidase subunit I	9454-10999:1
PV460759.1	tRNA	trnN(guu)	tRNA-Asn	11001-11071:1
PV460759.1	CDS	COX2	cytochrome c oxidase subunit II	11071-11758:1
PV460759.1	tRNA	trnD(guc)	tRNA-Asp	11760-11824:1
PV460759.1	CDS	ATP8	ATP synthase F0 subunit 8	11824-11986:1
PV460759.1	tRNA	trnY(gua)	tRNA-Tyr	11990-12057:1
PV460759.1	tRNA	trnG(ucc)	tRNA-Gly	12070-12134:1
PV460759.1	CDS	COX3	cytochrome c oxidase subunit III	12134-12914:1
PV460759.1	tRNA	trnQ(uug)	tRNA-Gln	12930-12996:1
PV460759.1	CDS	ND6	NADH dehydrogenase subunit 6	12996-13479:1
PV460759.1	CDS	CYTB	cytochrome b	13481-14618:1
PV460759.1	tRNA	trnW(uca)	tRNA-Trp	14620-14686:1
PV460759.1	CDS	ATP6	ATP synthase F0 subunit 6	14686-15388:1
PV460759.1	tRNA	trnR(ucg)	tRNA-Arg	15387-15455:1
PV588238.1	tRNA	trnH(gug)	tRNA-His	0-63:1
PV588238.1	CDS	ND5	NADH dehydrogenase subunit 5	63-1780:1
PV588238.1	tRNA	trnF(gaa)	tRNA-Phe	1780-1843:1
PV588238.1	tRNA	trnE(uuc)	tRNA-Glu	1843-1906:1
PV588238.1	tRNA	trnP(ugg)	tRNA-Pro	1904-1966:1
PV588238.1	tRNA	trnT(ugu)	tRNA-Thr	1966-2030:1
PV588238.1	CDS	ND4L	NADH dehydrogenase subunit 4L	2030-2322:1
PV588238.1	CDS	ND4	NADH dehydrogenase subunit 4	2332-3736:1
PV588238.1	tRNA	trnC(gca)	tRNA-Cys	3677-3741:1
PV588238.1	tRNA	trnM(cau)	tRNA-Met	3741-3804:1
PV588238.1	rRNA	s-rRNA	s-rRNA	3802-4595:1
PV588238.1	tRNA	trnV(uac)	tRNA-Val	4595-4658:1
PV588238.1	rRNA	l-rRNA	l-rRNA	4658-5912:1
PV588238.1	tRNA	trnL(uag)	tRNA-Leu	5910-5972:1
PV588238.1	tRNA	trnA(ugc)	tRNA-Ala	5974-6036:1
PV588238.1	tRNA	trnS(uga)	tRNA-Ser	6034-6100:1
PV588238.1	tRNA	trnL(uaa)	tRNA-Leu	6100-6161:1
PV588238.1	CDS	ND1	NADH dehydrogenase subunit 1	6162-7086:1
PV588238.1	tRNA	trnI(gau)	tRNA-Ile	7085-7150:1
PV588238.1	tRNA	trnK(uuu)	tRNA-Lys	7150-7216:1
PV588238.1	CDS	ND3	NADH dehydrogenase subunit 3	7216-7570:1
PV588238.1	tRNA	trnS(ucu)	tRNA-Ser	7572-7636:1
PV588238.1	CDS	ND2	NADH dehydrogenase subunit 2	7636-8671:1
PV588238.1	CDS	COX1	cytochrome c oxidase subunit I	8642-10184:1
PV588238.1	tRNA	trnN(guu)	tRNA-Asn	10189-10250:1
PV588238.1	CDS	COX2	cytochrome c oxidase subunit II	10251-10938:1
PV588238.1	tRNA	trnD(guc)	tRNA-Asp	10937-10999:1
PV588238.1	CDS	ATP8	ATP synthase F0 subunit 8	10999-11159:1
PV588238.1	tRNA	trnY(gua)	tRNA-Tyr	11159-11223:1
PV588238.1	tRNA	trnG(ucc)	tRNA-Gly	11221-11284:1
PV588238.1	CDS	COX3	cytochrome c oxidase subunit III	11288-12063:1
PV588238.1	tRNA	trnQ(uug)	tRNA-Gln	12063-12132:1
PV588238.1	CDS	ND6	NADH dehydrogenase subunit 6	12132-12598:1
PV588238.1	CDS	CYTB	cytochrome b	12598-13738:1
PV588238.1	tRNA	trnW(uca)	tRNA-Trp	13736-13799:1
PV588238.1	CDS	ATP6	ATP synthase F0 subunit 6	13801-14497:1
PV588238.1	tRNA	trnR(ucg)	tRNA-Arg	14495-14560:1
PV591000.1	CDS	COX1	cytochrome c oxidase subunit I	0-1537:1
PV591000.1	tRNA	trnN(guu)	tRNA-Asn	1537-1601:1
PV591000.1	CDS	COX2	cytochrome c oxidase subunit II	1602-2283:1
PV591000.1	tRNA	trnD(guc)	tRNA-Asp	2281-2343:1
PV591000.1	CDS	ATP8	ATP synthase F0 subunit 8	2345-2502:1
PV591000.1	tRNA	trnY(gua)	tRNA-Tyr	2502-2566:1
PV591000.1	tRNA	trnG(ucc)	tRNA-Gly	2566-2626:1
PV591000.1	CDS	COX3	cytochrome c oxidase subunit III	2627-3405:1
PV591000.1	tRNA	trnQ(uug)	tRNA-Gln	3405-3474:1
PV591000.1	CDS	ND6	NADH dehydrogenase subunit 6	3474-3951:1
PV591000.1	CDS	CYTB	cytochrome b	3943-5083:1
PV591000.1	tRNA	trnW(uca)	tRNA-Trp	5081-5142:1
PV591000.1	CDS	ATP6	ATP synthase F0 subunit 6	5143-5839:1
PV591000.1	tRNA	trnR(ucg)	tRNA-Arg	6336-6393:1
PV591000.1	tRNA	trnH(gug)	tRNA-His	6394-6455:1
PV591000.1	CDS	ND5	NADH dehydrogenase subunit 5	6455-8190:1
PV591000.1	tRNA	trnF(gaa)	tRNA-Phe	8190-8251:1
PV591000.1	tRNA	trnE(uuc)	tRNA-Glu	8251-8313:1
PV591000.1	tRNA	trnP(ugg)	tRNA-Pro	8313-8375:1
PV591000.1	tRNA	trnT(ugu)	tRNA-Thr	8375-8436:1
PV591000.1	CDS	ND4L	NADH dehydrogenase subunit 4L	8436-8733:1
PV591000.1	CDS	ND4	NADH dehydrogenase subunit 4	8726-10085:1
PV591000.1	tRNA	trnC(gca)	tRNA-Cys	10083-10145:1
PV591000.1	tRNA	trnM(cau)	tRNA-Met	10145-10208:1
PV591000.1	rRNA	rrn12	12S ribosomal RNA	10208-10974:1
PV591000.1	tRNA	trnV(uac)	tRNA-Val	10974-11037:1
PV591000.1	rRNA	rrn16	16S ribosomal RNA	11040-12284:1
PV591000.1	tRNA	trnL(uag)	tRNA-Leu	12284-12345:1
PV591000.1	tRNA	trnA(ugc)	tRNA-Ala	12345-12403:1
PV591000.1	tRNA	trnS(uga)	tRNA-Ser	12403-12470:1
PV591000.1	tRNA	trnL(uaa)	tRNA-Leu	12470-12532:1
PV591000.1	CDS	ND1	NADH dehydrogenase subunit 1	12532-13471:1
PV591000.1	tRNA	trnI(gau)	tRNA-Ile	13470-13532:1
PV591000.1	tRNA	trnK(uuu)	tRNA-Lys	13532-13595:1
PV591000.1	CDS	ND3	NADH dehydrogenase subunit 3	13595-13947:1
PV591000.1	tRNA	trnS(ucu)	tRNA-Ser	13947-14011:1
PV591000.1	CDS	ND2	NADH dehydrogenase subunit 2	14011-15014:1
PV591001.1	CDS	COX1	cytochrome c oxidase subunit I	0-1537:1
PV591001.1	tRNA	trnN(guu)	tRNA-Asn	1537-1601:1
PV591001.1	CDS	COX2	cytochrome c oxidase subunit II	1602-2283:1
PV591001.1	tRNA	trnD(guc)	tRNA-Asp	2281-2342:1
PV591001.1	CDS	ATP8	ATP synthase F0 subunit 8	2344-2501:1
PV591001.1	tRNA	trnY(gua)	tRNA-Tyr	2501-2564:1
PV591001.1	tRNA	trnG(ucc)	tRNA-Gly	2564-2624:1
PV591001.1	CDS	COX3	cytochrome c oxidase subunit III	2625-3405:1
PV591001.1	tRNA	trnQ(uug)	tRNA-Gln	3407-3476:1
PV591001.1	CDS	ND6	NADH dehydrogenase subunit 6	3477-3954:1
PV591001.1	CDS	CYTB	cytochrome b	3946-5086:1
PV591001.1	tRNA	trnW(uca)	tRNA-Trp	5084-5145:1
PV591001.1	CDS	ATP6	ATP synthase F0 subunit 6	5146-5842:1
PV591001.1	tRNA	trnR(ucg)	tRNA-Arg	6320-6378:1
PV591001.1	tRNA	trnH(gug)	tRNA-His	6379-6440:1
PV591001.1	CDS	ND5	NADH dehydrogenase subunit 5	6440-8175:1
PV591001.1	tRNA	trnF(gaa)	tRNA-Phe	8175-8235:1
PV591001.1	tRNA	trnE(uuc)	tRNA-Glu	8235-8299:1
PV591001.1	tRNA	trnP(ugg)	tRNA-Pro	8299-8361:1
PV591001.1	tRNA	trnT(ugu)	tRNA-Thr	8361-8426:1
PV591001.1	CDS	ND4L	NADH dehydrogenase subunit 4L	8426-8723:1
PV591001.1	CDS	ND4	NADH dehydrogenase subunit 4	8716-10075:1
PV591001.1	tRNA	trnC(gca)	tRNA-Cys	10073-10135:1
PV591001.1	tRNA	trnM(cau)	tRNA-Met	10135-10197:1
PV591001.1	rRNA	rrn12	12S ribosomal RNA	10197-10961:1
PV591001.1	tRNA	trnV(uac)	tRNA-Val	10961-11025:1
PV591001.1	rRNA	rrn16	16S ribosomal RNA	11027-12271:1
PV591001.1	tRNA	trnL(uag)	tRNA-Leu	12271-12333:1
PV591001.1	tRNA	trnA(ugc)	tRNA-Ala	12333-12391:1
PV591001.1	tRNA	trnS(uga)	tRNA-Ser	12391-12458:1
PV591001.1	tRNA	trnL(uaa)	tRNA-Leu	12458-12520:1
PV591001.1	CDS	ND1	NADH dehydrogenase subunit 1	12520-13457:1
PV591001.1	tRNA	trnI(gau)	tRNA-Ile	13457-13520:1
PV591001.1	tRNA	trnK(uuu)	tRNA-Lys	13520-13583:1
PV591001.1	CDS	ND3	NADH dehydrogenase subunit 3	13583-13937:1
PV591001.1	tRNA	trnS(ucu)	tRNA-Ser	13935-13999:1
PV591001.1	CDS	ND2	NADH dehydrogenase subunit 2	13999-15002:1
PV591002.1	CDS	COX1	cytochrome c oxidase subunit I	0-1537:1
PV591002.1	tRNA	trnN(guu)	tRNA-Asn	1537-1601:1
PV591002.1	CDS	COX2	cytochrome c oxidase subunit II	1602-2283:1
PV591002.1	tRNA	trnD(guc)	tRNA-Asp	2281-2342:1
PV591002.1	CDS	ATP8	ATP synthase F0 subunit 8	2344-2503:1
PV591002.1	tRNA	trnY(gua)	tRNA-Tyr	2506-2570:1
PV591002.1	tRNA	trnG(ucc)	tRNA-Gly	2570-2630:1
PV591002.1	CDS	COX3	cytochrome c oxidase subunit III	2631-3411:1
PV591002.1	tRNA	trnQ(uug)	tRNA-Gln	3414-3483:1
PV591002.1	CDS	ND6	NADH dehydrogenase subunit 6	3484-3961:1
PV591002.1	CDS	CYTB	cytochrome b	3953-5093:1
PV591002.1	tRNA	trnW(uca)	tRNA-Trp	5091-5152:1
PV591002.1	CDS	ATP6	ATP synthase F0 subunit 6	5153-5849:1
PV591002.1	tRNA	trnR(ucg)	tRNA-Arg	6337-6397:1
PV591002.1	tRNA	trnH(gug)	tRNA-His	6399-6460:1
PV591002.1	CDS	ND5	NADH dehydrogenase subunit 5	6460-8192:1
PV591002.1	tRNA	trnF(gaa)	tRNA-Phe	8192-8252:1
PV591002.1	tRNA	trnE(uuc)	tRNA-Glu	8252-8315:1
PV591002.1	tRNA	trnP(ugg)	tRNA-Pro	8315-8378:1
PV591002.1	tRNA	trnT(ugu)	tRNA-Thr	8378-8440:1
PV591002.1	CDS	ND4L	NADH dehydrogenase subunit 4L	8440-8737:1
PV591002.1	CDS	ND4	NADH dehydrogenase subunit 4	8730-10089:1
PV591002.1	tRNA	trnC(gca)	tRNA-Cys	10088-10151:1
PV591002.1	tRNA	trnM(cau)	tRNA-Met	10151-10213:1
PV591002.1	rRNA	rrn12	12S ribosomal RNA	10213-10995:1
PV591002.1	tRNA	trnV(uac)	tRNA-Val	10995-11060:1
PV591002.1	rRNA	rrn16	16S ribosomal RNA	11063-12314:1
PV591002.1	tRNA	trnL(uag)	tRNA-Leu	12314-12376:1
PV591002.1	tRNA	trnA(ugc)	tRNA-Ala	12376-12435:1
PV591002.1	tRNA	trnS(uga)	tRNA-Ser	12435-12502:1
PV591002.1	tRNA	trnL(uaa)	tRNA-Leu	12502-12565:1
PV591002.1	CDS	ND1	NADH dehydrogenase subunit 1	12565-13504:1
PV591002.1	tRNA	trnI(gau)	tRNA-Ile	13504-13567:1
PV591002.1	tRNA	trnK(uuu)	tRNA-Lys	13567-13631:1
PV591002.1	CDS	ND3	NADH dehydrogenase subunit 3	13631-13985:1
PV591002.1	tRNA	trnS(ucu)	tRNA-Ser	13983-14047:1
PV591002.1	CDS	ND2	NADH dehydrogenase subunit 2	14047-15050:1
PV591004.1	CDS	COX1	cytochrome c oxidase subunit I	0-1537:1
PV591004.1	tRNA	trnN(guu)	tRNA-Asn	1537-1602:1
PV591004.1	CDS	COX2	cytochrome c oxidase subunit II	1603-2284:1
PV591004.1	tRNA	trnD(guc)	tRNA-Asp	2282-2346:1
PV591004.1	CDS	ATP8	ATP synthase F0 subunit 8	2348-2505:1
PV591004.1	tRNA	trnY(gua)	tRNA-Tyr	2505-2567:1
PV591004.1	tRNA	trnG(ucc)	tRNA-Gly	2567-2627:1
PV591004.1	CDS	COX3	cytochrome c oxidase subunit III	2628-3408:1
PV591004.1	tRNA	trnQ(uug)	tRNA-Gln	3408-3477:1
PV591004.1	CDS	ND6	NADH dehydrogenase subunit 6	3478-3955:1
PV591004.1	CDS	CYTB	cytochrome b	3947-5087:1
PV591004.1	tRNA	trnW(uca)	tRNA-Trp	5085-5146:1
PV591004.1	CDS	ATP6	ATP synthase F0 subunit 6	5147-5843:1
PV591004.1	tRNA	trnR(ucg)	tRNA-Arg	6312-6371:1
PV591004.1	tRNA	trnH(gug)	tRNA-His	6372-6433:1
PV591004.1	CDS	ND5	NADH dehydrogenase subunit 5	6433-8170:1
PV591004.1	tRNA	trnF(gaa)	tRNA-Phe	8169-8232:1
PV591004.1	tRNA	trnE(uuc)	tRNA-Glu	8232-8297:1
PV591004.1	tRNA	trnP(ugg)	tRNA-Pro	8298-8361:1
PV591004.1	tRNA	trnT(ugu)	tRNA-Thr	8361-8426:1
PV591004.1	CDS	ND4L	NADH dehydrogenase subunit 4L	8426-8723:1
PV591004.1	CDS	ND4	NADH dehydrogenase subunit 4	8716-10075:1
PV591004.1	tRNA	trnC(gca)	tRNA-Cys	10073-10135:1
PV591004.1	tRNA	trnM(cau)	tRNA-Met	10135-10197:1
PV591004.1	rRNA	rrn12	12S ribosomal RNA	10197-10963:1
PV591004.1	tRNA	trnV(uac)	tRNA-Val	10963-11026:1
PV591004.1	rRNA	rrn16	16S ribosomal RNA	11029-12275:1
PV591004.1	tRNA	trnL(uag)	tRNA-Leu	12275-12337:1
PV591004.1	tRNA	trnA(ugc)	tRNA-Ala	12337-12395:1
PV591004.1	tRNA	trnS(uga)	tRNA-Ser	12395-12461:1
PV591004.1	tRNA	trnL(uaa)	tRNA-Leu	12461-12524:1
PV591004.1	CDS	ND1	NADH dehydrogenase subunit 1	12524-13463:1
PV591004.1	tRNA	trnI(gau)	tRNA-Ile	13462-13525:1
PV591004.1	tRNA	trnK(uuu)	tRNA-Lys	13525-13588:1
PV591004.1	CDS	ND3	NADH dehydrogenase subunit 3	13588-13942:1
PV591004.1	tRNA	trnS(ucu)	tRNA-Ser	13941-14005:1
PV591004.1	CDS	ND2	NADH dehydrogenase subunit 2	14005-15008:1
PV591005.1	CDS	COX1	cytochrome c oxidase subunit I	0-1537:1
PV591005.1	tRNA	trnN(guu)	tRNA-Asn	1537-1604:1
PV591005.1	CDS	COX2	cytochrome c oxidase subunit II	1605-2286:1
PV591005.1	tRNA	trnD(guc)	tRNA-Asp	2284-2345:1
PV591005.1	CDS	ATP8	ATP synthase F0 subunit 8	2347-2504:1
PV591005.1	tRNA	trnY(gua)	tRNA-Tyr	2504-2566:1
PV591005.1	tRNA	trnG(ucc)	tRNA-Gly	2566-2626:1
PV591005.1	CDS	COX3	cytochrome c oxidase subunit III	2627-3407:1
PV591005.1	tRNA	trnQ(uug)	tRNA-Gln	3407-3476:1
PV591005.1	CDS	ND6	NADH dehydrogenase subunit 6	3477-3954:1
PV591005.1	CDS	CYTB	cytochrome b	3946-5086:1
PV591005.1	tRNA	trnW(uca)	tRNA-Trp	5084-5145:1
PV591005.1	CDS	ATP6	ATP synthase F0 subunit 6	5146-5842:1
PV591005.1	tRNA	trnR(ucg)	tRNA-Arg	6308-6366:1
PV591005.1	tRNA	trnH(gug)	tRNA-His	6367-6427:1
PV591005.1	CDS	ND5	NADH dehydrogenase subunit 5	6427-8162:1
PV591005.1	tRNA	trnF(gaa)	tRNA-Phe	8162-8226:1
PV591005.1	tRNA	trnE(uuc)	tRNA-Glu	8226-8289:1
PV591005.1	tRNA	trnP(ugg)	tRNA-Pro	8289-8351:1
PV591005.1	tRNA	trnT(ugu)	tRNA-Thr	8351-8413:1
PV591005.1	CDS	ND4L	NADH dehydrogenase subunit 4L	8413-8710:1
PV591005.1	CDS	ND4	NADH dehydrogenase subunit 4	8703-10062:1
PV591005.1	tRNA	trnC(gca)	tRNA-Cys	10060-10122:1
PV591005.1	tRNA	trnM(cau)	tRNA-Met	10122-10184:1
PV591005.1	rRNA	rrn12	12S ribosomal RNA	10184-10951:1
PV591005.1	tRNA	trnV(uac)	tRNA-Val	10951-11013:1
PV591005.1	rRNA	rrn16	16S ribosomal RNA	11016-12260:1
PV591005.1	tRNA	trnL(uag)	tRNA-Leu	12260-12322:1
PV591005.1	tRNA	trnA(ugc)	tRNA-Ala	12322-12380:1
PV591005.1	tRNA	trnS(uga)	tRNA-Ser	12380-12446:1
PV591005.1	tRNA	trnL(uaa)	tRNA-Leu	12446-12510:1
PV591005.1	CDS	ND1	NADH dehydrogenase subunit 1	12510-13449:1
PV591005.1	tRNA	trnI(gau)	tRNA-Ile	13448-13513:1
PV591005.1	tRNA	trnK(uuu)	tRNA-Lys	13513-13576:1
PV591005.1	CDS	ND3	NADH dehydrogenase subunit 3	13576-13930:1
PV591005.1	tRNA	trnS(ucu)	tRNA-Ser	13930-13994:1
PV591005.1	CDS	ND2	NADH dehydrogenase subunit 2	13994-15003:1
PV591006.1	CDS	COX1	cytochrome c oxidase subunit I	0-1537:1
PV591006.1	tRNA	trnN(guu)	tRNA-Asn	1537-1601:1
PV591006.1	CDS	COX2	cytochrome c oxidase subunit II	1602-2283:1
PV591006.1	tRNA	trnD(guc)	tRNA-Asp	2281-2344:1
PV591006.1	CDS	ATP8	ATP synthase F0 subunit 8	2346-2505:1
PV591006.1	tRNA	trnY(gua)	tRNA-Tyr	2513-2577:1
PV591006.1	tRNA	trnG(ucc)	tRNA-Gly	2577-2638:1
PV591006.1	CDS	COX3	cytochrome c oxidase subunit III	2639-3419:1
PV591006.1	tRNA	trnQ(uug)	tRNA-Gln	3422-3491:1
PV591006.1	CDS	ND6	NADH dehydrogenase subunit 6	3492-3969:1
PV591006.1	CDS	CYTB	cytochrome b	3961-5101:1
PV591006.1	tRNA	trnW(uca)	tRNA-Trp	5099-5160:1
PV591006.1	CDS	ATP6	ATP synthase F0 subunit 6	5161-5869:1
PV591006.1	tRNA	trnR(ucg)	tRNA-Arg	6312-6373:1
PV591006.1	tRNA	trnH(gug)	tRNA-His	6375-6437:1
PV591006.1	CDS	ND5	NADH dehydrogenase subunit 5	6437-8169:1
PV591006.1	tRNA	trnF(gaa)	tRNA-Phe	8169-8233:1
PV591006.1	tRNA	trnE(uuc)	tRNA-Glu	8233-8298:1
PV591006.1	tRNA	trnP(ugg)	tRNA-Pro	8299-8363:1
PV591006.1	tRNA	trnT(ugu)	tRNA-Thr	8363-8425:1
PV591006.1	CDS	ND4L	NADH dehydrogenase subunit 4L	8425-8722:1
PV591006.1	CDS	ND4	NADH dehydrogenase subunit 4	8715-10074:1
PV591006.1	tRNA	trnC(gca)	tRNA-Cys	10073-10136:1
PV591006.1	tRNA	trnM(cau)	tRNA-Met	10136-10198:1
PV591006.1	rRNA	rrn12	12S ribosomal RNA	10198-10976:1
PV591006.1	tRNA	trnV(uac)	tRNA-Val	10976-11039:1
PV591006.1	rRNA	rrn16	16S ribosomal RNA	11042-12298:1
PV591006.1	tRNA	trnL(uag)	tRNA-Leu	12298-12360:1
PV591006.1	tRNA	trnA(ugc)	tRNA-Ala	12360-12419:1
PV591006.1	tRNA	trnS(uga)	tRNA-Ser	12419-12486:1
PV591006.1	tRNA	trnL(uaa)	tRNA-Leu	12486-12548:1
PV591006.1	CDS	ND1	NADH dehydrogenase subunit 1	12548-13487:1
PV591006.1	tRNA	trnI(gau)	tRNA-Ile	13486-13552:1
PV591006.1	tRNA	trnK(uuu)	tRNA-Lys	13552-13616:1
PV591006.1	CDS	ND3	NADH dehydrogenase subunit 3	13616-13970:1
PV591006.1	tRNA	trnS(ucu)	tRNA-Ser	13968-14032:1
PV591006.1	CDS	ND2	NADH dehydrogenase subunit 2	14032-15035:1
PV591007.1	CDS	COX1	cytochrome c oxidase subunit I	0-1537:1
PV591007.1	tRNA	trnN(guu)	tRNA-Asn	1537-1601:1
PV591007.1	CDS	COX2	cytochrome c oxidase subunit II	1602-2283:1
PV591007.1	tRNA	trnD(guc)	tRNA-Asp	2281-2342:1
PV591007.1	CDS	ATP8	ATP synthase F0 subunit 8	2344-2501:1
PV591007.1	tRNA	trnY(gua)	tRNA-Tyr	2501-2563:1
PV591007.1	tRNA	trnG(ucc)	tRNA-Gly	2563-2623:1
PV591007.1	CDS	COX3	cytochrome c oxidase subunit III	2624-3404:1
PV591007.1	tRNA	trnQ(uug)	tRNA-Gln	3404-3473:1
PV591007.1	CDS	ND6	NADH dehydrogenase subunit 6	3474-3951:1
PV591007.1	CDS	CYTB	cytochrome b	3943-5083:1
PV591007.1	tRNA	trnW(uca)	tRNA-Trp	5081-5142:1
PV591007.1	CDS	ATP6	ATP synthase F0 subunit 6	5143-5839:1
PV591007.1	tRNA	trnR(ucg)	tRNA-Arg	6300-6358:1
PV591007.1	tRNA	trnH(gug)	tRNA-His	6359-6419:1
PV591007.1	CDS	ND5	NADH dehydrogenase subunit 5	6419-8154:1
PV591007.1	tRNA	trnF(gaa)	tRNA-Phe	8154-8218:1
PV591007.1	tRNA	trnE(uuc)	tRNA-Glu	8218-8284:1
PV591007.1	tRNA	trnP(ugg)	tRNA-Pro	8284-8346:1
PV591007.1	tRNA	trnT(ugu)	tRNA-Thr	8346-8407:1
PV591007.1	CDS	ND4L	NADH dehydrogenase subunit 4L	8407-8704:1
PV591007.1	CDS	ND4	NADH dehydrogenase subunit 4	8697-10056:1
PV591007.1	tRNA	trnC(gca)	tRNA-Cys	10054-10116:1
PV591007.1	tRNA	trnM(cau)	tRNA-Met	10116-10178:1
PV591007.1	rRNA	rrn12	12S ribosomal RNA	10178-10940:1
PV591007.1	tRNA	trnV(uac)	tRNA-Val	10940-11002:1
PV591007.1	rRNA	rrn16	16S ribosomal RNA	11005-12250:1
PV591007.1	tRNA	trnL(uag)	tRNA-Leu	12250-12313:1
PV591007.1	tRNA	trnA(ugc)	tRNA-Ala	12313-12371:1
PV591007.1	tRNA	trnS(uga)	tRNA-Ser	12371-12437:1
PV591007.1	tRNA	trnL(uaa)	tRNA-Leu	12437-12499:1
PV591007.1	CDS	ND1	NADH dehydrogenase subunit 1	12499-13438:1
PV591007.1	tRNA	trnI(gau)	tRNA-Ile	13437-13501:1
PV591007.1	tRNA	trnK(uuu)	tRNA-Lys	13501-13564:1
PV591007.1	CDS	ND3	NADH dehydrogenase subunit 3	13564-13918:1
PV591007.1	tRNA	trnS(ucu)	tRNA-Ser	13916-13981:1
PV591007.1	CDS	ND2	NADH dehydrogenase subunit 2	13981-14987:1
PV591008.1	CDS	COX1	cytochrome c oxidase subunit I	0-1537:1
PV591008.1	tRNA	trnN(guu)	tRNA-Asn	1537-1605:1
PV591008.1	CDS	COX2	cytochrome c oxidase subunit II	1606-2287:1
PV591008.1	tRNA	trnD(guc)	tRNA-Asp	2285-2346:1
PV591008.1	CDS	ATP8	ATP synthase F0 subunit 8	2348-2505:1
PV591008.1	tRNA	trnY(gua)	tRNA-Tyr	2505-2567:1
PV591008.1	tRNA	trnG(ucc)	tRNA-Gly	2567-2627:1
PV591008.1	CDS	COX3	cytochrome c oxidase subunit III	2628-3408:1
PV591008.1	tRNA	trnQ(uug)	tRNA-Gln	3408-3477:1
PV591008.1	CDS	ND6	NADH dehydrogenase subunit 6	3478-3946:1
PV591008.1	CDS	CYTB	cytochrome b	3947-5087:1
PV591008.1	tRNA	trnW(uca)	tRNA-Trp	5085-5146:1
PV591008.1	CDS	ATP6	ATP synthase F0 subunit 6	5147-5843:1
PV591008.1	tRNA	trnR(ucg)	tRNA-Arg	6368-6426:1
PV591008.1	tRNA	trnH(gug)	tRNA-His	6427-6487:1
PV591008.1	CDS	ND5	NADH dehydrogenase subunit 5	6487-8222:1
PV591008.1	tRNA	trnF(gaa)	tRNA-Phe	8222-8286:1
PV591008.1	tRNA	trnE(uuc)	tRNA-Glu	8286-8349:1
PV591008.1	tRNA	trnP(ugg)	tRNA-Pro	8349-8411:1
PV591008.1	tRNA	trnT(ugu)	tRNA-Thr	8411-8473:1
PV591008.1	CDS	ND4L	NADH dehydrogenase subunit 4L	8473-8770:1
PV591008.1	CDS	ND4	NADH dehydrogenase subunit 4	8763-10122:1
PV591008.1	tRNA	trnC(gca)	tRNA-Cys	10120-10182:1
PV591008.1	tRNA	trnM(cau)	tRNA-Met	10182-10244:1
PV591008.1	rRNA	rrn12	12S ribosomal RNA	10244-11011:1
PV591008.1	tRNA	trnV(uac)	tRNA-Val	11011-11073:1
PV591008.1	rRNA	rrn16	16S ribosomal RNA	11076-12322:1
PV591008.1	tRNA	trnL(uag)	tRNA-Leu	12322-12384:1
PV591008.1	tRNA	trnA(ugc)	tRNA-Ala	12384-12442:1
PV591008.1	tRNA	trnS(uga)	tRNA-Ser	12442-12508:1
PV591008.1	tRNA	trnL(uaa)	tRNA-Leu	12508-12570:1
PV591008.1	CDS	ND1	NADH dehydrogenase subunit 1	12570-13509:1
PV591008.1	tRNA	trnI(gau)	tRNA-Ile	13508-13572:1
PV591008.1	tRNA	trnK(uuu)	tRNA-Lys	13572-13637:1
PV591008.1	CDS	ND3	NADH dehydrogenase subunit 3	13637-13991:1
PV591008.1	tRNA	trnS(ucu)	tRNA-Ser	13989-14054:1
PV591008.1	CDS	ND2	NADH dehydrogenase subunit 2	14054-15069:1
PV591009.1	CDS	COX1	cytochrome c oxidase subunit I	0-1537:1
PV591009.1	tRNA	trnN(guu)	tRNA-Asn	1537-1600:1
PV591009.1	CDS	COX2	cytochrome c oxidase subunit II	1601-2282:1
PV591009.1	tRNA	trnD(guc)	tRNA-Asp	2280-2341:1
PV591009.1	CDS	ATP8	ATP synthase F0 subunit 8	2343-2500:1
PV591009.1	tRNA	trnY(gua)	tRNA-Tyr	2500-2563:1
PV591009.1	tRNA	trnG(ucc)	tRNA-Gly	2563-2623:1
PV591009.1	CDS	COX3	cytochrome c oxidase subunit III	2624-3404:1
PV591009.1	tRNA	trnQ(uug)	tRNA-Gln	3407-3476:1
PV591009.1	CDS	ND6	NADH dehydrogenase subunit 6	3477-3954:1
PV591009.1	CDS	CYTB	cytochrome b	3946-5086:1
PV591009.1	tRNA	trnW(uca)	tRNA-Trp	5084-5145:1
PV591009.1	CDS	ATP6	ATP synthase F0 subunit 6	5146-5842:1
PV591009.1	tRNA	trnR(ucg)	tRNA-Arg	6299-6357:1
PV591009.1	tRNA	trnH(gug)	tRNA-His	6358-6419:1
PV591009.1	CDS	ND5	NADH dehydrogenase subunit 5	6419-8156:1
PV591009.1	tRNA	trnF(gaa)	tRNA-Phe	8155-8216:1
PV591009.1	tRNA	trnE(uuc)	tRNA-Glu	8216-8278:1
PV591009.1	tRNA	trnP(ugg)	tRNA-Pro	8278-8340:1
PV591009.1	tRNA	trnT(ugu)	tRNA-Thr	8340-8401:1
PV591009.1	CDS	ND4L	NADH dehydrogenase subunit 4L	8401-8698:1
PV591009.1	CDS	ND4	NADH dehydrogenase subunit 4	8691-10050:1
PV591009.1	tRNA	trnC(gca)	tRNA-Cys	10048-10110:1
PV591009.1	tRNA	trnM(cau)	tRNA-Met	10110-10172:1
PV591009.1	rRNA	rrn12	12S ribosomal RNA	10172-10939:1
PV591009.1	tRNA	trnV(uac)	tRNA-Val	10939-11003:1
PV591009.1	rRNA	rrn16	16S ribosomal RNA	11006-12256:1
PV591009.1	tRNA	trnL(uag)	tRNA-Leu	12256-12318:1
PV591009.1	tRNA	trnA(ugc)	tRNA-Ala	12318-12376:1
PV591009.1	tRNA	trnS(uga)	tRNA-Ser	12376-12443:1
PV591009.1	tRNA	trnL(uaa)	tRNA-Leu	12443-12505:1
PV591009.1	CDS	ND1	NADH dehydrogenase subunit 1	12505-13442:1
PV591009.1	tRNA	trnI(gau)	tRNA-Ile	13442-13506:1
PV591009.1	tRNA	trnK(uuu)	tRNA-Lys	13506-13569:1
PV591009.1	CDS	ND3	NADH dehydrogenase subunit 3	13569-13923:1
PV591009.1	tRNA	trnS(ucu)	tRNA-Ser	13921-13985:1
PV591009.1	CDS	ND2	NADH dehydrogenase subunit 2	13985-14988:1
PV591010.1	CDS	COX1	cytochrome c oxidase subunit I	0-1537:1
PV591010.1	tRNA	trnN(guu)	tRNA-Asn	1537-1604:1
PV591010.1	CDS	COX2	cytochrome c oxidase subunit II	1605-2286:1
PV591010.1	tRNA	trnD(guc)	tRNA-Asp	2284-2345:1
PV591010.1	CDS	ATP8	ATP synthase F0 subunit 8	2347-2504:1
PV591010.1	tRNA	trnY(gua)	tRNA-Tyr	2504-2566:1
PV591010.1	tRNA	trnG(ucc)	tRNA-Gly	2566-2626:1
PV591010.1	CDS	COX3	cytochrome c oxidase subunit III	2627-3407:1
PV591010.1	tRNA	trnQ(uug)	tRNA-Gln	3407-3476:1
PV591010.1	CDS	ND6	NADH dehydrogenase subunit 6	3477-3954:1
PV591010.1	CDS	CYTB	cytochrome b	3946-5086:1
PV591010.1	tRNA	trnW(uca)	tRNA-Trp	5084-5145:1
PV591010.1	CDS	ATP6	ATP synthase F0 subunit 6	5146-5842:1
PV591010.1	tRNA	trnR(ucg)	tRNA-Arg	6387-6445:1
PV591010.1	tRNA	trnH(gug)	tRNA-His	6446-6506:1
PV591010.1	CDS	ND5	NADH dehydrogenase subunit 5	6506-8241:1
PV591010.1	tRNA	trnF(gaa)	tRNA-Phe	8241-8305:1
PV591010.1	tRNA	trnE(uuc)	tRNA-Glu	8305-8368:1
PV591010.1	tRNA	trnP(ugg)	tRNA-Pro	8368-8429:1
PV591010.1	tRNA	trnT(ugu)	tRNA-Thr	8429-8491:1
PV591010.1	CDS	ND4L	NADH dehydrogenase subunit 4L	8491-8788:1
PV591010.1	CDS	ND4	NADH dehydrogenase subunit 4	8781-10140:1
PV591010.1	tRNA	trnC(gca)	tRNA-Cys	10138-10200:1
PV591010.1	tRNA	trnM(cau)	tRNA-Met	10200-10265:1
PV591010.1	rRNA	rrn12	12S ribosomal RNA	10265-11030:1
PV591010.1	tRNA	trnV(uac)	tRNA-Val	11030-11092:1
PV591010.1	rRNA	rrn16	16S ribosomal RNA	11095-12342:1
PV591010.1	tRNA	trnL(uag)	tRNA-Leu	12342-12404:1
PV591010.1	tRNA	trnA(ugc)	tRNA-Ala	12404-12462:1
PV591010.1	tRNA	trnS(uga)	tRNA-Ser	12462-12528:1
PV591010.1	tRNA	trnL(uaa)	tRNA-Leu	12528-12590:1
PV591010.1	CDS	ND1	NADH dehydrogenase subunit 1	12590-13529:1
PV591010.1	tRNA	trnI(gau)	tRNA-Ile	13528-13591:1
PV591010.1	tRNA	trnK(uuu)	tRNA-Lys	13591-13654:1
PV591010.1	CDS	ND3	NADH dehydrogenase subunit 3	13654-14008:1
PV591010.1	tRNA	trnS(ucu)	tRNA-Ser	14006-14071:1
PV591010.1	CDS	ND2	NADH dehydrogenase subunit 2	14071-15077:1
PV591011.1	CDS	COX1	cytochrome c oxidase subunit I	0-1537:1
PV591011.1	tRNA	trnN(guu)	tRNA-Asn	1537-1600:1
PV591011.1	CDS	COX2	cytochrome c oxidase subunit II	1601-2282:1
PV591011.1	tRNA	trnD(guc)	tRNA-Asp	2280-2341:1
PV591011.1	CDS	ATP8	ATP synthase F0 subunit 8	2343-2500:1
PV591011.1	tRNA	trnY(gua)	tRNA-Tyr	2500-2562:1
PV591011.1	tRNA	trnG(ucc)	tRNA-Gly	2562-2622:1
PV591011.1	CDS	COX3	cytochrome c oxidase subunit III	2623-3403:1
PV591011.1	tRNA	trnQ(uug)	tRNA-Gln	3405-3474:1
PV591011.1	CDS	ND6	NADH dehydrogenase subunit 6	3475-3952:1
PV591011.1	CDS	CYTB	cytochrome b	3944-5084:1
PV591011.1	tRNA	trnW(uca)	tRNA-Trp	5082-5144:1
PV591011.1	CDS	ATP6	ATP synthase F0 subunit 6	5145-5841:1
PV591011.1	tRNA	trnR(ucg)	tRNA-Arg	6209-6268:1
PV591011.1	tRNA	trnH(gug)	tRNA-His	6270-6331:1
PV591011.1	CDS	ND5	NADH dehydrogenase subunit 5	6331-8068:1
PV591011.1	tRNA	trnF(gaa)	tRNA-Phe	8067-8129:1
PV591011.1	tRNA	trnE(uuc)	tRNA-Glu	8129-8193:1
PV591011.1	tRNA	trnP(ugg)	tRNA-Pro	8197-8261:1
PV591011.1	tRNA	trnT(ugu)	tRNA-Thr	8261-8322:1
PV591011.1	CDS	ND4L	NADH dehydrogenase subunit 4L	8322-8619:1
PV591011.1	CDS	ND4	NADH dehydrogenase subunit 4	8612-9971:1
PV591011.1	tRNA	trnC(gca)	tRNA-Cys	9969-10031:1
PV591011.1	tRNA	trnM(cau)	tRNA-Met	10031-10094:1
PV591011.1	rRNA	rrn12	12S ribosomal RNA	10094-10866:1
PV591011.1	tRNA	trnV(uac)	tRNA-Val	10866-10928:1
PV591011.1	rRNA	rrn16	16S ribosomal RNA	10931-12173:1
PV591011.1	tRNA	trnL(uag)	tRNA-Leu	12173-12236:1
PV591011.1	tRNA	trnA(ugc)	tRNA-Ala	12236-12295:1
PV591011.1	tRNA	trnS(uga)	tRNA-Ser	12295-12362:1
PV591011.1	tRNA	trnL(uaa)	tRNA-Leu	12362-12426:1
PV591011.1	CDS	ND1	NADH dehydrogenase subunit 1	12426-13365:1
PV591011.1	tRNA	trnI(gau)	tRNA-Ile	13364-13426:1
PV591011.1	tRNA	trnK(uuu)	tRNA-Lys	13426-13489:1
PV591011.1	CDS	ND3	NADH dehydrogenase subunit 3	13489-13843:1
PV591011.1	tRNA	trnS(ucu)	tRNA-Ser	13841-13906:1
PV591011.1	CDS	ND2	NADH dehydrogenase subunit 2	13906-14909:1
PV591012.1	CDS	COX1	cytochrome c oxidase subunit I	0-1537:1
PV591012.1	tRNA	trnN(guu)	tRNA-Asn	1537-1600:1
PV591012.1	CDS	COX2	cytochrome c oxidase subunit II	1601-2282:1
PV591012.1	tRNA	trnD(guc)	tRNA-Asp	2280-2340:1
PV591012.1	CDS	ATP8	ATP synthase F0 subunit 8	2342-2501:1
PV591012.1	tRNA	trnY(gua)	tRNA-Tyr	2501-2563:1
PV591012.1	tRNA	trnG(ucc)	tRNA-Gly	2563-2623:1
PV591012.1	CDS	COX3	cytochrome c oxidase subunit III	2624-3404:1
PV591012.1	tRNA	trnQ(uug)	tRNA-Gln	3407-3476:1
PV591012.1	CDS	ND6	NADH dehydrogenase subunit 6	3477-3954:1
PV591012.1	CDS	CYTB	cytochrome b	3946-5086:1
PV591012.1	tRNA	trnW(uca)	tRNA-Trp	5084-5145:1
PV591012.1	CDS	ATP6	ATP synthase F0 subunit 6	5146-5842:1
PV591012.1	tRNA	trnR(ucg)	tRNA-Arg	6303-6363:1
PV591012.1	tRNA	trnH(gug)	tRNA-His	6365-6426:1
PV591012.1	CDS	ND5	NADH dehydrogenase subunit 5	6426-8161:1
PV591012.1	tRNA	trnF(gaa)	tRNA-Phe	8161-8224:1
PV591012.1	tRNA	trnE(uuc)	tRNA-Glu	8224-8289:1
PV591012.1	tRNA	trnP(ugg)	tRNA-Pro	8289-8351:1
PV591012.1	tRNA	trnT(ugu)	tRNA-Thr	8351-8414:1
PV591012.1	CDS	ND4L	NADH dehydrogenase subunit 4L	8414-8711:1
PV591012.1	CDS	ND4	NADH dehydrogenase subunit 4	8704-10063:1
PV591012.1	tRNA	trnC(gca)	tRNA-Cys	10061-10124:1
PV591012.1	tRNA	trnM(cau)	tRNA-Met	10124-10186:1
PV591012.1	rRNA	rrn12	12S ribosomal RNA	10186-10962:1
PV591012.1	tRNA	trnV(uac)	tRNA-Val	10962-11024:1
PV591012.1	rRNA	rrn16	16S ribosomal RNA	11027-12278:1
PV591012.1	tRNA	trnL(uag)	tRNA-Leu	12278-12340:1
PV591012.1	tRNA	trnA(ugc)	tRNA-Ala	12340-12399:1
PV591012.1	tRNA	trnS(uga)	tRNA-Ser	12399-12466:1
PV591012.1	tRNA	trnL(uaa)	tRNA-Leu	12466-12528:1
PV591012.1	CDS	ND1	NADH dehydrogenase subunit 1	12528-13467:1
PV591012.1	tRNA	trnI(gau)	tRNA-Ile	13467-13530:1
PV591012.1	tRNA	trnK(uuu)	tRNA-Lys	13530-13593:1
PV591012.1	CDS	ND3	NADH dehydrogenase subunit 3	13593-13947:1
PV591012.1	tRNA	trnS(ucu)	tRNA-Ser	13945-14009:1
PV591012.1	CDS	ND2	NADH dehydrogenase subunit 2	14009-15012:1
PV591013.1	CDS	COX1	cytochrome c oxidase subunit I	0-1537:1
PV591013.1	tRNA	trnN(guu)	tRNA-Asn	1537-1601:1
PV591013.1	CDS	COX2	cytochrome c oxidase subunit II	1602-2283:1
PV591013.1	tRNA	trnD(guc)	tRNA-Asp	2281-2345:1
PV591013.1	CDS	ATP8	ATP synthase F0 subunit 8	2347-2506:1
PV591013.1	tRNA	trnY(gua)	tRNA-Tyr	2512-2577:1
PV591013.1	tRNA	trnG(ucc)	tRNA-Gly	2577-2637:1
PV591013.1	CDS	COX3	cytochrome c oxidase subunit III	2638-3418:1
PV591013.1	tRNA	trnQ(uug)	tRNA-Gln	3424-3493:1
PV591013.1	CDS	ND6	NADH dehydrogenase subunit 6	3494-3971:1
PV591013.1	CDS	CYTB	cytochrome b	3963-5103:1
PV591013.1	tRNA	trnW(uca)	tRNA-Trp	5101-5163:1
PV591013.1	CDS	ATP6	ATP synthase F0 subunit 6	5164-5866:1
PV591013.1	tRNA	trnR(ucg)	tRNA-Arg	6098-6158:1
PV591013.1	tRNA	trnH(gug)	tRNA-His	6160-6222:1
PV591013.1	CDS	ND5	NADH dehydrogenase subunit 5	6222-7957:1
PV591013.1	tRNA	trnF(gaa)	tRNA-Phe	7957-8021:1
PV591013.1	tRNA	trnE(uuc)	tRNA-Glu	8021-8085:1
PV591013.1	tRNA	trnP(ugg)	tRNA-Pro	8087-8151:1
PV591013.1	tRNA	trnT(ugu)	tRNA-Thr	8151-8213:1
PV591013.1	CDS	ND4L	NADH dehydrogenase subunit 4L	8213-8510:1
PV591013.1	CDS	ND4	NADH dehydrogenase subunit 4	8503-9864:1
PV591013.1	tRNA	trnC(gca)	tRNA-Cys	9864-9923:1
PV591013.1	tRNA	trnM(cau)	tRNA-Met	9928-9990:1
PV591013.1	rRNA	rrn12	12S ribosomal RNA	9990-10778:1
PV591013.1	tRNA	trnV(uac)	tRNA-Val	10778-10840:1
PV591013.1	rRNA	rrn16	16S ribosomal RNA	10843-12097:1
PV591013.1	tRNA	trnL(uag)	tRNA-Leu	12097-12160:1
PV591013.1	tRNA	trnA(ugc)	tRNA-Ala	12160-12219:1
PV591013.1	tRNA	trnS(uga)	tRNA-Ser	12219-12286:1
PV591013.1	tRNA	trnL(uaa)	tRNA-Leu	12287-12349:1
PV591013.1	CDS	ND1	NADH dehydrogenase subunit 1	12349-13288:1
PV591013.1	tRNA	trnI(gau)	tRNA-Ile	13288-13351:1
PV591013.1	tRNA	trnK(uuu)	tRNA-Lys	13351-13415:1
PV591013.1	CDS	ND3	NADH dehydrogenase subunit 3	13415-13769:1
PV591013.1	tRNA	trnS(ucu)	tRNA-Ser	13772-13836:1
PV591013.1	CDS	ND2	NADH dehydrogenase subunit 2	13836-14841:1
PV631717.1	CDS	COX1	cytochrome c oxidase subunit I	0-1542:1
PV631717.1	tRNA		tRNA-Asn	1547-1608:1
PV631717.1	CDS	COX2	cytochrome c oxidase subunit II	1609-2296:1
PV631717.1	tRNA		tRNA-Asp	2295-2357:1
PV631717.1	CDS	ATP8	ATP synthase F0 subunit 8	2357-2517:1
PV631717.1	tRNA		tRNA-Tyr	2517-2580:1
PV631717.1	tRNA		tRNA-Gly	2578-2641:1
PV631717.1	CDS	COX3	cytochrome c oxidase subunit III	2642-3420:1
PV631717.1	tRNA		tRNA-Gln	3420-3489:1
PV631717.1	CDS	ND6	NADH dehydrogenase subunit 6	3489-3955:1
PV631717.1	CDS	CYTB	cytochrome b	3955-5095:1
PV631717.1	tRNA		tRNA-Trp	5093-5156:1
PV631717.1	CDS	ATP6	ATP synthase F0 subunit 6	5158-5854:1
PV631717.1	tRNA		tRNA-Arg	5852-5916:1
PV631717.1	tRNA		tRNA-His	6477-6540:1
PV631717.1	CDS	ND5	NADH dehydrogenase subunit 5	6540-8257:1
PV631717.1	tRNA		tRNA-Phe	8257-8319:1
PV631717.1	tRNA		tRNA-Glu	8319-8382:1
PV631717.1	tRNA		tRNA-Pro	8380-8442:1
PV631717.1	tRNA		tRNA-Thr	8442-8505:1
PV631717.1	CDS	ND4L	NADH dehydrogenase subunit 4L	8505-8802:1
PV631717.1	CDS	ND4	NADH dehydrogenase subunit 4	8795-10152:1
PV631717.1	tRNA		tRNA-Cys	10152-10216:1
PV631717.1	tRNA		tRNA-Met	10216-10279:1
PV631717.1	rRNA		12S ribosomal RNA	10279-11074:1
PV631717.1	tRNA		tRNA-Val	11074-11137:1
PV631717.1	rRNA		16S ribosomal RNA	11135-12386:1
PV631717.1	tRNA		tRNA-Leu	12388-12450:1
PV631717.1	tRNA		tRNA-Ala	12452-12514:1
PV631717.1	tRNA		tRNA-Ser	12512-12578:1
PV631717.1	tRNA		tRNA-Leu	12578-12639:1
PV631717.1	CDS	ND1	NADH dehydrogenase subunit 1	12640-13564:1
PV631717.1	tRNA		tRNA-Ile	13563-13628:1
PV631717.1	tRNA		tRNA-Lys	13628-13692:1
PV631717.1	CDS	ND3	NADH dehydrogenase subunit 3	13692-14046:1
PV631717.1	tRNA		tRNA-Ser	14048-14112:1
PV631717.1	CDS	ND2	NADH dehydrogenase subunit 2	14112-15115:1
PV831793.1	CDS	COX1	cytochrome c oxidase subunit I	0-1527:1
PV831793.1	tRNA	trnC(gca)	tRNA-Cys	1537-1600:1
PV831793.1	tRNA	trnN(gtt)	tRNA-Asn	1600-1665:1
PV831793.1	CDS	ND4L	NADH dehydrogenase subunit 4L	1681-1966:1
PV831793.1	CDS	ND4	NADH dehydrogenase subunit 4	1959-3282:1
PV831793.1	tRNA	trnS2(tga)	tRNA-Ser	3287-3346:1
PV831793.1	tRNA	trnA(tgc)	tRNA-Ala	3346-3406:1
PV831793.1	tRNA	trnM(cat)	tRNA-Met	3404-3469:1
PV831793.1	rRNA	rns	12S ribosomal RNA	3466-4202:1
PV831793.1	tRNA	trnG(tcc)	tRNA-Gly	4205-4269:1
PV831793.1	tRNA	trnV(tac)	tRNA-Val	4271-4326:1
PV831793.1	rRNA	rnl	16S ribosomal RNA	4326-5403:1
PV831793.1	tRNA	trnY(gta)	tRNA-Tyr	5403-5463:1
PV831793.1	tRNA	trnL1(tag)	tRNA-Leu	5478-5540:1
PV831793.1	CDS	ND1	NADH dehydrogenase subunit 1	5540-6452:1
PV831793.1	tRNA	trnK(ttt)	tRNA-Lys	6454-6518:1
PV831793.1	tRNA	trnI(gat)	tRNA-Ile	6516-6578:1
PV831793.1	CDS	ND3	NADH dehydrogenase subunit 3	6578-6926:1
PV831793.1	tRNA	trnE(ttc)	tRNA-Glu	7018-7083:1
PV831793.1	tRNA	trnP(tgg)	tRNA-Pro	7086-7151:1
PV831793.1	tRNA	trnL2(taa)	tRNA-Leu	7175-7239:1
PV831793.1	tRNA	trnD(gtc)	tRNA-Asp	7522-7587:1
PV831793.1	tRNA	trnF(gaa)	tRNA-Phe	8987-9044:1
PV831793.1	tRNA	trnT(tgt)	tRNA-Thr	9050-9114:1
PV831793.1	CDS	COX2	cytochrome c oxidase subunit II	9153-9838:1
PV831793.1	tRNA	trnW(tca)	tRNA-Trp	9862-9926:1
PV831793.1	CDS	ATP8	ATP synthase F0 subunit 8	9929-10091:1
PV831793.1	CDS	COX3	cytochrome c oxidase subunit III	10091-10874:1
PV831793.1	tRNA	trnQ(ttg)	tRNA-Gln	10876-10943:1
PV831793.1	CDS	ND6	NADH dehydrogenase subunit 6	10943-11390:1
PV831793.1	CDS	CYTB	cytochrome b	11393-12530:1
PV831793.1	CDS	ATP6	ATP synthase F0 subunit 6	12543-13236:1
PV831793.1	tRNA	trnR(tcg)	tRNA-Arg	13251-13312:1
PV831793.1	tRNA	trnH(gtg)	tRNA-His	13313-13379:1
PV831793.1	CDS	ND5	NADH dehydrogenase subunit 5	13379-15062:1
PV831793.1	tRNA	trnS1(tct)	tRNA-Ser	15061-15120:1
PV831793.1	CDS	ND2	NADH dehydrogenase subunit 2	15121-16078:1
PV867667.1	CDS	COX1	cytochrome c oxidase subunit I	0-1545:1
PV867667.1	CDS	COX2	cytochrome c oxidase subunit II	1581-2271:1
PV867667.1	tRNA	trnP	tRNA-Pro	2275-2341:1
PV867667.1	tRNA	trnD	tRNA-Asp	2341-2405:1
PV867667.1	CDS	ATP8	ATP synthase F0 subunit 8	2406-2577:1
PV867667.1	tRNA	trnG	tRNA-Gly	2580-2641:1
PV867667.1	CDS	ND2	NADH dehydrogenase subunit 2	2642-3647:1
PV867667.1	tRNA	trnY	tRNA-Tyr	3651-3717:1
PV867667.1	tRNA	trnL1	tRNA-Leu	3721-3786:1
PV867667.1	tRNA	trnA	tRNA-Ala	3786-3850:1
PV867667.1	tRNA	trnS1	tRNA-Ser	3850-3917:1
PV867667.1	CDS	ND1	NADH dehydrogenase subunit I	3917-4865:1
PV867667.1	CDS	COX3	cytochrome c oxidase subunit III	4907-5687:1
PV867667.1	tRNA	trnI	tRNA-Ile	5765-5830:1
PV867667.1	tRNA	trnM	tRNA-Met	5836-5900:1
PV867667.1	tRNA	trnV	tRNA-Val	5913-5974:1
PV867667.1	tRNA	trnL2	tRNA-Leu	5980-6042:1
PV867667.1	tRNA	trnS2	tRNA-Ser	6048-6113:1
PV867667.1	rRNA	rrnL	large subunit ribosomal RNA	6147-7351:1
PV867667.1	rRNA	rrnS	small subunit ribosomal RNA	7411-8231:1
PV867667.1	tRNA	trnC	tRNA-Cys	8264-8318:1
PV867667.1	CDS	ND3	NADH dehydrogenase subunit 3	8378-8702:1
PV867667.1	tRNA	trnE	tRNA-Glu	8711-8776:1
PV867667.1	tRNA	trnW	tRNA-Trp	8792-8855:1
PV867667.1	tRNA	trnN	tRNA-Asn	8864-8927:1
PV867667.1	tRNA	trnQ	tRNA-Gln	8937-9003:1
PV867667.1	tRNA	trnK	tRNA-Lys	9016-9079:1
PV867667.1	CDS	ND6	NADH dehydrogenase subunit 6	10111-10576:1
PV867667.1	CDS	CYTB	NADH dehydrogenase subunit 6	10578-11724:1
PV867667.1	CDS	ATP6	ATP synthase F0 subunit 6	11727-12468:1
PV867667.1	tRNA	trnR(tca)	tRNA-Arg	12471-12534:1
PV867667.1	tRNA	trnH(tca)	tRNA-His	12538-12603:1
PV867667.1	CDS	ND5	ATP synthase F0 subunit 6	12603-14304:1
PV867667.1	tRNA	trnF	tRNA-Phe	14312-14378:1
PV867667.1	tRNA	trnT	tRNA-Thr	14379-14444:1
PV867667.1	CDS	ND4L	NADH dehydrogenase subunit 4L	14444-14741:1
PV867667.1	CDS	ND4	NADH dehydrogenase subunit 4	14734-16078:1
PX116062.1	tRNA	trnH(gug)	tRNA-His	408-471:1
PX116062.1	CDS	ND5	NADH dehydrogenase subunit 5	469-2212:1
PX116062.1	tRNA	tRNA-Phe	tRNA-Phe	2188-2251:1
PX116062.1	tRNA	trnE(uuc)	tRNA-Glu	2249-2314:1
PX116062.1	tRNA	trnP(ugg)	tRNA-Pro	2312-2377:1
PX116062.1	tRNA	trnT(ugu)	tRNA-Thr	2375-2438:1
PX116062.1	CDS	ND4L	NADH dehydrogenase subunit 4L	2438-2732:1
PX116062.1	CDS	ND4	NADH dehydrogenase subunit 4	2725-4066:1
PX116062.1	tRNA	trnC(gca)	tRNA-Cys	4112-4174:1
PX116062.1	tRNA	trnM(cat)	tRNA-Met	4174-4239:1
PX116062.1	rRNA		12S ribosomal RNA	4236-4986:1
PX116062.1	tRNA	trnV(uac)	tRNA-Val	4986-5040:1
PX116062.1	rRNA		16S ribosomal RNA	5040-6241:1
PX116062.1	tRNA	trnL(uag)	tRNA-Leu	6241-6305:1
PX116062.1	tRNA	trnA(ugc)	tRNA-Ala	6304-6365:1
PX116062.1	tRNA	trnS(uga)	tRNA-Ser	6363-6431:1
PX116062.1	CDS	ND1	NADH dehydrogenase subunit 1	6428-7379:1
PX116062.1	tRNA	trnK(uuu)	tRNA-Lys	7367-7433:1
PX116062.1	tRNA	trnI(gau)	tRNA-Ile	7432-7495:1
PX116062.1	CDS	ND3	NADH dehydrogenase subunit 3	7494-7848:1
PX116062.1	tRNA	trnS(ucu)	tRNA-Ser	7848-7918:1
PX116062.1	CDS	ND2	NADH dehydrogenase subunit 2	7915-8947:1
PX116062.1	CDS	COX1	cytochrome c oxidase subunit I	8924-10484:1
PX116062.1	tRNA	trnN(guu)	tRNA-Asn	10484-10549:1
PX116062.1	CDS	COX2	cytochrome c oxidase subunit II	10546-11233:1
PX116062.1	tRNA	trnD(guc)	tRNA-Asp	11233-11297:1
PX116062.1	CDS	ATP8	ATP synthase F0 subunit 8	11328-11487:1
PX116062.1	tRNA	trnL(uaa)	tRNA-Leu	11484-11549:1
PX116062.1	tRNA	trnG(ucc)	tRNA-Gly	11548-11611:1
PX116062.1	tRNA	trnY(gua)	tRNA-Tyr	11607-11673:1
PX116062.1	CDS	COX3	cytochrome c oxidase subunit III	11681-12461:1
PX116062.1	tRNA	trnQ(uug)	tRNA-Gln	12464-12534:1
PX116062.1	CDS	ND6	NADH dehydrogenase subunit 6	12531-13008:1
PX116062.1	CDS	CYTB	cytochrome b	13000-14140:1
PX116062.1	tRNA	trnW(uca)	tRNA-Trp	14140-14203:1
PX116062.1	CDS	ATP6	ATP synthase F0 subunit 6	14211-14907:1
PX116062.1	tRNA	trnR(ucg)	tRNA-Arg	14907-14960:1
PX119664.1	CDS	cox1	cytochrome c oxidase subunit 1	0-1558:1
PX119664.1	tRNA	trnN(GTT)	tRNA-Asn	1558-1625:1
PX119664.1	CDS	cox2	cytochrome c oxidase subunit 2	1626-2325:1
PX119664.1	tRNA	trnD(GTC)	tRNA-Asp	2323-2390:1
PX119664.1	CDS	atp8	ATP synthase F0 subunit 8	2390-2552:1
PX119664.1	tRNA	trnY(GTA)	tRNA-Tyr	2553-2618:1
PX119664.1	tRNA	trnE(TTC)	tRNA-Glu	2620-2687:1
PX119664.1	tRNA	trnG(TCC)	tRNA-Gly	2693-2761:1
PX119664.1	CDS	cox3	cytochrome c oxidase subunit 3	2762-3542:1
PX119664.1	tRNA	trnQ(TTG)	tRNA-Gln	3542-3611:1
PX119664.1	CDS	nad6	NADH dehydrogenase subunit 6	3611-4085:1
PX119664.1	CDS	cob	cytochrome b	4092-5231:1
PX119664.1	tRNA	trnP(TGG)	tRNA-Pro	5231-5296:1
PX119664.1	tRNA	trnS(TGA)	tRNA-Ser	5297-5363:1
PX119664.1	tRNA	trnC(GCA)	tRNA-Cys	5366-5431:1
PX119664.1	tRNA	trnM(CAT)	tRNA-Met	5439-5504:1
PX119664.1	rRNA	rrn12	12S ribosomal RNA	5504-6332:1
PX119664.1	tRNA	trnV(TAC)	tRNA-Val	6332-6401:1
PX119664.1	rRNA	rrn16	16S ribosomal RNA	6401-7688:1
PX119664.1	tRNA	trnL(TAG)	tRNA-Leu	7688-7754:1
PX119664.1	tRNA	trnA(TGC)	tRNA-Ala	7762-7828:1
PX119664.1	tRNA	trnT(TGT)	tRNA-Thr	7852-7920:1
PX119664.1	tRNA	trnI(GAT)	tRNA-Ile	7997-8066:1
PX119664.1	tRNA	trnK(TTT)	tRNA-Lys	8066-8134:1
PX119664.1	CDS	nad3	NADH dehydrogenase subunit 3	8135-8489:1
PX119664.1	tRNA	trnF(GAA)	tRNA-Phe	8495-8560:1
PX119664.1	CDS	nad4l	NADH dehydrogenase subunit 4L	9084-9366:1
PX119664.1	CDS	nad4	NADH dehydrogenase subunit 4	9383-10724:1
PX119664.1	tRNA	trnL(TAA)	tRNA-Leu	10725-10796:1
PX119664.1	CDS	nad1	NADH dehydrogenase subunit 1	10796-11741:1
PX119664.1	tRNA	trnW(TCA)	tRNA-Trp	11740-11806:1
PX119664.1	CDS	atp6	ATP synthase F0 subunit 6	11807-12510:1
PX119664.1	tRNA	trnR(TCG)	tRNA-Arg	12510-12580:1
PX119664.1	tRNA	trnH(GTG)	tRNA-His	12581-12646:1
PX119664.1	CDS	nad5	NADH dehydrogenase subunit 5	12647-14363:1
PX119664.1	tRNA	trnS(TCT)	tRNA-Ser	14389-14458:1
PX119664.1	CDS	nad2	NADH dehydrogenase subunit 2	14458-15446:1
PX168857.1	CDS	COX1	cytochrome c oxidase subunit I	0-1548:1
PX168857.1	CDS	ND1	NADH dehydrogenase subunit 1	1562-2495:1
PX168857.1	CDS	COX3	cytochrome c oxidase subunit III	2496-3342:1
PX168857.1	tRNA	trnW(tca)	tRNA-Trp	3371-3434:1
PX168857.1	tRNA	trnF(gaa)	tRNA-Phe	3435-3497:1
PX168857.1	CDS	ND6	NADH dehydrogenase subunit 6	3497-3980:1
PX168857.1	tRNA	trnV(tac)	tRNA-Val	4017-4082:1
PX168857.1	CDS	ND5	NADH dehydrogenase subunit 5	4220-5663:1
PX168857.1	tRNA	trnY(gta)	tRNA-Tyr	5673-5740:1
PX168857.1	tRNA	trnI(gat)	tRNA-Ile	5746-5812:1
PX168857.1	tRNA	trnR(tcg)	tRNA-Arg	5824-5893:1
PX168857.1	tRNA	trnN(gtt)	tRNA-Asn	5896-5962:1
PX168857.1	tRNA	trnS1(agc)	tRNA-Ser	5974-6043:1
PX168857.1	tRNA	trnT(tgt)	tRNA-Thr	6045-6109:1
PX168857.1	tRNA	trnS2(tga)	tRNA-Ser	6120-6188:1
PX168857.1	tRNA	trnD(gtc)	tRNA-Asp	6189-6255:1
PX168857.1	CDS	COX2	cytochrome c oxidase subunit II	6268-7015:1
PX168857.1	tRNA	trnQ(ttg)	tRNA-Gln	7028-7091:1
PX168857.1	tRNA	trnK(ttt)	tRNA-Lys	7086-7152:1
PX168857.1	tRNA	trnP(tgg)	tRNA-Pro	7161-7230:1
PX168857.1	CDS	ND4L	NADH dehydrogenase subunit 4L	7458-7764:1
PX168857.1	CDS	ND2	NADH dehydrogenase subunit 2	7776-8718:1
PX168857.1	CDS	ATP6	ATP synthase F0 subunit 6	8916-9507:1
PX168857.1	CDS	CYTB	cytochrome b	10145-11321:1
PX168857.1	tRNA	trnE(ttc)	tRNA-Glu	11342-11404:1
PX168857.1	rRNA	rrnL	large subunit ribosomal RNA	11354-12091:1
PX168857.1	CDS	ND4	NADH dehydrogenase subunit 4	12121-13438:1
PX168857.1	tRNA	trnH(gtg)	tRNA-His	13446-13509:1
PX168857.1	tRNA	trnG(tcc)	tRNA-Gly	13520-13585:1
PX168857.1	tRNA	trnL2(taa)	tRNA-Leu	13586-13652:1
PX168857.1	tRNA	trnC(gca)	tRNA-Cys	13689-13751:1
PX168857.1	tRNA	trnL1(tag)	tRNA-Leu	13773-13837:1
PX168857.1	CDS	ND3	NADH dehydrogenase subunit 3	13837-14182:1
PX168857.1	tRNA	trnM(cat)	tRNA-Met	14375-14444:1
PX168857.1	rRNA	rrnS	small subunit ribosomal RNA	14698-15553:1
PX168857.1	tRNA	trnA(tgc)	tRNA-Ala	15559-15627:1
PX275613.1	CDS	COX1	cytochrome c oxidase subunit I	0-1542:1
PX275613.1	tRNA		tRNA-Asn	1549-1610:1
PX275613.1	CDS	COX2	cytochrome c oxidase subunit II	1611-2298:1
PX275613.1	tRNA		tRNA-Asp	2297-2359:1
PX275613.1	CDS	ATP8	ATP synthase F0 subunit 8	2359-2519:1
PX275613.1	tRNA		tRNA-Tyr	2519-2581:1
PX275613.1	tRNA		tRNA-Gly	2579-2641:1
PX275613.1	CDS	COX3	cytochrome c oxidase subunit III	2641-3419:1
PX275613.1	tRNA		tRNA-Gln	3419-3488:1
PX275613.1	CDS	ND6	NADH dehydrogenase subunit 6	3488-3954:1
PX275613.1	CDS	CYTB	cytochrome b	3954-5094:1
PX275613.1	tRNA		tRNA-Trp	5092-5154:1
PX275613.1	CDS	ATP6	ATP synthase F0 subunit 6	5155-5849:1
PX275613.1	tRNA		tRNA-Arg	5849-5910:1
PX275613.1	tRNA		tRNA-His	6519-6581:1
PX275613.1	CDS	ND5	NADH dehydrogenase subunit 5	6581-8298:1
PX275613.1	tRNA		tRNA-Phe	8298-8360:1
PX275613.1	tRNA		tRNA-Glu	8360-8422:1
PX275613.1	tRNA		tRNA-Pro	8420-8482:1
PX275613.1	tRNA		tRNA-Thr	8482-8548:1
PX275613.1	CDS	ND4L	NADH dehydrogenase subunit 4L	8548-8845:1
PX275613.1	CDS	ND4	NADH dehydrogenase subunit 4	8838-10195:1
PX275613.1	tRNA		tRNA-Cys	10195-10259:1
PX275613.1	tRNA		tRNA-Met	10259-10322:1
PX275613.1	rRNA		12S ribosomal RNA	10322-11107:1
PX275613.1	tRNA		tRNA-Val	11107-11169:1
PX275613.1	rRNA		16S ribosomal RNA	11169-12417:1
PX275613.1	tRNA		tRNA-Leu	12417-12478:1
PX275613.1	tRNA		tRNA-Ala	12479-12541:1
PX275613.1	tRNA		tRNA-Ser	12539-12605:1
PX275613.1	tRNA		tRNA-Leu	12605-12666:1
PX275613.1	CDS	ND1	NADH dehydrogenase subunit 1	12667-13589:1
PX275613.1	tRNA		tRNA-Ile	13589-13655:1
PX275613.1	tRNA		tRNA-Lys	13655-13720:1
PX275613.1	CDS	ND3	NADH dehydrogenase subunit 3	13720-14074:1
PX275613.1	tRNA		tRNA-Ser	14072-14136:1
PX275613.1	CDS	ND2	NADH dehydrogenase subunit 2	14136-15142:1
PX369605.1	tRNA	trnH(gug)	tRNA-His	0-62:1
PX369605.1	CDS	ND5	NADH dehydrogenase subunit 5	62-1778:1
PX369605.1	tRNA	trnF(gaa)	tRNA-Phe	1779-1846:1
PX369605.1	tRNA	trnE(uuc)	tRNA-Glu	1848-1913:1
PX369605.1	tRNA	trnP(ugg)	tRNA-Pro	1915-1980:1
PX369605.1	tRNA	trnT(ugu)	tRNA-Thr	1983-2051:1
PX369605.1	CDS	ND4L	NADH dehydrogenase subunit 4L	2051-2348:1
PX369605.1	CDS	ND4	NADH dehydrogenase subunit 4	2341-3701:1
PX369605.1	tRNA	trnC(gca)	tRNA-Cys	3701-3766:1
PX369605.1	tRNA	trnM(cau)	tRNA-Met	3767-3832:1
PX369605.1	rRNA	rrn12	12S ribosomal RNA	3830-4633:1
PX369605.1	tRNA	trnV(uac)	tRNA-Val	4633-4698:1
PX369605.1	rRNA	rrn16	16S ribosomal RNA	4698-5944:1
PX369605.1	tRNA	trnL(uag)	tRNA-Leu	5944-6005:1
PX369605.1	tRNA	trnA(ugc)	tRNA-Ala	6007-6070:1
PX369605.1	tRNA	trnS(uga)	tRNA-Ser	6069-6136:1
PX369605.1	tRNA	trnL(uaa)	tRNA-Leu	6138-6201:1
PX369605.1	CDS	ND1	NADH dehydrogenase subunit 1	6201-7126:1
PX369605.1	tRNA	trnI(gau)	tRNA-Ile	7126-7189:1
PX369605.1	tRNA	trnK(uuu)	tRNA-Lys	7193-7258:1
PX369605.1	CDS	ND3	NADH dehydrogenase subunit 3	7258-7612:1
PX369605.1	tRNA	trnS(ucu)	tRNA-Ser	7616-7681:1
PX369605.1	CDS	ND2	NADH dehydrogenase subunit 2	7680-8694:1
PX369605.1	CDS	COX1	cytochrome c oxidase subunit I	8696-10236:1
PX369605.1	tRNA	trnN(guu)	tRNA-Asn	10236-10300:1
PX369605.1	CDS	COX2	cytochrome c oxidase subunit II	10301-10988:1
PX369605.1	tRNA	trnD(guc)	tRNA-Asp	10989-11055:1
PX369605.1	CDS	ATP8	ATP synthase F0 subunit 8	11056-11213:1
PX369605.1	tRNA	trnY(gua)	tRNA-Tyr	11213-11277:1
PX369605.1	tRNA	trnG(ucc)	tRNA-Gly	11275-11339:1
PX369605.1	CDS	COX3	cytochrome c oxidase subunit III	11340-12118:1
PX369605.1	tRNA	trnQ(uug)	tRNA-Gln	12118-12188:1
PX369605.1	CDS	ND6	NADH dehydrogenase subunit 6	12188-12654:1
PX369605.1	CDS	CYTB	cytochrome b	12654-13794:1
PX369605.1	tRNA	trnW(uca)	tRNA-Trp	13793-13858:1
PX369605.1	CDS	ATP6	ATP synthase F0 subunit 6	13858-14554:1
PX369605.1	tRNA	trnR(ucg)	tRNA-Arg	14552-14617:1
PX369607.1	tRNA	trnH(gug)	tRNA-His	0-65:1
PX369607.1	CDS	ND5	NADH dehydrogenase subunit 5	65-1787:1
PX369607.1	tRNA	trnF(gaa)	tRNA-Phe	1787-1852:1
PX369607.1	tRNA	trnE(uuc)	tRNA-Glu	1853-1916:1
PX369607.1	tRNA	trnP(ugg)	tRNA-Pro	1929-1995:1
PX369607.1	tRNA	trnT(ugu)	tRNA-Thr	1996-2061:1
PX369607.1	CDS	ND4L	NADH dehydrogenase subunit 4L	2061-2358:1
PX369607.1	CDS	ND4	NADH dehydrogenase subunit 4	2360-3711:1
PX369607.1	tRNA	trnC(gca)	tRNA-Cys	3711-3778:1
PX369607.1	tRNA	trnM(cau)	tRNA-Met	3779-3843:1
PX369607.1	rRNA	rrn12	12S ribosomal RNA	3841-4633:1
PX369607.1	tRNA	trnV(uac)	tRNA-Val	4633-4699:1
PX369607.1	rRNA	rrn16	16S ribosomal RNA	4699-5944:1
PX369607.1	tRNA	trnL(uag)	tRNA-Leu	5948-6012:1
PX369607.1	tRNA	trnA(ugc)	tRNA-Ala	6020-6082:1
PX369607.1	tRNA	trnS(uga)	tRNA-Ser	6083-6151:1
PX369607.1	tRNA	trnL(uaa)	tRNA-Leu	6163-6227:1
PX369607.1	CDS	ND1	NADH dehydrogenase subunit 1	6227-7154:1
PX369607.1	tRNA	trnI(gau)	tRNA-Ile	7161-7225:1
PX369607.1	tRNA	trnK(uuu)	tRNA-Lys	7225-7297:1
PX369607.1	CDS	ND3	NADH dehydrogenase subunit 3	7297-7651:1
PX369607.1	tRNA	trnS(ucu)	tRNA-Ser	7654-7718:1
PX369607.1	CDS	ND2	NADH dehydrogenase subunit 2	7718-8732:1
PX369607.1	CDS	COX1	cytochrome c oxidase subunit I	8733-10273:1
PX369607.1	tRNA	trnN(guu)	tRNA-Asn	10273-10335:1
PX369607.1	CDS	COX2	cytochrome c oxidase subunit II	10336-11023:1
PX369607.1	tRNA	trnD(guc)	tRNA-Asp	11023-11088:1
PX369607.1	CDS	ATP8	ATP synthase F0 subunit 8	11089-11246:1
PX369607.1	tRNA	trnY(gua)	tRNA-Tyr	11246-11313:1
PX369607.1	tRNA	trnG(ucc)	tRNA-Gly	11311-11374:1
PX369607.1	CDS	COX3	cytochrome c oxidase subunit III	11375-12153:1
PX369607.1	tRNA	trnQ(uug)	tRNA-Gln	12153-12223:1
PX369607.1	CDS	ND6	NADH dehydrogenase subunit 6	12223-12689:1
PX369607.1	CDS	CYTB	cytochrome b	12689-13826:1
PX369607.1	tRNA	trnW(uca)	tRNA-Trp	13833-13898:1
PX369607.1	CDS	ATP6	ATP synthase F0 subunit 6	13898-14594:1
PX369607.1	tRNA	trnR(ucg)	tRNA-Arg	14592-14653:1
PX369608.1	tRNA	trnH(gug)	tRNA-His	0-63:1
PX369608.1	CDS	ND5	NADH dehydrogenase subunit 5	63-1780:1
PX369608.1	tRNA	trnF(gaa)	tRNA-Phe	1780-1842:1
PX369608.1	tRNA	trnE(uuc)	tRNA-Glu	1842-1903:1
PX369608.1	tRNA	trnP(ugg)	tRNA-Pro	1903-1966:1
PX369608.1	tRNA	trnT(ugu)	tRNA-Thr	1966-2028:1
PX369608.1	CDS	ND4L	NADH dehydrogenase subunit 4L	2028-2325:1
PX369608.1	CDS	ND4	NADH dehydrogenase subunit 4	2318-3675:1
PX369608.1	tRNA	trnC(gca)	tRNA-Cys	3675-3739:1
PX369608.1	tRNA	trnM(cau)	tRNA-Met	3739-3801:1
PX369608.1	rRNA	rrn12	12S ribosomal RNA	3799-4595:1
PX369608.1	tRNA	trnV(uac)	tRNA-Val	4595-4658:1
PX369608.1	rRNA	rrn16	16S ribosomal RNA	4658-5909:1
PX369608.1	tRNA	trnL(uag)	tRNA-Leu	5909-5972:1
PX369608.1	tRNA	trnA(ugc)	tRNA-Ala	5975-6036:1
PX369608.1	tRNA	trnS(uga)	tRNA-Ser	6035-6101:1
PX369608.1	tRNA	trnL(uaa)	tRNA-Leu	6101-6163:1
PX369608.1	CDS	ND1	NADH dehydrogenase subunit 1	6164-7088:1
PX369608.1	tRNA	trnI(gau)	tRNA-Ile	7087-7153:1
PX369608.1	tRNA	trnK(uuu)	tRNA-Lys	7153-7218:1
PX369608.1	CDS	ND3	NADH dehydrogenase subunit 3	7218-7572:1
PX369608.1	tRNA	trnS(ucu)	tRNA-Ser	7573-7638:1
PX369608.1	CDS	ND2	NADH dehydrogenase subunit 2	7638-8644:1
PX369608.1	CDS	COX1	cytochrome c oxidase subunit I	8644-10186:1
PX369608.1	tRNA	trnN(guu)	tRNA-Asn	10194-10257:1
PX369608.1	CDS	COX2	cytochrome c oxidase subunit II	10258-10945:1
PX369608.1	tRNA	trnD(guc)	tRNA-Asp	10944-11006:1
PX369608.1	CDS	ATP8	ATP synthase F0 subunit 8	11006-11166:1
PX369608.1	tRNA	trnY(gua)	tRNA-Tyr	11166-11229:1
PX369608.1	tRNA	trnG(ucc)	tRNA-Gly	11227-11290:1
PX369608.1	CDS	COX3	cytochrome c oxidase subunit III	11290-12068:1
PX369608.1	tRNA	trnQ(uug)	tRNA-Gln	12068-12137:1
PX369608.1	CDS	ND6	NADH dehydrogenase subunit 6	12137-12603:1
PX369608.1	CDS	CYTB	cytochrome b	12603-13743:1
PX369608.1	tRNA	trnW(uca)	tRNA-Trp	13741-13803:1
PX369608.1	CDS	ATP6	ATP synthase F0 subunit 6	13805-14499:1
PX369608.1	tRNA	trnR(ucg)	tRNA-Arg	14499-14564:1
PX427683.1	tRNA	trnY-GUA	tRNA-Tyr	0-65:1
PX427683.1	CDS	ATP8	ATP synthase F0 subunit 8	137-302:1
PX427683.1	tRNA	trnM-CAT	tRNA-Met	297-360:1
PX427683.1	tRNA	trnD-GUC	tRNA-Asp	359-422:1
PX427683.1	CDS	COX3	cytochrome c oxidase subunit III	453-1231:1
PX427683.1	tRNA	trnQ-UUG	tRNA-Gln	1231-1295:1
PX427683.1	CDS	ND6	NADH dehydrogenase subunit 6	1304-1769:1
PX427683.1	CDS	CYTB	cytochrome b	1761-2898:1
PX427683.1	tRNA	trnW-UCA	tRNA-Trp	2896-2959:1
PX427683.1	CDS	ATP6	ATP synthase F0 subunit 6	2959-3655:1
PX427683.1	tRNA	trnR-UCG	tRNA-Arg	3665-3719:1
PX427683.1	tRNA	trnH	tRNA-His	3719-3783:1
PX427683.1	CDS	ND5	NADH dehydrogenase subunit 5	3783-5464:1
PX427683.1	tRNA	trnF-GAA	tRNA-Phe	5464-5528:1
PX427683.1	tRNA	trnE-UUC	tRNA-Glu	5535-5599:1
PX427683.1	tRNA	trnP-UGG	tRNA-Pro	5597-5661:1
PX427683.1	tRNA	trnT-UGU	tRNA-Thr	5663-5729:1
PX427683.1	CDS	ND4L	NADH dehydrogenase subunit 4L	5729-6017:1
PX427683.1	CDS	ND4	NADH dehydrogenase subunit 4	6010-7339:1
PX427683.1	rRNA	rrn12	12S ribosomal RNA	7347-8158:1
PX427683.1	tRNA	trnV-UAC	tRNA-Val	8151-8216:1
PX427683.1	rRNA	rrn16	16S ribosomal RNA	8200-9457:1
PX427683.1	tRNA	trnL-UAG	tRNA-Leu	9417-9480:1
PX427683.1	tRNA	trnS-UGA	tRNA-Ser	9498-9557:1
PX427683.1	tRNA	trnA-UGC	tRNA-Ala	9563-9626:1
PX427683.1	tRNA	trnL-UAA	tRNA-Leu	9626-9688:1
PX427683.1	CDS	ND1	NADH dehydrogenase subunit 1	9688-10613:1
PX427683.1	tRNA	trnI-GAU	tRNA-Ile	10613-10678:1
PX427683.1	tRNA	trnK-UUU	tRNA-Lys	10679-10745:1
PX427683.1	CDS	ND3	NADH dehydrogenase subunit 3	10745-11090:1
PX427683.1	tRNA	trnS-UCU	tRNA-Ser	11088-11156:1
PX427683.1	CDS	ND2	NADH dehydrogenase subunit 2	11156-12146:1
PX427683.1	tRNA	trnC-GCA	tRNA-Cys	12151-12213:1
PX427683.1	CDS	COX1	cytochrome c oxidase subunit I	12214-13749:1
PX427683.1	tRNA	trnN-GUU	tRNA-Asn	13749-13814:1
PX427683.1	CDS	COX2	cytochrome c oxidase subunit II	13814-14507:1
PX427683.1	tRNA	trnG	tRNA-Gly	14569-14633:1
PX519679.1	tRNA		tRNA-His	182-243:1
PX519679.1	CDS		NADH dehydrogenase subunit 5	243-1953:1
PX519679.1	tRNA		tRNA-Phe	1952-2013:1
PX519679.1	tRNA		tRNA-Glu	2013-2074:1
PX519679.1	tRNA		tRNA-Pro	2071-2132:1
PX519679.1	tRNA		tRNA-Thr	2133-2192:1
PX519679.1	CDS		NADH dehydrogenase subunit 4L	2192-2480:1
PX519679.1	CDS		NADH dehydrogenase subunit 4	2473-3817:1
PX519679.1	tRNA		tRNA-Cys	3817-3873:1
PX519679.1	tRNA		tRNA-Met	3875-3939:1
PX519679.1	rRNA		12S ribosomal RNA	3937-4681:1
PX519679.1	tRNA		tRNA-Val	4687-4752:1
PX519679.1	rRNA		16S ribosomal RNA	4739-5892:1
PX519679.1	tRNA		tRNA-Ser	5939-6006:1
PX519679.1	tRNA		tRNA-Ala	6006-6068:1
PX519679.1	tRNA		tRNA-Leu	6068-6127:1
PX519679.1	CDS		NADH dehydrogenase subunit 1	6129-7050:1
PX519679.1	tRNA		tRNA-Ile	7048-7110:1
PX519679.1	tRNA		tRNA-Lys	7110-7172:1
PX519679.1	CDS		NADH dehydrogenase subunit 3	7172-7517:1
PX519679.1	tRNA		tRNA-Ser	7515-7572:1
PX519679.1	CDS		NADH dehydrogenase subunit 2	7587-8589:1
PX519679.1	CDS		cytochrome c oxidase subunit I	8560-10096:1
PX519679.1	tRNA		tRNA-Asn	10093-10166:1
PX519679.1	CDS		cytochrome c oxidase subunit II	10158-10842:1
PX519679.1	tRNA		tRNA-Asp	10840-10903:1
PX519679.1	CDS		ATP synthase F0 subunit 8	10903-11054:1
PX519679.1	tRNA		tRNA-Gly	11054-11113:1
PX519679.1	tRNA		tRNA-Tyr	11112-11164:1
PX519679.1	CDS		cytochrome c oxidase subunit III	11187-11970:1
PX519679.1	tRNA		tRNA-Gln	11976-12029:1
PX519679.1	CDS		NADH dehydrogenase subunit 6	12040-12535:1
PX519679.1	CDS		cytochrome b	12497-13640:1
PX519679.1	tRNA		tRNA-Trp	13641-13703:1
PX519679.1	CDS		ATP synthase F0 subunit 6	13761-14466:1
PX519679.1	tRNA		tRNA-Arg	14463-14535:1
PX527395.1	tRNA	trnH(gtg)	tRNA-His	473-538:1
PX527395.1	CDS	nad5	NADH dehydrogenase subunit 5	539-2268:1
PX527395.1	tRNA	trnF(gaa)	tRNA-Phe	2268-2335:1
PX527395.1	tRNA	trnE(ttc)	tRNA-Glu	2337-2404:1
PX527395.1	tRNA	trnP(tgg)	tRNA-Pro	2409-2466:1
PX527395.1	tRNA	trnT(tgt)	tRNA-Thr	2481-2550:1
PX527395.1	CDS	nad4l	NADH dehydrogenase subunit 4L	2550-2841:1
PX527395.1	CDS	nad4	NADH dehydrogenase subunit 4	2834-4193:1
PX527395.1	tRNA	trnC(gca)	tRNA-Cys	4195-4261:1
PX527395.1	tRNA	trnM_1(cat)	tRNA-Met	4264-4328:1
PX527395.1	tRNA	trnM_0(cat)	tRNA-Met	4329-4391:1
PX527395.1	rRNA	rrnS	12S ribosomal RNA	4412-5278:1
PX527395.1	tRNA	trnV(tac)	tRNA-Val	5275-5345:1
PX527395.1	rRNA	rrnL	16S ribosomal RNA	5344-6713:1
PX527395.1	tRNA	trnL1(tag)	tRNA-Leu	6724-6792:1
PX527395.1	tRNA	trnA(tgc)	tRNA-Ala	6792-6857:1
PX527395.1	tRNA	trnS2(tga)	tRNA-Ser	6857-6924:1
PX527395.1	tRNA	trnL2(taa)	tRNA-Leu	6928-6993:1
PX527395.1	CDS	nad1	NADH dehydrogenase subunit 1	6993-7926:1
PX527395.1	tRNA	trnI(gat)	tRNA-Ile	7925-7991:1
PX527395.1	tRNA	trnK(ttt)	tRNA-Lys	7992-8059:1
PX527395.1	CDS	nad3	NADH dehydrogenase subunit 3	8059-8413:1
PX527395.1	tRNA	trnS1(tct)	tRNA-Ser	8419-8488:1
PX527395.1	CDS	nad2	NADH dehydrogenase subunit 2	8529-9531:1
PX527395.1	CDS	cox1	cytochrome c oxidase subunit 1	9541-11077:1
PX527395.1	tRNA	trnN(gtt)	tRNA-Asn	11079-11148:1
PX527395.1	CDS	cox2	cytochrome c oxidase subunit 2	11148-11835:1
PX527395.1	tRNA	trnD(gtc)	tRNA-Asp	11843-11908:1
PX527395.1	CDS	atp8	ATP synthase F0 subunit 8	11908-12076:1
PX527395.1	tRNA	trnY(gta)	tRNA-Tyr	12071-12136:1
PX527395.1	tRNA	trnG(tcc)	tRNA-Gly	12136-12202:1
PX527395.1	CDS	cox3	cytochrome c oxidase subunit 3	12202-12982:1
PX527395.1	tRNA	trnQ(ttg)	tRNA-Gln	12999-13064:1
PX527395.1	CDS	nad6	NADH dehydrogenase subunit 6	13064-13547:1
PX527395.1	CDS	cob	cytochrome b	13549-14701:1
PX527395.1	tRNA	trnW(tca)	tRNA-Trp	14707-14772:1
PX527395.1	CDS	atp6	ATP synthase F0 subunit 6	14772-15471:1
PX527395.1	tRNA	trnR(tcg)	tRNA-Arg	15476-15544:1
PX601447.1	CDS	COX1	cytochrome c oxidase subunit I	15646-15676:1,0-1518:1
PX601447.1	tRNA	trnN	tRNA-Asn	1518-1574:1
PX601447.1	CDS	COX2	cytochrome c oxidase subunit II	1574-2261:1
PX601447.1	tRNA	trnD	tRNA-Asp	2267-2332:1
PX601447.1	CDS	ATP8	ATP synthase F0 subunit 8	2333-2495:1
PX601447.1	tRNA	trnY	tRNA-Tyr	2495-2558:1
PX601447.1	tRNA	trnG	tRNA-Gly	2558-2624:1
PX601447.1	CDS	COX3	cytochrome c oxidase subunit III	2626-3409:1
PX601447.1	tRNA	trnQ	tRNA-Gln	3409-3472:1
PX601447.1	CDS	ND6	NADH dehydrogenase subunit 6	3472-3958:1
PX601447.1	CDS	CYTB	cytochrome b	3966-5103:1
PX601447.1	tRNA	trnW	tRNA-Trp	5103-5174:1
PX601447.1	CDS	ATP6	ATP synthase F0 subunit 6	5175-5880:1
PX601447.1	tRNA	trnR	tRNA-Arg	5880-5946:1
PX601447.1	tRNA	trnH	tRNA-His	5946-5997:1
PX601447.1	CDS	ND5	NADH dehydrogenase subunit 5	6006-7726:1
PX601447.1	tRNA	trnF	tRNA-Phe	7726-7798:1
PX601447.1	tRNA	trnE	tRNA-Glu	7799-7861:1
PX601447.1	tRNA	trnP	tRNA-Pro	7861-7933:1
PX601447.1	tRNA	trnT	tRNA-Thr	7933-8001:1
PX601447.1	CDS	ND4L	NADH dehydrogenase subunit 4L	8001-8295:1
PX601447.1	CDS	ND4	NADH dehydrogenase subunit 4	8288-9635:1
PX601447.1	tRNA	trnC	tRNA-Cys	9643-9706:1
PX601447.1	tRNA	trnM	tRNA-Met	9709-9774:1
PX601447.1	rRNA		12S ribosomal RNA	9779-10668:1
PX601447.1	tRNA	trnV	tRNA-Val	10661-10730:1
PX601447.1	rRNA		16S ribosomal RNA	10709-12046:1
PX601447.1	tRNA	trnL	tRNA-Leu	12027-12092:1
PX601447.1	tRNA	trnA	tRNA-Ala	12097-12163:1
PX601447.1	tRNA	trnS	tRNA-Ser	12182-12248:1
PX601447.1	tRNA	trnL	tRNA-Leu	12252-12327:1
PX601447.1	CDS	ND1	NADH dehydrogenase subunit 1	12327-13248:1
PX601447.1	tRNA	trnK	tRNA-Lys	13255-13324:1
PX601447.1	tRNA	trnI	tRNA-Ile	13324-13393:1
PX601447.1	CDS	ND3	NADH dehydrogenase subunit 3	14164-14518:1
PX601447.1	tRNA	trnS	tRNA-Ser	14518-14588:1
PX601447.1	CDS	ND2	NADH dehydrogenase subunit 2	14589-15672:1
PX601449.1	CDS	COX1	cytochrome c oxidase subunit I	0-1545:1
PX601449.1	tRNA	trnN	tRNA-Asn	1545-1595:1
PX601449.1	CDS	COX2	cytochrome c oxidase subunit II	1625-2309:1
PX601449.1	CDS	ATP8	ATP synthase F0 subunit 8	2277-2442:1
PX601449.1	tRNA	trnD	tRNA-Asp	2430-2491:1
PX601449.1	tRNA	trnY	tRNA-Tyr	2491-2547:1
PX601449.1	CDS	COX3	cytochrome c oxidase subunit III	2547-3330:1
PX601449.1	tRNA	trnQ	tRNA-Gln	3330-3390:1
PX601449.1	CDS	ND6	NADH dehydrogenase subunit 6	3390-3852:1
PX601449.1	CDS	CYTB	cytochrome b	3853-4993:1
PX601449.1	tRNA	trnW	tRNA-Trp	4993-5055:1
PX601449.1	CDS	ATP6	ATP synthase F0 subunit 6	5055-5759:1
PX601449.1	tRNA	trnR	tRNA-Arg	5760-5815:1
PX601449.1	CDS	ND5	NADH dehydrogenase subunit 5	5815-7489:1
PX601449.1	tRNA	trnP	tRNA-Pro	7507-7574:1
PX601449.1	tRNA	trnF	tRNA-Phe	7588-7645:1
PX601449.1	tRNA	trnE	tRNA-Glu	7644-7706:1
PX601449.1	tRNA	trnT	tRNA-Thr	7712-7775:1
PX601449.1	CDS	ND4L	NADH dehydrogenase subunit 4L	7776-8070:1
PX601449.1	CDS	ND4	NADH dehydrogenase subunit 4	8063-9407:1
PX601449.1	tRNA	trnV	tRNA-Val	9407-9469:1
PX601449.1	tRNA	trnG	tRNA-Gly	9469-9530:1
PX601449.1	tRNA	trnH	tRNA-His	9568-9631:1
PX601449.1	tRNA	trnL1	tRNA-Leu	9630-9693:1
PX601449.1	rRNA	rrnS	12S ribosomal RNA	9695-10419:1
PX601449.1	rRNA	rrnL	16S ribosomal RNA	10419-11607:1
PX601449.1	tRNA	trnI	tRNA-Ile	11626-11691:1
PX601449.1	tRNA	trnC	tRNA-Cys	12242-12295:1
PX601449.1	tRNA	trnL2	tRNA-Leu	12297-12361:1
PX601449.1	CDS	ND1	NADH dehydrogenase subunit 1	12361-13282:1
PX601449.1	tRNA	trnK	tRNA-Lys	13282-13346:1
PX601449.1	tRNA	trnA	tRNA-Ala	13355-13413:1
PX601449.1	tRNA	trnS2	tRNA-Ser	13412-13470:1
PX601449.1	tRNA	trnM	tRNA-Met	13473-13537:1
PX601449.1	CDS	ND3	NADH dehydrogenase subunit 3	13537-13894:1
PX601449.1	tRNA	trnS1	tRNA-Ser	13894-13951:1
PX601449.1	CDS	ND2	NADH dehydrogenase subunit 2	13951-14947:1
PX614612.1	CDS	COX1	cytochrome c oxidase subunit 1	17003-17933:1,0-618:1
PX614612.1	tRNA		tRNA-Trp	616-680:1
PX614612.1	CDS	ND3	NADH dehydrogenase subunit 3	684-1032:1
PX614612.1	CDS	ND4L	NADH dehydrogenase subunit 4L	1041-1335:1
PX614612.1	tRNA		tRNA-Tyr	1335-1400:1
PX614612.1	CDS	ATP6	ATP synthase F0 subunit 6	1400-2045:1
PX614612.1	tRNA		tRNA-Ser	2104-2171:1
PX614612.1	tRNA		tRNA-Val	2170-2235:1
PX614612.1	tRNA		tRNA-Thr	2235-2298:1
PX614612.1	CDS	ND2	NADH dehydrogenase subunit 2	2302-3265:1
PX614612.1	CDS	COX3	cytochrome c oxidase subunit 3	3301-4093:1
PX614612.1	tRNA		tRNA-Leu	4207-4269:1
PX614612.1	CDS	ND1	NADH dehydrogenase subunit 1	4269-5208:1
PX614612.1	CDS	ND6	NADH dehydrogenase subunit 6	5208-5691:1
PX614612.1	CDS	CYTB	cytochrome b	5764-6874:1
PX614612.1	CDS	ND5	NADH dehydrogenase subunit 5	8546-10277:1
PX614612.1	CDS	ND4	NADH dehydrogenase subunit 4	10279-11572:1
PX614612.1	tRNA		tRNA-Asn	11573-11636:1
PX614612.1	tRNA		tRNA-Met	11636-11700:1
PX614612.1	tRNA		tRNA-His	11732-11794:1
PX614612.1	tRNA		tRNA-Leu	11793-11856:1
PX614612.1	tRNA		tRNA-Ile	11857-11921:1
PX614612.1	tRNA		tRNA-Arg	11922-11986:1
PX614612.1	tRNA		tRNA-Phe	11986-12051:1
PX614612.1	tRNA		tRNA-Glu	12283-12348:1
PX614612.1	rRNA		12S ribosomal RNA	12348-13186:1
PX614612.1	tRNA		tRNA-Gln	13183-13251:1
PX614612.1	rRNA		16S ribosomal RNA	13249-14469:1
PX614612.1	tRNA		tRNA-Ala	14469-14533:1
PX614612.1	tRNA		tRNA-Asp	14534-14598:1
PX614612.1	CDS	ATP8	ATP synthase F0 subunit 8	14598-14760:1
PX614612.1	tRNA		tRNA-Pro	15016-15081:1
PX614612.1	tRNA		tRNA-Lys	15926-15994:1
PX614612.1	tRNA		tRNA-Ser	16012-16077:1
PX614612.1	tRNA		tRNA-Cys	16103-16168:1
PX614612.1	tRNA		tRNA-Gly	16170-16235:1
PX614612.1	CDS	COX2	cytochrome c oxidase subunit 2	16235-16946:1
PX621373.1	tRNA	trnH(gtg)	tRNA-His	480-545:1
PX621373.1	CDS	ND5	NADH dehydrogenase subunit 5	546-2275:1
PX621373.1	tRNA	trnF(gaa)	tRNA-Phe	2275-2342:1
PX621373.1	tRNA	trnE(ttc)	tRNA-Glu	2344-2411:1
PX621373.1	tRNA	trnP(tgg)	tRNA-Pro	2416-2473:1
PX621373.1	tRNA	trnT(tgt)	tRNA-Thr	2488-2557:1
PX621373.1	CDS	ND4L	NADH dehydrogenase subunit 4L	2557-2848:1
PX621373.1	CDS	ND4	NADH dehydrogenase subunit 4	2850-4200:1
PX621373.1	tRNA	trnC(gca)	tRNA-Cys	4202-4268:1
PX621373.1	tRNA	trnM_1(cat)	tRNA-Met	4271-4335:1
PX621373.1	tRNA	trnM_0(cat)	tRNA-Met	4336-4398:1
PX621373.1	rRNA	rrnS	12S ribosomal RNA	4419-5284:1
PX621373.1	tRNA	trnV(tac)	tRNA-Val	5281-5351:1
PX621373.1	rRNA	rrnL	16S ribosomal RNA	5360-6715:1
PX621373.1	tRNA	trnL1(tag)	tRNA-Leu	6729-6797:1
PX621373.1	tRNA	trnA(tgc)	tRNA-Ala	6797-6862:1
PX621373.1	tRNA	trnS2(tga)	tRNA-Ser	6862-6929:1
PX621373.1	tRNA	trnL2(taa)	tRNA-Leu	6933-6998:1
PX621373.1	CDS	ND1	NADH dehydrogenase subunit 1	6998-7931:1
PX621373.1	tRNA	trnI(gat)	tRNA-Ile	7930-7996:1
PX621373.1	tRNA	trnK(ttt)	tRNA-Lys	7997-8064:1
PX621373.1	CDS	ND3	NADH dehydrogenase subunit 3	8064-8418:1
PX621373.1	tRNA	trnS1(tct)	tRNA-Ser	8424-8493:1
PX621373.1	CDS	ND2	NADH dehydrogenase subunit 2	8534-9536:1
PX621373.1	CDS	COX1	cytochrome c oxidase subunit I	9545-11081:1
PX621373.1	tRNA	trnN(gtt)	tRNA-Asn	11083-11152:1
PX621373.1	CDS	COX2	cytochrome c oxidase subunit II	11152-11839:1
PX621373.1	tRNA	trnD(gtc)	tRNA-Asp	11847-11912:1
PX621373.1	CDS	ATP8	ATP synthase F0 subunit 8	11912-12075:1
PX621373.1	tRNA	trnY(gta)	tRNA-Tyr	12075-12140:1
PX621373.1	tRNA	trnG(tcc)	tRNA-Gly	12140-12207:1
PX621373.1	CDS	COX3	cytochrome c oxidase subunit III	12207-12987:1
PX621373.1	tRNA	trnQ(ttg)	tRNA-Gln	13004-13069:1
PX621373.1	CDS	ND6	NADH dehydrogenase subunit 6	13069-13552:1
PX621373.1	CDS	CYTB	cytochrome b	13554-14706:1
PX621373.1	tRNA	trnW(tca)	tRNA-Trp	14712-14777:1
PX621373.1	CDS	ATP6	ATP synthase F0 subunit 6	14777-15476:1
PX621373.1	tRNA	trnR(tcg)	tRNA-Arg	15481-15549:1
PX718958.1	CDS	COX1	cytochrome c oxidase subunit I	0-1557:1
PX718958.1	CDS	COX2	cytochrome c oxidase subunit II	1802-2621:1
PX718958.1	CDS	ATP8	ATP synthase F0 subunit 8	2642-2798:1
PX718958.1	tRNA		tRNA-Asp	2937-3003:1
PX718958.1	tRNA		tRNA-Tyr	3027-3094:1
PX718958.1	CDS	COX3	cytochrome c oxidase subunit III	3182-3998:1
PX718958.1	tRNA		tRNA-Trp	4030-4097:1
PX718958.1	tRNA		tRNA-Asn	7996-8062:1
PX718958.1	tRNA		tRNA-Met	8121-8185:1
PX718958.1	tRNA		tRNA-Met	8247-8315:1
PX718958.1	tRNA		tRNA-Ser	8398-8465:1
PX718958.1	tRNA		tRNA-Arg	8502-8560:1
PX718958.1	tRNA		tRNA-Gln	8567-8634:1
PX718958.1	tRNA		tRNA-Ser	8641-8708:1
PX718958.1	CDS	ND6	NADH dehydrogenase subunit 6	8719-9193:1
PX718958.1	tRNA		tRNA-Gly	9230-9296:1
PX718958.1	CDS	CYTB	cytochrome b	9317-10460:1
PX718958.1	CDS	ATP6	ATP synthase F0 subunit 6	10537-11233:1
PX718958.1	tRNA		tRNA-His	11245-11307:1
PX718958.1	CDS	ND5	NADH dehydrogenase subunit 5	11307-13003:1
PX718958.1	tRNA		tRNA-Phe	13003-13069:1
PX718958.1	tRNA		tRNA-Glu	13069-13134:1
PX718958.1	tRNA		tRNA-Pro	13136-13199:1
PX718958.1	tRNA		tRNA-Thr	13198-13263:1
PX718958.1	CDS	ND4L	NADH dehydrogenase subunit 4L	13263-13554:1
PX718958.1	CDS	ND4	NADH dehydrogenase subunit 4	13580-14921:1
PX718958.1	rRNA		12S ribosomal RNA	14948-15836:1
PX718958.1	tRNA		tRNA-Val	15830-15891:1
PX718958.1	rRNA		16S ribosomal RNA	15887-17262:1
PX718958.1	tRNA		tRNA-Ala	17309-17372:1
PX718958.1	tRNA		tRNA-Ser	17373-17440:1
PX718958.1	tRNA		tRNA-Leu	17440-17504:1
PX718958.1	CDS	ND1	NADH dehydrogenase subunit 1	17505-18528:1
PX718958.1	tRNA		tRNA-Ile	18562-18628:1
PX718958.1	tRNA		tRNA-Cys	18749-18816:1
PX718958.1	tRNA		tRNA-Leu	18865-18929:1
PX718958.1	tRNA		tRNA-Lys	19253-19317:1
PX718958.1	CDS	ND3	NADH dehydrogenase subunit 3	19318-19666:1
PX718958.1	CDS	ND2	NADH dehydrogenase subunit 2	19692-20680:1
PX896337.1	CDS	COX1	cytochrome c oxidase subunit I	0-1542:1
PX896337.1	tRNA		tRNA-Asn	1549-1610:1
PX896337.1	CDS	COX2	cytochrome c oxidase subunit II	1611-2298:1
PX896337.1	tRNA		tRNA-Asp	2297-2360:1
PX896337.1	CDS	ATP8	ATP synthase F0 subunit 8	2360-2520:1
PX896337.1	tRNA		tRNA-Tyr	2520-2582:1
PX896337.1	tRNA		tRNA-Gly	2580-2642:1
PX896337.1	CDS	COX3	cytochrome c oxidase subunit III	2642-3420:1
PX896337.1	tRNA		tRNA-Gln	3420-3489:1
PX896337.1	CDS	ND6	NADH dehydrogenase subunit 6	3489-3955:1
PX896337.1	CDS	CYTB	cytochrome b	3955-5095:1
PX896337.1	tRNA		tRNA-Trp	5093-5155:1
PX896337.1	CDS	ATP6	ATP synthase F0 subunit 6	5156-5852:1
PX896337.1	tRNA		tRNA-Arg	5850-5913:1
PX896337.1	tRNA		tRNA-His	6523-6585:1
PX896337.1	CDS	ND5	NADH dehydrogenase subunit 5	6585-8302:1
PX896337.1	tRNA		tRNA-Phe	8302-8364:1
PX896337.1	tRNA		tRNA-Glu	8364-8426:1
PX896337.1	tRNA		tRNA-Pro	8424-8485:1
PX896337.1	tRNA		tRNA-Thr	8485-8551:1
PX896337.1	CDS	ND4L	NADH dehydrogenase subunit 4L	8551-8848:1
PX896337.1	CDS	ND4	NADH dehydrogenase subunit 4	8841-10198:1
PX896337.1	tRNA		tRNA-Cys	10198-10262:1
PX896337.1	tRNA		tRNA-Met	10262-10325:1
PX896337.1	rRNA		12S ribosomal RNA	10323-11109:1
PX896337.1	tRNA		tRNA-Val	11109-11172:1
PX896337.1	rRNA		16S ribosomal RNA	11172-12420:1
PX896337.1	tRNA		tRNA-Leu	12420-12481:1
PX896337.1	tRNA		tRNA-Ala	12481-12543:1
PX896337.1	tRNA		tRNA-Ser	12541-12607:1
PX896337.1	tRNA		tRNA-Leu	12607-12668:1
PX896337.1	CDS	ND1	NADH dehydrogenase subunit 1	12669-13591:1
PX896337.1	tRNA		tRNA-Ile	13591-13657:1
PX896337.1	tRNA		tRNA-Lys	13657-13722:1
PX896337.1	CDS	ND3	NADH dehydrogenase subunit 3	13722-14076:1
PX896337.1	tRNA		tRNA-Ser	14074-14138:1
PX896337.1	CDS	ND2	NADH dehydrogenase subunit 2	14138-15144:1
PX939015.1	CDS	COX1	cytochrome c oxidase subunit I	15237-15288:1,0-1506:1
PX939015.1	CDS	COX2	cytochrome c oxidase subunit II	1542-2220:1
PX939015.1	CDS	ATP8	ATP synthase F0 subunit 8	2219-2378:1
PX939015.1	tRNA		tRNA-Tyr	2381-2444:1
PX939015.1	CDS	COX3	cytochrome c oxidase subunit III	2445-3228:1
PX939015.1	tRNA		tRNA-Asp	3232-3298:1
PX939015.1	tRNA		tRNA-Leu	3298-3361:1
PX939015.1	tRNA		tRNA-Asn	3360-3426:1
PX939015.1	tRNA		tRNA-Thr	3427-3488:1
PX939015.1	tRNA		tRNA-Trp	3492-3556:1
PX939015.1	tRNA		tRNA-Val	3560-3623:1
PX939015.1	CDS	ND4	NADH dehydrogenase subunit 4	3636-4965:-1
PX939015.1	CDS	ND4L	NADH dehydrogenase subunit 4L	4958-5249:-1
PX939015.1	tRNA		tRNA-Phe	5249-5314:-1
PX939015.1	CDS	ND5	NADH dehydrogenase subunit 5	5317-7015:-1
PX939015.1	tRNA		tRNA-His	7015-7079:-1
PX939015.1	tRNA		tRNA-Arg	7079-7136:-1
PX939015.1	CDS	ATP6	ATP synthase F0 subunit 6	7134-7839:-1
PX939015.1	tRNA		tRNA-Ser	7840-7897:-1
PX939015.1	tRNA		tRNA-Glu	7902-7968:1
PX939015.1	CDS	ND6	NADH dehydrogenase subunit 6	7967-8444:-1
PX939015.1	tRNA		tRNA-Ile	8444-8509:-1
PX939015.1	tRNA		tRNA-Lys	8574-8636:-1
PX939015.1	CDS	ND3	NADH dehydrogenase subunit 3	8673-9021:1
PX939015.1	tRNA		tRNA-Leu	9033-9094:-1
PX939015.1	tRNA		tRNA-Ser	9094-9161:-1
PX939015.1	CDS	CYTB	cytochrome b	9160-10300:-1
PX939015.1	tRNA		tRNA-Ala	10303-10364:-1
PX939015.1	tRNA		tRNA-Gln	10366-10428:-1
PX939015.1	tRNA		tRNA-Met	10809-10873:-1
PX939015.1	tRNA		tRNA-Cys	10875-10942:-1
PX939015.1	CDS	ND2	NADH dehydrogenase subunit 2	10949-11960:-1
PX939015.1	CDS	ND1	NADH dehydrogenase subunit 1	12013-12934:-1
PX939015.1	tRNA		tRNA-Gly	13008-13071:1
PX939015.1	tRNA		tRNA-Pro	13079-13145:-1
PX939015.1	rRNA		16S ribosomal RNA	13203-14294:-1
PX939015.1	rRNA		12S ribosomal RNA	14355-15019:-1
PX939016.1	CDS	COX1	cytochrome c oxidase subunit I	0-1575:1
PX939016.1	CDS	COX2	cytochrome c oxidase subunit II	1633-2341:1
PX939016.1	CDS	ATP8	ATP synthase F0 subunit 8	2834-2993:1
PX939016.1	tRNA		tRNA-Tyr	2994-3057:1
PX939016.1	tRNA		tRNA-Gly	3109-3172:1
PX939016.1	CDS	COX3	cytochrome c oxidase subunit III	3313-4099:1
PX939016.1	tRNA		tRNA-Asp	4101-4165:1
PX939016.1	tRNA		tRNA-Asn	4173-4230:1
PX939016.1	tRNA		tRNA-Ala	4240-4300:1
PX939016.1	tRNA		tRNA-Leu	4306-4367:1
PX939016.1	tRNA		tRNA-Thr	4378-4439:1
PX939016.1	tRNA		tRNA-Trp	4439-4499:1
PX939016.1	tRNA		tRNA-Val	4499-4562:1
PX939016.1	CDS	ND4	NADH dehydrogenase subunit 4	4578-5907:-1
PX939016.1	CDS	ND4L	NADH dehydrogenase subunit 4L	5900-6191:-1
PX939016.1	tRNA		tRNA-Phe	6191-6252:-1
PX939016.1	CDS	ND5	NADH dehydrogenase subunit 5	6255-7950:-1
PX939016.1	tRNA		tRNA-His	7950-8014:-1
PX939016.1	tRNA		tRNA-Arg	8013-8066:-1
PX939016.1	CDS	ATP6	ATP synthase F0 subunit 6	8064-8763:-1
PX939016.1	tRNA		tRNA-Ser	8764-8819:-1
PX939016.1	tRNA		tRNA-Glu	8820-8884:1
PX939016.1	CDS	ND6	NADH dehydrogenase subunit 6	8882-9356:-1
PX939016.1	tRNA		tRNA-Ile	9357-9421:-1
PX939016.1	tRNA		tRNA-Met	9423-9486:-1
PX939016.1	tRNA		tRNA-Lys	9484-9545:-1
PX939016.1	CDS	ND3	NADH dehydrogenase subunit 3	9579-9927:1
PX939016.1	tRNA		tRNA-Leu	9940-10001:-1
PX939016.1	tRNA		tRNA-Ser	10001-10066:-1
PX939016.1	CDS	CYTB	cytochrome b	10066-11204:-1
PX939016.1	tRNA		tRNA-Gln	11218-11281:-1
PX939016.1	tRNA		tRNA-Cys	11350-11414:-1
PX939016.1	CDS	ND2	NADH dehydrogenase subunit 2	11428-12442:-1
PX939016.1	CDS	ND1	NADH dehydrogenase subunit 1	12467-13397:-1
PX939016.1	tRNA		tRNA-Pro	13422-13484:-1
PX939016.1	rRNA		16S ribosomal RNA	13511-14584:-1
PX939016.1	rRNA		12S ribosomal RNA	14631-15431:-1
PX939017.1	CDS	COX1	cytochrome c oxidase subunit I	27-1560:1
PX939017.1	CDS	ATP8	ATP synthase F0 subunit 8	1575-1735:1
PX939017.1	tRNA		tRNA-Tyr	1735-1798:1
PX939017.1	CDS	COX2	cytochrome c oxidase subunit II	1837-2527:1
PX939017.1	CDS	COX3	cytochrome c oxidase subunit III	2575-3358:1
PX939017.1	tRNA		tRNA-Asp	3356-3421:1
PX939017.1	tRNA		tRNA-Asn	3424-3490:1
PX939017.1	tRNA		tRNA-Thr	3487-3548:1
PX939017.1	tRNA		tRNA-Leu	3548-3610:1
PX939017.1	tRNA		tRNA-Trp	3609-3671:1
PX939017.1	tRNA		tRNA-Val	3671-3734:1
PX939017.1	CDS	ND4	NADH dehydrogenase subunit 4	3747-5076:-1
PX939017.1	CDS	ND4L	NADH dehydrogenase subunit 4L	5069-5360:-1
PX939017.1	tRNA		tRNA-Phe	5360-5424:-1
PX939017.1	CDS	ND5	NADH dehydrogenase subunit 5	5424-7060:-1
PX939017.1	tRNA		tRNA-His	7117-7182:-1
PX939017.1	tRNA		tRNA-Arg	7196-7252:-1
PX939017.1	CDS	ATP6	ATP synthase F0 subunit 6	7250-7949:-1
PX939017.1	tRNA		tRNA-Ser	7951-8011:-1
PX939017.1	tRNA		tRNA-Glu	8012-8077:1
PX939017.1	CDS	ND6	NADH dehydrogenase subunit 6	8075-8549:-1
PX939017.1	tRNA		tRNA-Ile	8551-8614:-1
PX939017.1	tRNA		tRNA-Lys	8678-8742:-1
PX939017.1	CDS	ND3	NADH dehydrogenase subunit 3	8776-9127:1
PX939017.1	tRNA		tRNA-Leu	9143-9205:-1
PX939017.1	tRNA		tRNA-Ser	9205-9271:-1
PX939017.1	CDS	CYTB	cytochrome b	9271-10412:-1
PX939017.1	tRNA		tRNA-Ala	10413-10475:-1
PX939017.1	tRNA		tRNA-Gln	10474-10537:-1
PX939017.1	tRNA		tRNA-Cys	10537-10599:-1
PX939017.1	CDS	ND2	NADH dehydrogenase subunit 2	10602-11607:-1
PX939017.1	CDS	ND1	NADH dehydrogenase subunit 1	11641-12559:-1
PX939017.1	tRNA		tRNA-Gly	12628-12691:1
PX939017.1	tRNA		tRNA-Pro	12732-12795:-1
PX939017.1	tRNA		tRNA-Met	13194-13259:-1
PX939017.1	rRNA		16S ribosomal RNA	13295-14379:-1
PX939017.1	rRNA		12S ribosomal RNA	14428-15238:-1
PX939018.1	CDS	COX1	cytochrome c oxidase subunit I	0-1533:1
PX939018.1	CDS	ATP8	ATP synthase F0 subunit 8	1553-1713:1
PX939018.1	tRNA		tRNA-Tyr	1713-1776:1
PX939018.1	CDS	COX2	cytochrome c oxidase subunit II	1806-2496:1
PX939018.1	CDS	COX3	cytochrome c oxidase subunit III	2544-3327:1
PX939018.1	tRNA		tRNA-Asp	3325-3390:1
PX939018.1	tRNA		tRNA-Asn	3392-3457:1
PX939018.1	tRNA		tRNA-Thr	3454-3515:1
PX939018.1	tRNA		tRNA-Leu	3515-3578:1
PX939018.1	tRNA		tRNA-Trp	3577-3638:1
PX939018.1	tRNA		tRNA-Val	3638-3701:1
PX939018.1	CDS	ND4	NADH dehydrogenase subunit 4	3714-5043:-1
PX939018.1	CDS	ND4L	NADH dehydrogenase subunit 4L	5036-5327:-1
PX939018.1	tRNA		tRNA-Phe	5327-5391:-1
PX939018.1	CDS	ND5	NADH dehydrogenase subunit 5	5391-7060:-1
PX939018.1	tRNA		tRNA-His	7084-7149:-1
PX939018.1	tRNA		tRNA-Arg	7163-7220:-1
PX939018.1	CDS	ATP6	ATP synthase F0 subunit 6	7218-7917:-1
PX939018.1	tRNA		tRNA-Glu	7980-8044:1
PX939018.1	CDS	ND6	NADH dehydrogenase subunit 6	8042-8516:-1
PX939018.1	tRNA		tRNA-Ile	8518-8581:-1
PX939018.1	tRNA		tRNA-Lys	8645-8709:-1
PX939018.1	CDS	ND3	NADH dehydrogenase subunit 3	8743-9091:1
PX939018.1	tRNA		tRNA-Leu	9110-9172:-1
PX939018.1	tRNA		tRNA-Ser	9172-9238:-1
PX939018.1	CDS	CYTB	cytochrome b	9238-10379:-1
PX939018.1	tRNA		tRNA-Ala	10380-10442:-1
PX939018.1	tRNA		tRNA-Gln	10441-10504:-1
PX939018.1	tRNA		tRNA-Cys	10504-10567:-1
PX939018.1	CDS	ND2	NADH dehydrogenase subunit 2	10571-11576:-1
PX939018.1	CDS	ND1	NADH dehydrogenase subunit 1	11610-12528:-1
PX939018.1	tRNA		tRNA-Gly	12597-12660:1
PX939018.1	tRNA		tRNA-Pro	12698-12761:-1
PX939018.1	tRNA		tRNA-Ser	12870-12931:1
PX939018.1	tRNA		tRNA-Met	13161-13229:-1
PX939018.1	rRNA		16S ribosomal RNA	13265-14355:-1
PX939018.1	rRNA		12S ribosomal RNA	14402-15213:-1
PX939019.1	CDS	ND2	NADH dehydrogenase subunit 2	13984-14969:1,0-23:1
PX939019.1	CDS	COX1	cytochrome c oxidase subunit I	0-1545:1
PX939019.1	tRNA		tRNA-Tyr	1925-1989:1
PX939019.1	tRNA		tRNA-Asn	2001-2066:1
PX939019.1	CDS	COX2	cytochrome c oxidase subunit II	2068-2755:1
PX939019.1	CDS	ATP8	ATP synthase F0 subunit 8	2765-2921:1
PX939019.1	tRNA		tRNA-Lys	2923-2988:1
PX939019.1	tRNA		tRNA-Gly	2988-3051:1
PX939019.1	CDS	COX3	cytochrome c oxidase subunit III	3051-3842:1
PX939019.1	tRNA		tRNA-Gln	3842-3911:1
PX939019.1	CDS	ND6	NADH dehydrogenase subunit 6	3911-4394:1
PX939019.1	CDS	CYTB	cytochrome b	4386-5521:1
PX939019.1	tRNA		tRNA-Ser	5521-5587:1
PX939019.1	tRNA		tRNA-Trp	5587-5651:1
PX939019.1	CDS	ATP6	ATP synthase F0 subunit 6	5653-6347:1
PX939019.1	tRNA		tRNA-Arg	6347-6414:1
PX939019.1	tRNA		tRNA-His	6414-6477:1
PX939019.1	CDS	ND5	NADH dehydrogenase subunit 5	6477-8182:1
PX939019.1	tRNA		tRNA-Phe	8181-8250:1
PX939019.1	tRNA		tRNA-Glu	8249-8312:1
PX939019.1	tRNA		tRNA-Pro	8314-8378:1
PX939019.1	CDS	ND4L	NADH dehydrogenase subunit 4L	8382-8674:1
PX939019.1	tRNA		tRNA-Thr	8674-8738:1
PX939019.1	tRNA		tRNA-Asp	8738-8804:1
PX939019.1	CDS	ND4	NADH dehydrogenase subunit 4	8805-10155:1
PX939019.1	tRNA		tRNA-Cys	10186-10250:1
PX939019.1	tRNA		tRNA-Met	10276-10342:1
PX939019.1	rRNA		12S ribosomal RNA	10340-11087:1
PX939019.1	tRNA		tRNA-Val	11080-11144:1
PX939019.1	rRNA		16S ribosomal RNA	11138-12374:1
PX939019.1	tRNA		tRNA-Ala	12382-12445:1
PX939019.1	tRNA		tRNA-Leu	12446-12508:1
PX939019.1	tRNA		tRNA-Leu	12515-12577:1
PX939019.1	CDS	ND1	NADH dehydrogenase subunit 1	12577-13505:1
PX939019.1	tRNA		tRNA-Ile	13505-13571:1
PX939019.1	CDS	ND3	NADH dehydrogenase subunit 3	13571-13919:1
PX939019.1	tRNA		tRNA-Ser	13917-13984:1
PX939020.1	CDS	COX1	cytochrome c oxidase subunit I	14026-14101:1,0-1465:1
PX939020.1	CDS	ATP8	ATP synthase F0 subunit 8	1465-1585:1
PX939020.1	tRNA		tRNA-Met	1586-1647:1
PX939020.1	rRNA		16S ribosomal RNA	2112-2689:1
PX939020.1	tRNA		tRNA-Leu	2704-2763:1
PX939020.1	rRNA		12S ribosomal RNA	2852-3469:1
PX939020.1	tRNA		tRNA-Gly	3473-3533:1
PX939020.1	tRNA		tRNA-Gln	3532-3591:1
PX939020.1	tRNA		tRNA-Ser	3589-3654:1
PX939020.1	tRNA		tRNA-Tyr	3653-3713:1
PX939020.1	CDS	CYTB	cytochrome b	3712-4841:1
PX939020.1	tRNA		tRNA-Ser	4843-4904:1
PX939020.1	CDS	ND2	NADH dehydrogenase subunit 2	4905-5866:1
PX939020.1	tRNA		tRNA-Lys	5866-5926:1
PX939020.1	tRNA		tRNA-Phe	5924-5986:1
PX939020.1	CDS	ATP6	ATP synthase F0 subunit 6	5985-6675:1
PX939020.1	CDS	COX2	cytochrome c oxidase subunit II	6688-7363:1
PX939020.1	CDS	ND6	NADH dehydrogenase subunit 6	7355-7820:1
PX939020.1	tRNA		tRNA-Asn	7820-7879:1
PX939020.1	tRNA		tRNA-His	7878-7938:1
PX939020.1	tRNA		tRNA-Ile	7937-7999:1
PX939020.1	CDS	ND4	NADH dehydrogenase subunit 4	7999-9347:1
PX939020.1	tRNA		tRNA-Pro	9347-9409:1
PX939020.1	CDS	ND4L	NADH dehydrogenase subunit 4L	9408-9703:1
PX939020.1	tRNA		tRNA-Arg	9703-9755:1
PX939020.1	CDS	ND5	NADH dehydrogenase subunit 5	9754-11455:1
PX939020.1	tRNA		tRNA-Asp	11506-11568:1
PX939020.1	tRNA		tRNA-Val	11566-11626:1
PX939020.1	tRNA		tRNA-Thr	11625-11685:1
PX939020.1	CDS	ND1	NADH dehydrogenase subunit 1	11687-12585:1
PX939020.1	tRNA		tRNA-Glu	12585-12645:1
PX939020.1	CDS	COX3	cytochrome c oxidase subunit III	12644-13424:1
PX939020.1	tRNA		tRNA-Cys	13427-13487:1
PX939020.1	tRNA		tRNA-Trp	13506-13567:1
PX939020.1	CDS	ND3	NADH dehydrogenase subunit 3	13567-13909:1
PX939020.1	tRNA		tRNA-Leu	13908-13967:1
PX939020.1	tRNA		tRNA-Ala	13966-14026:1
PX939021.1	CDS	COX1	cytochrome c oxidase subunit I	0-1554:1
PX939021.1	tRNA		tRNA-Gly	1562-1625:1
PX939021.1	CDS	CYTB	cytochrome b	1651-2791:1
PX939021.1	tRNA		tRNA-Ser	2789-2850:1
PX939021.1	tRNA		tRNA-Leu	2965-3027:1
PX939021.1	tRNA		tRNA-Trp	3107-3170:1
PX939021.1	CDS	ATP6	ATP synthase F0 subunit 6	3172-3865:1
PX939021.1	tRNA		tRNA-Arg	3873-3941:1
PX939021.1	tRNA		tRNA-Ala	3943-4006:1
PX939021.1	CDS	COX2	cytochrome c oxidase subunit II	6520-7204:1
PX939021.1	tRNA		tRNA-Lys	7206-7269:1
PX939021.1	CDS	ATP8	ATP synthase F0 subunit 8	7291-7450:1
PX939021.1	CDS	COX3	cytochrome c oxidase subunit III	7500-8277:1
PX939021.1	CDS	ND6	NADH dehydrogenase subunit 6	8288-8774:1
PX939021.1	tRNA		tRNA-His	8798-8861:1
PX939021.1	CDS	ND5	NADH dehydrogenase subunit 5	8916-10617:1
PX939021.1	tRNA		tRNA-Tyr	10615-10677:1
PX939021.1	tRNA		tRNA-Asn	10677-10741:1
PX939021.1	tRNA		tRNA-Pro	10743-10808:1
PX939021.1	CDS	ND4L	NADH dehydrogenase subunit 4L	10813-11101:1
PX939021.1	tRNA		tRNA-Thr	11101-11164:1
PX939021.1	tRNA		tRNA-Asp	11164-11227:1
PX939021.1	CDS	ND4	NADH dehydrogenase subunit 4	11229-12579:1
PX939021.1	tRNA		tRNA-Cys	12583-12648:1
PX939021.1	tRNA		tRNA-Gln	12652-12719:1
PX939021.1	tRNA		tRNA-Phe	12722-12782:1
PX939021.1	tRNA		tRNA-Glu	12782-12846:1
PX939021.1	tRNA		tRNA-Met	12846-12907:1
PX939021.1	rRNA		12S ribosomal RNA	12911-13678:1
PX939021.1	tRNA		tRNA-Val	13671-13734:1
PX939021.1	rRNA		16S ribosomal RNA	13748-14955:1
PX939021.1	tRNA		tRNA-Leu	14987-15049:1
PX939021.1	CDS	ND1	NADH dehydrogenase subunit 1	15064-15991:1
PX939021.1	tRNA		tRNA-Ile	15997-16061:1
PX939021.1	CDS	ND3	NADH dehydrogenase subunit 3	16062-16410:1
PX939021.1	tRNA		tRNA-Ser	16408-16475:1
PX939021.1	CDS	ND2	NADH dehydrogenase subunit 2	16493-17480:1
PX939022.1	tRNA		tRNA-His	139-203:1
PX939022.1	tRNA		tRNA-Phe	203-263:1
PX939022.1	tRNA		tRNA-Cys	265-330:1
PX939022.1	tRNA		tRNA-Asn	332-394:1
PX939022.1	tRNA		tRNA-Thr	393-453:1
PX939022.1	tRNA		tRNA-Gln	453-516:1
PX939022.1	rRNA		12S ribosomal RNA	519-1264:1
PX939022.1	tRNA		tRNA-Ile	1268-1331:1
PX939022.1	tRNA		tRNA-Arg	1331-1386:1
PX939022.1	CDS	ND4	NADH dehydrogenase subunit 4	1416-2763:1
PX939022.1	tRNA		tRNA-Asp	2765-2827:1
PX939022.1	tRNA		tRNA-Ala	2824-2886:1
PX939022.1	CDS	ND4L	NADH dehydrogenase subunit 4L	2885-3177:1
PX939022.1	tRNA		tRNA-Pro	3177-3241:1
PX939022.1	CDS	ND5	NADH dehydrogenase subunit 5	3241-4927:1
PX939022.1	CDS	ATP8	ATP synthase F0 subunit 8	6137-6317:1
PX939022.1	CDS	COX3	cytochrome c oxidase subunit III	6292-7070:1
PX939022.1	tRNA		tRNA-Ser	7070-7125:1
PX939022.1	CDS	ND3	NADH dehydrogenase subunit 3	7125-7462:1
PX939022.1	CDS	COX1	cytochrome c oxidase subunit I	7462-8996:1
PX939022.1	tRNA		tRNA-Met	8996-9060:1
PX939022.1	tRNA		tRNA-Tyr	9058-9119:1
PX939022.1	rRNA		16S ribosomal RNA	9121-10215:1
PX939022.1	tRNA		tRNA-Lys	10233-10294:1
PX939022.1	tRNA		tRNA-Ser	10293-10357:1
PX939022.1	tRNA		tRNA-Val	10357-10417:1
PX939022.1	CDS	CYTB	cytochrome b	10417-11575:1
PX939022.1	CDS	ND2	NADH dehydrogenase subunit 2	11550-12534:1
PX939022.1	tRNA		tRNA-Trp	12532-12593:1
PX939022.1	tRNA		tRNA-Leu	12593-12655:1
PX939022.1	tRNA		tRNA-Glu	12855-12915:1
PX939022.1	CDS	ND1	NADH dehydrogenase subunit 1	12942-13837:1
PX939022.1	CDS	COX2	cytochrome c oxidase subunit II	13837-14524:1
PX939022.1	CDS	ND6	NADH dehydrogenase subunit 6	14523-14994:1
PX939022.1	CDS	ATP6	ATP synthase F0 subunit 6	14996-15689:1
PX939022.1	tRNA		tRNA-Gly	15689-15748:1
PX939022.1	tRNA		tRNA-Leu	15748-15810:1
PX939023.1	tRNA		tRNA-Phe	110-171:1
PX939023.1	tRNA		tRNA-Ile	170-233:1
PX939023.1	tRNA		tRNA-Lys	233-295:1
PX939023.1	tRNA		tRNA-His	293-353:1
PX939023.1	tRNA		tRNA-Cys	352-415:1
PX939023.1	tRNA		tRNA-Asp	413-474:1
PX939023.1	tRNA		tRNA-Trp	474-537:1
PX939023.1	tRNA		tRNA-Asn	537-597:1
PX939023.1	CDS	ND4	NADH dehydrogenase subunit 4	597-1949:1
PX939023.1	tRNA		tRNA-Arg	1949-2005:1
PX939023.1	CDS	ND5	NADH dehydrogenase subunit 5	2004-3699:1
PX939023.1	tRNA		tRNA-Pro	3699-3762:1
PX939023.1	CDS	ND4L	NADH dehydrogenase subunit 4L	3762-4059:1
PX939023.1	CDS	ATP8	ATP synthase F0 subunit 8	4064-4181:1
PX939023.1	CDS	COX3	cytochrome c oxidase subunit III	4180-4958:1
PX939023.1	tRNA		tRNA-Glu	4958-5020:1
PX939023.1	CDS	ND3	NADH dehydrogenase subunit 3	5020-5363:1
PX939023.1	tRNA		tRNA-Ala	5363-5423:1
PX939023.1	CDS	COX1	cytochrome c oxidase subunit I	5423-6965:1
PX939023.1	tRNA		tRNA-Met	6963-7026:1
PX939023.1	rRNA		16S ribosomal RNA	7256-8129:1
PX939023.1	tRNA		tRNA-Leu	8110-8171:1
PX939023.1	rRNA		12S ribosomal RNA	8169-8900:1
PX939023.1	tRNA		tRNA-Gly	8895-8956:1
PX939023.1	tRNA		tRNA-Gln	8954-9013:1
PX939023.1	tRNA		tRNA-Ser	9011-9067:1
PX939023.1	tRNA		tRNA-Tyr	9068-9128:1
PX939023.1	CDS	CYTB	cytochrome b	9128-10260:1
PX939023.1	tRNA		tRNA-Ser	10260-10327:1
PX939023.1	CDS	ND2	NADH dehydrogenase subunit 2	10336-11300:1
PX939023.1	tRNA		tRNA-Thr	11300-11360:1
PX939023.1	CDS	ND1	NADH dehydrogenase subunit 1	11381-12267:1
PX939023.1	CDS	ATP6	ATP synthase F0 subunit 6	12267-12960:1
PX939023.1	tRNA		tRNA-Val	12958-13021:1
PX939023.1	CDS	COX2	cytochrome c oxidase subunit II	13087-13820:1
PX939023.1	tRNA		tRNA-Leu	13825-13886:1
PX939023.1	CDS	ND6	NADH dehydrogenase subunit 6	13886-14357:1
PX939024.1	tRNA		tRNA-Asn	172-231:1
PX939024.1	tRNA		tRNA-Glu	246-309:1
PX939024.1	CDS	ND3	NADH dehydrogenase subunit 3	312-648:1
PX939024.1	tRNA		tRNA-Pro	663-726:1
PX939024.1	tRNA		tRNA-Phe	736-801:1
PX939024.1	tRNA		tRNA-Cys	801-865:1
PX939024.1	tRNA		tRNA-Asp	893-957:1
PX939024.1	tRNA		tRNA-Thr	979-1042:1
PX939024.1	tRNA		tRNA-Gln	1039-1105:1
PX939024.1	rRNA		12S ribosomal RNA	1115-1859:1
PX939024.1	tRNA		tRNA-Leu	3186-3247:1
PX939024.1	tRNA		tRNA-Leu	3627-3686:1
PX939024.1	tRNA		tRNA-His	6599-6663:1
PX939024.1	rRNA		16S ribosomal RNA	7264-8505:1
PX939024.1	CDS	ND4	NADH dehydrogenase subunit 4	8490-9843:1
PX939024.1	CDS	ND4L	NADH dehydrogenase subunit 4L	9912-10203:1
PX939024.1	CDS	ND5	NADH dehydrogenase subunit 5	10209-11898:1
PX939024.1	CDS	ATP8	ATP synthase F0 subunit 8	11911-12091:1
PX939024.1	CDS	COX3	cytochrome c oxidase subunit III	12066-12846:1
PX939024.1	CDS	COX1	cytochrome c oxidase subunit I	12871-14405:1
PX939024.1	tRNA		tRNA-Met	14405-14466:1
PX939024.1	tRNA		tRNA-Tyr	14465-14526:1
PX939024.1	tRNA		tRNA-Lys	14529-14593:1
PX939024.1	tRNA		tRNA-Ser	14592-14658:1
PX939024.1	CDS	CYTB	cytochrome b	14658-15828:1
PX939024.1	CDS	ND2	NADH dehydrogenase subunit 2	15791-16772:1
PX939024.1	tRNA		tRNA-Trp	16770-16831:1
PX939024.1	tRNA		tRNA-Leu	16831-16892:1
PX939024.1	CDS	ND1	NADH dehydrogenase subunit 1	17049-17958:1
PX939024.1	CDS	ATP6	ATP synthase F0 subunit 6	17971-18679:1
PX939024.1	CDS	COX2	cytochrome c oxidase subunit II	18685-19369:1
PX939024.1	CDS	ND6	NADH dehydrogenase subunit 6	19368-19842:1
PX939024.1	tRNA		tRNA-Gly	19847-19907:1
PX939024.1	tRNA		tRNA-Val	19910-19979:1
PX939024.1	tRNA		tRNA-Ala	19974-20040:1
PX939024.1	tRNA		tRNA-Ser	20042-20101:1
PX939024.1	tRNA		tRNA-Ile	20101-20164:1
PX939024.1	tRNA		tRNA-Arg	20165-20221:1
PX939025.1	tRNA		tRNA-Gly	235-296:1
PX939025.1	tRNA		tRNA-His	330-391:1
PX939025.1	tRNA		tRNA-Pro	396-459:1
PX939025.1	tRNA		tRNA-Leu	580-643:1
PX939025.1	tRNA		tRNA-Phe	684-745:1
PX939025.1	tRNA		tRNA-Cys	748-808:1
PX939025.1	tRNA		tRNA-Asp	862-922:1
PX939025.1	tRNA		tRNA-Val	935-995:1
PX939025.1	tRNA		tRNA-Ile	1007-1071:1
PX939025.1	tRNA		tRNA-Arg	1074-1128:1
PX939025.1	CDS	ND4	NADH dehydrogenase subunit 4	1132-2483:1
PX939025.1	tRNA		tRNA-Ala	2510-2571:1
PX939025.1	CDS	ND4L	NADH dehydrogenase subunit 4L	2571-2862:1
PX939025.1	CDS	ND5	NADH dehydrogenase subunit 5	2890-4579:1
PX939025.1	CDS	ATP8	ATP synthase F0 subunit 8	4669-4849:1
PX939025.1	CDS	COX3	cytochrome c oxidase subunit III	4824-5604:1
PX939025.1	CDS	ND3	NADH dehydrogenase subunit 3	5621-5958:1
PX939025.1	CDS	COX1	cytochrome c oxidase subunit I	5958-7492:1
PX939025.1	tRNA		tRNA-Met	7492-7555:1
PX939025.1	tRNA		tRNA-Tyr	7554-7615:1
PX939025.1	rRNA		16S ribosomal RNA	7699-8775:1
PX939025.1	tRNA		tRNA-Lys	8734-8795:1
PX939025.1	tRNA		tRNA-Ser	8794-8859:1
PX939025.1	CDS	CYTB	cytochrome b	8860-10018:1
PX939025.1	CDS	ND2	NADH dehydrogenase subunit 2	9993-10974:1
PX939025.1	tRNA		tRNA-Trp	10972-11033:1
PX939025.1	tRNA		tRNA-Leu	11032-11094:1
PX939025.1	tRNA		tRNA-Glu	11093-11153:1
PX939025.1	CDS	ND1	NADH dehydrogenase subunit 1	11181-12087:1
PX939025.1	CDS	ATP6	ATP synthase F0 subunit 6	12092-12785:1
PX939025.1	CDS	COX2	cytochrome c oxidase subunit II	12876-13560:1
PX939025.1	CDS	ND6	NADH dehydrogenase subunit 6	13561-14047:1
PX939025.1	tRNA		tRNA-Asn	14200-14261:1
PX939025.1	tRNA		tRNA-Thr	14261-14324:1
PX939025.1	tRNA		tRNA-Gln	14320-14383:1
PX939025.1	rRNA		12S ribosomal RNA	14390-15137:1
PX939025.1	tRNA		tRNA-Ser	15174-15234:1
PX957250.1	CDS	COX1	cytochrome c oxidase subunit I	0-1538:1
PX957250.1	tRNA		tRNA-Cys	1648-1721:1
PX957250.1	CDS	ND5	NADH dehydrogenase subunit 5	1740-3282:1
PX957250.1	tRNA		tRNA-Glu	3286-3348:1
PX957250.1	CDS	ND4	NADH dehydrogenase subunit 4	3348-4665:1
PX957250.1	CDS	CYTB	cytochrome b	4670-5816:1
PX957250.1	tRNA		tRNA-Val	5862-5926:1
PX957250.1	CDS	ATP6	ATP synthase F0 subunit 6	6275-6976:1
PX957250.1	tRNA		tRNA-Ser	7249-7322:1
PX957250.1	CDS	ND2	NADH dehydrogenase subunit 2	7322-8312:1
PX957250.1	tRNA		tRNA-Gly	8310-8375:1
PX957250.1	CDS	ND6	NADH dehydrogenase subunit 6	8442-8934:1
PX957250.1	tRNA		tRNA-Gln	8952-9016:1
PX957250.1	CDS	ND3	NADH dehydrogenase subunit 3	9017-9378:1
PX957250.1	tRNA		tRNA-Tyr	9379-9447:1
PX957250.1	CDS	ATP8	ATP synthase F0 subunit 8	9450-9630:1
PX957250.1	CDS	ND4L	NADH dehydrogenase subunit 4L	9617-9905:1
PX957250.1	CDS	COX3	cytochrome c oxidase subunit III	9985-10864:1
PX957250.1	tRNA		tRNA-Asn	10865-10931:1
PX957250.1	rRNA		12S ribosomal RNA	11160-12133:1
PX957250.1	tRNA		tRNA-Leu	12542-12607:1
PX957250.1	tRNA		tRNA-Pro	12613-12677:1
PX957250.1	CDS	COX2	cytochrome c oxidase subunit II	12776-13545:1
PX957250.1	tRNA		tRNA-Arg	13583-13652:1
PX957250.1	tRNA		tRNA-Lys	13715-13781:1
PX957250.1	tRNA		tRNA-Asp	13795-13858:1
PX957250.1	tRNA		tRNA-Ala	13862-13927:1
PX957250.1	tRNA		tRNA-His	17178-17243:1
PX957250.1	tRNA		tRNA-Ile	17256-17325:1
PX957250.1	tRNA		tRNA-Leu	17334-17399:1
PX957250.1	CDS	ND1	NADH dehydrogenase subunit 1	17519-18443:1
PX957250.1	tRNA		tRNA-Phe	18446-18509:1
PX957250.1	tRNA		tRNA-Met	18614-18686:1
PX957250.1	tRNA		tRNA-Thr	18690-18755:1
PX957250.1	rRNA		16S ribosomal RNA	18802-20020:1
PX957250.1	tRNA		tRNA-Ser	20020-20086:1
PX957250.1	tRNA		tRNA-Trp	20090-20154:1
PX970953.1	CDS	COX1	cytochrome c oxidase subunit I	57-1566:1
PX970953.1	tRNA		tRNA-Gly	1575-1643:1
PX970953.1	CDS	ND1	NADH dehydrogenase subunit 1	1691-2603:1
PX970953.1	tRNA		tRNA-Tyr	2624-2686:1
PX970953.1	tRNA		tRNA-Val	2687-2752:1
PX970953.1	CDS	ND5	NADH dehydrogenase subunit 5	2762-4292:1
PX970953.1	tRNA		tRNA-Pro	4304-4372:1
PX970953.1	tRNA		tRNA-Glu	4380-4447:1
PX970953.1	tRNA		tRNA-Asp	4516-4582:1
PX970953.1	CDS	ND4	NADH dehydrogenase subunit 4	4739-6053:1
PX970953.1	tRNA		tRNA-Arg	6062-6132:1
PX970953.1	CDS	ATP6	ATP synthase F0 subunit 6	6376-7000:1
PX970953.1	tRNA		tRNA-Ile	7143-7210:1
PX970953.1	tRNA		tRNA-Trp	7347-7414:1
PX970953.1	rRNA		16S ribosomal RNA	7887-8516:1
PX970953.1	rRNA		12S ribosomal RNA	8674-9463:1
PX970953.1	tRNA		tRNA-Met	9464-9537:1
PX970953.1	tRNA		tRNA-Ser	9546-9616:1
PX970953.1	tRNA		tRNA-Phe	9681-9749:1
PX970953.1	CDS	CYTB	cytochrome b	10027-11119:1
PX970953.1	CDS	COX2	cytochrome c oxidase subunit II	11193-11883:1
PX970953.1	tRNA		tRNA-Lys	11901-11966:1
PX970953.1	CDS	ND6	NADH dehydrogenase subunit 6	11972-12446:1
PX970953.1	CDS	ND4L	NADH dehydrogenase subunit 4L	12438-12693:1
PX970953.1	tRNA		tRNA-Thr	12700-12765:1
PX970953.1	tRNA		tRNA-Gln	12779-12843:1
PX970953.1	tRNA		tRNA-His	12874-12937:1
PX970953.1	tRNA		tRNA-Asn	12940-13004:1
PX970953.1	CDS	ND2	NADH dehydrogenase subunit 2	13062-13995:1
PX970953.1	tRNA		tRNA-Leu	14230-14295:1
PX970953.1	tRNA		tRNA-Cys	14301-14371:1
PX970953.1	CDS	ND3	NADH dehydrogenase subunit 3	14372-14708:1
PX970953.1	tRNA		tRNA-Ala	14706-14773:1
PX970953.1	tRNA		tRNA-Leu	14776-14842:1
PX970953.1	CDS	COX3	cytochrome c oxidase subunit III	14867-15665:1
PX970953.1	tRNA		tRNA-Ser	15669-15736:1
PX970954.1	CDS	COX1	cytochrome c oxidase subunit I	17434-17455:1,0-1504:1
PX970954.1	tRNA		tRNA-Asp	1504-1569:1
PX970954.1	CDS	CYTB	cytochrome b	1596-2778:1
PX970954.1	tRNA		tRNA-Cys	2781-2844:1
PX970954.1	CDS	ND4L	NADH dehydrogenase subunit 4L	2845-3155:1
PX970954.1	tRNA		tRNA-Gly	3155-3213:1
PX970954.1	tRNA		tRNA-His	3212-3275:1
PX970954.1	CDS	ND2	NADH dehydrogenase subunit 2	3285-4215:1
PX970954.1	tRNA		tRNA-Leu	4217-4282:1
PX970954.1	tRNA		tRNA-Val	6029-6097:1
PX970954.1	tRNA		tRNA-Lys	6131-6196:1
PX970954.1	tRNA		tRNA-Leu	6207-6270:1
PX970954.1	tRNA		tRNA-Thr	6269-6333:1
PX970954.1	tRNA		tRNA-Met	6333-6404:1
PX970954.1	rRNA		16S ribosomal RNA	6396-7386:1
PX970954.1	tRNA		tRNA-Phe	7416-7479:1
PX970954.1	CDS	ND6	NADH dehydrogenase subunit 6	7503-7983:1
PX970954.1	rRNA		12S ribosomal RNA	8238-8897:1
PX970954.1	tRNA		tRNA-Gln	8900-8964:1
PX970954.1	CDS	ND3	NADH dehydrogenase subunit 3	8965-9298:1
PX970954.1	tRNA		tRNA-Trp	9300-9369:1
PX970954.1	CDS	ND4	NADH dehydrogenase subunit 4	9372-10671:1
PX970954.1	CDS	ND5	NADH dehydrogenase subunit 5	10694-12218:1
PX970954.1	CDS	COX3	cytochrome c oxidase subunit III	12243-13089:1
PX970954.1	tRNA		tRNA-Ser	13088-13155:1
PX970954.1	tRNA		tRNA-Tyr	13155-13221:1
PX970954.1	tRNA		tRNA-Glu	13221-13286:1
PX970954.1	tRNA		tRNA-Asn	13286-13350:1
PX970954.1	tRNA		tRNA-Ser	13352-13417:1
PX970954.1	tRNA		tRNA-Ile	13484-13548:1
PX970954.1	tRNA		tRNA-Ala	13548-13614:1
PX970954.1	CDS	ATP8	ATP synthase F0 subunit 8	13615-13768:1
PX970954.1	CDS	ATP6	ATP synthase F0 subunit 6	13998-14685:1
PX970954.1	CDS	COX2	cytochrome c oxidase subunit II	15373-16120:1
PX970954.1	tRNA		tRNA-Arg	16122-16189:1
PX970954.1	tRNA		tRNA-Pro	16203-16265:1
PX970954.1	CDS	ND1	NADH dehydrogenase subunit 1	16332-17247:1
PX994373.1	CDS	COX1	cytochrome c oxidase subunit I	36-1537:1
PX994373.1	tRNA	trnN-GTT	tRNA-Asn	1537-1600:1
PX994373.1	CDS	COX2	cytochrome c oxidase subunit II	1600-2275:1
PX994373.1	tRNA	trnD-GTC	tRNA-Asp	2273-2334:1
PX994373.1	CDS	ATP8	ATP synthase F0 subunit 8	2334-2485:1
PX994373.1	tRNA	trnG-TCC	tRNA-Gly	2485-2543:1
PX994373.1	tRNA	trnY-GTA	tRNA-Tyr	2542-2603:1
PX994373.1	CDS	COX3	cytochrome c oxidase subunit III	2603-3381:1
PX994373.1	tRNA	trnQ-TTG	tRNA-Gln	3381-3447:1
PX994373.1	CDS	ND6	NADH dehydrogenase subunit 6	3459-3930:1
PX994373.1	CDS	CYTB	cytochrome b	3904-5035:1
PX994373.1	tRNA	trnW-TCA	tRNA-Trp	5033-5094:1
PX994373.1	tRNA	trnR-TCG	tRNA-Arg	5143-5206:1
PX994373.1	CDS	ATP6	ATP synthase F0 subunit 6	5442-6138:1
PX994373.1	tRNA	trnH-GTG	tRNA-His	6136-6198:1
PX994373.1	CDS	ND5	NADH dehydrogenase subunit 5	6198-7894:1
PX994373.1	tRNA	trnF-GAA	tRNA-Phe	7894-7956:1
PX994373.1	tRNA	trnE-TTC	tRNA-Glu	7956-8015:1
PX994373.1	tRNA	trnP-TGG	tRNA-Pro	8012-8075:1
PX994373.1	tRNA	trnT-TGT	tRNA-Thr	8074-8134:1
PX994373.1	CDS	ND4L	NADH dehydrogenase subunit 4L	8134-8431:1
PX994373.1	CDS	ND4	NADH dehydrogenase subunit 4	8424-9762:1
PX994373.1	tRNA	trnM-CAT	tRNA-Met	12820-12882:1
PX994373.1	rRNA	rrnS	12S ribosomal RNA	12880-13577:1
PX994373.1	tRNA	trnV-TAC	tRNA-Val	13569-13631:1
PX994373.1	rRNA	rrnL	16S ribosomal RNA	13631-14790:1
PX994373.1	tRNA	trnL-TAG	tRNA-Leu	14790-14852:1
PX994373.1	tRNA	trnA-TGC	tRNA-Ala	14854-14912:1
PX994373.1	tRNA	trnS-TGA	tRNA-Ser	14912-14970:1
PX994373.1	tRNA	trnL-TAA	tRNA-Leu	14973-15034:1
PX994373.1	CDS	ND1	NADH dehydrogenase subunit 1	15034-15952:1
PX994373.1	tRNA	trnK-TTT	tRNA-Lys	15951-16013:1
PX994373.1	tRNA	trnI-GAT	tRNA-Ile	16013-16078:1
PX994373.1	CDS	ND3	NADH dehydrogenase subunit 3	16078-16426:1
PX994373.1	tRNA	trnC-GCA	tRNA-Cys	16425-16485:1
PX994373.1	tRNA	trnS-TCT	tRNA-Ser	16486-16543:1
PX994373.1	CDS	ND2	NADH dehydrogenase subunit 2	16542-17521:1
PZ266562.1	CDS	COX1	cytochrome c oxidase subunit I	0-1532:1
PZ266562.1	CDS	COX2	cytochrome c oxidase subunit II	1595-2280:1
PZ266562.1	tRNA	trnD	tRNA-Asp	2280-2346:1
PZ266562.1	CDS	ATP8	ATP synthase F0 subunit 8	2346-2508:1
PZ266562.1	tRNA	trnY	tRNA-Tyr	2507-2570:1
PZ266562.1	CDS	COX3	cytochrome c oxidase subunit III	2570-3350:1
PZ266562.1	tRNA	trnQ	tRNA-Gln	3353-3422:1
PZ266562.1	CDS	ND6	NADH dehydrogenase subunit 6	3445-3914:1
PZ266562.1	CDS	CYTB	cytochrome b	3914-5051:1
PZ266562.1	tRNA	trnW	tRNA-Trp	5049-5112:1
PZ266562.1	CDS	ATP6	ATP synthase F0 subunit 6	5112-5817:1
PZ266562.1	tRNA	trnR	tRNA-Arg	5823-5885:1
PZ266562.1	tRNA	trnH	tRNA-His	5885-5947:1
PZ266562.1	CDS	ND5	NADH dehydrogenase subunit 5	5950-7664:1
PZ266562.1	tRNA	trnF	tRNA-Phe	7664-7725:1
PZ266562.1	tRNA	trnE	tRNA-Glu	7759-7823:1
PZ266562.1	tRNA	trnP	tRNA-Pro	7835-7898:1
PZ266562.1	tRNA	trnT	tRNA-Thr	7899-7961:1
PZ266562.1	CDS	ND4L	NADH dehydrogenase subunit 4L	7961-8258:1
PZ266562.1	CDS	ND4	NADH dehydrogenase subunit 4	8251-9601:1
PZ266562.1	tRNA	trnC	tRNA-Cys	9599-9663:1
PZ266562.1	tRNA	trnM	tRNA-Met	9665-9730:1
PZ266562.1	rRNA	rrnS	12S ribosomal RNA	9730-10502:1
PZ266562.1	tRNA	trnV	tRNA-Val	10502-10561:1
PZ266562.1	rRNA	rrnL	16S ribosomal RNA	10608-11762:1
PZ266562.1	tRNA	trnL	tRNA-Leu	11782-11845:1
PZ266562.1	tRNA	trnA	tRNA-Ala	11849-11911:1
PZ266562.1	tRNA	trnS	tRNA-Ser	11912-11977:1
PZ266562.1	CDS	ND1	NADH dehydrogenase subunit 1	11977-12907:1
PZ266562.1	tRNA	trnI	tRNA-Ile	12906-12971:1
PZ266562.1	tRNA	trnK	tRNA-Lys	12971-13035:1
PZ266562.1	tRNA	trnS2	tRNA-Ser	13037-13104:1
PZ266562.1	CDS	ND2	NADH dehydrogenase subunit 2	13106-14108:1
PZ266562.1	tRNA	trnN	tRNA-Asn	14109-14173:1
PZ266562.1	tRNA	trnL2	tRNA-Leu	14651-14715:1
PZ266562.1	tRNA	trnG	tRNA-Gly	14715-14778:1
PZ266562.1	CDS	ND3	NADH dehydrogenase subunit 3	14812-15166:1
PZ294307.1	tRNA		tRNA-Asp	76-138:1
PZ294307.1	CDS	atp8	ATP synthase subunit 8	139-299:1
PZ294307.1	tRNA		tRNA-Tyr	299-363:1
PZ294307.1	CDS	cox3	cytochrome c oxidase subunit III	364-1147:1
PZ294307.1	tRNA		tRNA-Gln	1146-1209:1
PZ294307.1	CDS	nad6	NADH dehydrogenase subunit 6	1210-1684:1
PZ294307.1	CDS	cob	cytochrome b	1676-2811:1
PZ294307.1	tRNA		tRNA-Trp	2811-2872:1
PZ294307.1	CDS	atp6	ATP synthase subunit 6	2873-3575:1
PZ294307.1	tRNA		tRNA-Arg	3574-3624:1
PZ294307.1	tRNA		tRNA-His	3622-3685:1
PZ294307.1	CDS	nad5	NADH dehydrogenase subunit 5	3686-5402:1
PZ294307.1	tRNA		tRNA-Phe	5400-5463:1
PZ294307.1	tRNA		tRNA-Glu	5463-5526:1
PZ294307.1	tRNA		tRNA-Pro	5526-5590:1
PZ294307.1	tRNA		tRNA-Thr	5589-5651:1
PZ294307.1	CDS	nad4l	NADH dehydrogenase subunit 4L	5652-5946:1
PZ294307.1	CDS	nad4	NADH dehydrogenase subunit 4	5949-7306:1
PZ294307.1	tRNA		tRNA-Cys	7306-7366:1
PZ294307.1	tRNA		tRNA-Lys	7366-7427:1
PZ294307.1	tRNA		tRNA-Met	7427-7489:1
PZ294307.1	rRNA		12S ribosomal RNA	7488-8290:1
PZ294307.1	tRNA		tRNA-Val	8281-8344:1
PZ294307.1	rRNA		16S ribosomal RNA	8384-9502:1
PZ294307.1	tRNA		tRNA-Leu	9531-9593:1
PZ294307.1	tRNA		tRNA-Leu	9593-9656:1
PZ294307.1	tRNA		tRNA-Asn	9656-9718:1
PZ294307.1	tRNA		tRNA-Ser	9718-9785:1
PZ294307.1	CDS	nad1	NADH dehydrogenase subunit 1	9786-10714:1
PZ294307.1	tRNA		tRNA-Ile	10714-10777:1
PZ294307.1	CDS	nad3	NADH dehydrogenase subunit 3	10778-11127:1
PZ294307.1	tRNA		tRNA-Ser	11127-11192:1
PZ294307.1	CDS	nad2	NADH dehydrogenase subunit 2	11193-12196:1
PZ294307.1	CDS	cox1	cytochrome c oxidase subunit I	12196-13730:1
PZ294307.1	tRNA		tRNA-Ala	13730-13790:1
PZ294307.1	CDS	cox2	cytochrome c oxidase subunit II	13792-14477:1
PZ294307.1	tRNA		tRNA-Gly	14477-14538:1
PZ294308.1	CDS	cox1	cytochrome c oxidase subunit I	1037-2633:1
PZ294308.1	tRNA		tRNA-Ala	2701-2763:1
PZ294308.1	CDS	nad2	NADH dehydrogenase subunit 2	2817-3807:1
PZ294308.1	rRNA		12S ribosomal RNA	3808-4658:1
PZ294308.1	CDS	nad4	NADH dehydrogenase subunit 4	4692-6024:1
PZ294308.1	tRNA		tRNA-Val	6029-6087:1
PZ294308.1	tRNA		tRNA-Lys	6092-6154:1
PZ294308.1	tRNA		tRNA-Met	6158-6219:1
PZ294308.1	CDS	nad4l	NADH dehydrogenase subunit 4L	6225-6513:1
PZ294308.1	tRNA		tRNA-Trp	6529-6591:1
PZ294308.1	tRNA		tRNA-Ser	6541-6594:1
PZ294308.1	rRNA		16S ribosomal RNA	6643-7815:1
PZ294308.1	tRNA		tRNA-Leu	7771-7832:1
PZ294308.1	tRNA		tRNA-Ile	7846-7909:1
PZ294308.1	CDS	atp8	ATP synthase subunit 8	7921-8077:1
PZ294308.1	tRNA		tRNA-Phe	8079-8141:1
PZ294308.1	tRNA		tRNA-Ser	8202-8265:1
PZ294308.1	tRNA		tRNA-Pro	8266-8328:1
PZ294308.1	tRNA		tRNA-Asp	8330-8391:1
PZ294308.1	tRNA		tRNA-Tyr	8391-8455:1
PZ294308.1	tRNA		tRNA-Leu	8459-8521:1
PZ294308.1	tRNA		tRNA-Arg	8525-8578:1
PZ294308.1	tRNA		tRNA-Thr	8617-8677:1
PZ294308.1	tRNA		tRNA-Glu	8762-8826:1
PZ294308.1	CDS	cob	cytochrome b	8829-9964:1
PZ294308.1	CDS	nad6	NADH dehydrogenase subunit 6	9964-10432:1
PZ294308.1	CDS	nad5	NADH dehydrogenase subunit 5	10511-12473:1
PZ294308.1	CDS	nad3	NADH dehydrogenase subunit 3	12481-12841:1
PZ294308.1	CDS	nad1	NADH dehydrogenase subunit 1	12861-13800:1
PZ294308.1	CDS	atp6	ATP synthase subunit 6	13801-14509:1
PZ294308.1	CDS	cox2	cytochrome c oxidase subunit II	14514-15204:1
PZ294308.1	CDS	cox3	cytochrome c oxidase subunit III	15205-15991:1
PZ294308.1	tRNA		tRNA-His	15995-16056:1
PZ294308.1	tRNA		tRNA-Asn	16109-16169:1
PZ294308.1	tRNA		tRNA-Gln	16176-16236:1
PZ294308.1	tRNA		tRNA-Gly	16238-16299:1
PZ294308.1	tRNA		tRNA-Met	16299-16360:1
PZ294309.1	tRNA		tRNA-Trp	721-785:1
PZ294309.1	tRNA		tRNA-Tyr	785-848:1
PZ294309.1	tRNA		tRNA-Val	847-910:1
PZ294309.1	CDS	nad6	NADH dehydrogenase subunit 6	937-1429:1
PZ294309.1	tRNA		tRNA-Ala	1433-1499:1
PZ294309.1	CDS	nad3	NADH dehydrogenase subunit 3	1499-1853:1
PZ294309.1	CDS	atp6	ATP synthase subunit 6	1854-2544:1
PZ294309.1	CDS	nad4l	NADH dehydrogenase subunit 4L	2545-2842:1
PZ294309.1	CDS	nad4	NADH dehydrogenase subunit 4	2835-4147:1
PZ294309.1	tRNA		tRNA-Lys	4146-4209:1
PZ294309.1	tRNA		tRNA-Thr	4209-4271:1
PZ294309.1	tRNA		tRNA-Ser	4270-4335:1
PZ294309.1	CDS	atp8	ATP synthase subunit 8	4336-4492:1
PZ294309.1	CDS	cox3	cytochrome c oxidase subunit III	4482-5271:1
PZ294309.1	tRNA		tRNA-Gly	5271-5334:1
PZ294309.1	CDS	nad5	NADH dehydrogenase subunit 5	5399-7067:1
PZ294309.1	tRNA		tRNA-Asn	7121-7184:1
PZ294309.1	rRNA		16S ribosomal RNA	7251-8357:1
PZ294309.1	tRNA		tRNA-Phe	8364-8428:1
PZ294309.1	tRNA		tRNA-Gln	8427-8491:1
PZ294309.1	rRNA		12S ribosomal RNA	8537-9264:1
PZ294309.1	tRNA		tRNA-Ile	9255-9322:1
PZ294309.1	tRNA		tRNA-Pro	9321-9385:1
PZ294309.1	tRNA		tRNA-Cys	9395-9448:1
PZ294309.1	tRNA		tRNA-Ser	9582-9650:1
PZ294309.1	CDS	nad2	NADH dehydrogenase subunit 2	9756-10764:1
PZ294309.1	CDS	cox1	cytochrome c oxidase subunit I	10830-12414:1
PZ294309.1	tRNA		tRNA-Leu	12417-12483:1
PZ294309.1	CDS	cox2	cytochrome c oxidase subunit II	12484-13177:1
PZ294309.1	CDS	cob	cytochrome b	13169-14303:1
PZ294309.1	tRNA		tRNA-Arg	14304-14360:1
PZ294309.1	tRNA		tRNA-Asp	14363-14427:1
PZ294309.1	tRNA		tRNA-Met	14426-14489:1
PZ294309.1	tRNA		tRNA-His	14881-14945:1
PZ294309.1	tRNA		tRNA-Leu	14944-15010:1
PZ294309.1	CDS	nad1	NADH dehydrogenase subunit 1	15010-15937:1
PZ294310.1	CDS	nad1	NADH dehydrogenase subunit 1	181-1100:1
PZ294310.1	tRNA		tRNA-Ile	1100-1164:1
PZ294310.1	CDS	nad3	NADH dehydrogenase subunit 3	1165-1505:1
PZ294310.1	tRNA		tRNA-Ser	1505-1570:1
PZ294310.1	CDS	nad2	NADH dehydrogenase subunit 2	1570-2587:1
PZ294310.1	CDS	cox1	cytochrome c oxidase subunit I	2558-4094:1
PZ294310.1	CDS	cox2	cytochrome c oxidase subunit II	4104-4789:1
PZ294310.1	tRNA		tRNA-Asp	4789-4852:1
PZ294310.1	CDS	atp8	ATP synthase subunit 8	4852-5020:1
PZ294310.1	tRNA		tRNA-Tyr	5020-5083:1
PZ294310.1	CDS	cox3	cytochrome c oxidase subunit III	5083-5863:1
PZ294310.1	tRNA		tRNA-Gln	5862-5925:1
PZ294310.1	CDS	nad6	NADH dehydrogenase subunit 6	5925-6444:1
PZ294310.1	CDS	cob	cytochrome b	6394-7537:1
PZ294310.1	tRNA		tRNA-Trp	7535-7598:1
PZ294310.1	CDS	atp6	ATP synthase subunit 6	7598-8292:1
PZ294310.1	tRNA		tRNA-Arg	8292-8348:1
PZ294310.1	tRNA		tRNA-His	8347-8411:1
PZ294310.1	CDS	nad5	NADH dehydrogenase subunit 5	8471-10131:1
PZ294310.1	tRNA		tRNA-Phe	10131-10193:1
PZ294310.1	tRNA		tRNA-Thr	10191-10256:1
PZ294310.1	CDS	nad4l	NADH dehydrogenase subunit 4L	10256-10553:1
PZ294310.1	CDS	nad4	NADH dehydrogenase subunit 4	10546-11885:1
PZ294310.1	tRNA		tRNA-Ser	11885-11952:1
PZ294310.1	tRNA		tRNA-Leu	11950-12012:1
PZ294310.1	tRNA		tRNA-Lys	12011-12081:1
PZ294310.1	tRNA		tRNA-Gly	12068-12132:1
PZ294310.1	tRNA		tRNA-Met	12131-12195:1
PZ294310.1	rRNA		12S ribosomal RNA	12193-12959:1
PZ294310.1	tRNA		tRNA-Val	12950-13016:1
PZ294310.1	rRNA		16S ribosomal RNA	13067-14196:1
PZ294310.1	tRNA		tRNA-Leu	14198-14261:1
PZ294310.1	tRNA		tRNA-Cys	14259-14322:1
PZ294310.1	tRNA		tRNA-Glu	14321-14387:1
PZ294310.1	tRNA		tRNA-Pro	14383-14450:1
PZ294310.1	tRNA		tRNA-Asn	14449-14514:1
PZ294310.1	tRNA		tRNA-Ala	14511-14577:1
PZ294311.1	tRNA		tRNA-Ser	441-509:1
PZ294311.1	tRNA		tRNA-Leu	507-569:1
PZ294311.1	CDS	nad1	NADH dehydrogenase subunit 1	569-1491:1
PZ294311.1	tRNA		tRNA-Ile	1491-1554:1
PZ294311.1	tRNA		tRNA-Lys	1553-1614:1
PZ294311.1	CDS	nad3	NADH dehydrogenase subunit 3	1614-1963:1
PZ294311.1	tRNA		tRNA-Ser	1963-2029:1
PZ294311.1	CDS	nad2	NADH dehydrogenase subunit 2	2029-3017:1
PZ294311.1	CDS	cox1	cytochrome c oxidase subunit I	3020-4560:1
PZ294311.1	tRNA		tRNA-Ala	4568-4631:1
PZ294311.1	CDS	cox2	cytochrome c oxidase subunit II	4641-5326:1
PZ294311.1	tRNA		tRNA-Asp	5326-5388:1
PZ294311.1	CDS	atp8	ATP synthase subunit 8	5388-5551:1
PZ294311.1	tRNA		tRNA-Tyr	5551-5614:1
PZ294311.1	CDS	cox3	cytochrome c oxidase subunit III	5614-6394:1
PZ294311.1	tRNA		tRNA-Gln	6393-6461:1
PZ294311.1	CDS	nad6	NADH dehydrogenase subunit 6	6469-6946:1
PZ294311.1	CDS	cob	cytochrome b	6938-8073:1
PZ294311.1	tRNA		tRNA-Trp	8073-8135:1
PZ294311.1	CDS	atp6	ATP synthase subunit 6	8135-8837:1
PZ294311.1	tRNA		tRNA-Arg	8835-8887:1
PZ294311.1	tRNA		tRNA-His	8886-8950:1
PZ294311.1	CDS	nad5	NADH dehydrogenase subunit 5	8950-10670:1
PZ294311.1	tRNA		tRNA-Phe	10669-10733:1
PZ294311.1	tRNA		tRNA-Glu	10732-10796:1
PZ294311.1	tRNA		tRNA-Pro	10795-10859:1
PZ294311.1	tRNA		tRNA-Thr	10858-10925:1
PZ294311.1	CDS	nad4l	NADH dehydrogenase subunit 4L	10925-11219:1
PZ294311.1	CDS	nad4	NADH dehydrogenase subunit 4	11219-12569:1
PZ294311.1	tRNA		tRNA-Cys	12569-12632:1
PZ294311.1	tRNA		tRNA-Gly	12633-12697:1
PZ294311.1	tRNA		tRNA-Met	12696-12760:1
PZ294311.1	rRNA		12S ribosomal RNA	12756-13516:1
PZ294311.1	tRNA		tRNA-Val	13507-13569:1
PZ294311.1	rRNA		16S ribosomal RNA	13570-14686:1
PZ294311.1	tRNA		tRNA-Leu	14717-14779:1
PZ294311.1	tRNA		tRNA-Asn	14785-14850:1
PZ294312.1	tRNA		tRNA-Gly	824-886:1
PZ294312.1	tRNA		tRNA-Leu	888-950:1
PZ294312.1	CDS	nad4l	NADH dehydrogenase subunit 4L	1109-1391:1
PZ294312.1	tRNA		tRNA-Trp	1393-1461:1
PZ294312.1	tRNA		tRNA-His	1460-1523:1
PZ294312.1	CDS	atp6	ATP synthase subunit 6	1526-2222:1
PZ294312.1	CDS	cox3	cytochrome c oxidase subunit III	2228-3035:1
PZ294312.1	tRNA		tRNA-Ser	4255-4313:1
PZ294312.1	tRNA		tRNA-Lys	4377-4442:1
PZ294312.1	tRNA		tRNA-Val	4585-4641:1
PZ294312.1	tRNA		tRNA-Glu	4651-4713:1
PZ294312.1	tRNA		tRNA-Ile	4721-4786:1
PZ294312.1	CDS	nad6	NADH dehydrogenase subunit 6	4845-5326:1
PZ294312.1	tRNA		tRNA-Phe	5326-5385:1
PZ294312.1	tRNA		tRNA-Asp	5385-5444:1
PZ294312.1	tRNA		tRNA-Thr	5442-5503:1
PZ294312.1	tRNA		tRNA-Tyr	5502-5565:1
PZ294312.1	rRNA		16S ribosomal RNA	5615-6756:1
PZ294312.1	CDS	nad2	NADH dehydrogenase subunit 2	6744-7839:1
PZ294312.1	CDS	atp8	ATP synthase subunit 8	7948-8099:1
PZ294312.1	CDS	cob	cytochrome b	8099-9242:1
PZ294312.1	CDS	nad3	NADH dehydrogenase subunit 3	9438-9784:1
PZ294312.1	tRNA		tRNA-Asn	9784-9846:1
PZ294312.1	tRNA		tRNA-Met	9846-9907:1
PZ294312.1	tRNA		tRNA-Met	9906-9968:1
PZ294312.1	CDS	nad5	NADH dehydrogenase subunit 5	10325-12041:1
PZ294312.1	CDS	nad1	NADH dehydrogenase subunit 1	12091-13012:1
PZ294312.1	CDS	cox2	cytochrome c oxidase subunit II	13011-13698:1
PZ294312.1	tRNA		tRNA-Ala	13776-13837:1
PZ294312.1	tRNA		tRNA-Leu	13837-13900:1
PZ294312.1	CDS	nad4	NADH dehydrogenase subunit 4	13980-15339:1
PZ294312.1	rRNA		12S ribosomal RNA	15428-16185:1
PZ294312.1	CDS	cox1	cytochrome c oxidase subunit I	16284-17847:1
PZ294312.1	tRNA		tRNA-Pro	17911-17975:1
PZ294312.1	tRNA		tRNA-Gln	17978-18032:1
PZ294313.1	CDS	nad1	NADH dehydrogenase subunit 1	216-1137:1
PZ294313.1	tRNA		tRNA-Ile	1135-1198:1
PZ294313.1	CDS	nad3	NADH dehydrogenase subunit 3	1199-1541:1
PZ294313.1	tRNA		tRNA-Ser	1539-1605:1
PZ294313.1	CDS	nad2	NADH dehydrogenase subunit 2	1605-2616:1
PZ294313.1	CDS	cox1	cytochrome c oxidase subunit I	2593-4129:1
PZ294313.1	CDS	cox2	cytochrome c oxidase subunit II	4161-4848:1
PZ294313.1	tRNA		tRNA-Asp	4847-4909:1
PZ294313.1	CDS	atp8	ATP synthase subunit 8	4909-5068:1
PZ294313.1	tRNA		tRNA-Tyr	5066-5126:1
PZ294313.1	CDS	cox3	cytochrome c oxidase subunit III	5126-5906:1
PZ294313.1	tRNA		tRNA-Gln	5908-5970:1
PZ294313.1	CDS	nad6	NADH dehydrogenase subunit 6	5970-6430:1
PZ294313.1	CDS	cob	cytochrome b	6430-7570:1
PZ294313.1	tRNA		tRNA-Trp	7568-7630:1
PZ294313.1	CDS	atp6	ATP synthase subunit 6	7630-8323:1
PZ294313.1	tRNA		tRNA-Arg	8322-8378:1
PZ294313.1	tRNA		tRNA-His	8377-8438:1
PZ294313.1	CDS	nad5	NADH dehydrogenase subunit 5	8507-10161:1
PZ294313.1	tRNA		tRNA-Phe	10161-10225:1
PZ294313.1	tRNA		tRNA-Thr	10222-10284:1
PZ294313.1	CDS	nad4l	NADH dehydrogenase subunit 4L	10285-10576:1
PZ294313.1	CDS	nad4	NADH dehydrogenase subunit 4	10569-11910:1
PZ294313.1	tRNA		tRNA-Ser	11908-11975:1
PZ294313.1	tRNA		tRNA-Leu	11974-12035:1
PZ294313.1	tRNA		tRNA-Lys	12035-12095:1
PZ294313.1	tRNA		tRNA-Gly	12092-12153:1
PZ294313.1	tRNA		tRNA-Met	12153-12217:1
PZ294313.1	rRNA		12S ribosomal RNA	12216-12992:1
PZ294313.1	tRNA		tRNA-Val	12984-13045:1
PZ294313.1	rRNA		16S ribosomal RNA	13095-14255:1
PZ294313.1	tRNA		tRNA-Leu	14226-14287:1
PZ294313.1	tRNA		tRNA-Cys	14286-14349:1
PZ294313.1	tRNA		tRNA-Glu	14349-14419:1
PZ294313.1	tRNA		tRNA-Pro	14413-14476:1
PZ294313.1	tRNA		tRNA-Asn	14480-14542:1
PZ294313.1	tRNA		tRNA-Ala	14540-14601:1
